Order_ID,Order_Date,Customer_ID,Customer_Name,Gender,Age,City,Product,Category,Unit_Price,Quantity,Discount,Payment_Method,Sales_Rep,Region
100001,2024-09-27,5107,Sami Khalil,Male,56.0,Khan Yunis,Microwave,Home,142.96,1,0.15,Cash,Rep C,Central
100002,2025-02-17,5386,Noor Khalil,Male,29.0,Khan Yunis,Headphones,Electronics,825.15,3,0.0,Cash,Rep B,South
100003,2025-07-20,5244,Lina Ali,Male,24.0,Jenin,Vacuum Cleaner,Home,337.33,1,0.15,Cash,Rep B,North
100004,2024-12-05,5092,Hala Saleh,Male,61.0,Bethlehem,Smartphone,Electronics,128.83,6,0.0,Cash,Rep B,Central
100005,2025-04-21,5402,Sara Saleh,Female,27.0,Hebron,Coffee Maker,Home,434.61,7,0.0,Credit Card,Rep A,Central
100006,2024-12-03,5053,Sami Hassan,Male,62.0,Rafah,Smart Watch,Electronics,500.71,2,0.0,Cash,Rep A,South
100007,2025-01-26,5419,Ahmed Ali,Male,59.0,Tulkarm,Desk Chair,Office,399.37,6,0.15,Cash,Rep A,South
100008,2024-04-08,5547,Ahmed Ali,Male,64.0,Nablus,Smart Watch,Electronics,1160.31,4,0.1,Cash,Rep A,South
100009,2025-04-05,5575,Adam Awwad,Female,49.0,Hebron,Coffee Maker,Home,638.99,3,0.05,PayPal,Rep D,North
100010,2024-08-30,5086,Noor Hassan,Female,62.0,Rafah,Tablet,Electronics,229.8,4,0.0,Credit Card,Rep F,South
100011,2025-04-17,5231,Dana Awwad,Male,44.0,Rafah,Headphones,Electronics,1241.58,6,0.0,Cash,Rep A,Central
100012,2024-08-21,5374,Sami Awwad,Female,29.0,Tulkarm,Tablet,Electronics,786.09,3,0.0,Credit Card,Rep A,Central
100013,2024-08-12,5385,Mohammad Nasser,Female,61.0,Khan Yunis,Microwave,Home,690.53,3,0.1,PayPal,Rep C,North
100014,2025-09-01,5198,Khaled Ali,Male,65.0,Gaza,Webcam,Office,111.66,4,0.1,Bank Transfer,Rep D,South
100015,2025-05-25,5147,Ali Saleh,Male,50.0,Bethlehem,Smartphone,Electronics,629.16,7,0.0,Credit Card,Rep A,Central
100016,2025-09-02,5263,Noor Hassan,Female,19.0,Gaza,USB Cable,Accessories,24.01,6,0.15,Cash,Rep A,North
100017,2025-02-07,5152,Khaled Awwad,Female,28.0,Gaza,Tablet,Electronics,309.51,6,0.1,Credit Card,Rep F,North
100018,2024-12-03,5163,Rana Awwad,Female,50.0,Hebron,Webcam,Office,161.42,3,0.1,Cash,Rep C,North
100019,2025-04-14,5375,Khaled Nasser,Female,55.0,Jericho,Headphones,Electronics,638.2,6,0.1,PayPal,Rep F,North
100020,2025-03-28,5516,Mohammad Awwad,Female,34.0,Jenin,Blender,Home,623.11,5,0.2,Credit Card,Rep F,North
100021,2024-04-25,5191,Rana Khalil,Female,40.0,Gaza,Air Fryer,Home,249.17,2,0.1,Bank Transfer,Rep B,South
100022,2024-10-14,5155,Sara Hassan,Female,34.0,Bethlehem,Coffee Maker,Home,500.03,5,0.05,Credit Card,Rep B,South
100023,2025-05-20,5036,Rana Saleh,Male,25.0,Nablus,Smart Watch,Electronics,559.95,3,0.0,Cash,Rep F,South
100024,2024-05-29,5314,Sara Nasser,Male,59.0,Jericho,Microwave,Home,240.16,4,0.0,PayPal,Rep D,North
100025,2024-12-15,5047,Mohammad Saleh,Female,30.0,Ramallah,Microwave,Home,380.76,3,0.1,Credit Card,Rep D,Central
100026,2025-04-18,5117,Dana Awwad,Female,18.0,Khan Yunis,Smart Watch,Electronics,1379.6,4,0.0,Credit Card,Rep A,North
100027,2025-12-04,5447,Yousef Nasser,Male,20.0,Khan Yunis,Smart Watch,Electronics,585.48,5,0.0,Credit Card,Rep E,South
100028,2025-03-28,5204,Sara Hassan,Female,38.0,Tulkarm,Headphones,Electronics,571.75,4,0.1,Credit Card,Rep F,North
100029,2024-08-10,5442,Ahmed Khalil,Male,21.0,Bethlehem,Mouse,Accessories,170.35,7,0.15,Cash,Rep D,Central
100030,2025-11-21,5427,Yousef Saleh,Male,-2.0,Gaza,Blender,Home,469.98,2,0.0,Credit Card,Rep F,Central
100031,2024-02-04,5090,Sami Khalil,Female,27.0,Khan Yunis,Smartphone,Electronics,563.69,3,0.05,PayPal,Rep B,North
100032,2025-12-29,5277,Rana Awwad,Female,27.0,Jenin,Mouse,Accessories,137.11,5,0.2,Credit Card,Rep B,North
100033,2025-01-03,5525,Adam Awwad,Male,58.0,Gaza,Webcam,Office,332.24,4,0.05,Credit Card,Rep C,North
100034,2024-08-20,5076,Lina Saleh,Female,48.0,Hebron,Smart Watch,Electronics,894.28,4,0.05,Credit Card,Rep A,South
100035,2024-05-30,5144,Lina Khalil,Male,59.0,Khan Yunis,Smart Watch,Electronics,161.73,4,0.05,Bank Transfer,Rep C,South
100036,2024-01-09,5074,Sara Saleh,Male,55.0,Tulkarm,Headphones,Electronics,685.05,2,0.05,Bank Transfer,Rep B,North
100037,2025-10-09,5496,Rana Awwad,Female,34.0,Tulkarm,Vacuum Cleaner,Home,690.76,5,0.05,Credit Card,Rep E,Central
100038,2025-06-14,5039,Dana Ali,Male,30.0,Ramallah,Monitor,Office,294.48,1,0.0,Credit Card,Rep A,South
100039,2024-12-13,5190,Lina Saleh,Male,42.0,Bethlehem,Webcam,Office,328.81,3,0.15,Bank Transfer,Rep E,North
100040,2024-07-21,5229,Ali Ali,Male,37.0,Rafah,Smart Watch,Electronics,822.8,4,0.1,Cash,Rep E,Central
100041,2024-01-12,5330,Sami Nasser,Female,41.0,Jenin,Blender,Home,223.07,2,0.05,Credit Card,Rep B,North
100042,2025-05-16,5145,Lina Awwad,Male,37.0,Nablus,Power Bank,Accessories,149.48,7,0.1,Cash,Rep B,Central
100043,2024-09-07,5005,Adam Awwad,Female,18.0,Ramallah,USB Cable,Accessories,177.81,2,1.1,Credit Card,Rep F,South
100044,2025-09-01,5105,Mohammad Awwad,Male,65.0,Tulkarm,Webcam,Office,522.22,5,0.2,Bank Transfer,Rep E,South
100045,2025-12-14,5458,Mohammad Awwad,Male,31.0,Rafah,Webcam,Office,99.27,7,0.1,Credit Card,Rep A,Central
100046,2024-09-06,5438,Khaled Ali,Male,29.0,Gaza,Coffee Maker,Home,404.26,4,0.15,Credit Card,Rep E,North
100047,2025-03-10,5103,Khaled Saleh,Female,55.0,Ramallah,Keyboard,Office,364.2,3,0.05,Bank Transfer,Rep D,North
100048,2025-06-25,5106,Mohammad Awwad,Male,46.0,Hebron,Air Fryer,Home,343.17,6,0.1,Credit Card,Rep E,Central
100049,2024-07-23,5126,Maya Ali,Female,28.0,Nablus,Coffee Maker,Home,394.59,4,0.1,Credit Card,Rep D,North
100050,2025-10-28,5093,Omar Khalil,Female,36.0,Jenin,Power Bank,Accessories,37.06,3,0.0,Credit Card,Rep A,North
100051,2024-02-15,5546,Ahmed Nasser,Female,62.0,Rafah,Coffee Maker,Home,100.91,4,0.1,Cash,Rep C,South
100052,2024-01-26,5257,Sami Awwad,Male,32.0,Bethlehem,Blender,Home,359.79,4,0.05,Cash,Rep E,Central
100053,2024-01-07,5003,Hala Nasser,Male,64.0,Ramallah,Tablet,Electronics,715.33,4,0.0,Credit Card,Rep E,Central
100054,2024-08-18,5086,Sara Nasser,Female,42.0,Gaza,Blender,Home,266.33,4,0.05,Cash,Rep B,South
100055,2025-09-14,5369,Noor Ali,Female,58.0,Jenin,Coffee Maker,home,279.63,4,0.1,Credit Card,Rep E,Central
100056,2025-03-12,5277,Khaled Nasser,Male,65.0,Hebron,Blender,Home,601.54,2,0.15,Credit Card,Rep A,South
100057,2025-07-01,5223,Khaled Hassan,Female,45.0,Hebron,Smart Watch,Electronics,87.53,8,0.05,PayPal,Rep F,North
100058,2025-01-26,5026,Mohammad Khalil,Female,22.0,Jericho,Keyboard,Office,581.6,5,0.0,PayPal,Rep D,South
100059,2024-05-18,5511,Ali Khalil,Male,20.0,Gaza,Webcam,Office,237.31,4,0.05,Cash,Rep B,North
100060,2024-11-16,5319,Yousef Awwad,Male,26.0,Bethlehem,Printer,Office,373.51,5,0.0,,Rep D,Central
100061,2024-05-16,5588,Mohammad Ali,Male,57.0,Jericho,Tablet,Electronics,148.29,5,0.15,PayPal,Rep D,Central
100062,2024-01-05,5379,Dana Hassan,Female,21.0,Rafah,Webcam,Office,529.39,3,0.15,Cash,Rep F,South
100063,2024-01-23,5575,Hala Awwad,Male,34.0,Gaza,Blender,Home,298.38,4,0.0,Credit Card,Rep C,Central
100064,2025-07-07,5448,Ali Khalil,Male,47.0,Tulkarm,Power Bank,Accessories,106.58,8,0.1,PayPal,Rep C,South
100065,2025-08-20,5522,Yousef Ali,Female,50.0,Jericho,Headphones,Electronics,1246.19,2,0.15,Credit Card,Rep E,North
100066,2025-11-15,5130,Maya Ali,Male,53.0,Hebron,Air Fryer,Home,512.68,4,0.15,Bank Transfer,Rep F,Central
100067,2024-10-28,5363,Noor Hassan,Male,57.0,Ramallah,Coffee Maker,Home,443.56,1,0.15,Bank Transfer,Rep D,North
100068,2025-08-26,5378,Lina Nasser,Male,46.0,Bethlehem,USB Cable,Accessories,152.56,-2,0.0,Credit Card,Rep B,Central
100069,2024-01-01,5567,Mohammad Khalil,Male,26.0,Jenin,,Electronics,555.98,5,0.0,Credit Card,Rep D,North
100070,2024-07-28,5475,Omar Ali,Male,60.0,Nablus,USB Cable,Accessories,50.69,4,0.0,Credit Card,,North
100071,2025-10-23,5156,Omar Khalil,Male,24.0,Gaza,Keyboard,Office,577.62,2,0.05,Credit Card,Rep E,North
100072,2024-08-02,5435,Maya Ali,Female,49.0,Gaza,Smart Watch,Electronics,131.9,4,0.1,Credit Card,Rep F,South
100073,2025-05-16,5113,Omar Nasser,Female,21.0,Gaza,Coffee Maker,Home,260.68,1,0.1,Credit Card,Rep C,Central
100074,2024-03-27,5055,Noor Hassan,Male,46.0,Bethlehem,Blender,Home,57.88,2,0.0,PayPal,Rep E,Central
100075,2025-08-01,5051,Ahmed Saleh,Male,25.0,Ramallah,Smart Watch,Electronics,1223.55,8,0.1,PayPal,Rep D,North
100076,2024-01-07,5330,Adam Awwad,Male,38.0,Nablus,Smartphone,Electronics,254.34,6,0.1,PayPal,Rep A,South
100077,2025-01-20,5471,Adam Saleh,Female,22.0,Jenin,Vacuum Cleaner,Home,310.21,4,0.05,Credit Card,Rep D,Central
100078,2025-12-14,5158,Sami Ali,Female,40.0,Gaza,Desk Chair,Office,303.75,4,0.1,PayPal,Rep A,South
100079,2025-05-08,5004,Sara Hassan,Male,62.0,Ramallah,Tablet,Electronics,466.68,1,0.15,Credit Card,Rep D,North
100080,2025-11-07,5153,Khaled Hassan,Female,40.0,Jenin,Laptop,Electronics,95.61,2,0.15,Bank Transfer,Rep B,North
100081,2025-11-15,5401,Sara Khalil,Female,63.0,Ramallah,Monitor,Office,120.61,5,0.0,Cash,Rep B,North
100082,2025-05-26,5113,Maya Ali,Female,51.0,Tulkarm,Vacuum Cleaner,Home,478.02,7,0.1,Credit Card,Rep D,South
100083,2024-08-31,5491,Ahmed Nasser,Male,62.0,Ramallah,Tablet,Electronics,965.13,4,0.0,Credit Card,Rep A,North
100084,2024-01-25,5039,Mohammad Ali,Female,54.0,Nablus,Monitor,Office,181.48,4,0.05,Credit Card,Rep C,North
100085,2025-07-22,5497,Hala Saleh,Female,33.0,Bethlehem,Smartphone,Electronics,1156.92,4,0.1,PayPal,Rep F,North
100086,2025-10-16,5571,Sara Awwad,Male,43.0,Khan Yunis,Mouse,Accessories,109.18,8,0.1,Cash,Rep F,South
100087,2025-11-18,5498,Maya Khalil,Female,48.0,Hebron,Desk Chair,Office,510.62,3,0.15,Credit Card,Rep C,North
100088,2024-06-19,5183,Adam Saleh,Male,32.0,Bethlehem,Smart Watch,Electronics,846.08,5,0.0,Cash,Rep E,Central
100089,2024-11-06,5170,Omar Nasser,Male,30.0,Ramallah,USB Cable,Accessories,169.52,5,0.2,Credit Card,Rep F,North
100090,2025-11-27,5272,Sami Saleh,Male,27.0,Rafah,Microwave,Home,262.0,4,0.1,Credit Card,Rep E,Central
100091,2024-11-19,5146,Dana Khalil,Male,65.0,Gaza,Smartphone,Electronics,1372.68,1,0.0,Credit Card,Rep D,South
100092,2025-01-14,5440,Hala Nasser,Female,28.0,Ramallah,Phone Case,Accessories,36.73,8,0.0,Bank Transfer,Rep F,North
100093,2024-04-16,5226,Lina Hassan,Male,20.0,Bethlehem,Monitor,Office,226.32,1,0.2,Bank Transfer,Rep C,Central
100094,2025-05-04,5419,Omar Hassan,Female,34.0,,Vacuum Cleaner,Home,632.31,4,0.1,PayPal,Rep A,North
100095,2025-09-01,5267,Lina Ali,Male,45.0,Rafah,Phone Case,Accessories,15.63,6,0.0,Credit Card,Rep A,North
100096,2024-05-03,5038,Sami Ali,Male,65.0,Khan Yunis,Monitor,Office,331.25,7,0.0,Bank Transfer,Rep E,North
100097,2024-08-11,5318,Rana Ali,Female,20.0,Bethlehem,Smart Watch,Electronics,1020.2,4,0.15,PayPal,Rep C,North
100098,2024-12-28,5557,Lina Khalil,Female,53.0,Jericho,Laptop,Electronics,348.69,6,0.2,Cash,Rep B,Central
100099,2025-10-31,5551,Hala Hassan,Female,19.0,Tulkarm,Webcam,Office,136.05,2,0.0,Cash,Rep B,North
100100,2025-02-17,5455,Sara Awwad,Female,51.0,Jenin,Keyboard,Office,83.94,7,0.1,Credit Card,Rep C,North
100101,2025-12-05,5022,Sara Ali,Female,31.0,Hebron,Desk Chair,Office,397.35,4,0.05,Credit Card,Rep A,Central
100102,2025-04-03,5570,Adam Hassan,Female,63.0,Ramallah,Vacuum Cleaner,Home,698.1,3,0.05,Credit Card,Rep E,North
100103,2025-11-17,5084,Khaled Ali,Male,20.0,Gaza,Smartphone,Electronics,1447.8,1,0.1,Bank Transfer,Rep E,South
100104,2025-03-28,5387,Maya Awwad,Female,55.0,Ramallah,Power Bank,Accessories,44.65,1,0.1,Credit Card,Rep D,South
100105,2025-10-18,5309,Sami Ali,Female,24.0,Nablus,Backpack,Accessories,145.05,3,0.15,Bank Transfer,Rep D,Central
100106,2024-08-23,5521,Khaled Awwad,Female,39.0,Jericho,Blender,Home,255.11,4,0.05,Bank Transfer,Rep A,North
100107,2024-12-31,5495,Hala Nasser,Female,28.0,Rafah,Smartphone,Electronics,1301.37,5,0.0,Cash,Rep A,North
100108,2025-10-21,5242,Noor Awwad,Female,50.0,Gaza,Headphones,Electronics,1333.2,2,0.15,Credit Card,Rep B,Central
100109,2024-05-22,5106,Adam Saleh,Male,57.0,Nablus,Coffee Maker,Home,631.51,4,0.1,Cash,Rep A,Central
100110,2024-11-13,5084,Dana Ali,Male,24.0,Hebron,USB Cable,Accessories,103.12,4,0.1,Cash,Rep A,Central
100111,2024-01-12,5087,Noor Khalil,Male,62.0,Nablus,Coffee Maker,Home,184.68,8,0.0,Credit Card,Rep E,South
100112,2025-08-16,5549,Sami Awwad,Male,20.0,Khan Yunis,Headphones,Electronics,652.63,2,0.05,Credit Card,Rep D,North
100113,2024-01-24,5404,Yousef Saleh,Female,61.0,Hebron,USB Cable,Accessories,94.83,4,0.05,Cash,Rep B,North
100114,2025-07-31,5335,Omar Saleh,Female,56.0,Khan Yunis,Air Fryer,Home,694.81,3,0.05,Credit Card,Rep B,North
100115,2025-06-03,5100,Dana Hassan,Female,31.0,Ramallah,Keyboard,Office,129.06,6,0.05,Credit Card,Rep D,North
100116,2024-03-24,5130,Adam Nasser,Male,42.0,Rafah,Blender,Home,303.37,6,0.0,Cash,Rep D,North
100117,2024-01-10,5270,Sara Khalil,Female,29.0,Rafah,Tablet,Electronics,691.86,3,0.1,PayPal,Rep F,North
100118,2024-07-22,5165,Ahmed Awwad,Female,61.0,Bethlehem,Microwave,Home,426.33,6,0.0,Credit Card,Rep B,Central
100119,2024-01-20,5282,Rana Awwad,Male,52.0,Jericho,Smart Watch,Electronics,335.61,2,0.0,Cash,Rep D,Central
100120,2024-08-03,5251,Maya Nasser,Female,42.0,Ramallah,Coffee Maker,Home,682.24,4,0.0,Cash,Rep D,Central
100121,2024-11-03,5336,Omar Hassan,Female,25.0,Ramallah,Smart Watch,Electronics,347.46,5,0.0,Credit Card,Rep F,South
100122,2025-03-02,5414,Omar Hassan,Male,43.0,Bethlehem,Monitor,Office,522.15,5,0.0,PayPal,Rep D,North
100123,2024-10-30,5069,Lina Hassan,Female,45.0,Ramallah,Microwave,Home,699.61,1,0.2,Credit Card,Rep E,North
100124,2024-11-19,5381,Khaled Nasser,Female,55.0,Nablus,Laptop,Electronics,1227.14,5,0.1,Cash,Rep C,North
100125,2025-12-25,5065,Noor Hassan,Male,32.0,Jenin,Laptop,Electronics,620.2,4,0.1,Cash,Rep C,Central
100126,2025-09-13,5003,Yousef Hassan,Female,65.0,Ramallah,Tablet,Electronics,760.44,1,0.0,Credit Card,Rep B,North
100127,2024-02-12,5343,Khaled Nasser,Female,61.0,Jenin,Headphones,Electronics,358.0,1,0.1,Bank Transfer,Rep A,South
100128,2024-05-20,5470,Mohammad Hassan,Female,21.0,Jenin,Air Fryer,Home,228.02,3,0.15,Cash,Rep B,Central
100129,2025-08-11,5090,Lina Nasser,Male,24.0,Khan Yunis,Desk Chair,Office,484.87,2,0.0,PayPal,Rep E,Central
100130,2025-03-27,5385,Noor Khalil,Female,64.0,Tulkarm,Mouse,Accessories,117.73,4,0.1,PayPal,Rep B,Central
100131,2025-08-06,5152,Ahmed Hassan,Male,54.0,Hebron,Coffee Maker,Home,221.37,6,0.05,Cash,Rep B,South
100132,2025-03-14,5242,Yousef Awwad,Male,61.0,Ramallah,Blender,Home,352.11,4,0.0,Credit Card,Rep C,South
100133,2025-08-12,5077,Rana Awwad,Female,42.0,Ramallah,Coffee Maker,Home,221.2,4,0.1,Cash,Rep E,South
100134,2024-10-06,5302,Mohammad Saleh,Female,55.0,Khan Yunis,Keyboard,Office,545.68,5,0.0,Cash,Rep D,South
100135,2024-03-10,5425,Adam Saleh,Male,19.0,Jenin,Blender,Home,86.15,4,0.0,Cash,Rep C,Central
100136,2024-09-15,5342,Khaled Hassan,Male,61.0,Ramallah,Smartphone,Electronics,595.38,8,0.05,Credit Card,Rep F,Central
100137,2025-04-21,5287,Hala Awwad,Male,33.0,Khan Yunis,Phone Case,Accessories,24.63,4,0.1,Credit Card,Rep D,South
100138,2024-10-05,5348,Mohammad Nasser,Male,37.0,Bethlehem,Phone Case,Accessories,140.2,3,0.1,Credit Card,Rep F,Central
100139,2025-04-04,5550,Ali Hassan,Male,31.0,Hebron,Desk Chair,Office,199.3,3,0.05,Credit Card,Rep C,North
100140,2024-06-28,5407,Sara Saleh,Female,23.0,Nablus,Vacuum Cleaner,Home,558.94,4,0.1,Credit Card,Rep D,South
100141,2025-03-04,5158,Sami Hassan,Female,31.0,Jericho,Coffee Maker,Home,133.24,2,0.15,Credit Card,Rep C,Central
100142,2025-04-10,5206,Ali Hassan,Female,27.0,Rafah,Tablet,Electronics,896.73,4,0.0,Cash,Rep A,Central
100143,2025-03-11,5483,Lina Nasser,Male,30.0,Jenin,Phone Case,Accessories,28.94,4,0.05,Credit Card,Rep E,North
100144,2025-10-19,5447,Khaled Khalil,Male,19.0,Tulkarm,Mouse,Accessories,34.15,1,0.1,Cash,Rep B,Central
100145,2024-02-25,5463,Lina Ali,Male,52.0,Jenin,Phone Case,Accessories,28.88,3,0.0,PayPal,Rep D,North
100146,2024-04-10,5359,Noor Saleh,Male,53.0,Jericho,Blender,Home,321.22,2,0.15,Cash,Rep E,South
100147,2025-06-09,5455,Yousef Khalil,Female,22.0,Tulkarm,Air Fryer,Home,314.66,4,0.0,Credit Card,Rep B,South
100148,2024-03-05,5013,Yousef Hassan,Female,62.0,Jenin,Smart Watch,Electronics,362.38,1,0.0,Credit Card,Rep A,South
100149,2024-07-01,5510,Ali Hassan,Female,65.0,Ramallah,Air Fryer,Home,354.17,3,0.05,Cash,Rep E,Central
100150,2024-07-10,5017,Sami Awwad,Male,18.0,Ramallah,Backpack,Accessories,83.27,3,0.15,Credit Card,Rep D,North
100151,2025-12-26,5200,Ahmed Awwad,Female,40.0,Bethlehem,Monitor,Office,532.41,2,0.2,Cash,Rep E,North
100152,2025-09-12,5435,Sami Ali,Female,34.0,Jenin,Desk Chair,Office,317.43,3,0.05,Bank Transfer,Rep D,South
100153,2025-06-23,5563,Maya Hassan,Male,22.0,Jericho,Power Bank,Accessories,139.47,3,0.0,Credit Card,Rep D,North
100154,2024-11-24,5463,Omar Ali,Male,53.0,Hebron,Laptop,Electronics,1179.98,4,0.05,Credit Card,Rep B,Central
100155,2025-05-02,5374,Rana Khalil,Female,48.0,Ramallah,Printer,Office,98.66,3,0.15,Credit Card,Rep A,South
100156,2025-09-17,5414,Ali Khalil,Female,49.0,Nablus,Coffee Maker,Home,625.37,4,0.0,PayPal,Rep A,North
100157,2025-01-31,5302,Sami Nasser,Male,40.0,Jericho,Microwave,Home,537.1,3,0.05,PayPal,Rep B,North
100158,2024-10-09,5562,Hala Ali,Male,41.0,Jericho,Printer,Office,336.79,4,0.05,Credit Card,Rep C,South
100159,2025-01-01,5281,Yousef Hassan,Female,33.0,Bethlehem,Printer,Office,166.84,5,0.2,Credit Card,Rep B,Central
100160,2025-02-08,5302,Adam Ali,Male,19.0,Rafah,Smartphone,Electronics,612.87,4,0.05,PayPal,Rep B,Central
100161,2025-02-21,5437,Lina Saleh,Male,33.0,Nablus,Desk Chair,Office,509.13,4,0.05,Credit Card,Rep E,Central
100162,2024-06-02,5469,Khaled Khalil,Female,55.0,Hebron,Power Bank,Accessories,39.19,3,0.05,Bank Transfer,Rep E,Central
100163,2024-12-01,5055,Ali Saleh,Female,41.0,Ramallah,Webcam,Office,369.64,4,0.0,Credit Card,Rep F,South
100164,2024-03-16,5542,Sara Nasser,Male,48.0,Hebron,Smart Watch,Electronics,814.52,4,0.0,Credit Card,Rep A,Central
100165,2025-04-20,5303,Maya Awwad,Female,62.0,Gaza,Blender,Home,318.02,4,0.1,Credit Card,Rep F,South
100166,2024-05-16,5400,Yousef Awwad,Female,27.0,Ramallah,Keyboard,Office,120.04,5,0.1,Cash,Rep F,North
100167,2025-03-01,5547,Dana Hassan,Male,22.0,Jenin,Power Bank,Accessories,90.72,3,0.15,PayPal,Rep B,Central
100168,2025-10-02,5313,Ali Nasser,Male,63.0,Rafah,Monitor,Office,457.04,4,0.2,Credit Card,Rep D,Central
100169,2024-06-11,5220,Dana Hassan,Female,33.0,Jericho,Headphones,Electronics,689.02,6,0.0,Credit Card,Rep D,South
100170,2025-03-16,5533,Ali Hassan,Male,44.0,Tulkarm,Smartphone,Electronics,202.72,2,0.1,Cash,Rep E,Central
100171,2024-06-13,5314,Yousef Hassan,Male,20.0,Tulkarm,Desk Chair,Office,138.91,4,0.05,Bank Transfer,Rep D,North
100172,2024-06-26,5490,Lina Nasser,Male,50.0,Gaza,Laptop,Electronics,1472.33,2,0.05,Cash,Rep F,North
100173,2025-07-30,5517,Omar Nasser,Female,19.0,Khan Yunis,Coffee Maker,Home,345.12,3,0.1,Cash,Rep F,South
100174,2025-07-14,5032,Adam Khalil,Female,43.0,Hebron,Vacuum Cleaner,Home,539.46,4,0.0,Bank Transfer,Rep F,Central
100175,2025-11-10,5058,Noor Hassan,Male,19.0,Rafah,Laptop,Electronics,213.7,3,0.0,Credit Card,Rep C,Central
100176,2025-01-13,5178,Maya Ali,Male,28.0,Bethlehem,Blender,Home,163.24,2,0.05,PayPal,Rep E,North
100177,2025-07-12,5238,Sami Hassan,Female,37.0,Jericho,Laptop,Electronics,1206.43,3,0.15,Bank Transfer,Rep B,South
100178,2024-08-07,5129,Adam Khalil,Female,65.0,Jenin,Backpack,Accessories,83.74,4,0.0,Bank Transfer,Rep D,South
100179,2025-07-28,5109,Adam Khalil,Male,47.0,Ramallah,Blender,Home,149.53,6,0.05,Credit Card,Rep C,North
100180,2024-07-14,5382,Dana Khalil,Male,45.0,Rafah,Blender,Home,580.58,4,0.1,Credit Card,Rep C,Central
100181,2025-04-01,5226,Khaled Ali,Female,45.0,Khan Yunis,Printer,Office,165.5,2,0.0,PayPal,Rep C,Central
100182,2024-11-09,5075,Lina Nasser,Male,22.0,Nablus,Smartphone,Electronics,124.18,5,0.0,Credit Card,Rep D,South
100183,2025-10-21,5124,Ahmed Ali,Female,42.0,Jericho,Laptop,Electronics,591.74,1,0.1,Credit Card,Rep D,Central
100184,2025-07-04,5393,Mohammad Saleh,Male,32.0,Ramallah,Backpack,Accessories,119.93,6,0.0,Credit Card,Rep B,Central
100185,2025-05-15,5547,Mohammad Nasser,Male,31.0,Hebron,Air Fryer,Home,51.88,3,0.0,Bank Transfer,Rep F,North
100186,2025-03-01,5275,Lina Saleh,Female,62.0,Tulkarm,Tablet,Electronics,962.31,4,0.1,Cash,Rep C,South
100187,2025-11-06,5465,Dana Awwad,Female,50.0,Bethlehem,Microwave,Home,227.33,6,0.0,Credit Card,Rep F,Central
100188,2024-03-08,5514,Lina Khalil,Female,39.0,Rafah,Vacuum Cleaner,Home,692.76,4,0.05,PayPal,Rep F,South
100189,2025-04-13,5325,Ali Khalil,Male,61.0,Gaza,Smartphone,Electronics,1127.34,4,0.0,Bank Transfer,Rep B,North
100190,2025-03-13,5588,Dana Awwad,Male,43.0,Hebron,Headphones,Electronics,709.6,4,0.1,Cash,Rep E,South
100191,2025-06-23,5406,Noor Khalil,Male,39.0,Ramallah,Headphones,Electronics,465.63,4,0.2,Credit Card,Rep F,Central
100192,2025-07-26,5262,Sara Ali,Female,36.0,Khan Yunis,USB Cable,Accessories,175.1,3,0.05,Credit Card,Rep C,North
100193,2025-10-14,5049,Dana Awwad,Female,25.0,Hebron,Blender,Home,111.3,3,0.15,Cash,Rep F,Central
100194,2024-12-09,5549,Ahmed Awwad,Male,41.0,Jenin,Laptop,Electronics,570.22,4,0.15,Cash,Rep C,Central
100195,2024-05-06,5558,Rana Awwad,Female,61.0,Nablus,Phone Case,Accessories,78.7,6,0.1,Cash,Rep A,North
100196,2024-09-06,5453,Sami Awwad,Male,63.0,Tulkarm,Printer,Office,437.6,6,0.0,Bank Transfer,Rep B,Central
100197,2025-09-30,5420,Omar Khalil,Male,64.0,Bethlehem,Desk Chair,Office,456.93,1,0.0,Credit Card,Rep B,South
100198,2025-03-25,5266,Dana Hassan,Male,26.0,Rafah,Monitor,Office,113.73,2,0.1,PayPal,Rep E,Central
100199,2024-03-21,5268,Mohammad Ali,Male,62.0,Khan Yunis,Monitor,Office,548.33,5,0.0,Cash,Rep A,Central
100200,2025-10-19,5420,Mohammad Khalil,Male,26.0,Jenin,Keyboard,Office,520.5,4,0.0,Credit Card,Rep C,South
100201,2025-07-13,5118,Ali Saleh,Male,41.0,Tulkarm,Keyboard,Office,319.22,2,0.1,Credit Card,Rep A,North
100202,2025-10-30,5202,Noor Hassan,Female,52.0,Gaza,Power Bank,Accessories,25.42,6,0.05,PayPal,Rep D,Central
100203,2025-09-16,5434,Yousef Nasser,Female,41.0,Nablus,Air Fryer,Home,676.25,3,0.0,Credit Card,Rep C,Central
100204,2024-05-04,5245,Dana Hassan,Male,54.0,Khan Yunis,Vacuum Cleaner,Home,287.37,4,0.05,Bank Transfer,Rep A,North
100205,2025-03-06,5500,Ahmed Khalil,Female,65.0,Jericho,Tablet,Electronics,848.8,2,0.1,Cash,Rep F,North
100206,2025-07-07,5354,Rana Ali,Female,38.0,Jenin,Keyboard,Office,580.69,4,0.0,Cash,Rep E,South
100207,2024-05-18,5435,Rana Awwad,Male,35.0,Bethlehem,Smartphone,Electronics,542.67,5,0.05,PayPal,Rep D,North
100208,2025-10-20,5064,Maya Khalil,Female,28.0,Jericho,Air Fryer,Home,392.04,6,0.0,PayPal,Rep D,North
100209,2025-07-11,5524,Khaled Awwad,Male,36.0,Khan Yunis,Printer,Office,589.07,4,0.15,Cash,Rep B,Central
100210,2025-12-15,5499,Omar Awwad,Male,31.0,Ramallah,Vacuum Cleaner,Home,332.68,4,0.1,PayPal,Rep C,South
100211,2024-12-02,5147,Hala Nasser,Male,22.0,Tulkarm,Headphones,Electronics,107.14,4,0.1,PayPal,Rep F,Central
100212,2024-07-22,5194,Lina Ali,Female,47.0,Rafah,Smart Watch,Electronics,1206.62,8,0.0,Bank Transfer,Rep F,South
100213,2024-01-25,5549,Ahmed Khalil,Male,57.0,Bethlehem,Headphones,Electronics,1171.87,4,0.1,PayPal,Rep B,South
100214,2025-01-18,5260,Dana Nasser,Male,52.0,Bethlehem,Laptop,Electronics,237.62,5,0.15,Credit Card,Rep E,South
100215,2025-10-18,5375,Omar Hassan,Female,33.0,Jericho,Coffee Maker,Home,73.15,1,0.05,Credit Card,Rep D,Central
100216,2025-09-21,5231,Yousef Awwad,Male,58.0,Jenin,Tablet,Electronics,127.81,2,0.05,PayPal,Rep A,South
100217,2024-01-10,5484,Sami Nasser,Female,37.0,Ramallah,Coffee Maker,Home,199.67,5,0.15,PayPal,Rep F,Central
100218,2024-02-28,5471,Sami Hassan,Female,48.0,Ramallah,Microwave,Home,128.33,4,0.0,PayPal,Rep A,South
100219,2024-06-02,5096,Khaled Nasser,Male,40.0,Bethlehem,Smart Watch,Electronics,1271.86,1,0.0,PayPal,Rep E,South
100220,2025-10-20,5137,Maya Hassan,Female,21.0,Hebron,Keyboard,Office,546.64,7,0.05,Credit Card,Rep D,South
100221,2025-04-15,5218,Rana Awwad,Female,44.0,Rafah,Smartphone,Electronics,1079.48,1,0.0,PayPal,Rep E,North
100222,2025-06-06,5452,Hala Awwad,Female,26.0,Jenin,Mouse,Accessories,89.77,4,0.2,Credit Card,Rep F,South
100223,2024-12-20,5303,Omar Nasser,Male,61.0,Rafah,Blender,Home,74.55,5,0.05,PayPal,Rep B,North
100224,2024-04-09,5173,Rana Hassan,Male,41.0,Bethlehem,Keyboard,Office,399.69,5,0.0,Cash,Rep E,Central
100225,2025-06-16,5252,Maya Ali,Male,27.0,Jenin,Headphones,Electronics,459.98,6,0.0,Credit Card,Rep B,Central
100226,2025-11-05,5387,Hala Nasser,Male,29.0,Jericho,Monitor,Office,178.34,5,0.15,Credit Card,Rep B,Central
100227,2025-11-17,5465,Sami Saleh,Female,29.0,Jericho,Printer,Office,34.74,5,0.15,Credit Card,Rep F,South
100228,2025-10-26,5033,Adam Hassan,Male,29.0,Jenin,Smart Watch,Electronics,997.97,8,0.15,Credit Card,Rep C,North
100229,2024-08-01,5059,Ali Ali,Male,58.0,Ramallah,Microwave,Home,438.17,4,0.0,PayPal,Rep D,Central
100230,2025-08-30,5434,Maya Saleh,Female,58.0,Gaza,Phone Case,Accessories,46.77,2,0.0,Cash,Rep B,South
100231,2025-04-05,5456,Sami Saleh,Male,48.0,Gaza,Vacuum Cleaner,Home,267.83,6,0.0,Cash,Rep A,Central
100232,2024-01-05,5596,Ali Awwad,Male,50.0,Ramallah,Laptop,Electronics,508.72,5,0.05,Bank Transfer,Rep F,North
100233,2025-08-12,5302,Rana Nasser,Male,47.0,Jericho,Coffee Maker,Home,334.06,2,0.0,PayPal,Rep C,North
100234,2025-05-06,5582,Lina Saleh,Male,65.0,Bethlehem,Air Fryer,Home,509.74,8,0.1,Credit Card,Rep A,Central
100235,2024-06-02,5390,Ali Saleh,Male,46.0,Ramallah,Coffee Maker,Home,500.89,3,0.2,Bank Transfer,Rep E,Central
100236,2025-05-09,5427,Adam Awwad,Male,37.0,Bethlehem,Air Fryer,Home,543.96,6,0.1,PayPal,Rep D,North
100237,2024-09-11,5171,Yousef Hassan,Female,57.0,Ramallah,Air Fryer,Home,379.69,5,0.0,Credit Card,Rep E,South
100238,2024-01-10,5265,Khaled Ali,Female,18.0,Rafah,Phone Case,Accessories,138.89,3,0.05,PayPal,Rep C,South
100239,2025-12-18,5017,Omar Khalil,Female,46.0,Hebron,Power Bank,Accessories,106.7,3,0.15,Bank Transfer,Rep B,North
100240,2024-11-10,5041,Lina Khalil,Female,18.0,,USB Cable,Accessories,33.49,5,0.0,Cash,Rep C,South
100241,2024-10-08,5403,Rana Saleh,Male,64.0,Tulkarm,Air Fryer,Home,664.66,6,0.05,PayPal,Rep B,South
100242,2024-08-08,5553,Mohammad Nasser,Female,63.0,Rafah,Microwave,Home,280.47,3,0.15,Cash,Rep C,South
100243,2025-06-19,5536,Sara Saleh,Male,51.0,Rafah,Smartphone,Electronics,737.88,1,0.0,Bank Transfer,Rep F,North
100244,2025-05-23,5566,Khaled Khalil,Male,27.0,Bethlehem,Desk Chair,Office,155.02,3,0.0,Credit Card,Rep C,Central
100245,2024-02-07,5511,Ali Awwad,Male,30.0,Tulkarm,Printer,Office,99999.0,6,0.15,Credit Card,Rep C,Central
100246,2024-02-16,5551,Sami Nasser,Male,38.0,Bethlehem,Tablet,Electronics,1018.64,1,0.05,PayPal,Rep C,Central
100247,2025-10-12,5480,Sara Nasser,Male,34.0,Hebron,Desk Chair,Office,570.79,4,0.0,Cash,Rep A,North
100248,2024-03-21,5489,Hala Hassan,Female,32.0,Tulkarm,Keyboard,Office,290.49,7,0.1,PayPal,Rep F,North
100249,2025-11-11,5477,Lina Khalil,Female,23.0,Hebron,Tablet,Electronics,1469.51,6,0.1,PayPal,Rep E,South
100250,2025-04-18,5100,Ali Hassan,Male,36.0,Hebron,Blender,Home,122.09,5,0.1,PayPal,Rep D,South
100251,2024-06-16,5339,Yousef Awwad,Male,44.0,Jericho,Blender,Home,118.2,7,0.1,Bank Transfer,Rep C,South
100252,2024-04-04,5452,Noor Hassan,Female,39.0,Nablus,Mouse,Accessories,94.26,1,0.0,Bank Transfer,Rep B,South
100253,2025-05-14,5464,Sami Saleh,Male,29.0,Jenin,USB Cable,Accessories,60.77,3,0.1,Credit Card,Rep A,Central
100254,2024-02-02,5318,Omar Awwad,Male,39.0,Jenin,Vacuum Cleaner,Home,87.59,2,0.05,Bank Transfer,Rep D,Central
100255,2024-05-07,5477,Sami Saleh,Male,41.0,Ramallah,Keyboard,Office,566.23,6,0.0,Cash,Rep B,North
100256,2024-11-20,5412,Dana Awwad,Male,35.0,Khan Yunis,Smartphone,Electronics,906.7,2,0.05,Credit Card,Rep C,Central
100257,2024-07-26,5514,Noor Hassan,Female,39.0,Khan Yunis,Vacuum Cleaner,Home,438.4,1,0.0,Bank Transfer,Rep C,North
100258,2025-02-06,5596,Mohammad Hassan,Female,51.0,Jericho,Headphones,Electronics,1450.32,3,0.1,PayPal,Rep F,North
100259,2025-05-22,5258,,Male,36.0,Khan Yunis,Vacuum Cleaner,Home,336.4,4,0.0,Bank Transfer,Rep E,South
100260,2025-09-01,5414,Lina Khalil,Female,18.0,Gaza,Printer,Office,246.73,7,0.05,Bank Transfer,Rep B,North
100261,2024-09-18,5176,Khaled Awwad,Female,44.0,Jericho,Monitor,Office,213.05,6,0.0,PayPal,Rep D,North
100262,2024-09-04,5043,Lina Awwad,Female,37.0,Bethlehem,Vacuum Cleaner,Home,471.64,5,0.0,Bank Transfer,Rep A,North
100263,2024-10-22,5203,Rana Hassan,Male,50.0,Ramallah,Tablet,Electronics,608.52,3,0.15,Credit Card,Rep D,South
100264,2025-08-25,5494,Sara Awwad,Male,23.0,Rafah,Tablet,Electronics,553.72,6,0.15,Bank Transfer,Rep B,South
100265,2025-07-23,5363,Maya Saleh,Female,57.0,Hebron,Microwave,Home,393.12,2,0.1,Credit Card,Rep F,South
100266,2024-08-01,5256,Adam Khalil,Male,41.0,Hebron,Microwave,Home,178.62,3,,Credit Card,Rep A,North
100267,2025-10-06,5021,Omar Ali,Male,64.0,Hebron,Phone Case,Accessories,84.75,5,0.0,Bank Transfer,Rep C,Central
100268,2024-03-01,5319,,Female,42.0,Tulkarm,Microwave,Home,182.6,5,0.1,Cash,Rep A,Central
100269,2024-07-31,5137,Khaled Ali,Male,52.0,Tulkarm,Laptop,Electronics,355.29,6,0.1,PayPal,Rep C,Central
100270,2024-10-11,5239,Yousef Khalil,Female,63.0,Hebron,Blender,Home,191.53,2,0.0,Credit Card,Rep B,North
100271,2025-08-28,5289,Dana Awwad,Female,60.0,Khan Yunis,Monitor,Office,531.96,2,0.1,Cash,Rep B,North
100272,2024-07-24,5247,Hala Nasser,Male,36.0,Jericho,Tablet,Electronics,391.77,7,0.1,Cash,Rep A,Central
100273,2024-11-25,5175,Sara Awwad,Male,51.0,Nablus,Power Bank,Accessories,102.03,4,0.0,Bank Transfer,Rep A,North
100274,2024-10-21,5282,Ahmed Khalil,Male,43.0,Gaza,,Electronics,1044.03,5,0.2,PayPal,Rep F,North
100275,2025-01-21,5207,Rana Khalil,Male,49.0,,Power Bank,Accessories,51.56,-5,0.1,Cash,Rep A,North
100276,2025-05-13,5364,Mohammad Nasser,Male,24.0,Nablus,Desk Chair,Office,496.84,3,0.05,Credit Card,Rep F,Central
100277,2025-03-10,5384,Omar Nasser,Female,29.0,Rafah,Monitor,Office,452.27,6,0.05,Bank Transfer,Rep B,Central
100278,2024-08-08,5323,Mohammad Ali,Female,31.0,Bethlehem,Air Fryer,Home,85.35,3,0.05,PayPal,Rep B,South
100279,2025-02-17,5235,Omar Nasser,Female,26.0,Ramallah,Keyboard,Office,469.37,4,0.0,PayPal,Rep B,Central
100280,2025-04-24,5314,,Male,54.0,Nablus,Webcam,Office,381.77,5,0.0,Credit Card,Rep D,Central
100281,2025-02-03,5576,Sara Saleh,Female,54.0,Jenin,Desk Chair,Office,388.63,2,0.05,PayPal,Rep F,South
100282,2025-01-20,5300,Maya Awwad,Female,19.0,Ramallah,Smart Watch,Electronics,623.57,6,0.1,PayPal,Rep F,Central
100283,2025-11-08,5222,Rana Awwad,Female,62.0,Jenin,Vacuum Cleaner,Home,498.46,2,0.1,Credit Card,Rep E,South
100284,2024-12-05,5204,,Female,18.0,Jenin,Printer,Office,174.26,1,0.15,Credit Card,Rep E,Central
100285,2024-02-25,5366,Maya Khalil,Male,57.0,Jericho,Desk Chair,Office,79.24,5,0.15,PayPal,Rep F,South
100286,2024-03-31,5480,Rana Hassan,Male,62.0,Nablus,Power Bank,Accessories,106.24,3,0.0,Bank Transfer,Rep C,South
100287,2025-05-22,5304,Yousef Ali,Female,55.0,Bethlehem,Keyboard,Office,383.65,5,0.0,PayPal,Rep C,Central
100288,2024-05-04,5138,Mohammad Awwad,Female,46.0,Nablus,Microwave,Home,331.91,5,0.05,,Rep C,South
100289,2025-11-25,5540,Yousef Ali,Male,38.0,Ramallah,USB Cable,Accessories,119.72,5,0.1,Cash,Rep C,South
100290,2025-07-20,5471,Maya Khalil,Female,22.0,Tulkarm,Keyboard,Office,422.26,5,0.1,Credit Card,Rep C,North
100291,2024-07-11,5406,Khaled Hassan,Male,34.0,Ramallah,Printer,Office,36.01,5,0.1,PayPal,Rep D,Central
100292,2024-06-04,5184,Sara Nasser,Male,30.0,Ramallah,Keyboard,Office,354.25,3,0.15,Cash,Rep D,South
100293,2024-10-22,5340,Ali Nasser,Female,60.0,Tulkarm,Smart Watch,Electronics,792.24,8,0.1,Credit Card,Rep A,South
100294,2024-08-21,5465,Hala Awwad,Female,32.0,Jenin,Smart Watch,Electronics,168.6,3,0.0,Bank Transfer,Rep A,North
100295,2025-05-08,5523,Omar Hassan,Male,,Khan Yunis,Phone Case,Accessories,47.45,4,0.0,Credit Card,Rep D,South
100296,2025-09-29,5584,Sami Saleh,Female,40.0,Bethlehem,Tablet,Electronics,374.33,4,0.0,Credit Card,Rep B,South
100297,2025-09-28,5013,Ali Khalil,Female,39.0,Hebron,Air Fryer,Home,136.97,3,0.15,Credit Card,Rep F,Central
100298,2024-10-28,5096,Dana Khalil,Female,55.0,Khan Yunis,Keyboard,Office,315.67,2,0.1,Credit Card,Rep F,South
100299,2025-03-14,5106,Yousef Hassan,Male,39.0,Rafah,Smartphone,Electronics,895.49,5,0.1,Bank Transfer,Rep E,North
100300,2024-08-05,5082,Rana Awwad,Male,29.0,Jericho,Printer,Office,506.98,3,0.15,Credit Card,Rep D,South
100301,2024-08-16,5390,Mohammad Khalil,Male,43.0,Jericho,Webcam,Office,157.15,4,0.05,Cash,Rep F,South
100302,2024-02-22,5451,Noor Ali,Male,51.0,Jericho,Air Fryer,Home,438.54,4,0.1,Credit Card,Rep F,Central
100303,2025-01-21,5076,Ahmed Ali,Male,46.0,Jenin,Smartphone,Electronics,328.67,5,0.0,Credit Card,Rep B,South
100304,2025-06-08,5557,Hala Hassan,Female,37.0,Hebron,Air Fryer,Home,535.18,2,0.05,Credit Card,Rep A,Central
100305,2024-04-18,5279,Dana Ali,Female,64.0,Tulkarm,Tablet,Electronics,89.14,5,0.1,Cash,Rep F,Central
100306,2025-08-30,5498,Rana Nasser,Female,35.0,Jenin,Microwave,Home,543.51,1,0.1,Credit Card,Rep A,Central
100307,2025-04-15,5384,Ali Nasser,Male,26.0,Jericho,Webcam,Office,597.93,5,0.1,Credit Card,Rep D,North
100308,2024-03-12,5190,Noor Awwad,Male,57.0,Khan Yunis,Desk Chair,Office,250.45,5,0.0,PayPal,Rep B,North
100309,2025-09-05,5493,Mohammad Nasser,Female,58.0,Gaza,USB Cable,Accessories,48.32,3,0.0,Bank Transfer,Rep C,South
100310,2024-01-06,5147,Sami Nasser,Female,19.0,Jericho,Laptop,Electronics,1424.97,6,0.1,Credit Card,Rep C,Central
100311,2024-10-14,5105,Ali Saleh,Female,36.0,Khan Yunis,Coffee Maker,Home,223.57,2,0.0,PayPal,Rep B,Central
100312,2025-03-22,5460,Sami Hassan,Female,55.0,Rafah,Backpack,Accessories,49.28,5,0.0,Credit Card,Rep E,North
100313,2024-09-06,5510,Khaled Hassan,Male,43.0,Hebron,Power Bank,Accessories,137.67,4,0.15,PayPal,Rep B,South
100314,2025-04-04,5105,Yousef Saleh,Female,64.0,Ramallah,Tablet,Electronics,1295.71,3,0.1,Credit Card,Rep A,Central
100315,2025-01-12,5149,Lina Saleh,Male,39.0,Jenin,Tablet,Electronics,1123.59,4,0.0,Cash,Rep B,Central
100316,2024-03-10,5112,Noor Saleh,Male,35.0,Jenin,Blender,Home,581.85,4,0.1,Bank Transfer,Rep B,Central
100317,2025-12-12,5503,Maya Khalil,Female,22.0,Khan Yunis,Laptop,Electronics,899.14,4,0.0,Bank Transfer,Rep E,North
100318,2025-03-24,5360,Noor Ali,Female,28.0,Tulkarm,Smartphone,Electronics,324.98,4,0.0,Bank Transfer,Rep F,Central
100319,2025-11-26,5495,Omar Saleh,Male,29.0,Gaza,Monitor,Office,288.31,2,0.1,Credit Card,Rep B,Central
100320,2024-01-22,5208,Sami Nasser,Male,34.0,Gaza,Backpack,Accessories,103.86,2,0.15,Credit Card,Rep E,Central
100321,2025-10-16,5509,Maya Khalil,Male,48.0,Jenin,Microwave,Home,174.8,1,0.1,Credit Card,Rep A,Central
100322,2025-06-15,5390,Khaled Ali,Female,35.0,Hebron,Smart Watch,Electronics,878.31,5,0.0,Credit Card,Rep C,South
100323,2025-02-22,5337,Mohammad Ali,Female,53.0,Nablus,,Accessories,77.35,6,0.15,Cash,Rep A,South
100324,2024-12-20,5164,Rana Nasser,Female,31.0,Jenin,Laptop,Electronics,179.55,3,0.0,Credit Card,Rep D,Central
100325,2024-10-10,5237,Omar Ali,Female,25.0,Bethlehem,Smartphone,Electronics,1455.52,3,0.0,PayPal,Rep D,South
100326,2024-11-08,5458,Khaled Hassan,Female,22.0,Jenin,Microwave,Home,322.78,5,0.15,Credit Card,Rep E,Central
100327,2025-05-08,5004,Rana Nasser,Female,59.0,Ramallah,Coffee Maker,Home,204.67,4,0.0,Bank Transfer,Rep F,South
100328,2025-10-12,5401,Ali Saleh,Male,58.0,Nablus,Coffee Maker,Home,268.23,5,0.15,Bank Transfer,Rep D,Central
100329,2025-05-29,5393,Noor Saleh,Male,9.0,Gaza,Keyboard,Office,272.82,3,0.0,Credit Card,Rep E,South
100330,2024-09-12,5030,Lina Saleh,Female,62.0,Bethlehem,Air Fryer,Home,315.98,5,0.15,Credit Card,Rep B,Central
100331,2024-01-25,5334,Mohammad Saleh,Female,51.0,Khan Yunis,Laptop,Electronics,412.01,1,0.15,Bank Transfer,Rep A,Central
100332,2024-04-30,5054,Maya Ali,Female,35.0,Nablus,Mouse,accessories,12.93,4,0.0,PayPal,Rep B,North
100333,2025-04-18,5283,Hala Nasser,Male,57.0,Gaza,Coffee Maker,Home,186.38,3,0.0,Credit Card,Rep B,Central
100334,2025-09-04,5400,Dana Hassan,Male,62.0,Hebron,Headphones,Electronics,779.4,4,0.0,Credit Card,Rep F,South
100335,2024-03-04,5165,Maya Saleh,Male,37.0,Rafah,Smart Watch,Electronics,460.81,3,0.05,PayPal,Rep E,Central
100336,2025-04-15,5034,Rana Ali,Female,46.0,Hebron,Smart Watch,Electronics,1338.24,6,0.0,Credit Card,Rep C,Central
100337,2024-05-27,5009,Ali Hassan,Female,22.0,Hebron,Laptop,Electronics,1012.07,4,0.0,Credit Card,Rep D,Central
100338,2025-09-09,5135,Ali Ali,Female,47.0,Nablus,Laptop,Electronics,900.49,6,0.0,Cash,Rep B,South
100339,2024-07-12,5316,Sami Awwad,Female,33.0,Tulkarm,Coffee Maker,Home,656.73,5,0.15,Cash,Rep D,South
100340,2025-08-29,5225,Maya Saleh,Female,18.0,Jenin,Smartphone,Electronics,1166.82,3,0.15,Credit Card,Rep B,South
100341,2024-11-26,5493,Mohammad Saleh,Male,59.0,Gaza,Power Bank,Accessories,170.36,5,0.0,Credit Card,Rep D,Central
100342,2025-03-19,5298,Sami Awwad,Male,58.0,Jericho,Smart Watch,Electronics,390.57,1,0.0,Cash,Rep D,Central
100343,2024-01-12,5162,Sara Awwad,Female,29.0,Bethlehem,Laptop,Electronics,259.47,1,0.1,PayPal,Rep D,South
100344,2025-03-10,5408,Khaled Ali,Female,48.0,Rafah,Desk Chair,Office,580.05,1,0.15,Cash,Rep E,South
100345,2025-09-13,5128,Sara Saleh,Female,23.0,Hebron,Coffee Maker,Home,694.36,5,0.1,Bank Transfer,Rep A,North
100346,2025-06-13,5294,Mohammad Khalil,Male,33.0,,Printer,Office,405.55,4,0.1,Credit Card,Rep F,North
100347,2025-12-11,5558,Hala Saleh,Male,58.0,Jericho,Webcam,Office,553.08,4,0.0,Credit Card,Rep C,Central
100348,2024-09-01,5287,Mohammad Awwad,Female,36.0,Jericho,Laptop,Electronics,210.78,5,0.15,PayPal,Rep E,North
100349,2025-08-29,5508,Maya Awwad,Female,18.0,Hebron,Blender,Home,131.09,2,0.15,Bank Transfer,Rep C,North
100350,2025-06-15,5558,Mohammad Awwad,Male,64.0,Gaza,Tablet,Electronics,651.84,5,0.1,Credit Card,Rep C,North
100351,2025-12-09,5475,Noor Saleh,Female,62.0,Hebron,Keyboard,Office,458.25,6,0.05,PayPal,Rep E,South
100352,2025-03-16,5086,Noor Saleh,Male,62.0,Jericho,Headphones,Electronics,410.21,0,0.1,Cash,Rep C,Central
100353,2024-05-16,5020,Sami Ali,Female,56.0,Nablus,Smart Watch,Electronics,911.53,4,0.0,Cash,Rep C,South
100354,2024-10-01,5448,Khaled Nasser,Female,55.0,Gaza,Tablet,Electronics,951.37,6,0.15,Cash,Rep F,South
100355,2024-12-24,5317,Ali Awwad,Female,43.0,Jericho,Vacuum Cleaner,Home,407.27,3,0.15,Credit Card,Rep A,North
100356,2024-04-25,5260,Maya Awwad,Male,63.0,Khan Yunis,Desk Chair,Office,262.06,7,0.0,Credit Card,Rep D,South
100357,2024-02-23,5541,Mohammad Awwad,Female,31.0,Nablus,USB Cable,Accessories,121.19,8,0.05,Credit Card,Rep E,North
100358,2024-12-23,5507,Hala Khalil,Female,55.0,Tulkarm,Laptop,Electronics,669.24,5,,Credit Card,Rep B,Central
100359,2024-11-01,5513,Noor Khalil,Female,51.0,Hebron,Smart Watch,Electronics,1122.8,2,0.0,Cash,Rep F,Central
100360,2025-06-03,5292,Omar Saleh,Male,9.0,Rafah,Power Bank,Accessories,76.17,3,0.0,Credit Card,Rep C,South
100361,2025-07-04,5304,Dana Hassan,Female,56.0,Rafah,Blender,Home,586.77,2,0.05,Cash,Rep F,Central
100362,2024-09-13,5383,Sara Hassan,Male,43.0,Jericho,Smart Watch,Electronics,1105.33,1,0.05,Cash,Rep F,North
100363,2024-02-02,5229,Noor Nasser,Female,44.0,Tulkarm,Smartphone,Electronics,1475.18,2,0.15,Credit Card,Rep F,North
100364,2025-05-01,5172,Khaled Hassan,Male,24.0,Ramallah,Air Fryer,Home,292.92,2,0.05,Credit Card,Rep B,South
100365,2024-07-14,5098,Rana Nasser,Female,61.0,Jericho,Monitor,Office,293.02,4,0.0,Credit Card,Rep F,South
100366,2024-06-27,5433,Lina Hassan,Male,39.0,Jenin,Air Fryer,Home,438.88,5,0.05,Credit Card,Rep B,South
100367,2025-01-21,5339,Sara Saleh,Male,32.0,Nablus,Vacuum Cleaner,Home,73.76,3,0.05,Cash,Rep B,South
100368,2025-03-26,5557,Sami Khalil,Male,65.0,Rafah,Microwave,Home,408.2,7,0.0,Credit Card,Rep F,Central
100369,2025-03-03,5001,Sara Ali,Female,63.0,Bethlehem,Laptop,Electronics,501.19,1,0.0,Credit Card,Rep B,Central
100370,2025-02-23,5171,Khaled Khalil,Male,42.0,Ramallah,Blender,Home,652.51,2,0.0,PayPal,Rep A,South
100371,2024-08-19,5468,Noor Awwad,Female,63.0,Rafah,Laptop,Electronics,219.76,7,0.1,PayPal,Rep F,North
100372,2024-05-27,5118,Omar Hassan,Female,27.0,Tulkarm,Laptop,Electronics,239.56,3,0.1,Cash,Rep A,South
100373,2024-11-04,5538,Dana Nasser,Female,62.0,Bethlehem,Keyboard,Office,254.62,3,0.2,Credit Card,Rep F,South
100374,2025-11-29,5289,Mohammad Saleh,Male,54.0,Khan Yunis,Headphones,Electronics,1344.0,4,0.05,PayPal,Rep F,South
100375,2025-02-22,5444,Rana Nasser,Female,61.0,Tulkarm,Air Fryer,Home,0.0,6,0.15,Bank Transfer,Rep A,Central
100376,2024-12-17,5158,Rana Ali,Female,40.0,Gaza,Vacuum Cleaner,Home,472.9,2,0.0,Credit Card,Rep C,South
100377,2024-05-14,5050,Ali Ali,Female,44.0,Rafah,Smartphone,Electronics,1137.53,3,0.0,Cash,Rep E,North
100378,2024-04-10,5401,Noor Awwad,Female,42.0,Khan Yunis,Air Fryer,Home,44.27,4,0.0,PayPal,Rep E,South
100379,2025-05-17,5355,Ahmed Ali,Female,41.0,Nablus,Vacuum Cleaner,Home,631.74,2,0.0,Bank Transfer,Rep C,Central
100380,2024-08-08,5025,Khaled Ali,Male,18.0,Khan Yunis,USB Cable,Accessories,39.1,3,0.0,Credit Card,Rep B,North
100381,2025-09-25,5070,Lina Ali,Male,48.0,Khan Yunis,Microwave,Home,549.96,5,0.1,Credit Card,Rep E,North
100382,2024-07-09,5168,Lina Khalil,Male,43.0,Hebron,Air Fryer,Home,215.56,3,0.1,PayPal,Rep E,South
100383,2025-08-27,5525,Ali Hassan,Male,27.0,Rafah,Monitor,Office,530.86,1,0.0,Bank Transfer,Rep E,South
100384,2024-10-24,5164,Sami Khalil,Female,54.0,Khan Yunis,Smart Watch,Electronics,1374.65,1,0.05,PayPal,Rep D,South
100385,2024-05-30,5206,Sara Ali,Male,48.0,Rafah,Microwave,Home,140.24,3,0.0,Credit Card,Rep A,North
100386,2024-04-15,5375,Khaled Ali,Female,52.0,Ramallah,Air Fryer,Home,176.34,3,0.1,Credit Card,Rep D,South
100387,2024-11-19,5015,,Male,52.0,Tulkarm,Blender,Home,134.49,4,0.1,Credit Card,Rep A,North
100388,2025-08-06,5592,Ali Ali,Female,34.0,Tulkarm,Power Bank,Accessories,155.44,5,0.0,PayPal,Rep F,North
100389,2025-11-16,5152,Maya Hassan,Male,51.0,Nablus,Laptop,Electronics,331.52,1,0.05,Credit Card,Rep F,South
100390,2024-04-21,5059,Adam Awwad,Male,18.0,Bethlehem,Keyboard,Office,414.69,3,0.15,Credit Card,Rep C,North
100391,2024-03-27,5553,Maya Ali,Female,50.0,Ramallah,Air Fryer,Home,305.18,4,0.0,Cash,Rep E,South
100392,2024-04-25,5270,Hala Khalil,Male,,Gaza,Keyboard,Office,199.94,2,0.1,Credit Card,Rep B,South
100393,2024-09-27,5562,Ali Ali,Female,64.0,Rafah,Tablet,Electronics,267.85,8,0.1,Bank Transfer,Rep D,North
100394,2025-03-21,5079,Noor Nasser,Male,46.0,Ramallah,Smartphone,Electronics,317.79,4,0.0,Credit Card,Rep A,Central
100395,2024-11-05,5386,Ahmed Khalil,Female,42.0,Bethlehem,Tablet,Electronics,832.69,4,0.05,PayPal,Rep E,Central
100396,2024-09-29,5442,Adam Hassan,Female,38.0,Tulkarm,Desk Chair,Office,209.49,4,0.2,Cash,Rep D,South
100397,2025-12-09,5426,Lina Hassan,Male,60.0,Hebron,Laptop,Electronics,808.43,3,0.15,PayPal,Rep C,Central
100398,2024-04-06,5513,Sami Saleh,Female,35.0,Gaza,Backpack,Accessories,131.62,2,0.0,Bank Transfer,Rep B,South
100399,2024-01-13,5440,Omar Nasser,Male,54.0,Tulkarm,Desk Chair,Office,493.67,6,0.1,PayPal,Rep F,Central
100400,2024-03-11,5248,Omar Hassan,Male,57.0,Jericho,Air Fryer,Home,204.08,4,0.2,Bank Transfer,Rep C,North
100401,2025-03-06,5298,Mohammad Ali,Female,37.0,Bethlehem,Desk Chair,Office,-50.0,8,0.2,Credit Card,Rep C,Central
100402,2025-09-02,5574,Dana Khalil,Female,28.0,Hebron,Air Fryer,Home,573.19,5,0.05,PayPal,Rep F,Central
100403,2024-10-20,5398,Adam Awwad,Male,63.0,Bethlehem,Laptop,Electronics,253.95,4,0.0,Credit Card,Rep C,Central
100404,2025-04-21,5321,Mohammad Awwad,Male,38.0,Jenin,Headphones,Electronics,277.38,4,0.05,Credit Card,Rep D,North
100405,2024-09-29,5535,Adam Saleh,Male,24.0,Ramallah,Keyboard,Office,241.81,3,0.05,Credit Card,Rep C,Central
100406,2024-03-21,5485,Noor Nasser,Female,49.0,Rafah,Smart Watch,Electronics,996.66,2,0.05,Credit Card,Rep B,Central
100407,2025-04-05,5391,Hala Saleh,Male,43.0,Gaza,Coffee Maker,Home,68.45,2,0.05,Bank Transfer,Rep E,Central
100408,2025-08-21,5334,Rana Hassan,Male,32.0,Nablus,Desk Chair,Office,135.41,2,0.15,Bank Transfer,Rep C,Central
100409,2024-02-12,5001,Rana Nasser,Female,49.0,Jericho,Coffee Maker,Home,274.93,2,0.1,PayPal,Rep F,North
100410,2024-07-09,5056,Lina Nasser,Male,45.0,Gaza,Vacuum Cleaner,Home,167.49,4,0.05,Credit Card,Rep B,South
100411,2024-08-02,5444,Khaled Hassan,Male,28.0,Khan Yunis,Blender,Home,518.69,3,0.0,Credit Card,Rep F,North
100412,2024-05-09,5352,Lina Saleh,Female,41.0,Rafah,Smart Watch,Electronics,566.83,2,0.1,Cash,Rep B,South
100413,2025-11-25,5152,Sara Khalil,Male,35.0,Khan Yunis,Smartphone,Electronics,316.05,6,0.0,Credit Card,Rep A,North
100414,2025-02-07,5376,Sami Ali,Female,26.0,Jenin,Smartphone,Electronics,1319.13,2,0.05,PayPal,Rep F,North
100415,2024-05-10,5450,Ahmed Hassan,Male,34.0,Gaza,Microwave,Home,324.37,3,0.1,PayPal,Rep B,South
100416,2025-09-21,5046,Dana Saleh,Female,41.0,Jericho,Mouse,Accessories,75.95,1,0.05,PayPal,Rep B,North
100417,2024-12-01,5071,Lina Nasser,Male,43.0,Khan Yunis,Air Fryer,Home,433.65,4,0.0,Credit Card,Rep C,North
100418,2025-02-01,5286,Ahmed Saleh,Female,61.0,Gaza,Coffee Maker,Home,506.8,3,0.05,Credit Card,Rep D,Central
100419,2024-12-02,5254,Noor Hassan,Female,37.0,Nablus,Smart Watch,Electronics,779.15,5,0.15,Credit Card,Rep C,Central
100420,2024-07-10,5356,Khaled Hassan,Female,47.0,Jenin,Phone Case,Accessories,75.71,4,0.15,Credit Card,Rep C,North
100421,2024-03-09,5523,Hala Ali,Female,22.0,Tulkarm,Tablet,Electronics,1200.41,2,0.0,Credit Card,Rep B,North
100422,2024-09-23,5422,Sami Hassan,Female,52.0,Tulkarm,Desk Chair,Office,573.04,5,0.15,Cash,Rep F,Central
100423,2025-10-18,5516,Sara Khalil,Female,59.0,Jenin,Smartphone,Electronics,956.42,7,0.1,Bank Transfer,Rep A,Central
100424,2024-11-02,5267,Hala Awwad,Male,9.0,Rafah,Microwave,Home,309.21,3,0.0,PayPal,Rep E,North
100425,2025-06-09,5438,Omar Khalil,Female,38.0,Ramallah,Microwave,Home,86.01,6,0.05,Credit Card,Rep B,Central
100426,2025-07-09,5086,Noor Hassan,Male,23.0,Gaza,Webcam,Office,383.52,1,0.0,,Rep E,Central
100427,2025-03-18,5018,Sami Saleh,Male,49.0,Khan Yunis,Blender,Home,168.67,4,0.1,Credit Card,Rep B,North
100428,2024-02-26,5180,Sami Nasser,Male,46.0,Tulkarm,Smartphone,Electronics,701.82,6,0.0,Cash,Rep B,South
100429,2025-02-05,5088,Sami Khalil,Female,61.0,Jenin,Phone Case,Accessories,25.11,5,0.2,Bank Transfer,Rep D,North
100430,2024-02-11,5210,Yousef Nasser,Male,40.0,Jericho,Blender,Home,152.04,2,0.05,Credit Card,Rep B,North
100431,2025-02-17,5182,Rana Ali,Male,20.0,Khan Yunis,Coffee Maker,Home,380.1,2,0.1,Bank Transfer,Rep D,Central
100432,2024-09-14,5282,Sara Saleh,Female,40.0,Bethlehem,Air Fryer,Home,532.48,5,0.0,Cash,Rep C,Central
100433,2025-11-23,5366,Omar Hassan,Female,24.0,Bethlehem,Desk Chair,Office,256.36,3,0.1,Credit Card,Rep F,North
100434,2024-01-26,5421,Adam Khalil,Male,65.0,Gaza,Headphones,Electronics,1478.21,2,0.0,Credit Card,Rep E,South
100435,2025-02-12,5300,Noor Hassan,Male,65.0,Gaza,Microwave,Home,97.23,4,0.15,Credit Card,Rep C,North
100436,2025-09-06,5365,Sara Nasser,Male,59.0,Jericho,USB Cable,Accessories,55.4,3,0.1,PayPal,Rep C,Central
100437,2024-08-08,5595,Khaled Ali,Female,29.0,Jericho,Smart Watch,Electronics,1475.78,4,2.0,Bank Transfer,Rep D,Central
100438,2025-06-04,5573,Yousef Hassan,Male,52.0,Rafah,Keyboard,Office,212.58,5,0.05,Cash,Rep E,Central
100439,2024-12-01,5588,Ali Khalil,Female,59.0,Gaza,Monitor,Office,121.61,3,0.05,Credit Card,Rep C,Central
100440,2025-07-14,5446,Khaled Nasser,Female,26.0,Hebron,USB Cable,Accessories,94.8,1,0.1,Cash,Rep C,South
100441,2025-01-14,5474,Lina Khalil,Male,44.0,Hebron,Blender,Home,659.66,3,0.05,PayPal,Rep A,Central
100442,2025-05-17,5588,Adam Khalil,Female,21.0,Khan Yunis,USB Cable,Accessories,150.15,4,0.0,Bank Transfer,Rep E,North
100443,2024-02-06,5333,Mohammad Nasser,Male,35.0,Hebron,Smartphone,Electronics,502.96,5,0.05,Credit Card,Rep D,North
100444,2025-12-06,5325,Adam Hassan,Female,59.0,Rafah,Smartphone,Electronics,334.41,6,0.05,PayPal,Rep D,South
100445,2025-08-26,5078,Yousef Nasser,Male,26.0,Gaza,Blender,Home,551.16,2,0.05,Cash,Rep F,South
100446,2024-11-01,5446,Rana Ali,Male,53.0,Khan Yunis,Headphones,Electronics,436.24,4,0.15,PayPal,Rep C,North
100447,2025-04-30,5025,Noor Khalil,Female,38.0,Ramallah,Mouse,Accessories,63.78,7,0.15,PayPal,Rep E,South
100448,2025-07-05,5323,Lina Khalil,Female,62.0,Tulkarm,Keyboard,Office,67.74,2,0.15,Cash,Rep F,South
100449,2025-08-21,5201,Ahmed Khalil,Female,36.0,Nablus,Laptop,Electronics,1045.18,4,0.1,Bank Transfer,Rep A,North
100450,2025-07-28,5574,Ali Ali,Male,22.0,Tulkarm,Smartphone,Electronics,1311.39,7,0.0,Bank Transfer,Rep E,Central
100451,2024-07-14,5285,Lina Saleh,Male,41.0,Jenin,Headphones,Electronics,811.54,8,0.1,Credit Card,Rep C,South
100452,2024-11-30,5288,Noor Awwad,Male,45.0,Bethlehem,Laptop,Electronics,556.9,4,0.1,Credit Card,Rep D,North
100453,2025-10-02,5522,Hala Ali,Male,49.0,Tulkarm,Smart Watch,Electronics,805.75,4,0.2,Cash,Rep B,South
100454,2024-03-22,5428,Sami Nasser,Male,51.0,Tulkarm,Smart Watch,Electronics,632.05,2,0.0,Cash,Rep A,Central
100455,2025-06-30,5594,Yousef Nasser,Female,47.0,Hebron,Tablet,Electronics,1269.18,3,0.15,Credit Card,Rep F,Central
100456,2025-11-08,5311,Ali Awwad,Male,24.0,Rafah,Headphones,Electronics,148.04,7,0.1,Credit Card,Rep D,South
100457,2025-04-07,5108,Sara Awwad,Female,24.0,Rafah,Coffee Maker,Home,512.55,4,0.0,PayPal,Rep F,Central
100458,2024-06-27,5418,Noor Nasser,Female,54.0,Ramallah,Coffee Maker,Home,244.38,0,0.1,Credit Card,Rep E,North
100459,2025-01-10,5004,Sara Awwad,Female,23.0,Nablus,Smart Watch,Electronics,663.82,5,0.0,Credit Card,Rep F,South
100460,2024-06-16,5310,Mohammad Saleh,Male,57.0,Hebron,Air Fryer,Home,532.76,1,0.1,Credit Card,Rep A,South
100461,2025-08-11,5180,Omar Saleh,Female,60.0,Khan Yunis,Monitor,Office,280.41,2,0.15,PayPal,Rep D,North
100462,2025-11-23,5493,Noor Khalil,Female,27.0,Gaza,Webcam,Office,253.15,3,0.1,Credit Card,Rep E,Central
100463,2024-07-02,5116,Omar Ali,Female,48.0,Tulkarm,Microwave,Home,235.65,7,0.0,Cash,Rep B,Central
100464,2025-12-11,5551,Ahmed Khalil,Male,23.0,Tulkarm,Air Fryer,Home,110.1,5,0.15,PayPal,Rep A,South
100465,2025-08-06,5049,Ali Awwad,Female,64.0,Jenin,Webcam,Office,44.77,4,0.0,Cash,Rep B,South
100466,2024-03-22,5087,Ahmed Nasser,Female,52.0,Ramallah,Headphones,Electronics,1325.52,4,0.05,Credit Card,Rep D,North
100467,2024-07-07,5314,Rana Ali,Female,24.0,Khan Yunis,Headphones,Electronics,1357.17,2,0.05,PayPal,Rep E,South
100468,2025-07-29,5349,Khaled Khalil,Female,56.0,Hebron,Vacuum Cleaner,Home,346.24,5,0.1,Cash,Rep F,Central
100469,2024-01-21,5551,Hala Nasser,Female,19.0,Hebron,Laptop,Electronics,1247.01,4,0.1,Credit Card,Rep D,South
100470,2025-04-30,5596,Mohammad Ali,Female,35.0,Khan Yunis,Keyboard,Office,56.68,3,0.05,Bank Transfer,Rep B,Central
100471,2024-02-18,5495,Khaled Awwad,Male,27.0,Jenin,Smart Watch,Electronics,584.5,5,0.1,PayPal,Rep D,Central
100472,2025-10-17,5257,Yousef Ali,Female,64.0,Bethlehem,Tablet,Electronics,1475.95,4,0.15,PayPal,Rep B,Central
100473,2025-03-31,5199,Khaled Khalil,Female,38.0,Bethlehem,Blender,Home,72.19,6,0.05,Credit Card,Rep A,South
100474,2025-05-16,5592,Ali Saleh,Male,54.0,Jericho,Monitor,Office,569.98,3,0.0,Cash,Rep F,South
100475,2025-05-19,5073,Lina Ali,Female,30.0,Khan Yunis,Desk Chair,Office,278.42,3,0.15,PayPal,Rep E,North
100476,2025-11-06,5283,Sara Nasser,Female,42.0,Rafah,USB Cable,Accessories,155.68,7,0.1,Credit Card,Rep F,North
100477,2024-11-09,5326,Yousef Hassan,Female,35.0,Tulkarm,Webcam,Office,490.29,5,0.05,Bank Transfer,Rep D,North
100478,2024-04-26,5478,Lina Ali,Female,28.0,Bethlehem,Tablet,Electronics,414.24,4,0.15,Credit Card,Rep B,South
100479,2024-01-16,5571,Ahmed Ali,Female,32.0,Rafah,Mouse,Accessories,68.33,6,0.05,Bank Transfer,Rep E,South
100480,2025-04-26,5103,Lina Hassan,Female,40.0,Tulkarm,Tablet,Electronics,438.3,6,0.0,Bank Transfer,Rep E,South
100481,2024-10-02,5498,Yousef Saleh,Female,45.0,Gaza,Headphones,Electronics,746.06,1,0.15,Credit Card,Rep A,Central
100482,2025-10-01,5307,Khaled Ali,Male,54.0,Jenin,Microwave,Home,399.69,2,0.0,Credit Card,Rep A,Central
100483,2025-09-03,5384,Noor Khalil,Female,43.0,Jenin,Microwave,Home,324.45,4,0.0,Cash,Rep A,North
100484,2024-04-08,5495,Mohammad Saleh,Female,58.0,Nablus,Tablet,Electronics,1297.08,5,0.05,Cash,Rep F,South
100485,2024-12-02,5506,Sara Hassan,Male,34.0,Jenin,Smart Watch,Electronics,1322.14,5,0.0,Credit Card,Rep A,Central
100486,2024-04-23,5462,Lina Nasser,Female,,Hebron,Phone Case,Accessories,115.8,2,0.15,Credit Card,Rep F,South
100487,2024-11-15,5102,Rana Hassan,Female,37.0,Khan Yunis,Coffee Maker,Home,44.65,5,0.0,Credit Card,Rep A,North
100488,,5374,Yousef Khalil,Male,59.0,Gaza,Smartphone,Electronics,505.18,2,0.0,PayPal,Rep A,North
100489,2025-01-20,5062,Mohammad Nasser,Female,42.0,Nablus,Smartphone,Electronics,316.48,8,0.15,Credit Card,Rep E,Central
100490,2024-02-16,5130,Omar Khalil,Female,22.0,Khan Yunis,Headphones,Electronics,169.72,4,0.2,Credit Card,Rep B,North
100491,2025-01-31,5515,Sara Awwad,Female,41.0,Jenin,Vacuum Cleaner,Home,267.55,3,0.15,PayPal,Rep D,Central
100492,2025-10-19,5597,Ali Saleh,Female,61.0,Jericho,Smartphone,Electronics,473.54,4,0.0,Credit Card,Rep F,Central
100493,2024-04-24,5276,Sami Awwad,Male,22.0,Bethlehem,Laptop,Electronics,1059.5,7,0.1,Cash,Rep C,Central
100494,2024-06-17,5229,Mohammad Awwad,Male,33.0,Tulkarm,Headphones,Electronics,623.72,2,0.05,Cash,Rep E,North
100495,2025-06-17,5269,Noor Awwad,Male,40.0,Gaza,Microwave,Home,362.01,2,0.1,Credit Card,Rep A,Central
100496,2025-02-25,5369,Khaled Nasser,Female,55.0,Khan Yunis,Blender,Home,514.34,4,0.05,Credit Card,Rep F,North
100497,2025-10-13,5099,Dana Nasser,Male,40.0,Tulkarm,Smartphone,Electronics,292.2,7,0.05,Credit Card,Rep C,North
100498,2024-08-13,5051,Sara Hassan,Male,55.0,Nablus,Smartphone,Electronics,199.58,8,0.1,Credit Card,Rep A,South
100499,2025-01-06,5460,Yousef Ali,Male,47.0,Hebron,Laptop,Electronics,1183.09,5,0.1,Bank Transfer,Rep E,North
100500,2025-12-20,5024,Mohammad Nasser,Female,28.0,Tulkarm,Smart Watch,Electronics,1216.76,6,0.1,Credit Card,Rep B,North
100501,2024-07-10,5064,Mohammad Hassan,Female,40.0,Ramallah,Smartphone,Electronics,1045.96,6,0.0,Credit Card,Rep F,North
100502,2024-11-18,5502,Sara Hassan,Male,55.0,Tulkarm,Smart Watch,Electronics,270.32,2,,Credit Card,Rep D,North
100503,2025-11-10,5506,Ali Ali,Female,56.0,Ramallah,Keyboard,Office,140.52,5,0.15,Credit Card,Rep C,North
100504,2025-12-28,5423,Dana Nasser,Male,45.0,Tulkarm,Laptop,Electronics,446.05,5,0.0,Credit Card,Rep E,North
100505,2024-12-06,5020,Hala Khalil,Female,37.0,Ramallah,Headphones,Electronics,258.33,5,0.0,Credit Card,Rep C,North
100506,2024-01-13,5560,Lina Awwad,Male,52.0,Jenin,Microwave,Home,426.05,3,0.0,Credit Card,Rep D,North
100507,2025-04-16,5104,Khaled Awwad,Female,41.0,Ramallah,,Accessories,123.11,5,0.0,Credit Card,Rep B,South
100508,2025-10-10,5498,Adam Hassan,Male,49.0,Ramallah,Mouse,Accessories,127.84,2,0.0,Credit Card,Rep B,Central
100509,2024-03-30,5453,Noor Ali,Female,43.0,Ramallah,Headphones,Electronics,723.64,6,0.1,Credit Card,Rep E,North
100510,2024-07-04,5398,Rana Saleh,Female,36.0,Jenin,Vacuum Cleaner,Home,365.37,4,0.05,PayPal,Rep B,North
100511,2024-01-17,5531,Maya Nasser,Male,54.0,Ramallah,Smart Watch,Electronics,554.34,2,0.0,Bank Transfer,Rep C,Central
100512,2025-08-14,5007,Mohammad Hassan,Female,57.0,Nablus,Laptop,Electronics,715.17,7,0.05,Credit Card,Rep A,Central
100513,2025-10-26,5066,Lina Saleh,Male,55.0,Nablus,Air Fryer,Home,362.92,3,0.1,Bank Transfer,Rep E,Central
100514,2024-01-26,5121,Dana Hassan,Female,24.0,Khan Yunis,Microwave,Home,323.06,2,0.0,Credit Card,Rep F,Central
100515,2025-12-03,5502,Maya Awwad,Male,49.0,Hebron,Smart Watch,Electronics,853.65,3,0.1,Cash,Rep D,Central
100516,2024-02-22,5235,Hala Ali,Male,65.0,Tulkarm,Keyboard,Office,318.09,3,0.0,Credit Card,Rep E,North
100517,2025-09-10,5364,Omar Saleh,Male,21.0,Jericho,Monitor,Office,561.59,4,0.15,Cash,,South
100518,2024-08-16,5274,Adam Nasser,Female,31.0,Jericho,Keyboard,Office,257.08,8,0.0,PayPal,Rep C,North
100519,2024-03-15,5295,Lina Khalil,Female,60.0,Nablus,Printer,Office,407.75,4,0.15,Credit Card,Rep E,North
100520,2025-09-24,5371,Mohammad Khalil,Male,35.0,Gaza,Laptop,Electronics,733.17,3,0.05,Credit Card,Rep F,Central
100521,2025-09-03,5012,Rana Hassan,Female,32.0,Tulkarm,Headphones,Electronics,801.01,4,0.0,Credit Card,Rep F,North
100522,2024-12-09,5262,Maya Hassan,Female,54.0,Bethlehem,Tablet,Electronics,992.79,5,0.15,PayPal,Rep F,North
100523,2024-11-08,5363,Noor Saleh,Male,40.0,Jenin,Mouse,Accessories,166.25,4,0.0,Bank Transfer,Rep D,South
100524,2024-10-06,5118,Rana Khalil,Female,21.0,Hebron,Smartphone,Electronics,1177.43,5,0.0,Credit Card,Rep B,North
100525,2024-07-08,5476,Hala Nasser,Male,55.0,Hebron,Printer,Office,65.48,3,0.05,Cash,Rep E,South
100526,2024-09-06,5595,Noor Ali,Female,20.0,Tulkarm,Coffee Maker,Home,630.02,6,0.0,Cash,Rep B,North
100527,2024-02-10,5173,Sara Awwad,Female,31.0,Rafah,Monitor,Office,291.69,2,0.0,Credit Card,Rep D,South
100528,2024-07-31,5394,Mohammad Nasser,Female,20.0,Jenin,Headphones,Electronics,1464.16,6,0.05,Bank Transfer,Rep C,South
100529,2025-01-13,5222,Omar Awwad,Male,19.0,Gaza,Smart Watch,Electronics,1266.47,7,-0.1,Cash,Rep A,South
100530,2025-04-24,5155,Ahmed Ali,Female,50.0,Bethlehem,Webcam,Office,106.43,2,0.05,Credit Card,Rep A,South
100531,2024-11-05,5596,Omar Awwad,Male,63.0,Bethlehem,Microwave,Home,285.34,1,0.1,Credit Card,Rep C,North
100532,2024-08-06,5348,Sami Hassan,Female,32.0,Gaza,Smart Watch,Electronics,1341.87,4,0.1,Credit Card,Rep A,North
100533,2025-11-28,5197,Sara Nasser,Female,30.0,Gaza,Webcam,Office,69.12,3,0.05,Cash,Rep A,South
100534,2025-11-19,5177,Lina Ali,Female,53.0,Tulkarm,Monitor,Office,267.37,2,0.0,Credit Card,Rep F,North
100535,2024-06-28,5415,Khaled Ali,Male,21.0,Hebron,Tablet,Electronics,183.78,3,0.2,,Rep E,South
100536,2025-07-20,5231,Sara Nasser,Female,43.0,Bethlehem,Tablet,Electronics,1436.13,6,0.0,Credit Card,Rep A,North
100537,2025-09-17,5284,Noor Ali,Male,48.0,Bethlehem,Microwave,Home,372.45,6,0.1,Credit Card,Rep F,South
100538,2025-09-12,5031,Yousef Hassan,Male,22.0,Rafah,Microwave,Home,466.09,6,0.1,Cash,Rep F,North
100539,2025-08-20,5382,Sami Awwad,Female,44.0,Gaza,Smartphone,Electronics,1064.63,8,0.0,Cash,Rep D,Central
100540,2024-09-10,5477,Omar Saleh,Female,34.0,Nablus,Vacuum Cleaner,Home,384.99,1,0.05,Credit Card,Rep D,Central
100541,2024-11-27,5503,Ahmed Awwad,Male,59.0,Rafah,Headphones,Electronics,1124.06,5,0.0,Bank Transfer,Rep D,South
100542,2024-11-13,5210,Sami Awwad,Female,43.0,Hebron,Laptop,Electronics,1104.46,7,0.15,Cash,Rep D,Central
100543,2025-10-10,5314,Maya Khalil,Female,63.0,Jericho,Microwave,Home,53.88,5,0.0,Cash,Rep B,Central
100544,2025-09-26,5054,Noor Hassan,Female,24.0,Khan Yunis,Backpack,Accessories,82.02,3,0.15,Credit Card,Rep A,North
100545,2025-02-21,5113,Noor Saleh,Female,34.0,Khan Yunis,Air Fryer,Home,361.26,5,0.15,Credit Card,Rep F,South
100546,2024-09-23,5379,Lina Nasser,Male,51.0,Hebron,USB Cable,Accessories,96.95,2,0.05,Credit Card,Rep C,South
100547,2024-11-15,5083,Hala Nasser,Female,25.0,Ramallah,Vacuum Cleaner,Home,364.99,6,0.0,Credit Card,Rep E,Central
100548,2024-02-18,5293,Ali Awwad,Male,59.0,Gaza,Desk Chair,Office,578.7,4,0.2,PayPal,Rep A,South
100549,2024-08-07,5441,Rana Ali,Female,54.0,Tulkarm,Printer,Office,143.82,6,0.0,Credit Card,Rep E,Central
100550,2024-12-24,5527,Lina Ali,Female,56.0,Hebron,Monitor,Office,146.78,5,0.0,Credit Card,Rep A,North
100551,2025-09-05,5077,Yousef Hassan,Male,28.0,Bethlehem,Tablet,Electronics,543.07,2,0.15,Bank Transfer,Rep C,North
100552,2024-11-19,5326,,Male,45.0,Tulkarm,Smartphone,Electronics,1470.55,5,0.1,Credit Card,Rep B,South
100553,2024-12-05,5052,Mohammad Hassan,Male,31.0,Gaza,Smart Watch,Electronics,155.17,5,0.2,Credit Card,Rep F,North
100554,2025-11-06,5006,Ali Khalil,Male,54.0,Tulkarm,Smart Watch,Electronics,676.75,4,0.0,Credit Card,Rep D,North
100555,2025-02-16,5520,Sami Ali,Male,36.0,Gaza,Headphones,Electronics,1375.89,6,0.05,Cash,Rep A,South
100556,2025-12-30,5589,Maya Awwad,Female,31.0,Bethlehem,Webcam,Office,424.69,4,0.05,Credit Card,Rep F,North
100557,2024-12-06,5057,Adam Saleh,Female,28.0,Rafah,Backpack,Accessories,98.01,2,0.0,Cash,Rep D,South
100558,2024-07-04,5249,Rana Khalil,Female,18.0,Jericho,Tablet,Electronics,833.2,5,0.1,Cash,Rep C,Central
100559,2024-04-15,5193,Noor Nasser,Female,29.0,Jericho,Vacuum Cleaner,Home,497.3,4,0.1,Credit Card,Rep D,South
100560,2025-02-28,5314,Sami Awwad,Female,48.0,Tulkarm,Monitor,Office,172.13,3,0.1,Credit Card,Rep C,South
100561,2025-09-12,5138,Khaled Awwad,Female,24.0,Ramallah,Keyboard,Office,276.86,3,0.05,Cash,Rep C,Central
100562,2024-05-12,5395,Ahmed Hassan,Female,18.0,Nablus,Smartphone,Electronics,572.34,5,0.15,PayPal,Rep D,Central
100563,2024-10-12,5382,Ahmed Nasser,Female,22.0,Bethlehem,Blender,Home,588.22,4,0.1,Cash,Rep F,Central
100564,2025-05-11,5587,Mohammad Ali,Male,46.0,Jenin,Laptop,Electronics,831.99,3,0.0,PayPal,Rep C,Central
100565,2025-03-06,5554,Dana Hassan,Female,43.0,Nablus,Printer,Office,231.35,4,0.05,Credit Card,Rep D,South
100566,2024-04-19,5561,Ahmed Awwad,Female,36.0,Hebron,Smartphone,Electronics,402.8,3,0.05,Cash,Rep B,Central
100567,2025-10-07,5048,Dana Khalil,Female,18.0,Nablus,Backpack,Accessories,20.99,6,0.05,Cash,Rep B,Central
100568,2025-01-15,5578,Dana Saleh,Female,35.0,Rafah,Smart Watch,Electronics,671.62,2,0.1,PayPal,Rep E,Central
100569,2024-06-24,5545,Sara Ali,Male,45.0,Nablus,USB Cable,Accessories,156.24,4,0.2,PayPal,Rep D,South
100570,2025-09-08,5506,Khaled Awwad,Male,24.0,Bethlehem,Backpack,Accessories,8.25,4,0.15,Cash,Rep A,North
100571,2025-11-30,5582,Yousef Hassan,Male,,Khan Yunis,Tablet,Electronics,1464.62,2,0.15,Credit Card,Rep E,Central
100572,2024-04-13,5426,Yousef Khalil,Male,35.0,Khan Yunis,Headphones,Electronics,157.74,3,0.05,Cash,Rep D,North
100573,2025-06-29,5380,Dana Awwad,Female,56.0,Khan Yunis,Blender,Home,240.31,3,0.0,Cash,Rep A,South
100574,2025-09-10,5369,Omar Khalil,Female,28.0,Khan Yunis,Phone Case,Accessories,70.82,4,0.1,PayPal,Rep A,Central
100575,2024-11-10,5542,Hala Awwad,Male,37.0,Rafah,Webcam,Office,317.49,1,0.05,Bank Transfer,Rep C,North
100576,2025-04-02,5043,Sara Nasser,Female,23.0,Ramallah,Printer,Office,491.39,2,0.0,PayPal,Rep E,Central
100577,2025-06-03,5330,Dana Khalil,Female,36.0,Jericho,Smart Watch,Electronics,959.15,2,0.2,Bank Transfer,Rep A,Central
100578,2024-07-19,5115,Hala Hassan,Male,21.0,Jericho,Smartphone,Electronics,181.86,2,0.15,Bank Transfer,Rep E,South
100579,2025-02-17,5153,Sami Ali,Female,24.0,Khan Yunis,Smart Watch,Electronics,401.14,6,0.15,Credit Card,Rep D,South
100580,2025-12-06,5144,Lina Saleh,Male,52.0,Rafah,Desk Chair,Office,72.68,4,0.0,Bank Transfer,Rep A,Central
100581,2024-06-04,5421,Lina Awwad,Male,27.0,Tulkarm,Smartphone,Electronics,840.64,6,0.0,Bank Transfer,Rep D,North
100582,2025-03-25,5331,Rana Awwad,Male,46.0,Ramallah,Keyboard,Office,505.07,5,0.05,Credit Card,Rep B,Central
100583,2024-09-09,5019,Sami Saleh,Female,48.0,Nablus,Laptop,Electronics,452.76,1,0.0,PayPal,Rep C,North
100584,2025-11-07,5139,Ali Ali,Male,64.0,Hebron,Microwave,Home,290.38,6,0.1,Credit Card,Rep D,South
100585,2025-05-22,5205,Rana Awwad,Female,29.0,Rafah,Headphones,Electronics,1071.26,4,0.0,Credit Card,Rep D,Central
100586,2024-03-17,5077,Sara Saleh,Male,19.0,Khan Yunis,Tablet,Electronics,1155.21,3,0.1,Cash,Rep D,South
100587,2024-05-31,5158,Dana Khalil,Female,64.0,Ramallah,Blender,Home,200.34,6,0.0,Cash,Rep D,Central
100588,2024-06-25,5063,Dana Ali,Male,50.0,Ramallah,Microwave,Home,236.78,2,0.15,Credit Card,Rep F,South
100589,2025-07-11,5064,Khaled Nasser,Female,61.0,Rafah,Air Fryer,Home,273.36,2,0.1,Cash,Rep A,North
100590,2024-12-08,5133,Adam Khalil,Male,25.0,Jericho,Monitor,Office,42.86,7,0.0,Credit Card,Rep F,Central
100591,2025-05-09,5361,Omar Ali,Female,56.0,Gaza,USB Cable,Accessories,14.67,2,0.15,PayPal,Rep A,North
100592,2024-03-16,5158,Ali Khalil,Male,26.0,Khan Yunis,Smart Watch,Electronics,316.81,4,0.1,Credit Card,Rep A,North
100593,2024-02-21,5209,Khaled Saleh,Male,35.0,Nablus,Tablet,Electronics,1205.58,4,0.05,Credit Card,Rep F,North
100594,2025-10-01,5522,Ali Saleh,Female,58.0,Ramallah,Tablet,Electronics,1495.47,2,0.15,Credit Card,Rep E,North
100595,2024-05-05,5306,Dana Awwad,Male,49.0,Gaza,Blender,Home,564.89,2,0.05,PayPal,Rep A,South
100596,2025-09-21,5434,Ahmed Hassan,Female,63.0,Gaza,Blender,Home,306.62,4,0.0,Credit Card,Rep F,North
100597,2024-03-12,5418,Omar Ali,Female,52.0,Tulkarm,Tablet,Electronics,598.37,3,0.1,Credit Card,Rep B,North
100598,2024-12-11,5103,Adam Saleh,Male,30.0,Ramallah,Laptop,Electronics,1000.31,1,0.1,Cash,Rep B,North
100599,2024-02-21,5028,Ahmed Awwad,Male,61.0,Khan Yunis,Backpack,Accessories,109.91,6,0.0,Credit Card,Rep A,Central
100600,2025-01-09,5054,Ali Hassan,Male,27.0,Khan Yunis,Smart Watch,Electronics,1331.71,3,0.1,Bank Transfer,Rep B,South
100601,2024-04-10,5056,Noor Saleh,Male,26.0,Tulkarm,Headphones,Electronics,1063.45,4,0.15,Credit Card,Rep D,Central
100602,2024-08-05,5222,Ahmed Nasser,Male,60.0,Ramallah,USB Cable,Accessories,56.62,4,0.1,Credit Card,Rep F,Central
100603,2024-09-25,5131,Mohammad Awwad,Male,48.0,Hebron,Phone Case,Accessories,15.98,4,0.1,Bank Transfer,Rep F,North
100604,2024-03-23,5225,Noor Khalil,Female,51.0,Nablus,Headphones,Electronics,816.02,4,0.0,Cash,Rep B,Central
100605,2025-09-28,5073,Maya Khalil,Female,23.0,Khan Yunis,Air Fryer,Home,199.56,4,0.15,Credit Card,Rep C,Central
100606,2025-11-15,5156,Dana Hassan,Female,53.0,Khan Yunis,Smartphone,Electronics,541.08,8,0.0,Credit Card,Rep D,Central
100607,2024-04-20,5089,,Female,25.0,Nablus,Vacuum Cleaner,Home,114.61,5,0.1,PayPal,Rep C,South
100608,2024-09-27,5520,Khaled Hassan,Male,64.0,Khan Yunis,Smart Watch,Electronics,1322.48,2,0.15,Credit Card,Rep E,South
100609,2024-10-13,5472,Omar Awwad,Male,65.0,Bethlehem,Vacuum Cleaner,Home,603.81,5,0.0,Credit Card,Rep A,South
100610,2025-08-13,5013,Maya Saleh,Male,43.0,Jericho,Backpack,Accessories,51.89,6,0.05,Cash,Rep B,South
100611,2025-09-06,5124,Sara Awwad,Male,48.0,Rafah,Smart Watch,Electronics,950.7,6,0.1,Cash,Rep F,South
100612,2024-06-13,5091,Adam Hassan,Male,21.0,Rafah,Vacuum Cleaner,Home,643.46,3,0.15,Credit Card,Rep F,North
100613,2024-08-27,5533,Rana Awwad,Male,28.0,Jericho,Smartphone,Electronics,1240.14,3,0.0,PayPal,Rep E,South
100614,2025-10-01,5431,Sara Khalil,Female,53.0,Ramallah,Headphones,Electronics,289.38,1,0.0,Cash,Rep E,North
100615,2024-02-07,5025,Sara Khalil,Male,45.0,Gaza,Desk Chair,Office,328.31,6,0.15,Bank Transfer,Rep A,South
100616,2024-03-09,5449,Lina Awwad,Female,59.0,Khan Yunis,Air Fryer,Home,631.22,4,0.0,Bank Transfer,Rep A,North
100617,2025-07-26,5561,Noor Saleh,Female,20.0,Rafah,Air Fryer,Home,356.81,3,0.0,Cash,Rep A,South
100618,2025-12-04,5374,Dana Hassan,Male,41.0,Bethlehem,Microwave,Home,612.64,2,0.1,Credit Card,Rep F,South
100619,2024-03-01,5543,Maya Saleh,Female,48.0,Rafah,Smartphone,Electronics,347.51,1,0.0,Bank Transfer,Rep D,South
100620,2025-11-01,5112,Ali Saleh,Female,34.0,Nablus,Laptop,Electronics,726.03,4,0.1,Bank Transfer,Rep E,Central
100621,2024-12-01,5336,Yousef Hassan,Male,53.0,Nablus,Headphones,Electronics,1478.6,7,0.0,Bank Transfer,Rep D,North
100622,2025-02-24,5322,Ahmed Nasser,Male,26.0,Ramallah,Keyboard,Office,323.52,3,0.05,Credit Card,Rep A,South
100623,2025-10-14,5275,Adam Awwad,Male,62.0,Jericho,Headphones,Electronics,328.2,8,0.1,PayPal,Rep C,South
100624,2025-02-20,5384,Adam Khalil,Female,63.0,Jenin,Tablet,Electronics,167.48,2,0.15,PayPal,Rep A,North
100625,2024-01-23,5566,Khaled Nasser,Male,60.0,Hebron,Headphones,Electronics,808.7,4,0.0,Credit Card,Rep B,South
100626,2025-06-16,5533,Ali Hassan,Male,20.0,Gaza,Blender,Home,96.7,5,0.0,PayPal,Rep B,North
100627,2024-09-16,5591,Ahmed Saleh,Male,27.0,Khan Yunis,Smart Watch,Electronics,1025.41,3,0.05,Credit Card,Rep C,North
100628,2025-04-11,5285,Lina Awwad,Female,46.0,Khan Yunis,Phone Case,Accessories,141.36,4,0.1,Bank Transfer,Rep C,South
100629,2024-10-03,5229,Maya Khalil,Female,58.0,Khan Yunis,Air Fryer,Home,216.8,4,0.15,Bank Transfer,Rep D,South
100630,2025-05-16,5147,Dana Awwad,Female,31.0,Gaza,Microwave,Home,643.12,3,0.05,Credit Card,Rep A,South
100631,2025-11-03,5325,Khaled Awwad,Female,63.0,Gaza,Desk Chair,Office,310.87,5,0.0,Bank Transfer,Rep C,South
100632,2025-03-08,5412,Mohammad Khalil,Female,30.0,Gaza,Smartphone,Electronics,1326.35,5,0.2,Bank Transfer,Rep F,North
100633,2025-08-30,5312,Yousef Awwad,Male,45.0,Bethlehem,Headphones,Electronics,654.9,4,0.2,Credit Card,Rep F,Central
100634,2024-02-08,5566,Sara Awwad,Male,25.0,Hebron,Laptop,Electronics,398.6,4,0.2,PayPal,Rep B,Central
100635,2024-01-12,5115,Sara Awwad,Female,33.0,Bethlehem,Smartphone,Electronics,1402.15,5,0.1,Credit Card,Rep A,North
100636,2025-10-20,5203,Ahmed Khalil,Male,37.0,Bethlehem,Microwave,Home,307.07,3,0.0,Credit Card,Rep F,Central
100637,2024-11-21,5529,Noor Awwad,Female,21.0,Hebron,Webcam,Office,429.76,7,0.05,Cash,Rep A,South
100638,2025-02-14,5173,Ali Nasser,Female,43.0,Bethlehem,Laptop,Electronics,120.57,4,0.0,Credit Card,Rep E,South
100639,2024-06-14,5342,Omar Ali,Female,37.0,Bethlehem,Backpack,Accessories,33.47,5,0.0,Credit Card,Rep C,North
100640,2025-03-11,5097,Mohammad Khalil,Female,26.0,Rafah,Vacuum Cleaner,Home,119.31,4,0.1,Credit Card,Rep B,North
100641,2024-07-22,5518,Lina Khalil,Male,33.0,Ramallah,Blender,Home,698.4,6,0.15,Credit Card,Rep B,North
100642,2024-12-03,5095,Ahmed Hassan,Male,56.0,Jericho,Keyboard,Office,488.3,4,0.0,Bank Transfer,Rep F,Central
100643,2025-06-24,5144,Noor Awwad,Male,44.0,Rafah,Headphones,Electronics,349.08,5,0.0,PayPal,Rep A,North
100644,2025-01-27,5489,Omar Hassan,Male,56.0,Hebron,Printer,Office,48.55,4,0.15,PayPal,Rep C,South
100645,2024-08-24,5566,Sara Awwad,Male,33.0,Rafah,USB Cable,Accessories,83.39,3,0.0,PayPal,Rep F,North
100646,2025-04-24,5178,Yousef Ali,Female,60.0,Bethlehem,Smartphone,Electronics,1148.42,5,0.1,Cash,Rep E,North
100647,2024-03-09,5081,Dana Awwad,Female,42.0,Nablus,Webcam,Office,394.61,5,0.15,Credit Card,Rep E,North
100648,2024-07-28,5420,Sara Hassan,Male,50.0,Jenin,Tablet,Electronics,184.46,1,0.15,Cash,Rep C,South
100649,2025-06-25,5359,Omar Ali,Male,55.0,Bethlehem,Microwave,Home,592.98,1,0.15,Credit Card,Rep D,South
100650,2025-09-18,5365,Sara Saleh,Male,37.0,Gaza,Backpack,Accessories,25.2,1,0.1,PayPal,Rep D,South
100651,2025-04-22,5223,Lina Khalil,Male,31.0,Tulkarm,Air Fryer,Home,196.47,4,0.0,Bank Transfer,Rep C,Central
100652,2025-12-01,5306,Noor Ali,Male,57.0,Jericho,Phone Case,Accessories,105.53,7,0.0,Cash,Rep A,South
100653,2024-03-26,5456,Lina Hassan,Female,33.0,Jericho,Air Fryer,Home,412.15,4,0.1,Cash,Rep D,North
100654,2025-03-09,5450,Lina Saleh,Female,19.0,Khan Yunis,Tablet,Electronics,1020.57,2,0.1,Credit Card,Rep D,Central
100655,2024-06-22,5470,Lina Khalil,Female,23.0,Ramallah,Smart Watch,Electronics,358.95,4,0.0,Credit Card,Rep D,North
100656,2025-03-09,5288,Khaled Ali,Male,30.0,Tulkarm,Desk Chair,Office,314.74,5,0.0,Credit Card,Rep B,South
100657,2024-04-10,5583,Dana Ali,Male,30.0,Khan Yunis,Tablet,Electronics,726.81,1,0.15,Credit Card,Rep F,South
100658,2024-09-09,5533,Ahmed Ali,Male,50.0,Hebron,Smart Watch,Electronics,937.09,7,0.0,Credit Card,Rep F,South
100659,2024-05-23,5024,Yousef Awwad,Female,30.0,Jenin,Desk Chair,Office,86.52,5,0.15,Credit Card,Rep C,Central
100660,2025-02-05,5225,Lina Khalil,Male,19.0,Gaza,Laptop,Electronics,1007.67,1,0.1,Bank Transfer,Rep B,South
100661,2024-03-16,5547,Maya Khalil,Female,21.0,Rafah,Webcam,Office,258.0,2,0.15,Credit Card,Rep E,South
100662,2024-03-26,5574,Ahmed Nasser,Female,58.0,Nablus,Keyboard,Office,277.72,1,0.05,PayPal,Rep C,Central
100663,2025-11-06,5169,Dana Hassan,Male,24.0,Bethlehem,Microwave,Home,378.12,2,0.1,Credit Card,Rep A,South
100664,2025-08-14,5381,Sami Saleh,Male,23.0,Khan Yunis,Smartphone,Electronics,690.68,8,0.0,Cash,Rep C,South
100665,2025-12-06,5110,Rana Hassan,Female,39.0,Hebron,Power Bank,Accessories,74.84,3,0.1,Credit Card,Rep D,South
100666,2025-02-03,5207,Maya Hassan,Male,54.0,Gaza,Tablet,Electronics,795.07,5,0.05,Cash,Rep D,South
100667,2025-06-16,5163,Sara Awwad,Male,36.0,Tulkarm,Desk Chair,Office,461.42,4,0.0,Credit Card,Rep A,South
100668,2025-11-26,5038,Maya Ali,Male,18.0,Tulkarm,Vacuum Cleaner,Home,41.55,3,0.1,Credit Card,Rep C,North
100669,2025-01-30,5351,Khaled Saleh,Male,34.0,Hebron,Blender,Home,458.09,2,0.1,Credit Card,Rep D,Central
100670,2025-08-13,5439,Mohammad Khalil,Male,23.0,Bethlehem,Webcam,Office,234.02,4,0.15,Credit Card,Rep A,North
100671,2024-11-06,5403,Rana Hassan,Female,36.0,Tulkarm,Coffee Maker,Home,92.13,5,0.1,PayPal,Rep B,South
100672,2024-07-08,5484,Rana Saleh,Male,21.0,Jenin,Keyboard,Office,40.04,5,0.1,Bank Transfer,Rep E,South
100673,2025-10-31,5259,Maya Hassan,Male,24.0,Gaza,Smart Watch,Electronics,1388.85,5,0.1,PayPal,Rep E,North
100674,2024-01-08,5544,Ali Hassan,Male,46.0,Nablus,Keyboard,Office,196.16,4,0.0,PayPal,Rep E,South
100675,2024-07-12,5482,Mohammad Ali,Female,40.0,Rafah,Laptop,Electronics,1081.54,5,0.0,Credit Card,Rep A,Central
100676,2024-10-02,5514,Sami Ali,Female,31.0,Hebron,Headphones,Electronics,1277.11,3,0.05,Credit Card,Rep B,Central
100677,2025-05-06,5021,Sara Hassan,Male,20.0,Hebron,Coffee Maker,Home,428.84,0,0.1,Credit Card,Rep D,North
100678,2025-04-10,5243,Sara Awwad,Male,42.0,Jenin,Keyboard,Office,81.91,3,0.15,Credit Card,Rep D,South
100679,2024-04-23,5026,Hala Ali,Female,50.0,Jenin,USB Cable,Accessories,129.69,1,0.15,Credit Card,Rep A,South
100680,2024-11-14,5001,Mohammad Nasser,Female,21.0,Jenin,Headphones,Electronics,762.52,4,0.1,Credit Card,Rep F,South
100681,2024-04-14,5578,Maya Awwad,Female,34.0,Hebron,Smart Watch,Electronics,890.34,3,0.05,PayPal,Rep E,South
100682,2024-02-11,5093,Lina Ali,Male,26.0,Ramallah,Monitor,Office,85.67,5,0.1,Bank Transfer,Rep F,Central
100683,2024-07-26,5221,Khaled Hassan,Male,41.0,Nablus,Smart Watch,Electronics,197.92,2,0.05,Cash,Rep C,Central
100684,2025-08-06,5455,Sara Ali,Male,53.0,Ramallah,Backpack,Accessories,115.79,5,0.0,PayPal,Rep B,North
100685,2024-01-19,5066,Adam Awwad,Female,36.0,Jericho,Air Fryer,Home,389.69,3,0.1,Credit Card,Rep A,North
100686,2025-09-26,5061,Ali Ali,Female,,Ramallah,Smart Watch,Electronics,876.83,4,0.1,Credit Card,Rep C,North
100687,2024-05-17,5208,Sara Khalil,Female,27.0,Jericho,Power Bank,Accessories,102.8,5,0.0,Credit Card,Rep C,South
100688,2024-05-11,5560,Sami Ali,Female,52.0,Khan Yunis,Vacuum Cleaner,Home,614.15,2,0.1,Cash,Rep C,Central
100689,2024-10-23,5593,,Male,48.0,Nablus,Blender,Home,111.39,8,0.1,Cash,Rep B,South
100690,2025-10-07,5008,Ahmed Ali,Male,38.0,Bethlehem,Headphones,Electronics,214.57,1,0.0,Credit Card,Rep E,Central
100691,2025-09-23,5583,Ahmed Khalil,Male,27.0,Jericho,Laptop,Electronics,640.89,3,0.0,Credit Card,Rep E,North
100692,2025-04-24,5547,Ahmed Hassan,Male,30.0,Khan Yunis,Keyboard,Office,406.84,3,0.0,Credit Card,Rep B,South
100693,2024-03-20,5413,Noor Saleh,Male,65.0,Hebron,Headphones,Electronics,230.7,5,0.2,PayPal,Rep E,Central
100694,2024-12-30,5547,Hala Awwad,Female,52.0,Rafah,Monitor,Office,231.74,2,0.1,Cash,Rep E,South
100695,2024-09-12,5309,Maya Nasser,Male,21.0,Jericho,Webcam,Office,112.78,5,0.1,Credit Card,Rep E,Central
100696,2024-10-19,5293,Yousef Ali,Male,52.0,Hebron,Smart Watch,Electronics,1203.01,5,0.1,Credit Card,Rep D,North
100697,2025-10-08,5520,Yousef Nasser,Male,29.0,Nablus,Backpack,Accessories,10.4,4,0.05,Cash,Rep D,Central
100698,2024-01-29,5093,Lina Saleh,Female,27.0,Nablus,Keyboard,Office,44.35,2,0.1,Credit Card,Rep A,South
100699,2025-05-13,5139,Rana Saleh,Male,59.0,Jenin,USB Cable,Accessories,174.74,5,0.0,Credit Card,Rep E,Central
100700,2024-06-26,5137,Dana Nasser,Male,22.0,Gaza,Coffee Maker,Home,172.75,2,0.0,Credit Card,Rep C,South
100701,2025-10-27,5146,Mohammad Hassan,Female,40.0,Nablus,Coffee Maker,Home,612.18,5,0.15,Cash,Rep A,Central
100702,2024-12-31,5094,Yousef Ali,Male,33.0,Bethlehem,Laptop,Electronics,1362.4,6,0.05,PayPal,Rep F,North
100703,2024-06-18,5511,Ali Ali,Male,38.0,Rafah,Webcam,Office,356.08,2,0.0,Credit Card,Rep B,North
100704,2025-08-06,5418,Noor Khalil,Female,33.0,Hebron,Mouse,Accessories,154.62,4,0.0,Credit Card,Rep C,North
100705,2025-12-04,5024,Lina Saleh,Female,23.0,Jenin,Vacuum Cleaner,Home,381.3,5,0.05,PayPal,Rep F,South
100706,2024-08-08,5308,Hala Nasser,Male,32.0,Ramallah,Laptop,Electronics,904.65,3,0.0,Credit Card,Rep C,South
100707,2025-08-11,5045,Sami Ali,Male,29.0,Gaza,Coffee Maker,Home,210.24,4,0.2,Credit Card,Rep A,South
100708,2024-10-06,5019,Mohammad Saleh,Male,26.0,Hebron,Phone Case,Accessories,109.43,4,0.15,Bank Transfer,Rep E,Central
100709,2025-01-15,5014,Adam Khalil,Female,23.0,Tulkarm,Phone Case,Accessories,80.92,1,0.0,Cash,Rep D,South
100710,2025-12-27,5308,Hala Saleh,Female,60.0,Rafah,Power Bank,Accessories,33.78,4,0.0,Credit Card,Rep F,South
100711,2024-01-05,5589,Ahmed Khalil,Male,28.0,Jenin,Keyboard,Office,61.83,6,0.2,Credit Card,Rep C,South
100712,2025-07-10,5348,Lina Hassan,Male,61.0,Gaza,Keyboard,Office,349.92,6,0.0,PayPal,Rep A,South
100713,2025-04-01,5440,Sami Awwad,Female,52.0,Bethlehem,Webcam,Office,575.17,3,0.2,Bank Transfer,Rep A,Central
100714,2024-09-01,5478,Yousef Ali,Male,33.0,Nablus,Keyboard,Office,33.78,2,0.0,Cash,Rep E,South
100715,2024-10-04,5353,Sara Khalil,Male,64.0,Jericho,Monitor,Office,306.75,2,0.05,Credit Card,Rep C,North
100716,2025-05-03,5462,Sara Saleh,Female,57.0,Gaza,Smart Watch,Electronics,745.49,7,0.0,Bank Transfer,Rep D,North
100717,2024-09-15,5307,Hala Nasser,Female,27.0,Jericho,Laptop,Electronics,297.78,5,0.0,Cash,Rep F,North
100718,2024-06-26,5170,Adam Khalil,Female,65.0,Rafah,Power Bank,Accessories,91.14,3,0.05,Credit Card,Rep D,Central
100719,2025-10-07,5455,Sara Hassan,Female,25.0,Rafah,Webcam,Office,329.69,3,0.1,Bank Transfer,Rep E,South
100720,2024-10-19,5185,Sara Saleh,Male,31.0,Hebron,Blender,Home,670.87,5,0.1,PayPal,Rep F,Central
100721,2025-07-03,5052,Hala Nasser,Male,29.0,Gaza,Mouse,Accessories,79.07,3,,Credit Card,Rep D,South
100722,2024-11-04,5052,Hala Awwad,Male,60.0,Tulkarm,Laptop,Electronics,192.44,4,0.0,Credit Card,Rep D,North
100723,2024-09-11,5514,Dana Ali,Female,38.0,Jericho,Air Fryer,Home,487.22,2,0.0,Credit Card,Rep B,Central
100724,2025-09-03,5256,Hala Awwad,Male,40.0,Ramallah,Desk Chair,Office,463.61,4,0.1,PayPal,Rep C,Central
100725,2024-11-26,5165,Ahmed Awwad,Male,18.0,Nablus,Microwave,Home,40.89,4,0.1,PayPal,Rep D,North
100726,2024-04-14,5330,Ali Awwad,Male,40.0,Jenin,Vacuum Cleaner,Home,319.54,4,0.15,Credit Card,Rep F,Central
100727,2024-09-09,5385,Noor Ali,Female,20.0,Nablus,Smart Watch,Electronics,983.73,6,0.1,Credit Card,Rep B,South
100728,2024-10-04,5477,Ahmed Nasser,Female,62.0,Nablus,Coffee Maker,Home,573.93,5,0.05,Cash,Rep B,South
100729,2024-05-11,5013,Lina Awwad,Male,51.0,Bethlehem,Microwave,Home,330.48,2,0.1,Credit Card,Rep C,South
100730,2024-03-18,5226,Omar Awwad,Male,21.0,Hebron,Mouse,Accessories,43.01,2,0.15,Cash,Rep F,South
100731,2024-08-30,5264,Dana Hassan,Male,55.0,Tulkarm,Headphones,Electronics,438.16,5,0.15,Credit Card,Rep D,South
100732,2025-06-14,5156,Ahmed Saleh,Male,54.0,Tulkarm,Smartphone,Electronics,93.12,5,0.0,Cash,Rep F,Central
100733,2025-06-17,5101,Adam Hassan,Male,61.0,Khan Yunis,Air Fryer,Home,474.47,3,0.0,Cash,Rep A,Central
100734,2025-12-12,5332,Mohammad Awwad,Female,58.0,Khan Yunis,Mouse,Accessories,115.93,5,0.1,PayPal,Rep E,South
100735,2025-02-27,5364,Noor Hassan,Female,65.0,Jenin,Power Bank,Accessories,135.75,6,0.0,Credit Card,Rep D,North
100736,2024-10-12,5204,Noor Saleh,Male,41.0,Bethlehem,Mouse,Accessories,121.06,3,0.0,PayPal,Rep D,North
100737,2024-05-09,5043,Sami Khalil,Male,64.0,Nablus,Mouse,Accessories,80.03,3,0.0,Cash,Rep A,South
100738,2024-06-23,5514,Noor Khalil,Female,34.0,Jericho,Blender,Home,604.05,2,0.0,Credit Card,Rep F,North
100739,2024-08-22,5405,Ahmed Khalil,Male,5.0,Rafah,Desk Chair,Office,122.84,3,0.0,Cash,Rep D,South
100740,2024-09-17,5585,Dana Nasser,Female,59.0,Hebron,Monitor,Office,208.72,2,0.05,Cash,Rep E,Central
100741,2024-07-04,5261,Ahmed Nasser,Female,49.0,,Webcam,Office,211.01,1,0.05,Cash,Rep B,North
100742,2024-08-19,5364,Adam Hassan,Female,63.0,Bethlehem,Printer,Office,508.78,3,0.1,Credit Card,Rep D,North
100743,2025-08-12,5078,Noor Awwad,Male,61.0,Hebron,Vacuum Cleaner,Home,426.88,3,0.1,Credit Card,Rep E,Central
100744,2024-07-21,5288,Rana Khalil,Female,41.0,Gaza,Smartphone,Electronics,908.46,1,0.1,Credit Card,Rep B,South
100745,2025-01-07,5245,Ahmed Awwad,Female,30.0,Ramallah,Webcam,Office,346.9,1,0.0,Credit Card,Rep E,South
100746,2024-02-01,5037,Ahmed Nasser,Male,34.0,Rafah,Blender,Home,647.38,4,0.2,Cash,Rep D,Central
100747,2024-02-15,5508,Dana Ali,Female,38.0,Bethlehem,Vacuum Cleaner,Home,413.27,4,0.05,Bank Transfer,Rep E,South
100748,2024-09-06,5571,Maya Ali,Male,59.0,Gaza,Tablet,Electronics,1405.18,7,0.15,Cash,Rep D,Central
100749,2024-08-04,5399,Ali Saleh,Female,51.0,Bethlehem,Headphones,Electronics,781.26,1,0.0,Credit Card,Rep F,North
100750,2025-10-14,5596,Omar Ali,Female,31.0,Bethlehem,Headphones,Electronics,238.45,2,0.05,Credit Card,Rep F,Central
100751,2025-12-29,5573,Noor Awwad,Male,36.0,Rafah,Laptop,Electronics,134.25,4,0.15,Credit Card,Rep A,Central
100752,2025-09-29,5491,Noor Khalil,Female,56.0,Ramallah,Blender,Home,110.82,2,0.0,PayPal,Rep E,North
100753,2025-11-30,5483,Dana Nasser,Male,57.0,Tulkarm,Headphones,Electronics,385.47,6,0.2,Cash,Rep A,Central
100754,2024-09-19,5166,Yousef Khalil,Female,51.0,Khan Yunis,Monitor,Office,348.14,2,0.0,PayPal,Rep C,North
100755,2025-02-12,5125,Ahmed Khalil,Male,65.0,Jericho,Webcam,Office,269.7,4,0.1,Cash,Rep F,Central
100756,2025-05-03,5492,Ali Saleh,Female,30.0,Tulkarm,Laptop,Electronics,608.99,3,0.1,PayPal,Rep B,South
100757,2025-08-12,5435,Noor Hassan,Male,34.0,Nablus,Air Fryer,Home,206.44,2,0.0,Cash,Rep D,North
100758,2024-06-16,5397,Ali Hassan,Female,54.0,Ramallah,Laptop,Electronics,826.01,5,0.05,Cash,Rep A,North
100759,2024-11-10,5069,Adam Awwad,Female,31.0,Gaza,Blender,Home,95.37,1,0.0,Credit Card,Rep C,Central
100760,2025-02-10,5051,Mohammad Ali,Female,40.0,Hebron,Keyboard,Office,200.71,4,0.05,Cash,Rep F,Central
100761,2025-12-11,5178,Ali Hassan,Female,36.0,Rafah,Phone Case,Accessories,11.74,4,0.05,Cash,Rep F,North
100762,2024-09-20,5274,Omar Saleh,Male,20.0,Jericho,Desk Chair,Office,253.41,4,0.2,Cash,Rep B,South
100763,2025-02-10,5574,Dana Ali,Male,32.0,Jenin,Laptop,Electronics,1232.77,5,0.1,Credit Card,Rep F,Central
100764,2025-03-22,5290,Ahmed Ali,Male,54.0,Jericho,Headphones,Electronics,1017.37,6,0.1,Cash,Rep A,North
100765,2025-01-04,5227,Ahmed Hassan,Male,22.0,Rafah,Webcam,Office,254.45,8,0.0,Cash,Rep D,Central
100766,2025-10-25,5360,Hala Khalil,Male,40.0,Jericho,Smartphone,Electronics,617.04,4,0.1,Credit Card,Rep B,South
100767,2025-10-25,5401,Rana Awwad,Female,22.0,Rafah,Smartphone,Electronics,1098.71,7,0.05,Cash,Rep C,North
100768,2025-02-06,5567,Noor Hassan,Male,47.0,Gaza,Air Fryer,Home,620.96,7,0.15,PayPal,Rep C,Central
100769,2025-12-21,5017,Ali Khalil,Female,40.0,Hebron,Printer,Office,170.06,4,0.1,Cash,Rep E,South
100770,2024-07-20,5581,Sara Hassan,Male,41.0,Jericho,Air Fryer,Home,311.29,3,0.05,Credit Card,Rep B,South
100771,2024-06-10,5554,Ali Awwad,Female,62.0,Khan Yunis,Air Fryer,Home,178.9,3,0.0,Cash,Rep F,Central
100772,2025-11-30,5093,Sara Awwad,Male,60.0,Bethlehem,Backpack,Accessories,54.61,3,0.0,Bank Transfer,Rep D,Central
100773,2024-01-20,5003,Yousef Hassan,Male,65.0,Bethlehem,Smart Watch,Electronics,92.17,1,0.0,Credit Card,Rep B,North
100774,2024-11-13,5120,Mohammad Khalil,Male,58.0,Gaza,Desk Chair,Office,493.17,6,0.0,Bank Transfer,Rep D,North
100775,2024-09-04,5318,Ali Ali,Female,50.0,Khan Yunis,Keyboard,Office,568.74,4,0.1,Cash,Rep C,North
100776,2025-08-01,5382,Khaled Ali,Male,29.0,Jericho,Smartphone,Electronics,1370.66,7,0.0,Credit Card,Rep C,Central
100777,2024-06-16,5428,Dana Hassan,Male,21.0,Gaza,Vacuum Cleaner,Home,232.31,6,0.05,Cash,Rep C,Central
100778,2025-02-12,5362,Mohammad Ali,Female,45.0,Tulkarm,Vacuum Cleaner,Home,339.7,5,0.05,Credit Card,Rep C,South
100779,2024-01-13,5342,Mohammad Nasser,Female,38.0,Ramallah,Monitor,Office,282.59,2,0.0,Cash,Rep C,South
100780,2025-03-06,5542,Mohammad Hassan,Female,55.0,Nablus,Headphones,Electronics,1485.12,3,0.0,PayPal,Rep C,South
100781,2024-05-07,5523,Yousef Khalil,Female,31.0,Ramallah,Laptop,Electronics,519.87,4,0.1,Credit Card,Rep E,North
100782,2025-09-14,5349,Ali Nasser,Male,65.0,Rafah,Backpack,Accessories,168.79,6,0.1,Cash,Rep B,South
100783,2025-01-31,5174,Hala Hassan,Male,38.0,Jericho,Smart Watch,Electronics,1361.19,6,0.15,Bank Transfer,Rep D,North
100784,2024-01-27,5584,Sami Khalil,Female,49.0,Khan Yunis,Smart Watch,Electronics,780.81,6,0.05,Credit Card,Rep E,Central
100785,2024-06-28,5235,Sami Awwad,Female,62.0,Hebron,Desk Chair,Office,145.56,6,0.1,Cash,Rep C,Central
100786,2024-09-19,5306,Dana Nasser,Female,32.0,Gaza,Power Bank,Accessories,83.89,5,0.05,Credit Card,Rep D,North
100787,2025-10-05,5568,Rana Ali,Male,26.0,Bethlehem,Vacuum Cleaner,Home,292.72,3,0.1,Bank Transfer,Rep A,North
100788,2025-01-02,5459,Sara Awwad,Female,45.0,Jenin,Vacuum Cleaner,Home,560.16,6,0.0,Bank Transfer,Rep A,Central
100789,2024-01-25,5536,Noor Saleh,Male,64.0,Ramallah,Vacuum Cleaner,Home,571.68,5,0.1,PayPal,Rep B,South
100790,2025-06-03,5282,Noor Ali,Male,63.0,Ramallah,Headphones,Electronics,160.54,1,0.0,Bank Transfer,Rep A,South
100791,2025-06-02,5336,Mohammad Khalil,Female,24.0,Jenin,Air Fryer,Home,666.41,8,0.0,PayPal,Rep F,South
100792,2025-05-30,5088,Adam Ali,Female,20.0,Nablus,Tablet,Electronics,875.05,3,0.0,Credit Card,Rep F,North
100793,2024-08-17,5460,Lina Nasser,Male,37.0,Gaza,Microwave,Home,79.14,3,0.15,Cash,Rep B,Central
100794,2024-05-12,5312,Adam Hassan,Male,49.0,Gaza,Microwave,Home,689.57,1,0.2,Cash,Rep B,Central
100795,2025-03-02,5057,Lina Ali,Female,34.0,Jericho,Headphones,Electronics,1110.31,2,0.0,PayPal,Rep F,Central
100796,2024-01-13,5303,Noor Awwad,Female,43.0,Ramallah,Headphones,Electronics,538.94,3,0.05,Cash,Rep F,South
100797,2024-02-29,5266,Lina Khalil,Male,34.0,Gaza,Microwave,Home,265.53,5,0.0,PayPal,Rep D,Central
100798,2024-01-30,5301,Ali Khalil,Male,62.0,Tulkarm,Desk Chair,Office,207.19,5,0.0,Credit Card,Rep D,Central
100799,2025-12-20,5263,Mohammad Awwad,Male,35.0,Khan Yunis,Microwave,Home,114.08,3,0.1,PayPal,Rep C,Central
100800,2024-07-17,5500,Yousef Saleh,Male,37.0,Bethlehem,Blender,Home,508.88,2,0.15,Cash,Rep A,South
100801,2024-10-21,5118,Yousef Khalil,Male,35.0,Jericho,Tablet,Electronics,870.72,7,0.05,Cash,Rep F,Central
100802,2025-11-13,5077,Hala Hassan,Male,34.0,Gaza,Tablet,Electronics,390.61,3,0.1,Credit Card,Rep F,Central
100803,2025-03-03,5559,Adam Ali,Female,43.0,Ramallah,Smart Watch,Electronics,1484.2,7,0.0,Bank Transfer,Rep E,North
100804,2025-01-05,5587,Lina Nasser,Male,26.0,Tulkarm,Desk Chair,Office,66.01,1,0.0,Credit Card,Rep D,Central
100805,2024-08-02,5375,Khaled Hassan,Female,29.0,Bethlehem,Smart Watch,Electronics,219.17,5,0.0,Credit Card,Rep F,Central
100806,2025-03-01,5468,Dana Hassan,Male,38.0,Khan Yunis,Laptop,Electronics,1262.55,1,0.1,Cash,Rep F,South
100807,2025-02-13,5474,Ali Awwad,Male,32.0,Ramallah,Laptop,Electronics,1317.95,2,,PayPal,Rep F,Central
100808,2024-10-12,5010,Mohammad Hassan,Female,38.0,Jericho,Desk Chair,Office,218.9,1,0.0,Cash,Rep D,South
100809,2024-03-14,5578,Sami Nasser,Female,35.0,Gaza,Microwave,Home,507.19,2,0.15,Credit Card,Rep B,South
100810,2024-07-14,5290,Adam Khalil,Male,22.0,Ramallah,Blender,Home,54.92,3,0.0,Bank Transfer,Rep E,North
100811,,5193,Omar Awwad,Male,55.0,Khan Yunis,Power Bank,Accessories,132.24,2,0.05,Credit Card,Rep A,North
100812,2025-11-18,5337,Maya Saleh,Male,57.0,Nablus,Vacuum Cleaner,Home,596.7,5,0.0,Bank Transfer,Rep B,South
100813,2025-03-01,5178,Mohammad Awwad,Female,27.0,Ramallah,Webcam,Office,100.99,3,0.1,PayPal,Rep A,North
100814,2024-12-18,5392,Noor Nasser,Female,27.0,Jenin,Microwave,Home,648.38,3,0.15,Bank Transfer,Rep C,Central
100815,2024-02-05,5507,Mohammad Awwad,Female,39.0,Gaza,Laptop,Electronics,1137.34,1,0.0,PayPal,Rep E,South
100816,2025-08-17,5333,Maya Hassan,Female,38.0,Hebron,Microwave,Home,422.78,7,0.0,Cash,Rep B,South
100817,2025-10-05,5505,Dana Saleh,Female,30.0,Nablus,Blender,Home,337.38,3,0.0,Credit Card,Rep B,North
100818,2025-01-31,5431,Omar Nasser,Male,43.0,Nablus,Tablet,Electronics,1358.33,4,0.0,Credit Card,Rep A,South
100819,2025-01-10,5395,Maya Khalil,Female,39.0,Gaza,Headphones,Electronics,1308.39,4,0.0,Credit Card,Rep A,Central
100820,2024-06-26,5006,Yousef Ali,Female,24.0,Hebron,Coffee Maker,Home,455.21,5,0.0,Cash,Rep E,Central
100821,2025-08-22,5538,Khaled Saleh,Female,29.0,Nablus,Headphones,Electronics,1275.67,3,0.15,Cash,Rep C,North
100822,2024-05-05,5584,Khaled Saleh,Female,61.0,Rafah,Vacuum Cleaner,Home,589.0,4,0.0,PayPal,Rep E,North
100823,2024-08-29,5227,Sara Saleh,Male,21.0,Jericho,Phone Case,Accessories,54.35,3,0.2,Credit Card,Rep A,North
100824,2025-10-13,5119,Lina Hassan,Male,28.0,Bethlehem,Backpack,Accessories,117.06,5,0.2,Credit Card,Rep B,North
100825,2025-09-20,5147,Adam Hassan,Female,31.0,Tulkarm,Laptop,Electronics,129.53,3,0.0,Bank Transfer,Rep A,Central
100826,2024-12-13,5050,Ali Awwad,Female,44.0,Bethlehem,Blender,Home,371.41,1,0.0,Cash,Rep B,North
100827,2024-06-14,5316,Ahmed Saleh,Male,22.0,Nablus,Air Fryer,Home,654.03,5,0.0,Credit Card,Rep F,North
100828,2025-10-08,5234,Rana Saleh,Female,60.0,Rafah,Coffee Maker,Home,114.65,6,0.0,PayPal,Rep B,North
100829,2025-10-26,5579,Sara Saleh,Female,53.0,Khan Yunis,Printer,Office,521.15,4,0.2,Bank Transfer,Rep C,Central
100830,2024-01-16,5056,Hala Saleh,Male,22.0,Khan Yunis,Blender,Home,644.84,1,0.0,PayPal,Rep A,Central
100831,2024-03-19,5174,Ali Hassan,Male,29.0,Gaza,Tablet,Electronics,1237.59,2,0.1,Credit Card,Rep D,South
100832,2025-10-13,5071,Dana Nasser,Male,31.0,Ramallah,USB Cable,Accessories,104.41,3,0.0,PayPal,Rep A,North
100833,2025-01-16,5103,Lina Khalil,Female,54.0,Bethlehem,Monitor,Office,44.84,3,0.1,Credit Card,Rep A,South
100834,2025-04-05,5215,Lina Saleh,Female,28.0,Gaza,Coffee Maker,Home,524.71,4,0.15,Cash,Rep F,North
100835,2025-08-14,5141,Sara Saleh,Male,65.0,Tulkarm,Tablet,Electronics,385.97,2,0.2,PayPal,Rep B,North
100836,2025-06-23,5361,Rana Khalil,Female,26.0,Nablus,Desk Chair,Office,261.47,7,0.0,Bank Transfer,Rep A,Central
100837,2024-02-25,5273,Khaled Ali,Female,51.0,Jericho,Printer,Office,570.01,3,0.15,Credit Card,Rep E,North
100838,2024-09-09,5441,Sara Ali,Male,33.0,Ramallah,Laptop,Electronics,1499.3,6,0.15,PayPal,Rep A,South
100839,2025-04-15,5463,Sara Nasser,Male,62.0,Tulkarm,Headphones,Electronics,1250.05,5,0.0,Credit Card,Rep D,North
100840,2024-03-08,5034,Noor Hassan,Female,64.0,Khan Yunis,Smart Watch,Electronics,832.97,3,0.1,Cash,Rep C,Central
100841,2024-10-23,5308,Mohammad Khalil,Female,44.0,Jericho,Webcam,Office,518.05,1,0.05,PayPal,Rep B,South
100842,2025-09-17,5075,Sara Ali,Male,19.0,Tulkarm,Smart Watch,Electronics,1145.13,6,0.05,Credit Card,Rep F,South
100843,2025-02-26,5348,Khaled Awwad,Male,65.0,Nablus,Vacuum Cleaner,Home,254.37,3,0.0,PayPal,Rep A,South
100844,2025-01-01,5029,Khaled Saleh,Male,34.0,Bethlehem,Smartphone,Electronics,1085.6,3,0.0,PayPal,Rep D,Central
100845,2025-09-26,5595,Hala Nasser,Male,55.0,Gaza,Tablet,Electronics,603.3,1,0.1,PayPal,Rep A,Central
100846,2025-01-29,5120,Khaled Nasser,Male,38.0,Khan Yunis,Tablet,Electronics,331.4,1,0.15,Credit Card,Rep B,South
100847,2025-08-21,5219,Hala Nasser,Female,44.0,Ramallah,Laptop,Electronics,1351.05,4,0.0,Bank Transfer,Rep A,Central
100848,2024-03-21,5108,Ahmed Ali,Female,43.0,Bethlehem,Phone Case,Accessories,88.72,2,0.05,Credit Card,Rep C,North
100849,2024-06-27,5276,Sami Saleh,Female,62.0,Jericho,Printer,Office,327.89,3,0.0,Credit Card,Rep E,Central
100850,2025-10-14,5272,Khaled Saleh,Male,37.0,Ramallah,Smart Watch,Electronics,1357.8,5,0.2,Credit Card,Rep F,Central
100851,2025-03-14,5263,Mohammad Awwad,Female,59.0,Rafah,Tablet,Electronics,574.18,5,0.1,Credit Card,Rep F,Central
100852,2025-04-09,5208,Sami Saleh,Female,101.0,Rafah,Air Fryer,Home,685.86,7,0.05,Credit Card,Rep A,North
100853,2024-04-25,5535,Omar Khalil,Male,37.0,Jericho,Smartphone,Electronics,564.37,4,0.1,Cash,Rep F,North
100854,2025-09-24,5078,Omar Awwad,Female,23.0,Jenin,Vacuum Cleaner,Home,537.83,1,0.0,Bank Transfer,Rep C,South
100855,2025-04-06,5056,Khaled Awwad,Female,24.0,Ramallah,USB Cable,Accessories,47.96,4,0.05,Credit Card,Rep D,North
100856,2024-02-15,5440,Hala Hassan,Male,25.0,Tulkarm,Headphones,Electronics,1312.25,3,0.0,Bank Transfer,Rep B,South
100857,2025-12-08,5277,Omar Khalil,Female,65.0,Hebron,Mouse,Accessories,92.27,4,0.0,Credit Card,Rep C,North
100858,2025-04-10,5595,Khaled Ali,Female,32.0,Gaza,Tablet,Electronics,712.58,6,0.05,Credit Card,Rep A,North
100859,2025-03-12,5527,Omar Hassan,Male,57.0,Jericho,Vacuum Cleaner,Home,520.21,5,0.05,Credit Card,Rep F,South
100860,2024-02-16,5036,Hala Awwad,Male,30.0,Ramallah,Vacuum Cleaner,Home,54.29,4,0.1,Credit Card,Rep E,South
100861,2025-08-19,5155,Mohammad Ali,Female,60.0,Nablus,Webcam,Office,146.78,6,0.05,Bank Transfer,Rep C,South
100862,2025-03-11,5561,Khaled Hassan,Female,30.0,Tulkarm,Webcam,Office,427.62,4,0.0,PayPal,Rep B,South
100863,2025-11-15,5002,Lina Awwad,Male,62.0,Gaza,Smart Watch,Electronics,451.69,4,0.0,Bank Transfer,Rep C,South
100864,2025-03-03,5083,Rana Hassan,Female,18.0,Rafah,Webcam,Office,182.88,4,0.0,Cash,Rep D,South
100865,2025-04-12,5202,Yousef Ali,Male,58.0,Ramallah,Laptop,Electronics,1072.62,3,0.0,Credit Card,Rep D,North
100866,2025-08-15,5356,Rana Awwad,Male,18.0,Jericho,Tablet,Electronics,205.58,7,0.15,Credit Card,Rep D,Central
100867,2025-03-17,5028,Sara Ali,Female,59.0,Jenin,Keyboard,Office,232.27,3,0.05,Credit Card,Rep A,Central
100868,2024-08-04,5328,Yousef Nasser,Male,47.0,Jericho,Webcam,Office,59.12,4,0.15,Cash,Rep F,Central
100869,2025-02-04,5028,Noor Nasser,Female,24.0,Bethlehem,Printer,Office,185.58,3,0.0,PayPal,Rep A,Central
100870,2025-05-06,5594,Lina Awwad,Male,65.0,Gaza,Smart Watch,Electronics,632.9,7,0.05,Cash,Rep E,South
100871,2025-07-19,5049,Dana Nasser,Female,55.0,Khan Yunis,Webcam,Office,584.98,1,0.15,Credit Card,Rep D,North
100872,2025-10-14,5408,Dana Hassan,Male,64.0,Rafah,Headphones,Electronics,435.08,3,0.05,Bank Transfer,Rep F,Central
100873,2024-06-12,5497,Omar Nasser,Female,25.0,Ramallah,Blender,Home,390.7,2,0.0,PayPal,Rep A,North
100874,2025-02-25,5478,Dana Ali,Male,52.0,Bethlehem,Smartphone,electronics,623.97,3,0.05,Credit Card,Rep D,Central
100875,2024-04-01,5006,Lina Saleh,Male,60.0,Nablus,Webcam,Office,127.58,4,0.15,PayPal,Rep A,South
100876,2025-11-13,5533,Hala Ali,Female,38.0,Jenin,Desk Chair,Office,202.99,4,0.0,Cash,Rep E,Central
100877,2024-08-13,5586,Mohammad Awwad,Male,41.0,Bethlehem,Air Fryer,Home,371.74,4,0.0,Credit Card,Rep C,South
100878,2024-12-16,5023,Noor Nasser,Male,35.0,Bethlehem,Keyboard,Office,113.54,5,0.1,Credit Card,Rep D,North
100879,2024-01-23,5091,Khaled Ali,Male,55.0,Nablus,Monitor,Office,370.59,3,0.1,PayPal,Rep D,South
100880,2025-05-31,5068,Ali Ali,Male,33.0,Rafah,Monitor,Office,410.45,8,0.1,PayPal,Rep C,South
100881,2025-12-01,5230,Maya Nasser,Female,25.0,Tulkarm,Air Fryer,Home,300.21,5,0.05,Bank Transfer,Rep B,South
100882,2024-09-22,5586,Omar Nasser,Male,46.0,Jericho,Laptop,Electronics,108.74,4,0.05,Cash,Rep A,South
100883,2025-03-14,5111,Sami Awwad,Female,24.0,Nablus,Vacuum Cleaner,Home,385.86,4,0.15,PayPal,Rep C,Central
100884,2024-12-11,5081,Khaled Saleh,Male,44.0,Hebron,Keyboard,Office,447.46,5,0.0,Credit Card,Rep E,Central
100885,2025-11-12,5204,Sara Khalil,Female,35.0,Khan Yunis,Coffee Maker,Home,56.88,5,0.1,PayPal,Rep C,South
100886,2025-11-15,5150,Sami Ali,Female,21.0,Nablus,Coffee Maker,Home,83.51,4,0.0,PayPal,Rep E,North
100887,2025-12-20,5063,Sami Awwad,Female,62.0,Rafah,Phone Case,Accessories,142.2,3,0.0,Cash,Rep F,North
100888,2025-07-03,5196,Maya Khalil,Female,47.0,Ramallah,Keyboard,Office,522.23,4,0.1,Bank Transfer,Rep F,North
100889,2024-06-28,5112,Khaled Saleh,Male,34.0,Rafah,Coffee Maker,Home,99.61,4,0.05,Credit Card,Rep C,North
100890,2024-11-09,5255,Hala Khalil,Male,26.0,Jericho,Desk Chair,Office,146.48,3,0.05,Cash,Rep C,South
100891,2025-05-17,5027,Dana Hassan,Male,45.0,Ramallah,Printer,Office,92.77,7,0.0,Credit Card,Rep E,North
100892,2025-12-03,5079,Rana Nasser,Female,49.0,Ramallah,Desk Chair,Office,222.47,4,0.0,Credit Card,Rep F,South
100893,2024-02-17,5198,Ali Awwad,Female,24.0,Bethlehem,Mouse,Accessories,89.23,4,0.05,Credit Card,Rep A,North
100894,2025-04-22,5262,Ali Ali,Male,52.0,Khan Yunis,Mouse,Accessories,51.69,6,0.1,Cash,Rep D,Central
100895,2025-05-04,5498,Lina Nasser,Male,30.0,Ramallah,Smart Watch,Electronics,653.33,2,0.1,Bank Transfer,,South
100896,2024-12-12,5037,Maya Saleh,Female,41.0,Hebron,Vacuum Cleaner,Home,641.42,7,0.05,Credit Card,Rep B,South
100897,2025-05-26,5576,Noor Hassan,Female,63.0,Jenin,Blender,Home,240.88,5,0.15,PayPal,Rep F,South
100898,2024-02-16,5043,Ahmed Hassan,Male,18.0,Bethlehem,Printer,Office,172.37,4,0.0,PayPal,Rep D,South
100899,2024-06-15,5586,Hala Awwad,Male,54.0,Hebron,Vacuum Cleaner,Home,159.34,4,0.0,PayPal,Rep F,Central
100900,2024-09-01,5539,Lina Hassan,Female,26.0,Jericho,Desk Chair,Office,82.04,6,0.0,Credit Card,Rep D,South
100901,2024-03-24,5300,Adam Nasser,Male,58.0,Tulkarm,Headphones,Electronics,283.15,7,0.0,Credit Card,Rep A,North
100902,2025-12-06,5347,Dana Khalil,Male,29.0,Tulkarm,Printer,Office,443.25,3,0.0,Cash,Rep A,North
100903,2025-10-20,5366,Omar Ali,Male,33.0,Bethlehem,Phone Case,Accessories,121.41,3,0.1,Credit Card,Rep A,Central
100904,2024-03-22,5193,Sara Khalil,Female,27.0,Khan Yunis,Laptop,Electronics,1065.14,3,0.05,Cash,Rep A,South
100905,2025-02-10,5370,Lina Awwad,Male,30.0,Bethlehem,Microwave,Home,361.03,2,0.0,Credit Card,Rep D,North
100906,2024-04-13,5339,Khaled Saleh,Female,56.0,Rafah,Smart Watch,Electronics,812.01,3,0.1,Credit Card,Rep D,North
100907,2025-03-12,5531,Yousef Khalil,Male,63.0,Bethlehem,Laptop,Electronics,1407.04,8,0.1,Credit Card,Rep D,South
100908,2025-01-11,5154,Omar Ali,Female,65.0,Jericho,Webcam,Office,468.57,1,0.15,Credit Card,,North
100909,2024-03-04,5413,Mohammad Awwad,Male,28.0,Rafah,Coffee Maker,Home,481.76,4,0.0,Bank Transfer,Rep B,Central
100910,2025-07-26,5576,Yousef Ali,Male,59.0,Gaza,Blender,Home,483.16,3,0.0,PayPal,Rep F,Central
100911,2024-05-17,5495,Adam Hassan,Male,29.0,Nablus,Vacuum Cleaner,Home,285.78,5,,Cash,Rep B,North
100912,2025-03-14,5483,Hala Khalil,Male,25.0,Hebron,Smart Watch,Electronics,1026.39,2,0.05,Credit Card,Rep A,Central
100913,2024-06-17,5059,Rana Awwad,Female,36.0,Jenin,Air Fryer,Home,0.0,7,0.05,PayPal,Rep A,South
100914,2025-06-10,5436,Sami Hassan,Female,9.0,Khan Yunis,Microwave,Home,384.98,4,0.0,Credit Card,Rep B,Central
100915,2024-07-07,5297,Dana Khalil,Male,57.0,Jenin,USB Cable,Accessories,56.26,4,0.1,Credit Card,Rep C,Central
100916,2024-07-22,5017,Sara Saleh,Male,35.0,Nablus,Backpack,Accessories,43.27,4,0.15,Cash,Rep B,South
100917,2025-06-05,5581,Yousef Ali,Male,62.0,Nablus,Air Fryer,Home,106.15,7,0.05,Credit Card,Rep D,Central
100918,2024-06-20,5563,Mohammad Saleh,Male,19.0,Khan Yunis,Vacuum Cleaner,Home,604.62,2,0.15,Credit Card,Rep D,North
100919,2025-05-26,5071,Lina Ali,Female,32.0,Rafah,Smartphone,Electronics,844.24,5,0.05,Credit Card,Rep A,South
100920,2025-03-14,5331,Rana Nasser,Female,25.0,Rafah,Microwave,Home,627.48,6,0.0,Credit Card,Rep D,Central
100921,2025-10-31,5030,Omar Saleh,Female,30.0,Hebron,Monitor,Office,148.48,6,0.05,Cash,Rep C,North
100922,2025-06-03,5424,Maya Khalil,Male,19.0,,Tablet,Electronics,919.83,6,0.05,Credit Card,Rep E,Central
100923,2024-11-26,5011,Omar Ali,Male,32.0,Rafah,Smartphone,Electronics,345.76,1,0.15,Bank Transfer,Rep E,Central
100924,2024-08-15,5194,Omar Khalil,Male,22.0,Hebron,Coffee Maker,Home,632.05,7,0.05,,Rep B,Central
100925,2024-11-25,5470,Adam Awwad,Female,60.0,Nablus,Headphones,Electronics,305.44,7,0.0,Bank Transfer,Rep C,Central
100926,2025-07-26,5250,Dana Saleh,Male,44.0,Khan Yunis,Blender,Home,614.24,5,0.1,Cash,Rep A,South
100927,2025-01-05,5083,Adam Nasser,Male,36.0,Rafah,Blender,Home,131.01,4,0.0,Credit Card,Rep B,South
100928,2024-05-25,5153,Maya Saleh,Female,46.0,Jericho,Power Bank,Accessories,173.16,3,0.15,Bank Transfer,Rep D,North
100929,2024-01-13,5559,Adam Hassan,Male,48.0,Hebron,USB Cable,Accessories,163.98,4,0.05,Cash,Rep A,South
100930,2025-11-14,5575,Ahmed Ali,Male,43.0,Jericho,Vacuum Cleaner,Home,102.15,3,0.1,Cash,Rep D,South
100931,2025-07-17,5512,Hala Khalil,Female,58.0,Ramallah,USB Cable,Accessories,87.32,3,0.05,PayPal,Rep A,Central
100932,2024-07-28,5496,Hala Hassan,Female,53.0,Gaza,Desk Chair,Office,563.86,2,0.1,PayPal,Rep A,Central
100933,2025-06-10,5498,Lina Khalil,Male,55.0,Ramallah,Webcam,Office,331.1,3,0.15,Credit Card,Rep B,Central
100934,2024-10-16,5420,Mohammad Awwad,Male,47.0,Nablus,Headphones,Electronics,547.95,3,0.1,PayPal,Rep D,North
100935,2025-06-14,5023,Sami Awwad,Male,24.0,Rafah,USB Cable,Accessories,134.33,4,0.0,Cash,Rep D,Central
100936,2025-07-28,5068,Dana Saleh,Female,23.0,Tulkarm,Keyboard,Office,233.25,5,0.0,,Rep C,Central
100937,2024-10-15,5140,Lina Saleh,Male,41.0,Rafah,Power Bank,Accessories,98.95,5,0.05,PayPal,Rep D,South
100938,2024-01-21,5382,Yousef Nasser,Male,18.0,Khan Yunis,Keyboard,Office,317.3,3,0.15,PayPal,Rep B,Central
100939,2025-02-08,5258,Sara Hassan,Female,49.0,Khan Yunis,Mouse,Accessories,143.21,2,-0.1,Credit Card,Rep F,North
100940,2025-06-29,5105,Noor Ali,Female,48.0,Tulkarm,Blender,Home,576.12,2,0.1,Cash,Rep C,South
100941,2024-10-27,5176,Adam Nasser,Female,20.0,Khan Yunis,Smart Watch,Electronics,547.32,4,0.0,Credit Card,Rep B,South
100942,2024-01-10,5494,Sara Hassan,Female,48.0,Jericho,Air Fryer,Home,220.64,2,0.0,Credit Card,Rep D,North
100943,2024-01-08,5152,Sami Ali,Male,65.0,Khan Yunis,Coffee Maker,Home,227.04,4,0.1,Credit Card,Rep D,North
100944,2024-07-16,5047,Ali Khalil,Male,22.0,Ramallah,Air Fryer,Home,239.21,4,0.1,PayPal,Rep A,Central
100945,2024-01-31,5440,Lina Khalil,Male,45.0,Jericho,Phone Case,Accessories,32.35,5,0.1,Credit Card,Rep E,South
100946,2024-06-26,5382,Hala Ali,Male,43.0,Tulkarm,Smart Watch,Electronics,1379.55,3,0.05,PayPal,Rep C,Central
100947,2025-08-25,5177,Ahmed Khalil,Male,,Nablus,Smartphone,Electronics,124.15,4,0.05,Cash,Rep C,Central
100948,2025-10-10,5540,Mohammad Saleh,Male,30.0,Jericho,Smart Watch,Electronics,753.61,3,0.05,Bank Transfer,Rep A,South
100949,2025-12-21,5295,Adam Nasser,Male,18.0,Rafah,Webcam,Office,241.68,6,0.0,Credit Card,Rep A,South
100950,2024-11-06,5044,Maya Khalil,Female,54.0,Jericho,Air Fryer,Home,621.82,4,0.1,PayPal,Rep C,North
100951,2024-07-25,5519,Dana Hassan,Female,63.0,Hebron,Vacuum Cleaner,Home,629.12,4,0.0,Credit Card,Rep D,Central
100952,2025-10-23,5565,Yousef Hassan,Female,60.0,Ramallah,Headphones,Electronics,140.12,1,0.05,Credit Card,Rep A,Central
100953,2024-11-29,5032,Ali Hassan,Female,31.0,Hebron,Headphones,Electronics,499.75,7,0.2,Cash,Rep E,Central
100954,2025-10-19,5035,Ahmed Saleh,Male,44.0,Gaza,Laptop,Electronics,1176.46,6,0.0,PayPal,Rep A,North
100955,2024-02-28,5529,Dana Nasser,Female,-2.0,Nablus,Keyboard,Office,175.61,5,0.15,Credit Card,Rep D,Central
100956,2024-01-18,5351,Maya Ali,Female,27.0,Bethlehem,Coffee Maker,Home,376.61,5,0.15,Cash,Rep C,South
100957,2024-11-04,5445,Khaled Khalil,Male,59.0,Gaza,Blender,Home,676.46,3,0.1,Credit Card,Rep C,South
100958,2024-09-03,5234,Omar Saleh,Male,60.0,Jericho,USB Cable,Accessories,137.43,7,0.0,Cash,Rep A,North
100959,2024-10-24,5154,Noor Saleh,Female,31.0,Nablus,Smartphone,Electronics,743.09,0,0.0,Cash,Rep A,Central
100960,2024-02-27,5565,Ahmed Khalil,Female,42.0,Hebron,Vacuum Cleaner,Home,327.92,8,0.05,Cash,Rep B,South
100961,2024-08-02,5399,Sara Ali,Male,37.0,Bethlehem,Mouse,Accessories,33.33,4,0.15,Cash,Rep D,South
100962,2024-08-18,5254,Lina Awwad,Female,27.0,Khan Yunis,Microwave,Home,315.03,1,0.0,Credit Card,Rep C,South
100963,2025-01-12,5341,Mohammad Khalil,Female,50.0,Hebron,Vacuum Cleaner,Home,498.56,1,0.1,Cash,Rep C,North
100964,2025-09-27,5596,Lina Khalil,Female,42.0,Gaza,Air Fryer,Home,375.14,4,0.15,Bank Transfer,Rep E,South
100965,2024-02-03,5039,Mohammad Awwad,Female,41.0,Bethlehem,Smart Watch,Electronics,1081.61,3,0.1,Credit Card,Rep B,North
100966,2025-09-04,5244,Sami Nasser,Female,37.0,Ramallah,Laptop,Electronics,876.56,2,0.1,Credit Card,Rep A,Central
100967,2024-11-28,5522,Khaled Ali,Female,20.0,Rafah,Phone Case,Accessories,82.49,5,0.0,Cash,Rep D,Central
100968,2024-08-07,5015,Dana Khalil,Male,48.0,Hebron,Blender,Home,305.8,3,0.05,PayPal,Rep E,Central
100969,2024-06-26,5533,Maya Hassan,Male,29.0,Nablus,Backpack,Accessories,76.56,3,0.2,Credit Card,Rep C,South
100970,2024-06-22,5566,Ahmed Hassan,Male,56.0,Tulkarm,Smartphone,Electronics,139.7,4,2.0,Credit Card,Rep D,Central
100971,2024-10-11,5421,Ahmed Hassan,Female,40.0,Ramallah,Air Fryer,Home,510.28,3,0.0,Credit Card,Rep A,North
100972,2025-08-04,5520,Rana Hassan,Male,49.0,Nablus,Mouse,Accessories,154.45,6,0.05,Cash,Rep B,North
100973,2024-07-04,5495,Noor Awwad,Female,42.0,Jenin,Smartphone,Electronics,1421.97,4,0.2,Credit Card,Rep A,North
100974,2025-06-10,5037,Omar Khalil,Female,25.0,Jenin,,Home,313.29,3,0.15,Cash,Rep D,South
100975,2025-05-06,5439,Hala Khalil,Female,48.0,Tulkarm,Tablet,Electronics,1108.38,3,0.0,Bank Transfer,Rep B,North
100976,2025-01-08,5526,Mohammad Saleh,Female,47.0,Khan Yunis,Mouse,Accessories,161.86,5,0.1,Cash,Rep D,Central
100977,2024-03-31,5424,Rana Khalil,Male,39.0,Bethlehem,Headphones,Electronics,760.95,5,0.1,Credit Card,Rep B,North
100978,2024-01-16,5111,Sami Awwad,Male,51.0,Hebron,Webcam,Office,478.49,3,0.0,Credit Card,Rep E,South
100979,2025-12-02,5217,Mohammad Nasser,Female,56.0,Jericho,USB Cable,Accessories,14.45,6,0.0,Cash,Rep A,South
100980,2025-10-11,5466,Ahmed Saleh,Female,33.0,Ramallah,Microwave,Home,225.84,1,0.0,PayPal,Rep F,North
100981,2025-04-20,5557,Sara Awwad,Male,49.0,Bethlehem,Backpack,Accessories,149.23,3,0.1,Credit Card,Rep B,North
100982,2024-11-08,5330,Mohammad Nasser,Male,32.0,Ramallah,Tablet,Electronics,1162.19,3,0.0,Credit Card,Rep C,North
100983,2024-08-23,5314,Lina Nasser,Male,43.0,Jericho,Printer,Office,355.21,6,0.1,Credit Card,Rep A,North
100984,2024-07-03,5145,Omar Hassan,Female,34.0,Nablus,Laptop,Electronics,838.42,2,0.0,Credit Card,Rep A,Central
100985,2024-12-23,5378,Noor Awwad,Male,56.0,Khan Yunis,Smart Watch,Electronics,477.02,4,0.1,Bank Transfer,Rep A,South
100986,2024-05-27,5471,Maya Ali,Female,38.0,Nablus,Tablet,Electronics,783.62,2,0.0,Credit Card,Rep B,North
100987,2025-02-10,5098,Omar Saleh,Male,34.0,Ramallah,USB Cable,Accessories,78.32,2,0.05,Credit Card,Rep B,North
100988,2025-12-16,5506,Rana Saleh,Male,37.0,Khan Yunis,Headphones,Electronics,106.67,8,0.0,PayPal,Rep C,Central
100989,2024-06-10,5487,Ali Khalil,Male,38.0,Ramallah,Tablet,Electronics,718.08,5,0.1,Cash,Rep E,Central
100990,2025-12-23,5257,Sami Awwad,Male,39.0,Ramallah,Air Fryer,Home,79.97,6,0.1,Credit Card,Rep D,North
100991,2025-12-05,5310,Hala Nasser,Female,26.0,Hebron,Laptop,Electronics,1065.87,2,0.1,Credit Card,Rep A,South
100992,2024-06-03,5508,Ahmed Ali,Male,33.0,Khan Yunis,Headphones,Electronics,420.07,2,0.2,Credit Card,Rep E,North
100993,2024-01-23,5318,Rana Awwad,Male,37.0,Rafah,Mouse,Accessories,24.29,5,0.1,Cash,Rep F,North
100994,2024-12-21,5014,Mohammad Ali,Male,50.0,Khan Yunis,Desk Chair,Office,412.07,8,0.1,Credit Card,Rep F,North
100995,2024-10-11,5484,Mohammad Saleh,Female,40.0,Tulkarm,Phone Case,Accessories,138.11,3,0.1,PayPal,Rep E,North
100996,2024-04-09,5112,Ali Nasser,Male,53.0,Tulkarm,Headphones,Electronics,347.65,5,0.0,Credit Card,Rep F,South
100997,2025-06-25,5402,Dana Hassan,Male,,Khan Yunis,USB Cable,Accessories,157.76,4,0.15,Credit Card,Rep B,North
100998,2025-11-18,5575,Sami Ali,Female,32.0,Nablus,Backpack,Accessories,174.82,7,0.15,Credit Card,Rep E,Central
100999,2024-01-13,5536,Sami Nasser,Female,28.0,Jericho,USB Cable,Accessories,54.96,4,0.15,PayPal,Rep E,North
101000,2024-09-16,5279,Rana Hassan,Male,47.0,Khan Yunis,Keyboard,Office,592.48,3,0.0,Cash,Rep A,South
101001,2025-02-02,5128,Ahmed Hassan,Male,58.0,Hebron,Backpack,Accessories,37.19,1,0.1,Credit Card,Rep A,North
101002,2025-04-19,5600,Hala Ali,Female,42.0,Tulkarm,Coffee Maker,Home,565.16,3,0.05,Cash,Rep C,South
101003,2025-09-28,5295,Mohammad Ali,Male,29.0,Hebron,Tablet,Electronics,758.59,3,0.0,Bank Transfer,Rep E,South
101004,2024-04-17,5187,Maya Khalil,Female,29.0,Tulkarm,Smartphone,Electronics,1275.99,6,0.0,Credit Card,Rep D,Central
101005,2025-05-25,5561,Dana Hassan,Male,42.0,Gaza,Smartphone,Electronics,1238.13,5,0.05,Credit Card,Rep E,Central
101006,2024-12-31,5288,Maya Awwad,Male,37.0,Tulkarm,Coffee Maker,Home,154.44,2,0.0,Credit Card,Rep F,Central
101007,2025-10-17,5110,Mohammad Khalil,Female,20.0,Hebron,Keyboard,Office,214.32,2,0.1,Credit Card,Rep D,South
101008,2025-08-21,5033,Ali Ali,Female,38.0,Bethlehem,Tablet,Electronics,856.05,3,0.1,Cash,Rep A,North
101009,2025-10-05,5179,Maya Awwad,Female,19.0,Jericho,Desk Chair,Office,41.29,5,0.15,Cash,Rep D,South
101010,2025-07-26,5471,Khaled Ali,Male,26.0,Tulkarm,Smart Watch,Electronics,107.12,1,0.1,PayPal,Rep B,North
101011,2024-01-30,5534,Lina Saleh,Female,37.0,Tulkarm,Coffee Maker,Home,488.79,5,0.0,Credit Card,Rep A,South
101012,2025-08-03,5589,Maya Awwad,Female,32.0,Khan Yunis,Mouse,Accessories,153.79,2,0.1,Credit Card,Rep C,North
101013,2024-01-16,5349,Noor Ali,Female,20.0,Ramallah,Smartphone,Electronics,882.55,4,0.0,Cash,Rep F,North
101014,2024-06-03,5486,Maya Saleh,Female,20.0,Tulkarm,,Accessories,43.58,4,0.05,PayPal,Rep C,Central
101015,2025-04-28,5337,Mohammad Awwad,Female,64.0,Bethlehem,Keyboard,Office,214.64,4,0.1,PayPal,Rep F,South
101016,2025-02-14,5538,Khaled Khalil,Male,19.0,Nablus,Air Fryer,Home,466.89,7,0.05,Credit Card,Rep B,Central
101017,2025-09-18,5435,Lina Ali,Male,29.0,Hebron,Monitor,Office,133.88,4,0.0,PayPal,Rep B,North
101018,2025-06-19,5258,Mohammad Khalil,Female,36.0,Gaza,Coffee Maker,Home,413.68,4,0.05,Credit Card,Rep F,South
101019,2024-07-15,5025,Maya Hassan,Male,53.0,Khan Yunis,Tablet,Electronics,1016.35,3,0.0,Bank Transfer,Rep B,South
101020,2024-10-18,5574,Ahmed Ali,Male,59.0,Gaza,Monitor,Office,573.64,5,0.15,PayPal,Rep F,North
101021,2024-04-29,5584,Maya Hassan,Female,63.0,Hebron,Smartphone,Electronics,575.57,4,0.1,Bank Transfer,Rep B,South
101022,2024-03-23,5056,Dana Hassan,Female,21.0,Rafah,Tablet,Electronics,469.33,2,0.0,Credit Card,Rep F,Central
101023,2024-03-07,5394,Noor Hassan,Female,38.0,Jenin,Monitor,Office,297.43,4,0.0,Credit Card,Rep A,North
101024,2025-06-16,5135,Adam Nasser,Male,25.0,Rafah,Laptop,Electronics,540.12,4,0.1,PayPal,Rep B,Central
101025,2024-09-26,5061,Ali Khalil,Female,33.0,Jericho,Vacuum Cleaner,Home,537.12,4,0.05,Credit Card,Rep F,North
101026,2025-05-13,5218,Hala Awwad,Female,21.0,Jenin,Webcam,Office,536.93,4,0.05,Credit Card,Rep C,North
101027,2024-04-28,5133,Adam Awwad,Female,23.0,Gaza,Desk Chair,Office,55.66,7,,Bank Transfer,Rep E,South
101028,2024-08-05,5005,Noor Khalil,Female,34.0,Tulkarm,Microwave,Home,608.8,7,0.15,PayPal,Rep A,South
101029,2025-05-29,5568,Lina Hassan,Male,63.0,Ramallah,Smartphone,Electronics,87.06,5,0.05,Credit Card,Rep A,Central
101030,2024-01-17,5383,Sami Saleh,Male,57.0,Gaza,Tablet,Electronics,1287.3,3,0.0,Credit Card,Rep E,Central
101031,2024-11-19,5302,Khaled Khalil,Male,19.0,Bethlehem,Tablet,Electronics,135.59,7,0.0,PayPal,Rep A,North
101032,2025-05-25,5423,Ahmed Ali,Female,20.0,Gaza,Laptop,Electronics,381.93,3,0.0,PayPal,Rep F,Central
101033,2024-08-02,5439,Noor Awwad,Female,34.0,Jenin,Air Fryer,Home,199.78,3,0.1,Cash,Rep A,North
101034,2025-03-31,5278,Khaled Hassan,Female,26.0,Jenin,Smartphone,Electronics,1444.25,1,0.0,Bank Transfer,Rep A,South
101035,2024-05-22,5419,Ali Saleh,Female,45.0,Tulkarm,Power Bank,Accessories,44.79,4,0.1,Credit Card,Rep F,South
101036,2025-09-25,5509,Yousef Hassan,Female,20.0,Bethlehem,USB Cable,Accessories,161.29,4,0.1,Credit Card,Rep E,South
101037,2025-03-03,5084,Lina Saleh,Male,25.0,Jericho,Vacuum Cleaner,Home,488.59,3,,PayPal,Rep E,South
101038,2024-01-05,5463,Omar Awwad,Female,48.0,Jenin,Coffee Maker,Home,132.61,4,0.0,PayPal,Rep F,South
101039,2024-12-08,5097,Ali Hassan,Female,61.0,Gaza,Smartphone,Electronics,566.49,2,0.0,Cash,Rep C,South
101040,2024-07-29,5161,Hala Ali,Female,50.0,Jenin,Phone Case,Accessories,19.05,2,0.1,Bank Transfer,Rep F,North
101041,2024-01-02,5288,Sara Awwad,Female,25.0,Khan Yunis,Headphones,Electronics,1180.26,3,0.1,Credit Card,Rep D,South
101042,2024-04-14,5493,Hala Ali,Male,22.0,Nablus,Laptop,Electronics,605.41,3,0.15,PayPal,Rep F,South
101043,2025-05-09,5039,Omar Hassan,Male,32.0,Jericho,Webcam,Office,342.11,4,0.0,PayPal,Rep D,North
101044,2024-03-14,5460,Lina Khalil,Female,64.0,Bethlehem,Keyboard,Office,114.85,4,0.0,PayPal,Rep C,South
101045,2024-02-05,5463,Noor Ali,Male,59.0,Jenin,Coffee Maker,Home,492.41,2,0.0,Cash,Rep D,Central
101046,2024-10-25,5034,Ahmed Awwad,Female,46.0,Jenin,USB Cable,Accessories,33.88,4,0.1,PayPal,Rep E,North
101047,2024-03-28,5455,Omar Khalil,Female,27.0,Rafah,Vacuum Cleaner,Home,206.39,7,0.05,Credit Card,Rep B,Central
101048,2025-01-12,5388,Adam Khalil,Male,48.0,Rafah,Smartphone,Electronics,88.64,4,0.2,PayPal,Rep B,Central
101049,2024-07-07,5178,Maya Saleh,Female,50.0,Ramallah,Printer,Office,525.9,8,0.15,PayPal,Rep F,South
101050,2024-01-01,5332,Ali Awwad,Female,46.0,Ramallah,Smartphone,Electronics,1042.42,4,0.05,Cash,Rep F,South
101051,2025-08-14,5130,Ali Saleh,Female,20.0,Bethlehem,Monitor,Office,352.95,4,0.15,Cash,Rep B,South
101052,2025-07-21,5567,Ali Hassan,Male,37.0,Rafah,Coffee Maker,Home,397.78,5,0.15,PayPal,,North
101053,2025-11-08,5435,Sara Ali,Female,54.0,Rafah,Keyboard,Office,195.77,3,0.2,PayPal,Rep B,North
101054,2024-11-12,5111,Dana Ali,Male,22.0,Hebron,Air Fryer,Home,50.67,4,0.0,Credit Card,Rep F,South
101055,2025-07-06,5330,Maya Nasser,Male,53.0,Jenin,Smart Watch,Electronics,354.6,4,0.15,Credit Card,Rep E,South
101056,2024-12-15,5282,Yousef Khalil,Male,22.0,Rafah,Printer,Office,295.26,1,0.1,Credit Card,Rep E,South
101057,2024-01-26,5566,Sara Ali,Male,58.0,Nablus,Headphones,Electronics,1185.61,3,0.1,Bank Transfer,Rep D,Central
101058,2025-11-24,5369,Hala Nasser,Female,31.0,Rafah,Monitor,Office,339.89,4,0.0,Cash,Rep E,North
101059,2024-06-03,5504,Mohammad Hassan,Male,54.0,Rafah,Microwave,Home,291.67,6,0.15,Credit Card,Rep E,Central
101060,2024-06-19,5584,Mohammad Hassan,Male,43.0,Ramallah,Webcam,Office,68.31,1,0.1,Cash,Rep D,North
101061,2025-04-30,5516,Ali Saleh,Female,26.0,Bethlehem,Tablet,Electronics,833.07,4,0.15,PayPal,Rep C,South
101062,2025-05-22,5413,Sami Nasser,Male,38.0,Tulkarm,Laptop,Electronics,1321.2,5,0.1,Cash,Rep C,Central
101063,2024-05-29,5513,Yousef Awwad,Male,55.0,Nablus,Laptop,Electronics,775.97,1,0.0,Cash,Rep D,North
101064,2024-08-03,5231,Yousef Awwad,Male,59.0,Khan Yunis,Laptop,Electronics,1043.26,5,0.2,Credit Card,Rep E,Central
101065,2024-06-08,5492,Lina Khalil,Male,48.0,Ramallah,Smartphone,Electronics,411.68,5,0.0,Cash,Rep D,Central
101066,2025-05-05,5150,Ali Nasser,Male,60.0,Gaza,Smart Watch,Electronics,306.22,4,0.0,Cash,Rep F,North
101067,2025-06-07,5547,Khaled Nasser,Female,38.0,Jenin,Smartphone,Electronics,429.07,5,0.1,Credit Card,Rep E,Central
101068,2024-02-01,5123,Khaled Ali,Female,32.0,Nablus,Air Fryer,Home,190.22,8,0.1,PayPal,Rep D,North
101069,2025-12-24,5584,Sara Saleh,Male,36.0,Rafah,Smart Watch,Electronics,234.37,5,0.0,Credit Card,Rep C,Central
101070,2025-12-31,5571,Noor Nasser,Female,23.0,Tulkarm,Keyboard,Office,405.59,4,0.0,Credit Card,Rep C,North
101071,2024-07-22,5025,Rana Awwad,Male,21.0,Rafah,Monitor,Office,426.48,7,0.15,PayPal,Rep D,Central
101072,2025-06-19,5355,Adam Hassan,Male,36.0,Ramallah,Tablet,Electronics,744.65,2,0.1,Bank Transfer,Rep C,South
101073,2024-10-15,5570,Ahmed Awwad,Female,59.0,Bethlehem,Webcam,Office,79.49,3,0.0,Credit Card,Rep A,South
101074,2025-09-22,5325,Yousef Saleh,Male,31.0,Khan Yunis,Keyboard,Office,408.73,4,0.05,PayPal,Rep E,North
101075,2024-12-09,5524,Ali Awwad,Male,34.0,Ramallah,Air Fryer,Home,583.17,4,0.1,PayPal,Rep F,South
101076,2024-08-21,5376,Sara Nasser,Male,38.0,Hebron,Smartphone,Electronics,80.17,1,0.05,PayPal,Rep F,South
101077,2024-09-18,5365,Ahmed Nasser,Male,22.0,Tulkarm,Air Fryer,Home,313.01,7,0.15,Cash,Rep D,South
101078,2025-06-12,5186,Sami Nasser,Male,41.0,Jericho,Laptop,Electronics,234.48,4,0.1,Cash,Rep D,North
101079,2024-10-18,5261,Dana Saleh,Male,23.0,Khan Yunis,Vacuum Cleaner,Home,136.92,4,0.0,Cash,Rep A,South
101080,2025-12-26,5306,Ali Nasser,Female,40.0,Nablus,Smartphone,Electronics,610.09,3,0.0,Cash,Rep C,Central
101081,2025-05-23,5572,Dana Hassan,Male,32.0,Nablus,Vacuum Cleaner,Home,340.31,2,0.05,Credit Card,Rep A,South
101082,2024-01-30,5097,Maya Saleh,Male,20.0,Jericho,USB Cable,Accessories,43.76,5,0.1,Cash,Rep B,Central
101083,2024-11-04,5538,Mohammad Ali,Female,41.0,Hebron,Phone Case,Accessories,76.79,5,0.05,PayPal,Rep C,Central
101084,2024-04-06,5346,Noor Saleh,Male,48.0,Jenin,Laptop,Electronics,965.03,5,0.05,Credit Card,Rep D,Central
101085,2025-12-13,5386,Ahmed Hassan,Male,27.0,Rafah,Mouse,Accessories,61.47,7,0.1,Cash,Rep B,Central
101086,2025-09-26,5498,Ali Hassan,Male,20.0,Hebron,Headphones,Electronics,95.57,6,0.0,Credit Card,Rep A,South
101087,2025-09-24,5320,Sami Nasser,Female,42.0,Rafah,Coffee Maker,Home,697.46,2,0.15,Cash,Rep D,South
101088,2025-05-16,5133,Dana Khalil,Female,40.0,Hebron,Microwave,Home,304.26,1,0.0,Credit Card,Rep A,North
101089,2024-06-26,5342,Sami Ali,Male,61.0,Khan Yunis,Mouse,Accessories,99.19,6,0.1,PayPal,Rep A,Central
101090,2024-02-20,5309,Omar Saleh,Male,30.0,Bethlehem,Headphones,Electronics,201.22,4,0.15,Cash,Rep D,North
101091,2025-08-13,5440,Ahmed Hassan,Male,55.0,Rafah,Coffee Maker,Home,338.61,8,0.0,Credit Card,Rep D,Central
101092,2025-05-01,5177,Ahmed Awwad,Female,46.0,Jenin,Tablet,Electronics,1474.82,5,0.0,Credit Card,Rep C,North
101093,2025-12-23,5020,Adam Nasser,Male,57.0,Rafah,Monitor,Office,69.09,3,0.15,Credit Card,Rep D,South
101094,2024-09-02,5014,Mohammad Awwad,Female,18.0,Ramallah,Power Bank,Accessories,34.71,1,,Cash,Rep A,South
101095,2024-04-25,5404,Sara Hassan,Female,39.0,Nablus,Vacuum Cleaner,Home,677.31,2,0.0,Cash,Rep E,South
101096,2024-08-23,5277,Lina Awwad,Female,36.0,Tulkarm,Webcam,Office,335.54,3,0.2,Cash,Rep B,Central
101097,2025-12-22,5598,Maya Saleh,Female,51.0,Tulkarm,Mouse,Accessories,51.82,3,0.05,Cash,Rep A,North
101098,2024-12-20,5485,Ali Hassan,Female,50.0,Hebron,Laptop,Electronics,687.32,4,0.2,PayPal,Rep E,South
101099,2025-04-10,5170,Dana Khalil,Female,57.0,Nablus,Laptop,Electronics,902.49,1,0.1,Credit Card,Rep C,North
101100,2024-07-09,5461,Ali Awwad,Female,38.0,Ramallah,Smartphone,Electronics,1177.87,2,0.05,Cash,Rep E,North
101101,2025-03-19,5434,Ali Khalil,Male,64.0,Ramallah,Blender,Home,218.48,5,0.0,Credit Card,Rep B,South
101102,2025-02-01,5131,Omar Khalil,Female,23.0,Gaza,Phone Case,Accessories,55.19,3,0.2,Bank Transfer,Rep C,North
101103,2024-06-16,5368,Sami Khalil,Male,62.0,Hebron,Smartphone,Electronics,688.68,6,0.1,Credit Card,Rep E,Central
101104,2024-07-17,5077,Ahmed Awwad,Female,46.0,Khan Yunis,Keyboard,Office,77.47,3,0.1,Cash,Rep A,Central
101105,2024-12-20,5578,Hala Awwad,Male,34.0,Tulkarm,Vacuum Cleaner,Home,152.69,6,0.05,Bank Transfer,Rep E,Central
101106,2024-05-09,5581,Hala Awwad,Female,21.0,Jericho,Coffee Maker,Home,273.22,5,0.0,Cash,Rep E,North
101107,2024-03-19,5482,Sara Awwad,Female,40.0,Gaza,Tablet,Electronics,1392.89,5,0.0,Cash,Rep F,Central
101108,2024-08-21,5390,Sami Nasser,Female,32.0,Hebron,Tablet,Electronics,1078.8,3,0.1,Credit Card,Rep A,North
101109,2025-11-28,5287,Omar Saleh,Female,30.0,Ramallah,Monitor,Office,330.97,3,0.05,PayPal,Rep F,North
101110,2024-06-11,5275,Adam Khalil,Male,61.0,Jericho,Webcam,Office,226.99,4,,Bank Transfer,Rep E,North
101111,2024-08-07,5038,Dana Nasser,Male,28.0,Rafah,Laptop,Electronics,598.84,3,0.15,Credit Card,Rep D,South
101112,2025-12-07,5293,Ahmed Khalil,Male,55.0,Gaza,Vacuum Cleaner,Home,370.57,2,0.05,Credit Card,Rep C,South
101113,2025-08-24,5539,Lina Awwad,Male,65.0,Khan Yunis,Mouse,Accessories,13.54,4,0.0,Cash,Rep B,South
101114,2024-03-25,5010,Sara Hassan,Female,26.0,Bethlehem,Air Fryer,Home,194.49,3,0.1,Credit Card,Rep D,Central
101115,2025-06-25,5009,Maya Hassan,Female,57.0,Bethlehem,Coffee Maker,Home,196.37,5,0.2,Bank Transfer,Rep A,North
101116,2025-07-31,5360,Yousef Ali,Male,65.0,Gaza,Laptop,Electronics,467.14,4,0.0,Bank Transfer,Rep C,South
101117,2025-06-10,5503,Khaled Hassan,Female,48.0,Hebron,Mouse,Accessories,13.92,3,0.0,Credit Card,Rep D,South
101118,2024-12-04,5266,Noor Nasser,Female,47.0,Ramallah,Tablet,Electronics,544.08,2,0.1,PayPal,Rep C,Central
101119,2024-09-25,5346,Ali Khalil,Female,31.0,Bethlehem,Air Fryer,Home,620.18,3,0.0,Credit Card,Rep B,South
101120,2024-07-24,5489,Rana Awwad,Male,33.0,Khan Yunis,Smartphone,Electronics,211.84,4,0.0,Cash,Rep E,South
101121,2025-05-30,5221,,Female,38.0,Jenin,Headphones,Electronics,344.91,4,0.05,Credit Card,Rep B,North
101122,2025-10-19,5554,Lina Ali,Male,43.0,Khan Yunis,Microwave,Home,475.03,1,0.05,Credit Card,Rep B,Central
101123,2024-07-17,5488,Sara Awwad,Male,62.0,Khan Yunis,Microwave,Home,659.67,5,0.15,Credit Card,Rep B,South
101124,2024-01-08,5172,Sara Ali,Male,36.0,Ramallah,Blender,Home,170.41,3,0.05,Bank Transfer,Rep E,South
101125,2024-12-02,5121,Dana Saleh,Male,24.0,Ramallah,Mouse,Accessories,158.09,3,0.0,Credit Card,Rep D,Central
101126,2025-10-01,5333,Sami Khalil,Female,55.0,Khan Yunis,Air Fryer,Home,576.19,4,0.15,Credit Card,Rep A,Central
101127,2025-06-10,5279,Omar Nasser,Male,44.0,Jenin,USB Cable,Accessories,65.74,4,0.1,Credit Card,Rep C,North
101128,2025-03-19,5496,Sara Ali,Female,19.0,Ramallah,Headphones,Electronics,599.7,3,0.1,Bank Transfer,Rep D,South
101129,2024-02-19,5295,Lina Hassan,Female,32.0,Hebron,Blender,Home,493.34,4,0.1,PayPal,Rep A,South
101130,2025-08-31,5469,Sara Nasser,Female,22.0,Gaza,Power Bank,Accessories,32.22,6,0.05,Credit Card,Rep C,North
101131,2025-05-15,5066,Maya Saleh,Male,44.0,Ramallah,Power Bank,Accessories,145.07,3,0.1,Credit Card,Rep A,Central
101132,2025-08-11,5469,Khaled Nasser,Male,62.0,Bethlehem,Laptop,Electronics,1185.54,6,0.05,Credit Card,Rep B,North
101133,2025-10-19,5334,Hala Hassan,Female,61.0,Tulkarm,Phone Case,Accessories,110.54,6,0.0,Cash,Rep F,South
101134,2025-02-27,5547,Yousef Nasser,Male,64.0,Jenin,Air Fryer,Home,474.13,4,0.05,PayPal,Rep A,Central
101135,2024-07-23,5415,Noor Awwad,Male,27.0,Bethlehem,Vacuum Cleaner,Home,372.36,2,0.15,Cash,Rep B,South
101136,2024-11-21,5590,Mohammad Awwad,Female,47.0,Nablus,Keyboard,Office,161.46,3,0.15,Credit Card,Rep A,North
101137,2025-08-23,5177,Noor Nasser,Female,57.0,Jenin,Mouse,Accessories,167.5,5,0.0,Cash,Rep C,Central
101138,2024-09-10,5283,Noor Nasser,Male,61.0,Jericho,Coffee Maker,Home,366.67,7,0.1,PayPal,Rep F,North
101139,2025-03-31,5531,Lina Hassan,Female,21.0,Nablus,Coffee Maker,Home,698.29,7,0.1,PayPal,Rep C,Central
101140,2025-06-14,5332,Dana Khalil,Male,53.0,Rafah,Mouse,Accessories,75.71,3,0.05,Credit Card,Rep B,South
101141,2025-05-20,5121,Khaled Hassan,Female,19.0,Nablus,Monitor,Office,536.26,2,0.1,Cash,Rep A,South
101142,2024-02-25,5092,Omar Awwad,Male,39.0,Rafah,USB Cable,Accessories,17.06,2,0.1,Cash,Rep D,Central
101143,2025-04-06,5117,Sara Saleh,Male,24.0,Gaza,Smart Watch,Electronics,402.01,4,0.2,Bank Transfer,Rep B,South
101144,2025-08-09,5343,Noor Ali,Female,57.0,Nablus,Vacuum Cleaner,Home,696.81,3,0.1,Bank Transfer,Rep F,Central
101145,2025-05-28,5321,Ali Hassan,Male,58.0,Tulkarm,Monitor,Office,547.61,6,0.2,Credit Card,Rep A,North
101146,2025-04-27,5132,Rana Ali,Female,46.0,Jericho,Tablet,Electronics,889.57,2,0.15,Credit Card,Rep A,South
101147,2025-01-21,5382,Omar Ali,Male,33.0,Bethlehem,Phone Case,Accessories,160.84,3,0.0,Cash,Rep D,North
101148,2024-01-21,5316,Ali Nasser,Male,58.0,Gaza,Laptop,Electronics,503.44,6,0.1,Cash,Rep F,Central
101149,2025-10-09,5182,Lina Ali,Female,38.0,Bethlehem,Air Fryer,Home,398.56,4,0.1,Credit Card,Rep E,North
101150,2024-03-10,5015,Maya Saleh,Female,19.0,Nablus,Webcam,Office,323.85,5,,Credit Card,Rep B,North
101151,2024-01-29,5279,Maya Ali,Male,62.0,Hebron,Blender,Home,493.93,4,0.15,Cash,Rep A,North
101152,2025-02-01,5199,Adam Awwad,Male,31.0,Gaza,Webcam,Office,483.97,4,0.0,Cash,Rep F,North
101153,2024-03-21,5384,Omar Ali,Male,35.0,Jenin,USB Cable,Accessories,57.01,3,0.0,Cash,Rep B,South
101154,2025-09-16,5318,Hala Nasser,Female,59.0,Ramallah,Air Fryer,Home,96.54,7,0.0,Credit Card,Rep D,South
101155,2025-07-08,5454,Adam Hassan,Male,32.0,Tulkarm,Desk Chair,Office,588.05,4,0.15,Credit Card,Rep D,Central
101156,2024-02-28,5358,Sami Ali,Male,35.0,Ramallah,Laptop,Electronics,225.14,2,0.15,Credit Card,Rep D,North
101157,2025-09-29,5302,Dana Awwad,Female,42.0,Nablus,Phone Case,Accessories,51.04,2,0.0,Cash,Rep C,South
101158,2025-03-02,5317,Hala Khalil,Male,50.0,Tulkarm,Coffee Maker,Home,102.66,3,0.2,PayPal,Rep D,South
101159,2025-05-13,5230,Ahmed Ali,Female,59.0,Ramallah,Smartphone,Electronics,545.91,6,0.0,Cash,Rep E,North
101160,2024-08-13,5345,Sami Hassan,Female,48.0,Jenin,Blender,Home,362.31,1,0.1,Credit Card,Rep A,Central
101161,2024-03-05,5363,Omar Khalil,Male,25.0,Hebron,Printer,Office,479.63,5,0.2,Credit Card,Rep F,Central
101162,2025-05-11,5089,Yousef Ali,Male,38.0,Gaza,Laptop,Electronics,436.14,3,0.1,PayPal,Rep D,North
101163,2025-01-08,5450,Omar Ali,Male,42.0,Jericho,Mouse,Accessories,14.3,4,0.05,Bank Transfer,Rep E,North
101164,2025-03-31,5067,Omar Ali,Female,58.0,Jericho,Coffee Maker,Home,579.53,2,0.0,Bank Transfer,Rep F,North
101165,2025-10-22,5576,Hala Hassan,Female,63.0,Nablus,Printer,Office,44.98,4,0.05,Credit Card,Rep D,North
101166,2025-03-24,5407,Maya Awwad,Female,36.0,Bethlehem,Backpack,Accessories,134.85,2,0.05,Credit Card,Rep C,South
101167,2025-02-27,5469,Mohammad Awwad,Male,24.0,Jenin,Smartphone,Electronics,908.45,8,0.0,Credit Card,Rep A,North
101168,2025-03-02,5221,Sami Hassan,Female,57.0,Jenin,Smartphone,Electronics,100.27,6,0.0,Credit Card,Rep E,North
101169,2025-09-12,5309,Ali Awwad,Male,60.0,Bethlehem,Keyboard,Office,571.84,4,0.05,Cash,Rep E,Central
101170,2024-09-29,5422,Lina Hassan,Female,31.0,Khan Yunis,Mouse,Accessories,51.51,5,0.1,Bank Transfer,Rep A,South
101171,2025-12-04,5559,Lina Saleh,Male,22.0,Bethlehem,Coffee Maker,Home,593.18,4,0.05,Bank Transfer,Rep C,Central
101172,2024-06-21,5561,Mohammad Awwad,Male,55.0,Hebron,Tablet,Electronics,555.21,3,0.15,Credit Card,Rep F,South
101173,2025-05-23,5486,Yousef Khalil,Female,45.0,Jericho,Smartphone,Electronics,114.13,4,0.0,PayPal,Rep A,South
101174,2024-03-29,5100,Lina Hassan,Male,54.0,Ramallah,Power Bank,Accessories,24.08,2,0.0,Bank Transfer,Rep B,South
101175,2024-10-13,5572,Ahmed Khalil,Male,46.0,Bethlehem,Tablet,Electronics,1084.32,1,0.05,Cash,Rep B,South
101176,2025-10-26,5090,Sami Saleh,Female,,Gaza,Air Fryer,Home,187.03,4,0.1,PayPal,Rep B,South
101177,2025-03-22,5146,Lina Ali,Female,59.0,Jericho,Coffee Maker,Home,441.53,1,0.1,Credit Card,Rep C,North
101178,2024-05-14,5083,Adam Nasser,Male,30.0,Nablus,Smartphone,Electronics,123.87,2,0.0,Credit Card,Rep C,North
101179,2024-01-10,5264,Noor Nasser,Female,20.0,Ramallah,Blender,Home,361.38,5,0.15,Credit Card,Rep E,North
101180,2025-10-22,5111,Sara Awwad,Male,55.0,Rafah,Monitor,Office,177.65,2,0.15,Credit Card,Rep B,Central
101181,2024-05-12,5189,Mohammad Ali,Female,45.0,Khan Yunis,Webcam,Office,225.15,4,0.0,Credit Card,Rep A,Central
101182,2024-06-18,5057,Ahmed Nasser,Male,22.0,Khan Yunis,Blender,Home,49.96,4,0.05,Cash,Rep F,South
101183,2025-05-30,5550,Ali Awwad,Male,54.0,Bethlehem,Keyboard,Office,177.58,3,0.05,Credit Card,Rep F,North
101184,2024-05-05,5345,Ahmed Hassan,Male,36.0,Hebron,Microwave,Home,402.87,6,0.0,Credit Card,Rep A,Central
101185,2024-05-09,5149,Sami Hassan,Male,64.0,Hebron,Microwave,Home,431.35,2,0.0,Cash,Rep A,South
101186,2025-09-09,5589,Ali Khalil,Male,50.0,Jenin,USB Cable,Accessories,172.54,3,0.05,Bank Transfer,Rep D,Central
101187,2025-01-31,5320,Sami Awwad,Male,45.0,Ramallah,Printer,Office,427.14,5,0.0,Credit Card,Rep C,Central
101188,2025-01-21,5394,Maya Ali,Female,38.0,Jenin,Smartphone,Electronics,345.41,4,0.0,Credit Card,Rep F,Central
101189,2024-10-20,5033,Maya Ali,Male,64.0,Hebron,Smart Watch,Electronics,1036.73,5,0.1,Credit Card,Rep E,North
101190,2024-10-04,5206,Dana Awwad,Female,51.0,Khan Yunis,Laptop,Electronics,247.9,3,0.0,Credit Card,Rep D,South
101191,2025-01-24,5425,Maya Nasser,Female,33.0,Nablus,Smartphone,Electronics,165.32,8,0.05,Bank Transfer,Rep C,North
101192,2024-03-13,5215,Ali Hassan,Male,26.0,Nablus,Smartphone,Electronics,1261.99,5,0.1,PayPal,Rep D,North
101193,2025-10-19,5081,Omar Ali,Male,60.0,Rafah,Desk Chair,Office,525.48,2,0.05,PayPal,Rep D,South
101194,2024-07-19,5474,Hala Khalil,Male,47.0,Jenin,Keyboard,Office,69.44,3,0.0,Credit Card,Rep F,North
101195,2025-02-22,5472,Adam Saleh,Male,37.0,Gaza,Headphones,Electronics,105.85,2,0.05,Cash,Rep F,South
101196,2024-10-15,5462,Ahmed Nasser,Male,62.0,Bethlehem,Headphones,Electronics,744.88,6,0.1,PayPal,Rep B,Central
101197,2025-05-21,5366,Mohammad Khalil,Male,35.0,Jericho,Printer,Office,531.72,6,0.05,Credit Card,Rep C,South
101198,2025-05-23,5465,Rana Saleh,Male,52.0,Tulkarm,Vacuum Cleaner,Home,396.03,4,0.0,Credit Card,Rep F,South
101199,2024-06-13,5182,Hala Awwad,Male,59.0,Hebron,Vacuum Cleaner,Home,219.45,4,0.0,PayPal,Rep D,Central
101200,2024-07-18,5196,Sara Khalil,Male,24.0,Khan Yunis,Vacuum Cleaner,Home,697.06,2,0.15,Cash,Rep D,South
101201,2025-05-14,5252,Sara Hassan,Female,62.0,Rafah,Headphones,Electronics,692.89,6,0.05,PayPal,Rep C,South
101202,2025-08-11,5179,Ahmed Hassan,Male,39.0,Tulkarm,Tablet,Electronics,1072.23,5,0.05,Cash,Rep C,Central
101203,2025-05-14,5115,Adam Awwad,Male,62.0,Bethlehem,Air Fryer,Home,336.64,5,0.0,Bank Transfer,Rep A,South
101204,2024-03-05,5581,Mohammad Awwad,Female,44.0,Nablus,Monitor,Office,398.63,2,0.0,Cash,Rep E,South
101205,2025-05-17,5485,Lina Hassan,Female,49.0,Bethlehem,Smartphone,Electronics,0.0,5,0.15,PayPal,Rep B,North
101206,2025-10-30,5164,Adam Ali,Female,34.0,Bethlehem,Smart Watch,Electronics,540.43,4,0.05,Cash,Rep D,South
101207,2025-04-07,5451,Khaled Nasser,Male,55.0,Gaza,Blender,Home,64.8,4,0.15,Credit Card,Rep C,South
101208,2024-03-28,5010,Ali Hassan,Female,53.0,Hebron,Printer,Office,425.4,5,0.1,Credit Card,Rep C,North
101209,2024-07-22,5123,Sara Ali,Male,26.0,Gaza,Smartphone,Electronics,1016.63,6,0.0,Cash,Rep C,South
101210,2024-04-05,5107,Sami Khalil,Male,55.0,Khan Yunis,Phone Case,Accessories,149.91,6,0.1,Credit Card,Rep A,Central
101211,2024-12-09,5176,Lina Ali,Male,47.0,Rafah,Phone Case,Accessories,134.53,5,0.15,Cash,Rep D,South
101212,2024-10-17,5108,Sami Khalil,Female,65.0,Tulkarm,Webcam,Office,54.93,1,0.05,Credit Card,Rep F,Central
101213,2024-07-28,5089,Adam Saleh,Female,33.0,Rafah,Tablet,Electronics,946.92,2,0.1,Cash,Rep A,North
101214,2024-05-17,5135,Lina Awwad,Female,32.0,Khan Yunis,Vacuum Cleaner,Home,105.64,3,0.1,PayPal,Rep C,Central
101215,2025-09-15,5578,Khaled Saleh,Male,31.0,Rafah,Microwave,Home,273.34,5,0.05,Cash,Rep A,Central
101216,2025-03-22,5384,Dana Hassan,Male,54.0,Nablus,Mouse,Accessories,161.78,4,0.05,Bank Transfer,Rep A,North
101217,2025-10-24,5479,Noor Khalil,Female,19.0,Jenin,Keyboard,Office,90.74,5,0.1,Bank Transfer,Rep B,North
101218,2024-07-28,5133,Adam Khalil,Male,54.0,Jericho,Smart Watch,Electronics,1168.75,5,0.0,Cash,Rep D,Central
101219,2024-11-01,5002,,Male,49.0,Jenin,Webcam,Office,71.3,4,0.0,Credit Card,Rep C,North
101220,2024-04-06,5281,Dana Khalil,Female,38.0,Jericho,Microwave,Home,184.57,1,0.1,Credit Card,Rep B,South
101221,2024-07-02,5405,Hala Awwad,Male,48.0,Rafah,Coffee Maker,Home,495.1,6,0.2,Credit Card,Rep A,South
101222,2024-01-11,5553,Dana Hassan,Female,19.0,Hebron,Laptop,Electronics,321.55,4,0.05,Bank Transfer,Rep D,North
101223,2024-09-08,5044,Khaled Awwad,Male,30.0,Jericho,Webcam,Office,321.11,4,0.05,PayPal,Rep E,North
101224,2024-11-26,5205,Ahmed Hassan,Male,30.0,Jenin,Backpack,Accessories,65.6,6,0.1,Credit Card,Rep F,South
101225,2025-09-04,5484,Dana Ali,Female,25.0,Bethlehem,Vacuum Cleaner,Home,413.0,6,0.2,Cash,Rep D,Central
101226,2025-05-24,5262,Sami Awwad,Female,38.0,Bethlehem,Air Fryer,Home,80.9,4,0.15,Cash,Rep B,Central
101227,2025-08-23,5464,Noor Saleh,Male,55.0,Jericho,Backpack,Accessories,32.66,2,0.0,Credit Card,Rep B,North
101228,2024-04-12,5242,Yousef Nasser,Female,34.0,Nablus,Tablet,Electronics,1475.22,2,0.1,Credit Card,Rep D,South
101229,2025-01-09,5207,Sami Saleh,Female,38.0,Gaza,USB Cable,Accessories,76.2,8,0.0,Credit Card,Rep A,South
101230,2024-04-07,5268,Noor Saleh,Female,62.0,Khan Yunis,Smartphone,Electronics,621.23,5,0.05,Bank Transfer,Rep D,North
101231,2024-11-12,5417,Sami Nasser,Male,57.0,Jenin,,Home,119.09,6,0.1,Credit Card,Rep E,North
101232,2025-07-04,5535,Omar Nasser,Male,45.0,Gaza,Microwave,Home,391.27,5,0.1,Cash,Rep B,Central
101233,2024-01-07,5525,Dana Khalil,Female,33.0,Rafah,Smart Watch,Electronics,606.98,5,0.05,PayPal,Rep C,South
101234,2025-12-30,5321,Mohammad Saleh,Female,62.0,Tulkarm,Headphones,Electronics,274.69,4,0.0,Cash,Rep F,South
101235,2024-08-21,5540,Noor Saleh,Male,18.0,Khan Yunis,Coffee Maker,Home,621.04,1,0.1,PayPal,Rep A,South
101236,2024-03-15,5344,Sara Nasser,Female,24.0,Tulkarm,Vacuum Cleaner,Home,267.99,5,0.2,Credit Card,Rep C,Central
101237,2024-05-12,5584,Dana Khalil,Female,24.0,Tulkarm,Headphones,Electronics,369.18,4,0.2,Credit Card,Rep F,North
101238,2024-03-05,5193,Lina Nasser,Female,28.0,Khan Yunis,Microwave,Home,573.06,7,0.1,PayPal,Rep E,Central
101239,2025-09-15,5337,Maya Hassan,Female,22.0,Khan Yunis,,Home,285.6,4,0.0,PayPal,Rep A,Central
101240,2025-08-28,5370,Yousef Hassan,Female,46.0,Rafah,Tablet,Electronics,1040.97,4,0.0,Credit Card,Rep F,Central
101241,2024-06-25,5277,Sara Hassan,Female,61.0,Bethlehem,Smartphone,Electronics,1387.06,6,0.2,PayPal,Rep C,North
101242,2025-03-03,5443,Hala Saleh,Female,33.0,Khan Yunis,Laptop,Electronics,1107.72,1,0.1,Bank Transfer,Rep F,South
101243,2025-08-17,5141,Dana Khalil,Female,63.0,Hebron,Microwave,Home,607.22,6,0.05,Cash,Rep F,North
101244,2025-05-28,5017,Maya Saleh,Female,30.0,Ramallah,Printer,Office,582.16,4,0.05,Credit Card,Rep B,North
101245,2024-05-17,5574,Maya Khalil,Male,26.0,Hebron,Phone Case,Accessories,123.9,2,0.15,Credit Card,Rep B,South
101246,2025-10-07,5496,Noor Hassan,Female,30.0,Gaza,Smart Watch,Electronics,492.22,6,0.1,Bank Transfer,Rep D,Central
101247,2024-06-10,5104,Rana Saleh,Female,57.0,Ramallah,Vacuum Cleaner,Home,51.17,4,0.0,Credit Card,Rep E,Central
101248,2025-10-27,5312,Sami Hassan,Female,26.0,Jenin,Printer,Office,560.61,4,0.1,Credit Card,Rep D,North
101249,2024-12-16,5506,Mohammad Ali,Female,65.0,Nablus,Keyboard,Office,153.9,3,0.0,Cash,Rep B,North
101250,2024-01-16,5195,Maya Ali,Male,65.0,Rafah,Webcam,Office,444.68,5,0.0,Cash,Rep F,North
101251,2024-12-13,5479,Ahmed Ali,Female,39.0,Jenin,Blender,Home,495.54,5,0.0,PayPal,Rep F,South
101252,2024-01-21,5282,Lina Saleh,Male,56.0,Gaza,Desk Chair,Office,139.62,6,0.05,Credit Card,Rep D,North
101253,2024-09-01,5516,Lina Hassan,Male,43.0,Tulkarm,Desk Chair,Office,68.32,7,0.15,PayPal,Rep E,North
101254,2024-07-20,5530,Rana Khalil,Female,55.0,Jericho,Mouse,Accessories,21.23,2,0.1,PayPal,Rep A,Central
101255,2024-12-31,5340,Sara Hassan,Male,40.0,Ramallah,Headphones,Electronics,1190.21,3,0.1,Credit Card,Rep A,North
101256,2025-01-25,5520,Adam Nasser,Female,38.0,Khan Yunis,Webcam,Office,288.3,2,0.05,Credit Card,Rep A,Central
101257,2025-11-24,5461,Mohammad Nasser,Female,53.0,Jenin,Coffee Maker,Home,493.8,3,0.0,Credit Card,Rep A,South
101258,2025-07-29,5289,Ahmed Khalil,Female,22.0,Khan Yunis,Printer,Office,265.78,3,0.0,Cash,Rep E,South
101259,2025-08-17,5460,Dana Hassan,Female,29.0,Bethlehem,Microwave,Home,305.22,7,0.1,Credit Card,Rep F,South
101260,2025-03-02,5122,Yousef Saleh,Male,56.0,Gaza,Backpack,Accessories,43.86,2,0.0,Cash,Rep E,North
101261,2024-08-26,5190,Adam Nasser,Male,47.0,Hebron,Blender,Home,542.13,4,0.1,PayPal,Rep A,North
101262,2025-08-31,5046,Ahmed Nasser,Male,44.0,Jericho,Mouse,Accessories,38.58,1,0.1,Credit Card,Rep D,Central
101263,2024-12-21,5356,Dana Ali,Male,31.0,Nablus,Webcam,Office,172.56,5,0.2,PayPal,Rep C,South
101264,2024-05-22,5024,Maya Awwad,Male,40.0,Gaza,Mouse,Accessories,126.4,3,0.15,Credit Card,Rep B,Central
101265,2024-08-26,5042,Dana Saleh,Female,27.0,Jenin,Laptop,Electronics,996.53,7,0.0,Bank Transfer,Rep A,South
101266,2024-06-09,5233,Maya Ali,Female,28.0,Nablus,,Electronics,305.21,4,0.1,Cash,Rep B,North
101267,2025-01-09,5567,Ali Ali,Female,38.0,Nablus,Keyboard,Office,536.93,4,0.1,Credit Card,Rep C,South
101268,2025-03-17,5001,Khaled Ali,Male,41.0,Jenin,Laptop,Electronics,420.44,2,0.1,Credit Card,Rep B,North
101269,2025-03-30,5196,Noor Khalil,Female,61.0,Tulkarm,Laptop,Electronics,399.16,3,0.0,Bank Transfer,Rep A,North
101270,2024-05-05,5008,Sami Saleh,Female,47.0,Hebron,Backpack,Accessories,44.38,4,0.0,Cash,Rep B,South
101271,2025-12-25,5573,Sami Ali,Female,29.0,Jenin,Monitor,Office,409.96,1,0.05,Credit Card,Rep A,South
101272,2025-04-18,5387,Rana Hassan,Female,45.0,Tulkarm,Microwave,Home,424.78,2,0.1,PayPal,Rep C,Central
101273,2025-07-25,5054,Rana Khalil,Female,27.0,Jenin,Smart Watch,Electronics,532.81,2,0.05,Credit Card,Rep B,Central
101274,2025-11-22,5418,Sara Ali,Male,56.0,Gaza,Blender,Home,265.97,3,0.2,Bank Transfer,Rep C,Central
101275,2024-04-20,5224,Maya Hassan,Female,28.0,Ramallah,Webcam,Office,433.63,8,0.1,Credit Card,Rep C,North
101276,2024-10-08,5549,Khaled Awwad,Male,59.0,Gaza,Monitor,Office,239.74,5,0.05,Cash,Rep A,North
101277,2024-04-27,5365,Hala Nasser,Female,47.0,Ramallah,Microwave,Home,122.97,4,0.1,Credit Card,Rep C,Central
101278,2025-04-23,5164,Ali Hassan,Male,33.0,Jenin,Vacuum Cleaner,Home,385.64,1,0.0,Credit Card,Rep C,South
101279,2024-03-06,5592,Adam Khalil,Female,56.0,Gaza,Blender,Home,404.18,8,0.0,Credit Card,Rep F,South
101280,2024-06-06,5548,Adam Nasser,Female,21.0,Ramallah,Laptop,Electronics,696.39,2,0.05,Credit Card,Rep A,South
101281,2025-08-23,5588,Rana Ali,Female,28.0,Gaza,Keyboard,Office,58.44,4,0.05,Bank Transfer,Rep D,Central
101282,2025-07-09,5062,Lina Awwad,Male,43.0,Bethlehem,Microwave,Home,680.04,2,0.15,Credit Card,Rep C,South
101283,2024-08-19,5212,Sami Hassan,Male,59.0,Rafah,Smart Watch,Electronics,1206.08,8,0.15,Credit Card,Rep F,South
101284,2025-05-14,5121,Sara Awwad,Male,64.0,Hebron,Phone Case,Accessories,13.71,4,0.0,PayPal,Rep E,Central
101285,2025-10-16,5315,Omar Awwad,Female,20.0,Hebron,Power Bank,Accessories,123.06,6,0.1,Cash,Rep A,North
101286,2024-04-06,5478,Mohammad Nasser,Female,37.0,Nablus,Tablet,Electronics,1435.02,6,0.0,PayPal,Rep A,Central
101287,2025-06-05,5149,Sara Hassan,Male,46.0,Gaza,Desk Chair,Office,333.45,5,0.1,Bank Transfer,Rep A,North
101288,2025-03-13,5516,Ahmed Ali,Female,32.0,Hebron,Smart Watch,Electronics,1062.28,1,0.2,Credit Card,Rep C,North
101289,2024-08-04,5453,Lina Saleh,Male,53.0,Ramallah,Headphones,Electronics,696.76,3,0.0,Cash,Rep C,South
101290,2025-04-09,5132,Ahmed Saleh,Male,42.0,Gaza,Coffee Maker,Home,291.42,3,0.05,Cash,Rep B,North
101291,2025-06-13,5241,Khaled Saleh,Male,55.0,Rafah,Tablet,Electronics,565.22,3,0.0,Cash,Rep E,North
101292,2024-05-16,5473,Sami Khalil,Female,57.0,Khan Yunis,USB Cable,Accessories,75.71,3,0.0,PayPal,Rep B,South
101293,2024-10-24,5038,Khaled Khalil,Female,61.0,Bethlehem,Blender,Home,291.68,5,0.1,Bank Transfer,Rep B,North
101294,2024-09-10,5385,Sami Ali,Female,34.0,Ramallah,Headphones,Electronics,1110.57,2,0.1,Credit Card,Rep C,Central
101295,2024-07-25,5481,Sara Ali,Male,20.0,Hebron,Webcam,Office,140.29,6,0.0,Credit Card,Rep A,South
101296,2025-08-25,5381,Noor Nasser,Female,65.0,Jenin,Backpack,Accessories,116.69,4,0.0,Credit Card,Rep B,South
101297,2025-03-21,5074,Lina Khalil,Male,39.0,Tulkarm,Tablet,Electronics,246.0,4,0.1,Cash,Rep D,North
101298,2025-10-01,5027,Khaled Awwad,Female,38.0,Bethlehem,Coffee Maker,Home,108.27,3,0.0,Credit Card,Rep B,Central
101299,2025-05-11,5306,Dana Khalil,Male,29.0,Ramallah,Tablet,Electronics,312.47,1,0.1,Bank Transfer,Rep F,North
101300,2024-10-03,5584,Ahmed Ali,Female,33.0,Rafah,Smart Watch,Electronics,747.87,5,0.1,PayPal,Rep E,South
101301,2024-12-14,5067,Sara Saleh,Female,44.0,Bethlehem,Tablet,Electronics,417.85,8,0.05,Credit Card,Rep B,North
101302,2025-05-30,5104,,Male,64.0,Khan Yunis,Smartphone,Electronics,1355.53,4,0.1,PayPal,Rep D,North
101303,2024-03-14,5438,Ahmed Hassan,Male,23.0,Rafah,Printer,Office,306.06,2,0.05,Credit Card,Rep F,Central
101304,2025-11-30,5120,Omar Ali,Male,26.0,Rafah,Laptop,Electronics,587.9,5,0.1,Cash,Rep E,South
101305,2025-08-29,5495,Lina Nasser,Male,20.0,Khan Yunis,Microwave,Home,280.73,4,0.0,Cash,Rep C,North
101306,2024-02-24,5153,Hala Awwad,Female,28.0,Gaza,Backpack,Accessories,22.88,1,0.05,Cash,Rep B,South
101307,2025-03-31,5323,Yousef Hassan,Female,52.0,Gaza,Headphones,Electronics,265.22,5,0.1,Cash,Rep F,Central
101308,2024-07-19,5276,Yousef Ali,Female,39.0,Hebron,Headphones,electronics,856.24,6,0.2,Credit Card,Rep E,Central
101309,2024-03-27,5385,Rana Awwad,Male,39.0,Ramallah,Headphones,Electronics,424.24,2,0.05,PayPal,Rep A,Central
101310,2025-07-08,5017,Ali Khalil,Male,24.0,Jenin,Headphones,Electronics,513.34,4,0.0,,Rep D,Central
101311,2025-02-12,5471,Maya Nasser,Male,55.0,Tulkarm,Tablet,Electronics,890.19,6,0.0,Credit Card,Rep A,South
101312,2024-08-06,5454,Ahmed Khalil,Female,42.0,Jericho,Printer,Office,0.0,4,0.05,Credit Card,Rep B,South
101313,2025-05-09,5493,Lina Hassan,Male,33.0,Rafah,Coffee Maker,Home,596.36,5,0.0,Credit Card,Rep B,South
101314,2024-09-12,5456,Sami Hassan,Male,62.0,Rafah,Microwave,Home,354.79,8,0.1,Cash,Rep F,North
101315,2025-07-14,5428,Mohammad Ali,Male,24.0,Khan Yunis,USB Cable,Accessories,81.67,4,2.0,Bank Transfer,Rep C,North
101316,2025-12-15,5378,Rana Ali,Female,55.0,Bethlehem,Printer,Office,236.09,6,0.0,Cash,Rep E,Central
101317,2024-08-15,5428,Khaled Ali,Female,18.0,Tulkarm,Mouse,Accessories,162.69,2,0.1,Credit Card,Rep E,North
101318,2024-07-28,5211,Yousef Saleh,Male,52.0,Gaza,Backpack,Accessories,48.77,5,0.0,PayPal,Rep C,North
101319,2024-06-21,5193,,Female,35.0,Rafah,Air Fryer,Home,498.63,5,0.05,Credit Card,Rep B,South
101320,2024-08-31,5393,Khaled Nasser,Male,,Rafah,Tablet,Electronics,611.72,8,0.0,Credit Card,Rep B,North
101321,2025-02-18,5326,Adam Khalil,Male,20.0,Bethlehem,Tablet,Electronics,490.92,4,0.05,PayPal,Rep B,Central
101322,2025-06-19,5274,Maya Nasser,Male,,Jenin,Tablet,Electronics,504.13,2,0.05,Credit Card,Rep F,Central
101323,2024-09-18,5531,Khaled Ali,Male,25.0,Jenin,Blender,Home,193.59,1,0.1,Cash,Rep D,North
101324,2024-07-26,5299,Sara Nasser,Female,42.0,Rafah,Printer,Office,334.2,6,0.0,PayPal,Rep C,South
101325,2024-10-08,5394,Omar Nasser,Female,44.0,Khan Yunis,Headphones,Electronics,798.88,3,0.0,PayPal,Rep B,North
101326,2024-04-20,5527,Dana Khalil,Male,38.0,Rafah,Smartphone,Electronics,166.07,2,0.0,Cash,Rep D,South
101327,2024-10-01,5494,Lina Ali,Female,42.0,,Tablet,Electronics,725.01,6,0.1,Credit Card,Rep B,North
101328,2025-06-07,5133,Yousef Saleh,Female,32.0,Khan Yunis,Tablet,Electronics,401.57,6,0.2,Cash,Rep B,South
101329,2024-02-19,5464,Omar Hassan,Male,42.0,Rafah,Smart Watch,Electronics,435.78,3,0.0,Bank Transfer,Rep B,South
101330,2024-05-02,5096,Rana Ali,Female,19.0,Nablus,Smartphone,Electronics,427.56,4,0.1,PayPal,Rep F,Central
101331,2024-01-12,5191,Lina Nasser,Male,41.0,Jenin,Printer,Office,55.71,4,0.1,Credit Card,Rep F,South
101332,2024-08-27,5418,Sami Nasser,Female,40.0,Jenin,Desk Chair,Office,492.94,5,0.1,PayPal,Rep F,North
101333,2024-11-25,5469,Sami Khalil,Male,64.0,Gaza,Headphones,Electronics,783.57,7,0.15,Cash,Rep E,North
101334,2025-01-09,5233,Maya Ali,Female,60.0,Khan Yunis,Smart Watch,Electronics,475.75,4,0.1,Cash,Rep B,South
101335,2025-04-26,5250,Yousef Awwad,Female,30.0,Nablus,Headphones,Electronics,1409.77,3,0.05,PayPal,Rep A,Central
101336,,5261,Sara Nasser,Male,31.0,Jericho,USB Cable,Accessories,14.04,4,0.05,Cash,Rep B,Central
101337,2025-12-21,5401,Adam Saleh,Male,46.0,Gaza,Microwave,Home,365.72,3,0.0,Credit Card,Rep E,South
101338,2025-10-06,5125,Yousef Hassan,Female,48.0,Bethlehem,Microwave,Home,291.77,2,0.2,Credit Card,Rep B,Central
101339,2025-07-14,5176,Omar Awwad,Female,50.0,Ramallah,Smart Watch,Electronics,1404.88,5,0.1,Credit Card,Rep F,South
101340,2024-12-21,5024,Yousef Khalil,Male,53.0,Bethlehem,Smart Watch,Electronics,681.88,1,0.15,Credit Card,Rep B,South
101341,2024-06-21,5012,Ali Hassan,Female,20.0,Gaza,Tablet,Electronics,656.99,1,0.05,Credit Card,Rep A,Central
101342,2024-01-16,5277,Rana Ali,Female,49.0,Ramallah,Power Bank,Accessories,101.95,2,0.1,Cash,Rep F,North
101343,2025-05-21,5121,Mohammad Hassan,Female,57.0,Ramallah,Mouse,Accessories,21.88,8,0.15,PayPal,Rep B,Central
101344,2025-02-08,5492,,Male,50.0,Ramallah,Smart Watch,Electronics,621.27,5,0.15,Credit Card,Rep F,North
101345,2025-07-02,5328,Khaled Khalil,Female,39.0,Jericho,Coffee Maker,Home,445.93,6,0.05,Credit Card,Rep E,North
101346,2025-02-01,5393,Hala Khalil,Female,47.0,Khan Yunis,Webcam,Office,86.34,4,0.1,Bank Transfer,Rep C,North
101347,2025-06-26,5066,Dana Khalil,Female,48.0,Jenin,Mouse,Accessories,41.52,2,0.1,Credit Card,Rep F,North
101348,2025-11-28,5375,Rana Nasser,Female,18.0,Rafah,Blender,Home,691.63,5,0.2,Bank Transfer,Rep B,Central
101349,2024-03-07,5374,Adam Nasser,Male,20.0,Jenin,Blender,Home,203.27,7,0.0,Cash,Rep D,North
101350,2025-08-04,5370,Noor Hassan,Male,58.0,Hebron,Printer,Office,521.33,3,0.1,Bank Transfer,Rep C,South
101351,2025-03-17,5038,Lina Hassan,Male,57.0,Gaza,Air Fryer,Home,518.5,1,0.0,Bank Transfer,Rep B,North
101352,2024-01-26,5554,Omar Khalil,Male,19.0,Nablus,Coffee Maker,Home,656.99,3,0.1,Credit Card,Rep C,Central
101353,2024-06-20,5315,Sami Nasser,Male,60.0,Jenin,Vacuum Cleaner,Home,86.08,4,0.0,Credit Card,Rep A,North
101354,2025-04-29,5285,Omar Khalil,Female,35.0,Khan Yunis,Webcam,Office,495.22,6,0.05,Credit Card,Rep C,South
101355,2025-11-29,5574,Ali Ali,Female,56.0,Bethlehem,Vacuum Cleaner,Home,416.19,2,0.1,Cash,,Central
101356,2024-08-21,5055,Mohammad Saleh,Female,53.0,Rafah,Tablet,Electronics,746.77,3,0.15,Credit Card,Rep A,North
101357,2025-11-22,5184,Hala Saleh,Female,37.0,Rafah,Keyboard,Office,243.83,6,0.05,PayPal,Rep C,North
101358,2024-12-31,5351,Maya Hassan,Male,56.0,Khan Yunis,Phone Case,Accessories,170.49,2,0.05,Credit Card,Rep C,Central
101359,2025-07-29,5288,Maya Nasser,Female,58.0,Ramallah,Smartphone,Electronics,872.15,4,0.0,Cash,Rep C,South
101360,2025-08-21,5362,Sami Awwad,Female,21.0,Hebron,Smart Watch,Electronics,544.08,2,0.0,PayPal,Rep C,Central
101361,2025-12-30,5384,,Male,25.0,Gaza,Smartphone,Electronics,389.01,6,0.1,PayPal,Rep D,Central
101362,2025-08-20,5499,Ali Hassan,Female,23.0,Rafah,Headphones,Electronics,1054.18,3,0.0,Credit Card,Rep A,Central
101363,2024-09-26,5480,Ali Hassan,Male,50.0,Jenin,Blender,Home,396.21,2,0.0,Cash,Rep B,South
101364,2025-01-11,5090,Sami Khalil,Female,52.0,Hebron,Headphones,Electronics,646.84,4,0.05,Credit Card,Rep C,Central
101365,2024-06-24,5052,Khaled Nasser,Male,40.0,Jenin,Printer,Office,519.51,3,0.0,Cash,Rep F,North
101366,2025-12-30,5211,,Male,19.0,Ramallah,USB Cable,Accessories,173.9,4,0.0,PayPal,Rep A,South
101367,2024-06-02,5133,Mohammad Hassan,Female,32.0,Rafah,Printer,Office,199.09,2,0.05,Cash,Rep D,South
101368,2024-02-14,5412,Maya Nasser,Male,59.0,Gaza,Webcam,Office,160.64,1,0.2,PayPal,Rep C,North
101369,2025-06-18,5244,Hala Awwad,Female,56.0,Khan Yunis,Desk Chair,Office,474.76,7,0.1,PayPal,Rep B,Central
101370,2025-01-05,5525,Hala Nasser,Female,19.0,Khan Yunis,Blender,Home,179.89,4,0.0,Cash,Rep D,South
101371,2025-11-10,5561,Sara Hassan,Male,53.0,Rafah,Webcam,Office,102.94,5,0.1,PayPal,Rep D,North
101372,2025-09-09,5033,Maya Ali,Male,51.0,Tulkarm,Mouse,Accessories,79.46,4,0.05,Credit Card,Rep D,North
101373,2025-12-27,5101,Lina Saleh,Female,36.0,Gaza,Coffee Maker,Home,373.66,4,0.0,Credit Card,Rep A,Central
101374,2024-05-02,5410,Ahmed Ali,Female,21.0,Rafah,Headphones,Electronics,1475.63,3,0.1,Cash,Rep F,Central
101375,2025-11-04,5410,Ahmed Saleh,Female,22.0,Rafah,Desk Chair,Office,370.67,3,0.15,PayPal,Rep F,South
101376,2025-03-22,5574,Omar Awwad,Male,62.0,Hebron,Printer,Office,127.01,1,0.05,Cash,Rep E,South
101377,2025-10-31,5468,Sara Hassan,Female,55.0,Tulkarm,Mouse,Accessories,149.92,1,0.05,PayPal,Rep C,Central
101378,2024-08-13,5080,Khaled Ali,Female,50.0,Jenin,Vacuum Cleaner,Home,257.92,3,0.15,Credit Card,Rep E,Central
101379,2025-07-06,5066,Rana Hassan,Female,42.0,Jenin,Tablet,Electronics,813.05,6,0.0,Credit Card,Rep D,South
101380,2025-06-01,5015,Sara Nasser,Male,23.0,Gaza,Tablet,Electronics,310.56,2,0.2,Credit Card,Rep D,South
101381,2025-06-17,5509,Ali Saleh,Female,28.0,Nablus,Mouse,Accessories,49.05,2,0.05,Bank Transfer,Rep E,Central
101382,2025-08-31,5357,Khaled Awwad,Male,44.0,Hebron,Keyboard,Office,443.92,3,0.1,Credit Card,Rep A,Central
101383,2024-10-28,5257,Noor Awwad,Male,22.0,Ramallah,Headphones,Electronics,1224.42,3,0.0,Cash,Rep B,Central
101384,2025-01-06,5596,Sara Hassan,Female,42.0,Jenin,Webcam,Office,78.58,7,0.15,Bank Transfer,Rep D,South
101385,2024-05-09,5055,Hala Saleh,Male,32.0,Khan Yunis,Blender,Home,647.49,4,0.0,Credit Card,Rep C,North
101386,2024-01-28,5364,Dana Ali,Female,54.0,Bethlehem,Webcam,Office,122.34,5,0.0,Credit Card,Rep F,Central
101387,2025-08-02,5451,Ahmed Nasser,Male,64.0,Khan Yunis,Coffee Maker,Home,651.48,3,0.1,Credit Card,Rep D,Central
101388,2025-01-04,5014,Ali Ali,Female,40.0,Jenin,Vacuum Cleaner,Home,447.52,7,,Cash,Rep B,North
101389,2024-11-08,5584,Dana Hassan,Male,33.0,Ramallah,Webcam,Office,295.8,5,0.05,Credit Card,Rep D,South
101390,2024-06-15,5300,Ahmed Nasser,Female,53.0,Ramallah,Coffee Maker,Home,350.88,4,0.1,Credit Card,Rep F,Central
101391,2025-07-20,5597,Rana Ali,Female,24.0,Jericho,Microwave,Home,329.82,5,0.0,Bank Transfer,Rep D,North
101392,2024-09-02,5266,Ahmed Ali,Female,47.0,Tulkarm,Keyboard,Office,245.02,4,0.15,Credit Card,Rep B,North
101393,2025-06-15,5381,Sara Awwad,Male,22.0,Ramallah,Headphones,Electronics,209.81,2,0.05,Credit Card,Rep E,South
101394,2025-09-09,5392,Sami Awwad,Male,39.0,Ramallah,Power Bank,Accessories,8.04,5,0.1,Cash,Rep F,North
101395,2025-05-02,5515,Dana Hassan,Male,49.0,Jericho,Power Bank,Accessories,171.95,2,0.0,Credit Card,Rep C,Central
101396,2025-09-26,5240,Khaled Hassan,Male,,Gaza,Desk Chair,Office,240.24,6,0.0,Credit Card,Rep F,South
101397,2025-03-19,5036,Yousef Ali,Male,45.0,Nablus,Vacuum Cleaner,Home,74.84,2,0.1,Cash,Rep B,North
101398,2025-08-14,5490,Maya Awwad,Male,56.0,Khan Yunis,Vacuum Cleaner,Home,385.32,3,0.05,Credit Card,Rep D,South
101399,2024-03-20,5557,Noor Awwad,Female,43.0,Hebron,Air Fryer,Home,208.18,5,0.0,Credit Card,Rep C,Central
101400,2025-01-10,5081,Khaled Saleh,Female,36.0,Rafah,Blender,Home,190.68,3,0.0,Bank Transfer,Rep D,Central
101401,2024-01-04,5439,Khaled Ali,Male,45.0,Jenin,Monitor,Office,298.98,4,0.1,,Rep D,North
101402,2024-02-24,5077,Sami Ali,Male,19.0,Bethlehem,Laptop,Electronics,806.25,4,0.0,Credit Card,Rep C,South
101403,2024-11-02,5568,Maya Hassan,Male,19.0,Ramallah,Monitor,Office,480.33,4,0.1,Cash,Rep B,Central
101404,2025-01-13,5544,Adam Nasser,Female,51.0,Ramallah,Printer,Office,123.41,6,0.1,Bank Transfer,Rep B,North
101405,2024-04-16,5463,Dana Awwad,Female,65.0,Khan Yunis,Microwave,Home,195.01,3,0.0,Credit Card,Rep B,South
101406,2024-09-26,5537,Ali Saleh,Male,20.0,Jenin,Desk Chair,Office,144.76,4,0.1,Credit Card,Rep B,Central
101407,2024-01-15,5560,Maya Saleh,Female,53.0,Nablus,Microwave,Home,651.68,4,0.0,Credit Card,Rep C,Central
101408,2025-05-23,5188,Hala Khalil,Male,55.0,Rafah,Coffee Maker,Home,567.68,4,0.05,PayPal,Rep D,North
101409,2024-05-12,5052,Rana Khalil,Male,59.0,Ramallah,Laptop,Electronics,689.49,8,0.0,Credit Card,Rep F,South
101410,2024-08-27,5490,Noor Khalil,Male,62.0,Jericho,Monitor,Office,167.78,3,0.1,Cash,Rep E,South
101411,2025-10-17,5435,Lina Nasser,Female,63.0,Jenin,Smartphone,Electronics,830.25,5,0.0,Cash,Rep B,Central
101412,2024-01-19,5571,Ali Ali,Male,58.0,Khan Yunis,Monitor,Office,583.06,8,0.0,Credit Card,Rep D,Central
101413,2025-10-04,5023,Ahmed Hassan,Male,35.0,Jericho,Tablet,Electronics,595.2,4,0.15,Bank Transfer,Rep D,North
101414,2025-12-04,5542,Rana Hassan,Female,,Tulkarm,Coffee Maker,Home,70.08,6,0.05,PayPal,Rep A,Central
101415,2025-03-19,5259,Mohammad Hassan,Female,23.0,Jenin,Phone Case,Accessories,97.15,4,0.05,Cash,Rep D,South
101416,2025-06-07,5252,Sami Nasser,Female,25.0,Jenin,Webcam,OFFICE,69.97,2,0.1,Credit Card,Rep B,South
101417,2025-05-25,5553,Lina Ali,Male,45.0,Jenin,Tablet,Electronics,367.24,3,0.1,Credit Card,Rep E,Central
101418,2024-01-16,5456,Dana Awwad,Female,34.0,Nablus,Webcam,Office,191.96,4,0.1,PayPal,Rep A,Central
101419,2024-05-24,5415,Sara Nasser,Male,42.0,Jericho,Power Bank,Accessories,159.4,8,0.05,Bank Transfer,Rep C,Central
101420,2025-06-14,5487,Adam Saleh,Male,32.0,Ramallah,Smart Watch,Electronics,819.82,4,0.0,Cash,Rep A,South
101421,2024-12-05,5491,Ahmed Ali,Female,22.0,Ramallah,Power Bank,Accessories,120.55,6,0.2,Credit Card,Rep D,Central
101422,2024-07-30,5235,Sami Hassan,Male,40.0,Jericho,Blender,Home,599.06,2,0.05,Cash,Rep E,Central
101423,2025-02-09,5301,Rana Ali,Male,46.0,Jenin,Backpack,Accessories,149.16,4,0.0,Bank Transfer,Rep C,Central
101424,2025-10-01,5359,Yousef Ali,Female,52.0,,Coffee Maker,Home,627.13,0,0.15,Cash,Rep C,Central
101425,2025-04-16,5131,Khaled Hassan,Male,34.0,Rafah,Headphones,Electronics,312.62,1,0.0,Cash,Rep F,Central
101426,2025-02-21,5027,Yousef Nasser,Female,31.0,Ramallah,Smart Watch,Electronics,1426.1,2,0.1,Cash,Rep F,North
101427,2025-08-05,5597,Omar Saleh,Male,32.0,Gaza,USB Cable,Accessories,154.97,4,0.1,Credit Card,Rep E,Central
101428,2024-03-14,5055,Omar Saleh,Female,41.0,Jericho,Keyboard,Office,382.49,4,0.2,Credit Card,Rep F,Central
101429,2024-08-06,5589,Hala Nasser,Male,28.0,Khan Yunis,Power Bank,Accessories,41.84,2,0.0,Cash,Rep E,Central
101430,2024-04-07,5241,Rana Awwad,Male,56.0,Jenin,Smart Watch,Electronics,205.5,6,0.1,Bank Transfer,Rep D,Central
101431,2025-07-15,5262,Ahmed Nasser,Male,56.0,Hebron,Tablet,Electronics,1022.63,4,0.15,Credit Card,Rep C,North
101432,2025-11-03,5391,Ali Nasser,Female,32.0,Jericho,Blender,Home,101.55,5,0.1,Credit Card,Rep A,North
101433,2024-03-10,5370,Rana Khalil,Female,22.0,Jenin,Air Fryer,Home,158.66,4,0.15,Credit Card,Rep D,South
101434,2024-11-05,5274,Maya Nasser,Male,46.0,Khan Yunis,Desk Chair,Office,393.6,3,0.0,PayPal,Rep F,South
101435,2024-06-30,5248,Noor Hassan,Male,25.0,Rafah,Laptop,Electronics,777.12,3,0.1,Credit Card,Rep B,South
101436,,5428,Sara Ali,Male,,Rafah,Headphones,Electronics,1440.09,5,0.15,Credit Card,Rep D,South
101437,2024-04-02,5133,Noor Khalil,Male,37.0,Jenin,Blender,Home,644.68,4,0.1,Credit Card,Rep E,Central
101438,2024-10-28,5540,Yousef Khalil,Male,20.0,Jenin,Desk Chair,Office,417.75,7,0.0,Bank Transfer,Rep B,North
101439,2024-03-06,5109,Hala Saleh,Male,65.0,Hebron,Smartphone,Electronics,953.55,4,0.0,Credit Card,Rep B,Central
101440,2024-07-28,5256,Maya Awwad,Male,37.0,Khan Yunis,Coffee Maker,Home,143.68,3,0.0,Credit Card,Rep E,North
101441,2025-03-11,5280,Khaled Hassan,Male,24.0,Hebron,Laptop,Electronics,880.24,6,0.05,Credit Card,Rep A,South
101442,2025-05-16,5021,Yousef Nasser,Male,55.0,Nablus,Mouse,Accessories,27.31,4,0.15,Credit Card,Rep C,North
101443,2024-12-23,5022,Mohammad Saleh,Male,36.0,Ramallah,Smart Watch,Electronics,1095.08,3,0.0,Credit Card,Rep D,South
101444,2024-08-05,5147,Omar Nasser,Female,42.0,Bethlehem,Laptop,Electronics,1458.8,5,0.2,PayPal,Rep C,Central
101445,2024-11-28,5258,Mohammad Ali,Male,36.0,Ramallah,Smart Watch,Electronics,609.56,4,0.0,PayPal,Rep F,South
101446,2025-10-09,5569,Khaled Hassan,Male,41.0,Jenin,Tablet,Electronics,154.8,3,0.0,Credit Card,Rep F,Central
101447,2024-08-04,5479,Omar Hassan,Male,35.0,Gaza,Coffee Maker,Home,401.21,4,0.2,Credit Card,Rep E,North
101448,2024-09-13,5141,Dana Awwad,Female,24.0,Tulkarm,USB Cable,Accessories,127.48,3,0.0,Bank Transfer,Rep B,South
101449,2024-02-13,5593,Khaled Nasser,Female,25.0,Jenin,Air Fryer,Home,130.06,4,0.1,Cash,Rep E,South
101450,2024-04-16,5017,Hala Awwad,Male,33.0,Nablus,Microwave,Home,151.25,2,0.1,Cash,Rep B,North
101451,2025-06-25,5455,Sara Ali,Female,47.0,Nablus,Laptop,Electronics,1072.03,4,0.15,Credit Card,Rep B,Central
101452,2024-08-11,5555,Yousef Ali,Male,25.0,Khan Yunis,Smartphone,Electronics,1230.03,5,0.1,Credit Card,Rep D,Central
101453,2025-07-12,5003,Adam Awwad,Female,44.0,Bethlehem,Microwave,Home,169.7,4,0.15,Cash,Rep B,South
101454,2025-05-22,5527,Adam Khalil,Male,59.0,Rafah,Tablet,Electronics,619.11,3,0.05,PayPal,Rep F,Central
101455,2025-03-18,5263,Sami Nasser,Female,19.0,Khan Yunis,Air Fryer,Home,198.08,4,0.0,Cash,Rep E,South
101456,2024-07-23,5015,Sara Saleh,Female,59.0,Nablus,Desk Chair,Office,466.37,3,0.15,Credit Card,Rep E,South
101457,2025-06-02,5194,Noor Awwad,Female,40.0,Rafah,Mouse,Accessories,108.59,2,0.1,Credit Card,Rep E,South
101458,2025-03-22,5008,Dana Nasser,Male,50.0,Bethlehem,Microwave,Home,272.51,4,0.0,Credit Card,Rep E,South
101459,2025-01-19,5307,Sara Awwad,Male,63.0,Rafah,Phone Case,Accessories,114.28,5,0.0,PayPal,Rep E,Central
101460,2024-09-21,5227,Ahmed Nasser,Male,27.0,Tulkarm,Air Fryer,Home,515.65,4,0.0,Credit Card,Rep F,Central
101461,2024-03-21,5261,Khaled Hassan,Male,50.0,Jenin,Keyboard,Office,134.93,5,0.2,PayPal,Rep A,Central
101462,2025-04-18,5257,Maya Hassan,Female,56.0,Ramallah,Desk Chair,Office,493.73,3,0.05,Bank Transfer,Rep D,South
101463,2024-02-11,5194,Adam Khalil,Male,52.0,Hebron,Desk Chair,Office,483.84,2,0.1,Credit Card,Rep C,Central
101464,2024-11-11,5243,Yousef Nasser,Male,19.0,Gaza,Headphones,Electronics,986.85,2,0.2,PayPal,Rep B,South
101465,2025-08-22,5063,Lina Khalil,Female,20.0,Rafah,Keyboard,Office,88.5,4,0.0,Credit Card,Rep B,South
101466,2025-09-11,5147,Yousef Khalil,Female,63.0,Hebron,Laptop,Electronics,275.13,1,0.15,PayPal,Rep F,South
101467,2025-06-04,5253,Noor Khalil,Female,36.0,Tulkarm,Coffee Maker,Home,400.91,3,0.15,Bank Transfer,Rep D,Central
101468,2025-06-27,5126,Mohammad Awwad,Female,35.0,Rafah,Vacuum Cleaner,Home,357.74,3,0.1,PayPal,Rep F,South
101469,2025-12-01,5084,Ahmed Hassan,Male,25.0,Khan Yunis,Microwave,Home,658.23,2,0.2,Credit Card,Rep B,South
101470,2024-07-30,5432,Ali Ali,Female,24.0,Jenin,Laptop,Electronics,107.16,8,0.05,PayPal,Rep B,Central
101471,2025-11-27,5328,Noor Ali,Female,31.0,Hebron,Power Bank,Accessories,65.17,5,0.1,Bank Transfer,Rep F,Central
101472,2024-09-15,5258,Ali Nasser,Male,26.0,Rafah,Laptop,Electronics,1402.88,7,0.0,Bank Transfer,Rep F,South
101473,2025-12-22,5535,Maya Ali,Female,62.0,Gaza,Blender,Home,220.86,7,0.0,Cash,Rep F,Central
101474,2024-01-12,5520,Lina Hassan,Female,41.0,Bethlehem,Air Fryer,Home,455.92,3,0.0,Cash,Rep B,North
101475,2024-10-31,5345,Omar Nasser,Female,63.0,Khan Yunis,Vacuum Cleaner,Home,71.7,3,0.1,PayPal,Rep A,South
101476,2025-03-09,5249,Ali Awwad,Male,34.0,Gaza,Phone Case,Accessories,118.64,3,0.05,PayPal,Rep C,North
101477,2024-07-26,5060,Rana Nasser,Male,49.0,Jericho,Smart Watch,Electronics,1093.8,5,0.05,Bank Transfer,Rep E,North
101478,2024-12-16,5134,Omar Khalil,Female,28.0,Khan Yunis,Coffee Maker,Home,67.06,6,0.05,Cash,Rep A,Central
101479,2025-03-11,5216,Hala Saleh,Male,20.0,Tulkarm,Vacuum Cleaner,Home,489.08,6,0.15,Credit Card,Rep A,South
101480,2025-10-19,5462,Sara Hassan,Female,41.0,Gaza,Air Fryer,Home,522.48,4,0.05,Credit Card,Rep E,South
101481,2025-01-08,5052,Adam Ali,Male,39.0,Gaza,Smart Watch,Electronics,1208.66,2,0.0,PayPal,Rep D,Central
101482,2025-10-23,5102,Sara Ali,Male,25.0,Gaza,Microwave,Home,-50.0,5,0.0,PayPal,Rep A,South
101483,2024-06-11,5283,Lina Ali,Male,42.0,Khan Yunis,Power Bank,Accessories,131.01,3,0.05,Cash,Rep B,Central
101484,2025-12-14,5485,Rana Nasser,Male,28.0,Rafah,Smartphone,Electronics,995.85,4,0.1,Bank Transfer,Rep E,Central
101485,,5437,Adam Hassan,Male,61.0,Ramallah,Blender,Home,154.88,4,0.15,Credit Card,Rep C,South
101486,2025-01-07,5162,Omar Saleh,Male,36.0,Tulkarm,Smart Watch,Electronics,1223.2,3,0.1,Credit Card,Rep A,North
101487,2025-02-25,5338,Sara Ali,Male,57.0,Jericho,Blender,Home,682.38,8,0.1,Credit Card,Rep D,North
101488,2024-06-01,5429,Ahmed Khalil,Male,33.0,Jenin,Microwave,Home,490.42,2,0.1,Credit Card,Rep B,North
101489,2025-05-12,5416,Hala Hassan,Male,37.0,Hebron,Webcam,Office,115.14,6,0.1,PayPal,Rep B,North
101490,2025-05-16,5154,Adam Nasser,Male,41.0,Bethlehem,Headphones,Electronics,1194.47,2,0.05,PayPal,Rep C,South
101491,2025-05-27,5207,Adam Awwad,Male,47.0,Khan Yunis,Webcam,Office,191.2,3,0.0,Credit Card,Rep C,Central
101492,2024-02-29,5562,Adam Khalil,Male,56.0,Jenin,Laptop,Electronics,315.04,2,0.05,,Rep A,North
101493,2025-04-18,5361,Dana Khalil,Male,25.0,Jericho,Vacuum Cleaner,Home,260.18,3,0.05,Credit Card,Rep F,Central
101494,2025-03-13,5046,Noor Awwad,Female,65.0,Jenin,Desk Chair,Office,355.45,3,0.0,Credit Card,Rep A,South
101495,2025-04-28,5482,Rana Khalil,Male,29.0,Hebron,Blender,Home,432.91,2,0.0,Credit Card,Rep F,South
101496,2025-12-25,5037,Lina Khalil,Male,59.0,Hebron,Vacuum Cleaner,Home,681.46,5,0.15,Credit Card,Rep B,North
101497,2024-05-08,5547,Sara Ali,Male,29.0,Bethlehem,Keyboard,Office,515.36,2,0.0,Cash,Rep F,South
101498,2024-08-01,5147,Lina Ali,Female,62.0,Jenin,Headphones,Electronics,1382.91,3,0.1,Credit Card,Rep B,Central
101499,2024-12-27,5296,Sara Nasser,Female,62.0,Gaza,Smartphone,Electronics,1033.38,5,0.15,PayPal,Rep F,North
101500,2025-03-08,5572,Dana Saleh,Male,47.0,Rafah,Microwave,Home,579.45,2,0.1,Cash,Rep C,North
101501,2024-12-02,5359,Omar Saleh,Male,65.0,Bethlehem,Printer,Office,452.38,4,0.0,Bank Transfer,Rep C,Central
101502,2025-10-23,5076,Omar Khalil,Female,63.0,Ramallah,Laptop,Electronics,1495.49,6,,Credit Card,Rep D,North
101503,2025-05-20,5086,Adam Hassan,Male,53.0,Bethlehem,Blender,Home,697.73,4,0.1,Credit Card,Rep D,Central
101504,2025-05-13,5475,Rana Saleh,Male,36.0,Hebron,USB Cable,Accessories,160.56,4,0.1,Credit Card,Rep D,North
101505,2025-04-17,5138,Khaled Saleh,Female,44.0,Nablus,Coffee Maker,Home,167.06,4,0.0,Credit Card,Rep F,Central
101506,2025-09-10,5250,Noor Nasser,Female,45.0,Khan Yunis,Blender,Home,253.92,2,0.1,Credit Card,Rep B,North
101507,2024-06-10,5042,Ali Hassan,Male,62.0,Bethlehem,Microwave,Home,53.85,4,0.15,Credit Card,Rep F,Central
101508,2025-08-20,5583,Rana Khalil,Female,40.0,Jenin,Coffee Maker,Home,110.2,2,0.05,PayPal,Rep D,South
101509,2025-06-30,5355,Mohammad Awwad,Male,34.0,Tulkarm,Laptop,Electronics,999.89,1,0.05,Credit Card,Rep B,North
101510,2024-08-30,5129,Lina Saleh,Female,47.0,Jenin,Vacuum Cleaner,Home,109.05,5,0.0,Credit Card,Rep D,South
101511,2024-01-13,5257,Omar Hassan,Female,62.0,Gaza,Backpack,Accessories,147.88,4,0.1,PayPal,Rep E,South
101512,2025-03-26,5599,,Male,24.0,Hebron,Phone Case,Accessories,82.61,3,0.05,PayPal,Rep A,North
101513,2025-04-13,5155,Mohammad Ali,Male,34.0,Tulkarm,Air Fryer,Home,282.03,4,1.25,PayPal,Rep C,North
101514,2024-05-31,5551,Rana Awwad,Female,48.0,Jericho,Smartphone,Electronics,321.61,1,0.0,Credit Card,Rep C,South
101515,2025-06-06,5098,Ali Khalil,Male,42.0,Bethlehem,Vacuum Cleaner,Home,165.04,4,0.1,Cash,Rep E,South
101516,2025-01-26,5170,Rana Khalil,Female,58.0,Khan Yunis,Desk Chair,Office,254.08,4,0.1,Cash,Rep E,North
101517,2024-08-16,5250,Adam Awwad,Female,28.0,Rafah,Laptop,Electronics,755.89,3,0.1,Bank Transfer,Rep C,South
101518,2025-03-29,5267,Maya Nasser,Female,53.0,Bethlehem,Phone Case,Accessories,128.49,3,-0.1,Bank Transfer,Rep F,South
101519,2024-04-19,5570,Sami Awwad,Female,47.0,Nablus,Webcam,Office,60.13,6,0.1,PayPal,Rep D,Central
101520,2024-01-10,5542,Sami Saleh,Female,55.0,Nablus,Phone Case,Accessories,81.19,3,0.05,Credit Card,Rep A,Central
101521,2024-03-25,5590,Yousef Ali,Female,18.0,Gaza,Mouse,Accessories,150.9,7,0.15,Bank Transfer,Rep C,Central
101522,2025-11-07,5450,Maya Khalil,Male,48.0,Rafah,Tablet,Electronics,1374.72,6,0.05,Credit Card,Rep D,South
101523,2025-12-20,5085,Sami Saleh,Male,21.0,Rafah,Microwave,Home,391.7,1,0.2,Credit Card,Rep A,North
101524,2024-11-01,5367,Ali Khalil,Female,35.0,Hebron,Tablet,Electronics,537.91,4,0.1,Credit Card,Rep A,North
101525,2025-12-23,5560,Dana Hassan,Female,44.0,Jericho,USB Cable,Accessories,70.47,6,0.15,Credit Card,Rep F,North
101526,2024-12-08,5230,Adam Saleh,Female,42.0,Tulkarm,Monitor,Office,597.1,4,0.1,Cash,Rep C,South
101527,2024-11-23,5384,Noor Nasser,Female,52.0,Ramallah,,Electronics,555.97,2,0.15,Cash,Rep E,North
101528,2024-03-06,5472,Rana Khalil,Male,55.0,Jenin,Air Fryer,Home,325.23,5,0.0,Credit Card,Rep D,Central
101529,2025-07-10,5174,Adam Khalil,Female,35.0,Hebron,Webcam,Office,277.81,8,0.1,Credit Card,Rep D,North
101530,2024-09-04,5214,Noor Nasser,Female,53.0,Rafah,Mouse,Accessories,72.89,5,0.0,Bank Transfer,Rep F,South
101531,2025-02-02,5111,Maya Khalil,Male,46.0,Nablus,Laptop,Electronics,882.99,3,0.0,Cash,Rep B,North
101532,2024-01-29,5089,Adam Khalil,Male,61.0,Jericho,Keyboard,Office,283.25,6,0.1,Bank Transfer,Rep E,South
101533,2024-12-14,5588,Mohammad Saleh,Male,29.0,Rafah,Tablet,Electronics,817.62,5,0.1,Credit Card,Rep C,North
101534,2024-04-16,5241,Mohammad Saleh,Female,61.0,Jenin,Headphones,Electronics,647.81,2,0.1,Credit Card,Rep A,South
101535,2025-07-29,5048,Khaled Saleh,Female,45.0,Tulkarm,Smart Watch,Electronics,1059.83,3,0.0,Credit Card,Rep D,North
101536,2024-12-14,5031,Adam Khalil,Female,19.0,Gaza,Vacuum Cleaner,Home,578.31,5,0.0,Credit Card,Rep C,Central
101537,2024-11-19,5167,Ahmed Ali,Male,19.0,Tulkarm,Air Fryer,Home,491.32,6,0.05,Cash,Rep C,North
101538,2024-02-02,5408,Lina Khalil,Male,55.0,Bethlehem,Microwave,Home,379.41,2,0.1,Credit Card,Rep E,Central
101539,2025-09-02,5329,Mohammad Ali,Male,63.0,Ramallah,Vacuum Cleaner,Home,514.85,7,0.0,Credit Card,Rep C,Central
101540,2025-09-03,5589,Mohammad Khalil,Female,60.0,Hebron,Power Bank,Accessories,14.9,4,0.0,Credit Card,Rep E,Central
101541,2024-07-17,5418,Khaled Saleh,Male,44.0,Jericho,Laptop,Electronics,424.71,2,0.05,Bank Transfer,Rep E,Central
101542,2024-11-22,5050,Ahmed Ali,Male,25.0,Bethlehem,Monitor,Office,252.11,4,0.1,Credit Card,Rep E,Central
101543,2025-03-04,5497,Sami Ali,Male,23.0,Ramallah,Headphones,Electronics,-50.0,5,0.1,Cash,Rep A,Central
101544,2024-01-17,5575,Maya Hassan,Male,19.0,Jericho,Vacuum Cleaner,Home,535.55,5,0.15,Credit Card,Rep A,South
101545,2024-10-27,5171,Noor Nasser,Male,50.0,Bethlehem,Smart Watch,Electronics,1342.31,5,0.15,Credit Card,Rep F,South
101546,2024-07-23,5040,Yousef Saleh,Male,26.0,Rafah,Phone Case,Accessories,37.06,7,0.0,Credit Card,Rep A,South
101547,2025-03-03,5425,Mohammad Saleh,Female,64.0,Khan Yunis,Printer,Office,446.62,4,0.0,Cash,Rep F,Central
101548,2024-02-22,5179,Yousef Ali,Female,35.0,Gaza,Monitor,Office,575.08,2,0.05,Credit Card,Rep C,North
101549,2025-03-01,5354,,Female,20.0,Gaza,Headphones,Electronics,917.01,1,0.0,Bank Transfer,Rep C,South
101550,2024-05-09,5068,Maya Saleh,Male,21.0,Gaza,Air Fryer,Home,640.3,2,0.15,PayPal,Rep F,North
101551,2025-07-05,5224,Sami Saleh,Male,48.0,Nablus,Microwave,Home,435.01,3,0.05,Credit Card,Rep B,Central
101552,2025-11-23,5114,Hala Awwad,Male,18.0,Ramallah,Headphones,Electronics,1184.74,3,0.0,Bank Transfer,Rep D,North
101553,2024-01-23,5181,Rana Khalil,Female,30.0,Ramallah,Tablet,Electronics,303.17,4,0.1,Credit Card,Rep F,North
101554,2025-05-15,5459,Omar Hassan,Female,45.0,Hebron,Tablet,Electronics,1224.14,4,0.0,Credit Card,Rep C,North
101555,2025-11-11,5281,Omar Awwad,Male,35.0,Jericho,Air Fryer,Home,458.78,5,0.0,Bank Transfer,Rep C,South
101556,2024-12-21,5519,Maya Khalil,Male,38.0,Nablus,Blender,Home,58.23,5,0.0,Credit Card,Rep F,North
101557,2024-09-25,5062,Khaled Hassan,Male,22.0,Ramallah,USB Cable,Accessories,76.68,5,0.2,Cash,Rep C,North
101558,2025-01-27,5529,Ahmed Saleh,Female,63.0,Rafah,Printer,Office,261.2,4,0.05,Bank Transfer,Rep C,South
101559,2024-10-10,5225,Ahmed Nasser,Female,44.0,Hebron,Phone Case,Accessories,153.32,5,0.1,PayPal,Rep A,South
101560,2024-10-24,5470,Ahmed Ali,Male,37.0,Tulkarm,Desk Chair,Office,510.18,5,0.2,Credit Card,Rep B,South
101561,2024-07-02,5364,Ahmed Hassan,Female,24.0,Jericho,USB Cable,Accessories,83.28,6,0.0,Bank Transfer,Rep A,Central
101562,2025-12-05,5097,Mohammad Saleh,Female,51.0,Rafah,Vacuum Cleaner,Home,489.91,7,0.1,Cash,Rep D,North
101563,2024-02-08,5013,Ali Khalil,Female,51.0,Tulkarm,Vacuum Cleaner,Home,386.32,6,0.1,Cash,Rep F,North
101564,2025-09-24,5077,Hala Khalil,Male,35.0,Jenin,Vacuum Cleaner,Home,600.06,3,0.1,Credit Card,Rep C,Central
101565,2025-01-30,5092,Maya Khalil,Female,52.0,Tulkarm,Tablet,Electronics,857.86,3,0.0,Credit Card,Rep B,South
101566,2025-12-06,5366,Ali Awwad,Male,65.0,Jenin,Smart Watch,Electronics,725.98,1,0.05,Cash,Rep C,South
101567,2025-01-04,5285,Dana Khalil,Male,65.0,Hebron,Webcam,Office,549.97,3,0.0,Cash,Rep E,Central
101568,2025-08-10,5515,Ahmed Awwad,Female,25.0,Tulkarm,Blender,Home,683.88,5,0.15,Credit Card,Rep F,Central
101569,2024-04-18,5036,Sara Khalil,Female,48.0,Khan Yunis,Tablet,Electronics,1287.85,5,0.05,Credit Card,Rep D,Central
101570,2025-08-16,5263,Hala Awwad,Male,30.0,Nablus,Tablet,Electronics,1183.17,5,0.1,PayPal,Rep E,North
101571,2024-12-15,5570,Ali Hassan,Female,42.0,Gaza,Vacuum Cleaner,Home,396.47,4,0.2,Bank Transfer,Rep C,Central
101572,2024-10-14,5255,Dana Awwad,Male,23.0,Nablus,Smartphone,Electronics,1451.74,7,0.1,PayPal,Rep E,North
101573,2024-04-28,5302,Rana Ali,Male,37.0,Hebron,Keyboard,Office,106.49,-5,0.05,Cash,Rep C,South
101574,2024-05-06,5365,Ali Saleh,Male,44.0,Ramallah,Blender,Home,532.1,4,0.1,Bank Transfer,Rep A,Central
101575,2025-12-11,5361,Hala Nasser,Male,50.0,Nablus,Tablet,Electronics,1073.57,7,0.15,Credit Card,Rep C,North
101576,2025-11-23,5477,Hala Nasser,Female,56.0,Nablus,Smartphone,Electronics,94.49,3,0.0,Credit Card,Rep A,Central
101577,2025-02-14,5052,Ahmed Nasser,Female,33.0,Jericho,Air Fryer,Home,644.83,3,0.05,Credit Card,Rep D,North
101578,2025-05-19,5083,Hala Ali,Female,22.0,Khan Yunis,Phone Case,Accessories,37.0,5,0.0,Cash,Rep C,Central
101579,2024-10-20,5029,Mohammad Awwad,Female,41.0,Gaza,Laptop,Electronics,527.73,3,0.15,Credit Card,Rep F,North
101580,2024-11-10,5225,Adam Nasser,Female,65.0,Jenin,Laptop,Electronics,1432.69,6,0.0,PayPal,Rep C,North
101581,2024-12-24,5277,Mohammad Awwad,Male,28.0,Khan Yunis,Monitor,Office,281.29,5,0.1,Credit Card,Rep B,Central
101582,2025-02-07,5596,Sami Hassan,Male,35.0,Ramallah,Backpack,Accessories,40.83,3,0.0,Cash,Rep C,Central
101583,2024-05-11,5231,Maya Nasser,Female,20.0,Jenin,Smartphone,Electronics,133.91,4,0.1,Bank Transfer,Rep F,South
101584,2025-03-21,5470,Rana Saleh,Male,43.0,Gaza,Air Fryer,Home,223.85,4,0.15,PayPal,Rep E,Central
101585,2025-03-08,5145,Lina Saleh,Female,63.0,Nablus,Monitor,Office,441.03,3,0.1,Credit Card,Rep E,Central
101586,2025-02-02,5256,,Male,40.0,Rafah,Smartphone,Electronics,93.03,5,0.1,Bank Transfer,Rep D,South
101587,2024-02-02,5452,Ahmed Ali,Female,54.0,Nablus,Power Bank,Accessories,175.89,3,0.05,Credit Card,Rep D,Central
101588,2024-10-30,5296,Sami Hassan,Male,21.0,Bethlehem,Laptop,Electronics,113.15,2,0.1,Credit Card,Rep A,Central
101589,2025-08-11,5495,Lina Ali,Female,33.0,Ramallah,Headphones,Electronics,502.49,2,0.0,Credit Card,Rep F,North
101590,2025-08-22,5261,Dana Nasser,Male,39.0,Khan Yunis,Smartphone,Electronics,662.68,1,0.15,Cash,Rep A,North
101591,2024-02-04,5444,Adam Nasser,Male,63.0,Nablus,Air Fryer,Home,364.09,7,0.05,Credit Card,Rep C,North
101592,2025-04-07,5042,Khaled Khalil,Male,18.0,Jericho,Printer,Office,448.92,5,0.05,Cash,Rep B,North
101593,2024-08-30,5219,Lina Nasser,Female,64.0,Tulkarm,Vacuum Cleaner,Home,432.57,5,0.0,PayPal,Rep E,North
101594,2024-07-26,5528,Noor Hassan,Male,24.0,Jericho,Smart Watch,Electronics,1162.97,6,0.15,Bank Transfer,Rep F,North
101595,2024-10-10,5038,Noor Ali,Male,53.0,Tulkarm,Blender,Home,513.77,4,0.05,Bank Transfer,Rep E,North
101596,2025-06-15,5399,Adam Hassan,Female,27.0,Jenin,Monitor,Office,391.06,2,0.1,Credit Card,Rep F,South
101597,2025-10-15,5555,Ali Khalil,Female,37.0,Gaza,Smart Watch,Electronics,792.13,3,0.1,PayPal,Rep A,South
101598,2025-04-30,5402,Noor Saleh,Male,29.0,Tulkarm,Tablet,Electronics,536.02,3,0.05,Cash,Rep B,South
101599,2024-07-18,5242,Hala Khalil,Female,65.0,Jenin,Blender,Home,79.54,2,0.0,Credit Card,Rep C,Central
101600,2025-11-15,5561,Maya Ali,Female,45.0,Bethlehem,Coffee Maker,Home,519.28,5,0.0,Credit Card,Rep E,North
101601,2025-12-06,5018,Maya Khalil,Male,65.0,Ramallah,Microwave,Home,147.94,5,0.15,Credit Card,Rep B,South
101602,2024-07-31,5473,Ali Nasser,Female,64.0,Hebron,Headphones,Electronics,554.04,3,0.05,PayPal,Rep B,North
101603,2024-02-11,5403,Mohammad Saleh,Female,61.0,Tulkarm,Phone Case,Accessories,112.53,8,0.15,Bank Transfer,Rep E,Central
101604,2025-07-28,5221,Maya Nasser,Female,63.0,Ramallah,Smart Watch,Electronics,135.89,4,0.1,Credit Card,Rep C,Central
101605,2024-03-12,5582,Noor Saleh,Female,60.0,Gaza,Webcam,Office,133.53,3,0.0,Credit Card,Rep B,South
101606,2024-02-28,5519,Sara Saleh,Male,62.0,Nablus,Laptop,Electronics,314.5,8,0.05,Credit Card,Rep E,North
101607,2024-06-22,5452,Noor Awwad,Male,60.0,Nablus,Coffee Maker,Home,632.11,2,0.0,Credit Card,Rep D,South
101608,2025-09-15,5316,Ali Ali,Female,63.0,Ramallah,Headphones,Electronics,684.61,2,0.0,Bank Transfer,Rep E,South
101609,2024-07-06,5258,Yousef Hassan,Female,59.0,Jericho,Vacuum Cleaner,Home,69.8,1,0.1,PayPal,Rep E,North
101610,2025-04-01,5449,Ali Hassan,Male,28.0,Khan Yunis,Webcam,Office,196.16,5,0.15,Credit Card,Rep D,South
101611,2025-10-28,5229,Sara Awwad,Male,55.0,Ramallah,Air Fryer,Home,661.71,4,0.0,Credit Card,Rep A,Central
101612,2025-11-06,5437,Dana Nasser,Female,32.0,Gaza,Phone Case,Accessories,123.67,6,0.0,Cash,Rep E,South
101613,2025-12-26,5523,Ahmed Awwad,Female,28.0,Tulkarm,Laptop,Electronics,264.08,3,0.15,Cash,Rep A,Central
101614,2024-09-22,5247,Dana Saleh,Female,44.0,Jenin,Headphones,Electronics,821.59,1,0.1,Cash,Rep C,South
101615,2024-03-24,5117,Sami Nasser,Male,51.0,Jenin,Smartphone,Electronics,894.72,2,0.1,PayPal,Rep C,Central
101616,2025-02-09,5293,Adam Hassan,Male,60.0,Nablus,Microwave,Home,672.66,4,0.1,PayPal,Rep E,Central
101617,2024-06-03,5581,Noor Ali,Male,61.0,Nablus,Headphones,Electronics,130.29,5,0.1,Credit Card,Rep C,South
101618,2025-07-21,5368,Khaled Awwad,Female,30.0,Rafah,Laptop,Electronics,1488.58,5,0.2,Credit Card,Rep E,Central
101619,2025-03-03,5204,Hala Hassan,Male,19.0,Hebron,Air Fryer,Home,412.01,5,0.05,Cash,Rep D,North
101620,2024-10-31,5510,Sami Hassan,Male,24.0,Rafah,Power Bank,Accessories,171.58,5,0.05,PayPal,Rep E,South
101621,2024-09-09,5358,Sara Awwad,Male,40.0,Gaza,Blender,Home,139.58,2,0.05,Bank Transfer,Rep D,North
101622,2024-12-11,5019,Noor Khalil,Female,20.0,Rafah,Mouse,Accessories,178.52,1,0.0,Credit Card,Rep F,North
101623,2024-08-27,5287,Noor Ali,Female,23.0,Tulkarm,Blender,Home,159.5,4,0.0,Cash,Rep D,South
101624,2025-05-03,5258,Hala Ali,Male,44.0,Jenin,Phone Case,Accessories,22.32,4,0.15,Credit Card,Rep F,North
101625,2025-02-21,5327,Adam Awwad,Female,53.0,Tulkarm,Blender,Home,246.57,2,0.15,Cash,Rep E,Central
101626,2025-07-22,5347,Dana Hassan,Male,41.0,Jenin,Vacuum Cleaner,Home,43.72,8,0.2,Bank Transfer,Rep F,Central
101627,2024-10-16,5263,Ahmed Khalil,Female,38.0,Rafah,Tablet,Electronics,187.35,3,0.0,Bank Transfer,Rep D,Central
101628,2024-12-24,5360,Sara Awwad,Female,34.0,Nablus,Laptop,Electronics,995.23,5,0.1,Credit Card,Rep B,South
101629,2024-12-12,5324,Hala Khalil,Male,38.0,Tulkarm,Webcam,Office,497.41,6,0.1,Bank Transfer,Rep F,North
101630,2024-09-21,5132,Omar Saleh,Male,50.0,Rafah,Smart Watch,Electronics,1199.59,5,0.0,Credit Card,Rep C,North
101631,2024-01-08,5178,Omar Awwad,Male,62.0,Jericho,Keyboard,Office,363.76,1,0.15,Cash,Rep A,Central
101632,2024-11-01,5209,Mohammad Saleh,Female,24.0,Rafah,Microwave,Home,628.44,5,0.15,Cash,Rep F,South
101633,2024-07-12,5027,Dana Khalil,Female,30.0,Jenin,Laptop,Electronics,1092.33,5,0.0,Credit Card,Rep C,South
101634,2024-08-11,5381,Rana Nasser,Male,63.0,Hebron,Air Fryer,Home,318.87,3,0.15,Credit Card,Rep A,Central
101635,2024-02-22,5436,Dana Hassan,Male,58.0,Gaza,Headphones,Electronics,709.43,3,0.1,Bank Transfer,Rep E,North
101636,2025-02-15,5522,Lina Awwad,Male,22.0,Khan Yunis,Tablet,Electronics,392.04,3,0.15,Cash,Rep B,Central
101637,2024-11-10,5220,Maya Hassan,Male,23.0,Tulkarm,Headphones,Electronics,1035.79,1,0.05,PayPal,Rep A,North
101638,2024-02-20,5040,Sara Hassan,Male,56.0,Tulkarm,Headphones,Electronics,794.33,6,0.1,Bank Transfer,Rep C,Central
101639,2025-08-21,5319,Maya Saleh,Female,48.0,Rafah,Smart Watch,Electronics,852.38,5,0.1,Bank Transfer,Rep B,South
101640,2024-05-10,5370,Ali Saleh,Male,5.0,Ramallah,Laptop,Electronics,300.83,4,0.0,Cash,Rep B,North
101641,2024-01-08,5149,Omar Khalil,Female,64.0,Khan Yunis,Blender,Home,316.45,4,0.0,Cash,Rep B,South
101642,2025-10-19,5302,Rana Hassan,Male,19.0,Bethlehem,Backpack,Accessories,61.35,3,0.0,Credit Card,Rep A,Central
101643,2024-01-17,5260,Rana Hassan,Male,58.0,Jericho,Keyboard,Office,151.37,5,0.0,Credit Card,Rep D,North
101644,,5248,Maya Saleh,Female,47.0,Ramallah,Vacuum Cleaner,Home,617.22,1,0.05,Cash,Rep F,South
101645,2025-01-28,5396,Sami Nasser,Male,36.0,Bethlehem,Tablet,Electronics,612.78,1,0.0,Credit Card,Rep B,South
101646,2025-10-05,5573,Sami Nasser,Male,29.0,Nablus,Microwave,Home,475.64,8,0.2,Credit Card,Rep A,Central
101647,2025-04-17,5563,Omar Saleh,Female,44.0,Tulkarm,Phone Case,Accessories,22.23,4,0.05,Bank Transfer,Rep A,Central
101648,2025-06-15,5174,Maya Hassan,Female,27.0,Ramallah,Air Fryer,Home,269.74,2,0.1,Cash,Rep F,Central
101649,2025-11-01,5272,Ali Nasser,Male,32.0,Jenin,Vacuum Cleaner,Home,536.35,2,0.0,Credit Card,Rep A,North
101650,2024-04-19,5194,Adam Ali,Male,40.0,Bethlehem,Desk Chair,Office,427.68,8,0.05,Bank Transfer,Rep E,South
101651,2024-09-18,5310,Sami Awwad,Male,19.0,Khan Yunis,Vacuum Cleaner,Home,230.63,5,0.1,PayPal,Rep F,Central
101652,2025-09-23,5133,Noor Hassan,Female,48.0,Tulkarm,Printer,Office,390.72,8,0.05,Cash,Rep A,South
101653,2024-02-02,5398,,Female,40.0,Nablus,Coffee Maker,Home,417.93,6,0.05,,Rep B,North
101654,2025-08-05,5413,Noor Nasser,Female,40.0,Bethlehem,Keyboard,Office,47.87,5,0.05,PayPal,Rep E,Central
101655,2025-02-24,5264,Ahmed Saleh,Female,39.0,Ramallah,Coffee Maker,Home,612.82,5,0.1,Cash,Rep F,North
101656,2025-08-14,5564,Ahmed Nasser,Female,65.0,Gaza,Smartphone,Electronics,1266.46,5,0.05,Bank Transfer,Rep F,Central
101657,2025-11-01,5040,Maya Saleh,Male,21.0,Gaza,Tablet,Electronics,140.7,3,0.1,Credit Card,Rep D,South
101658,2024-01-14,5056,Mohammad Nasser,Female,24.0,Jericho,Monitor,Office,587.26,3,0.05,Cash,Rep D,Central
101659,2024-10-25,5076,Omar Saleh,Male,30.0,Hebron,Air Fryer,Home,534.78,3,0.05,Cash,Rep B,North
101660,2025-04-08,5483,Khaled Khalil,Female,59.0,Rafah,Microwave,Home,153.85,3,0.05,PayPal,Rep A,North
101661,2025-11-18,5291,Yousef Awwad,Female,18.0,Jenin,Microwave,Home,205.69,2,0.05,Credit Card,Rep D,North
101662,2024-04-07,5087,Sara Khalil,Female,42.0,Nablus,Printer,Office,390.55,7,0.0,Credit Card,Rep E,North
101663,2024-02-21,5396,Dana Ali,Female,38.0,Jenin,Air Fryer,Home,511.75,8,0.15,Credit Card,Rep B,South
101664,2024-03-06,5263,Sami Hassan,Male,31.0,Rafah,Coffee Maker,Home,508.62,4,0.05,Cash,Rep E,South
101665,2024-02-01,5015,Dana Nasser,Male,34.0,Jericho,Blender,Home,421.78,3,0.0,Bank Transfer,Rep D,North
101666,2025-02-25,5466,Mohammad Ali,Male,52.0,Jenin,Blender,Home,173.96,6,0.0,Bank Transfer,Rep A,North
101667,2024-10-12,5117,Ali Hassan,Female,26.0,Jericho,Vacuum Cleaner,Home,388.58,1,0.2,Credit Card,Rep E,Central
101668,2025-05-18,5211,Adam Ali,Male,23.0,Jericho,Microwave,Home,571.69,4,0.05,Bank Transfer,Rep A,North
101669,2025-10-12,5053,Dana Nasser,Female,30.0,Tulkarm,Air Fryer,Home,585.58,3,0.05,Bank Transfer,Rep E,Central
101670,2025-10-08,5571,Maya Ali,Male,35.0,Gaza,Tablet,Electronics,1195.36,2,0.0,Cash,Rep A,Central
101671,2024-04-18,5178,Sara Khalil,Male,44.0,Tulkarm,Phone Case,Accessories,42.94,2,0.0,Cash,Rep D,Central
101672,2024-05-17,5028,Adam Nasser,Male,22.0,Nablus,Tablet,Electronics,1111.73,3,0.05,Cash,Rep B,South
101673,2025-10-26,5368,Khaled Ali,Male,32.0,Bethlehem,Microwave,Home,131.69,3,0.05,Credit Card,Rep A,South
101674,2025-12-19,5438,Omar Ali,Male,47.0,Gaza,Monitor,Office,204.56,3,0.15,Credit Card,Rep F,South
101675,2024-01-14,5044,Lina Saleh,Female,-2.0,Nablus,Webcam,Office,149.86,2,0.0,Credit Card,Rep B,Central
101676,2024-01-12,5083,Sami Nasser,Male,57.0,Nablus,Smart Watch,Electronics,448.3,2,0.0,Credit Card,Rep D,North
101677,2025-12-08,5452,Ali Awwad,Male,43.0,,Coffee Maker,Home,647.33,3,0.1,Bank Transfer,Rep E,Central
101678,2025-12-27,5466,Maya Hassan,Female,61.0,Jericho,Phone Case,Accessories,125.67,2,0.05,Cash,Rep C,Central
101679,2025-03-07,5196,Lina Saleh,Male,21.0,Hebron,Mouse,Accessories,90.92,4,0.05,Bank Transfer,Rep A,North
101680,2025-12-31,5225,Ahmed Saleh,Male,62.0,Bethlehem,Blender,Home,690.38,2,0.1,Credit Card,Rep F,Central
101681,2024-03-23,5419,Sara Khalil,Female,22.0,Hebron,Smartphone,Electronics,594.56,3,0.15,Cash,Rep E,South
101682,2024-10-27,5388,Noor Awwad,Female,58.0,Khan Yunis,Air Fryer,Home,600.81,3,0.0,Bank Transfer,Rep D,South
101683,2024-05-03,5088,,Female,34.0,Nablus,,Home,598.89,1,0.0,Credit Card,Rep C,South
101684,2024-09-14,5388,Rana Khalil,Male,49.0,Jericho,Air Fryer,Home,379.96,5,0.1,Cash,Rep E,North
101685,2025-01-18,5323,Adam Khalil,Female,58.0,Tulkarm,Vacuum Cleaner,Home,529.6,8,0.1,Credit Card,Rep E,South
101686,2024-11-17,5415,Mohammad Nasser,Female,45.0,Rafah,Backpack,Accessories,11.81,2,0.0,PayPal,Rep F,Central
101687,2024-10-01,5062,Mohammad Nasser,Female,31.0,Hebron,Blender,Home,173.2,5,0.1,Credit Card,Rep A,South
101688,2024-06-17,5459,Ali Khalil,Male,21.0,Khan Yunis,Backpack,Accessories,179.1,5,0.1,Bank Transfer,Rep C,North
101689,2025-06-11,5528,Omar Saleh,Female,31.0,Bethlehem,Phone Case,Accessories,66.27,5,0.1,Credit Card,Rep C,Central
101690,2024-09-17,5387,Noor Hassan,Male,47.0,Bethlehem,Keyboard,Office,150.74,5,0.0,Cash,Rep E,North
101691,2025-06-09,5541,Rana Hassan,Male,21.0,Khan Yunis,Monitor,Office,570.01,1,0.1,Credit Card,Rep C,South
101692,2025-07-22,5193,Rana Hassan,Female,52.0,Tulkarm,Tablet,Electronics,517.91,3,0.1,Credit Card,Rep F,North
101693,2024-10-09,5392,Maya Nasser,Female,47.0,Hebron,Desk Chair,Office,363.07,3,0.05,Credit Card,Rep C,Central
101694,2025-11-22,5472,Khaled Khalil,Male,53.0,Jenin,Monitor,Office,346.66,4,0.1,Bank Transfer,Rep A,North
101695,2025-01-28,5394,Khaled Awwad,Male,21.0,,Desk Chair,Office,590.71,4,0.15,Bank Transfer,Rep A,Central
101696,2025-04-06,5496,Omar Hassan,Male,32.0,Khan Yunis,Keyboard,Office,308.89,6,0.0,Credit Card,Rep E,South
101697,2024-09-08,5395,Khaled Khalil,Male,35.0,Khan Yunis,Webcam,Office,549.22,6,0.0,Cash,Rep E,North
101698,2024-01-02,5450,Lina Ali,Male,48.0,Khan Yunis,Vacuum Cleaner,Home,692.59,1,0.0,Credit Card,Rep B,South
101699,2025-10-03,5438,Sami Ali,Female,19.0,Jericho,Tablet,Electronics,1030.66,6,0.2,Cash,Rep B,South
101700,2025-11-15,5357,Adam Awwad,Female,64.0,Jenin,Smart Watch,Electronics,608.07,5,0.05,Credit Card,Rep A,South
101701,2024-05-26,5496,Mohammad Nasser,Female,20.0,Tulkarm,Power Bank,Accessories,157.25,3,0.1,PayPal,Rep C,South
101702,2025-09-19,5103,Mohammad Hassan,Female,44.0,Ramallah,Microwave,Home,330.03,5,0.2,Credit Card,Rep E,South
101703,2024-04-17,5024,Noor Awwad,Female,36.0,Rafah,Air Fryer,Home,693.62,5,0.0,PayPal,Rep F,South
101704,2024-10-02,5568,Rana Saleh,Male,29.0,Rafah,Tablet,Electronics,295.68,2,0.1,Credit Card,Rep E,North
101705,2025-01-17,5550,Yousef Awwad,Male,,Jericho,Smart Watch,Electronics,1250.29,3,0.05,Cash,Rep E,Central
101706,2024-04-10,5543,Dana Hassan,Female,23.0,Rafah,Phone Case,Accessories,166.28,4,0.15,Cash,Rep F,North
101707,2025-02-10,5519,Sami Khalil,Female,27.0,Hebron,Microwave,Home,220.62,3,0.0,PayPal,Rep F,North
101708,2024-09-30,5027,Noor Ali,Male,58.0,Jenin,Backpack,Accessories,80.33,6,0.1,PayPal,Rep B,South
101709,2025-02-11,5271,Noor Nasser,Male,60.0,,Keyboard,Office,593.24,5,0.15,Cash,Rep B,South
101710,2024-05-25,5503,Noor Saleh,Male,32.0,Jericho,Mouse,Accessories,142.45,5,0.0,Bank Transfer,Rep A,Central
101711,2024-01-19,5365,Rana Ali,Female,53.0,Rafah,Printer,Office,192.17,3,0.05,Bank Transfer,Rep C,South
101712,2024-12-19,5213,Rana Ali,Male,61.0,,Keyboard,Office,349.2,2,0.15,Bank Transfer,Rep A,South
101713,2024-12-10,5001,Dana Hassan,Male,59.0,Hebron,Monitor,Office,69.55,4,0.0,Credit Card,Rep A,North
101714,2024-01-06,5137,Maya Saleh,Female,60.0,Tulkarm,Headphones,Electronics,1411.17,3,0.0,Credit Card,Rep F,South
101715,2025-09-20,5186,Omar Khalil,Male,53.0,Jericho,Coffee Maker,Home,243.51,6,0.1,Credit Card,Rep D,Central
101716,2024-06-15,5140,Maya Awwad,Male,20.0,Nablus,Coffee Maker,Home,55.05,3,0.15,Credit Card,Rep D,South
101717,2024-01-17,5488,Dana Hassan,Female,62.0,Rafah,Microwave,Home,99999.0,3,0.0,PayPal,Rep E,Central
101718,2024-02-09,5302,Sami Nasser,Female,56.0,Jenin,Vacuum Cleaner,Home,325.84,4,0.2,Credit Card,Rep D,South
101719,2024-02-02,5374,Omar Saleh,Male,54.0,Jenin,Vacuum Cleaner,Home,471.04,3,0.05,Cash,Rep D,Central
101720,2024-11-17,5371,Ali Khalil,Male,57.0,Bethlehem,Microwave,Home,226.33,5,0.0,PayPal,Rep F,Central
101721,2024-09-28,5017,Sami Hassan,Female,52.0,Ramallah,USB Cable,Accessories,124.24,4,0.1,Credit Card,Rep D,North
101722,2025-07-31,5338,Rana Khalil,Male,37.0,Bethlehem,Blender,Home,523.49,1,0.1,PayPal,Rep D,North
101723,2024-09-16,5322,Rana Nasser,Male,28.0,Nablus,Desk Chair,Office,189.23,5,0.0,PayPal,Rep D,South
101724,2025-09-27,5368,Noor Saleh,Female,29.0,Jenin,Air Fryer,Home,651.91,6,0.15,Credit Card,Rep F,South
101725,2024-12-02,5521,Khaled Saleh,Female,27.0,Rafah,Webcam,Office,305.87,1,0.05,Cash,Rep B,Central
101726,2024-11-05,5233,Dana Khalil,Male,47.0,Khan Yunis,Webcam,Office,527.49,5,0.15,Credit Card,Rep A,South
101727,2024-09-12,5047,Lina Nasser,Male,48.0,Bethlehem,Air Fryer,Home,642.33,4,0.0,Credit Card,Rep C,North
101728,2024-09-10,5508,Omar Khalil,Female,28.0,Gaza,Air Fryer,Home,342.71,4,0.1,Bank Transfer,Rep E,South
101729,2024-11-06,5208,Sara Hassan,Male,60.0,Bethlehem,Backpack,Accessories,125.62,3,0.1,Bank Transfer,Rep B,North
101730,2025-04-19,5524,Ali Awwad,Female,27.0,Rafah,Headphones,Electronics,1094.8,3,0.0,Cash,Rep C,South
101731,2025-11-29,5253,Maya Saleh,Female,50.0,Gaza,Phone Case,Accessories,112.38,4,0.05,PayPal,Rep A,Central
101732,2024-12-16,5116,Sami Khalil,Female,46.0,Nablus,Desk Chair,Office,218.28,2,0.05,Bank Transfer,Rep B,North
101733,,5327,Omar Ali,Female,59.0,Rafah,Blender,Home,96.53,2,0.05,Cash,Rep F,Central
101734,2025-06-16,5137,Omar Ali,Male,52.0,Bethlehem,Backpack,Accessories,10.84,2,0.15,Cash,Rep E,Central
101735,2025-07-31,5096,Ahmed Saleh,Male,26.0,Hebron,Coffee Maker,Home,685.7,3,0.05,Cash,Rep C,Central
101736,2024-12-11,5237,Rana Awwad,Female,21.0,Tulkarm,Air Fryer,Home,643.58,3,0.1,Credit Card,Rep C,South
101737,2024-01-27,5397,Lina Saleh,Female,26.0,Khan Yunis,Coffee Maker,Home,406.76,6,0.15,Credit Card,Rep E,North
101738,2024-10-20,5095,Rana Nasser,Female,63.0,Rafah,Smartphone,Electronics,375.74,5,0.15,Credit Card,Rep B,North
101739,2024-04-14,5156,Sara Nasser,Female,42.0,,Desk Chair,Office,328.87,8,0.1,Cash,Rep E,Central
101740,2025-04-06,5362,Maya Saleh,Male,43.0,Gaza,Tablet,Electronics,257.36,3,0.0,Credit Card,Rep B,North
101741,2024-04-04,5395,Yousef Saleh,Male,53.0,Jericho,Coffee Maker,Home,587.93,4,0.0,Bank Transfer,Rep F,South
101742,2025-10-14,5254,Rana Awwad,Male,49.0,Tulkarm,Mouse,Accessories,64.61,3,0.15,PayPal,Rep E,North
101743,2025-11-05,5126,Rana Khalil,Male,24.0,Jenin,Keyboard,Office,573.21,3,0.0,Cash,Rep D,Central
101744,2024-07-14,5542,Mohammad Hassan,Male,22.0,Nablus,Microwave,Home,438.86,4,0.05,Cash,Rep B,South
101745,2025-03-27,5187,Khaled Saleh,Female,37.0,Jericho,USB Cable,Accessories,85.84,1,0.0,Credit Card,Rep F,North
101746,2025-05-03,5198,Adam Awwad,Male,63.0,Tulkarm,Vacuum Cleaner,Home,306.18,4,0.15,Cash,Rep A,North
101747,2025-11-06,5566,Hala Awwad,Male,53.0,Rafah,Monitor,Office,194.54,6,0.05,Cash,Rep C,Central
101748,2024-08-11,5524,Sara Ali,Male,65.0,Khan Yunis,Laptop,Electronics,955.14,2,0.15,Bank Transfer,Rep A,South
101749,2025-09-08,5420,Sami Hassan,Male,35.0,Jenin,Headphones,Electronics,1058.23,2,0.05,PayPal,Rep B,South
101750,2025-02-26,5389,Lina Ali,Female,53.0,Jericho,Phone Case,Accessories,168.63,3,0.1,,Rep B,South
101751,2024-05-22,5397,Sami Khalil,Male,65.0,Hebron,Power Bank,Accessories,119.39,4,0.15,Cash,Rep D,Central
101752,2025-03-13,5322,Yousef Saleh,Female,37.0,Bethlehem,Headphones,Electronics,744.32,2,0.15,Credit Card,Rep A,Central
101753,2024-01-22,5560,Yousef Ali,Male,49.0,Gaza,Coffee Maker,Home,63.84,4,0.0,Credit Card,Rep A,South
101754,2025-05-16,5546,Lina Hassan,Female,29.0,Jenin,Phone Case,Accessories,59.05,8,0.2,Bank Transfer,Rep D,North
101755,2025-01-22,5449,Ali Ali,Male,62.0,Khan Yunis,Laptop,Electronics,620.69,4,0.05,Bank Transfer,Rep B,Central
101756,2025-12-24,5352,Lina Hassan,Female,21.0,Gaza,Printer,Office,163.52,5,0.1,Credit Card,Rep B,South
101757,2025-07-02,5506,Ali Khalil,Male,49.0,Rafah,Coffee Maker,Home,191.36,3,0.15,Credit Card,Rep B,North
101758,2024-02-15,5268,Dana Nasser,Female,53.0,Tulkarm,Tablet,Electronics,428.63,3,0.15,Credit Card,Rep C,North
101759,2024-03-29,5272,Adam Awwad,Female,31.0,Rafah,Microwave,Home,447.97,3,0.1,Credit Card,Rep C,South
101760,2025-03-19,5234,Adam Awwad,Female,49.0,Bethlehem,Microwave,Home,259.28,3,0.2,Credit Card,Rep D,Central
101761,2024-03-11,5340,Omar Saleh,Male,50.0,Hebron,Headphones,Electronics,148.87,3,0.1,Cash,,South
101762,2024-05-30,5055,Yousef Ali,Male,64.0,Tulkarm,Keyboard,Office,494.8,5,0.1,Credit Card,Rep B,Central
101763,2025-11-16,5139,Ahmed Hassan,Male,61.0,Khan Yunis,Smart Watch,Electronics,973.26,4,0.2,PayPal,Rep A,North
101764,2024-04-12,5149,Ali Saleh,Female,64.0,Gaza,Headphones,Electronics,1395.51,3,0.1,Cash,Rep F,South
101765,2024-12-20,5132,Rana Hassan,Female,63.0,Jericho,Backpack,Accessories,71.92,2,0.15,Credit Card,Rep E,North
101766,2024-07-01,5009,Rana Nasser,Female,57.0,Ramallah,Phone Case,Accessories,49.11,4,0.1,Cash,Rep D,North
101767,2024-05-03,5203,Yousef Saleh,Male,47.0,Khan Yunis,Coffee Maker,Home,357.56,5,0.0,Credit Card,Rep C,North
101768,2024-04-10,5380,Maya Hassan,Female,58.0,Ramallah,Smart Watch,Electronics,1088.82,2,0.05,Cash,Rep E,Central
101769,2025-09-15,5102,Ahmed Khalil,Male,40.0,Rafah,Desk Chair,Office,495.49,3,0.1,Credit Card,Rep E,South
101770,2024-07-15,5035,Ali Awwad,Male,45.0,Ramallah,Printer,Office,317.26,2,0.1,Credit Card,Rep A,Central
101771,2024-10-24,5312,Adam Awwad,Female,39.0,Rafah,Tablet,Electronics,389.56,4,0.05,Cash,Rep D,South
101772,2025-11-15,5535,Sami Awwad,Female,30.0,Hebron,Vacuum Cleaner,Home,290.66,4,0.1,Cash,Rep E,North
101773,2025-08-03,5597,Sara Khalil,Female,49.0,Hebron,Laptop,Electronics,1181.28,4,0.0,,Rep E,North
101774,2024-04-10,5359,Maya Awwad,Male,59.0,Nablus,Coffee Maker,Home,147.73,1,0.15,Cash,Rep E,North
101775,2025-04-06,5252,Maya Ali,Male,44.0,Nablus,Microwave,Home,178.16,5,0.05,Cash,Rep F,Central
101776,2024-06-04,5453,Maya Saleh,Female,58.0,Khan Yunis,Coffee Maker,Home,393.26,6,0.0,Cash,Rep E,South
101777,2025-03-12,5060,Khaled Nasser,Male,34.0,Ramallah,Smart Watch,Electronics,1212.4,6,0.15,Credit Card,Rep F,South
101778,2025-08-03,5319,Khaled Ali,Male,52.0,Nablus,Tablet,Electronics,547.52,4,0.15,Credit Card,Rep D,South
101779,2025-11-28,5018,Hala Ali,Male,50.0,Ramallah,Tablet,Electronics,802.08,4,0.1,Credit Card,Rep C,South
101780,2024-11-22,5212,Yousef Saleh,Male,60.0,Hebron,Smart Watch,Electronics,1032.95,1,0.0,Credit Card,Rep A,Central
101781,2024-09-27,5121,Adam Khalil,Male,19.0,Hebron,Microwave,Home,182.34,6,0.1,Bank Transfer,Rep B,Central
101782,2024-06-05,5476,Dana Saleh,Female,57.0,Hebron,Headphones,Electronics,516.24,2,0.15,Credit Card,Rep C,Central
101783,2025-06-07,5355,Rana Hassan,Male,44.0,Bethlehem,Power Bank,Accessories,61.41,3,0.05,Cash,Rep D,South
101784,2024-11-03,5427,Adam Saleh,Male,44.0,Ramallah,Laptop,Electronics,421.85,2,0.05,Cash,Rep C,North
101785,2025-01-11,5412,Maya Hassan,Female,41.0,Hebron,Laptop,Electronics,1405.49,3,0.05,Credit Card,Rep F,South
101786,2025-05-08,5508,Sara Saleh,Male,58.0,Bethlehem,Coffee Maker,Home,669.53,4,0.0,Credit Card,Rep A,Central
101787,2025-10-25,5087,Hala Saleh,Female,19.0,Ramallah,Vacuum Cleaner,Home,347.58,4,0.0,Credit Card,Rep B,North
101788,2025-05-02,5371,Ahmed Hassan,Male,62.0,Jericho,Desk Chair,Office,129.0,2,0.0,PayPal,Rep F,South
101789,2025-08-14,5426,Adam Awwad,Male,51.0,Rafah,Laptop,Electronics,805.77,8,0.0,Credit Card,Rep B,North
101790,2024-11-08,5487,Maya Saleh,Male,60.0,Nablus,Phone Case,Accessories,175.33,4,0.05,Credit Card,Rep F,South
101791,2024-08-07,5225,Rana Khalil,Female,43.0,Ramallah,Microwave,Home,46.51,1,0.1,PayPal,Rep E,Central
101792,2025-03-07,5083,Hala Awwad,Female,32.0,Nablus,Printer,Office,203.46,3,0.0,PayPal,Rep F,Central
101793,2024-12-08,5149,Omar Nasser,Female,41.0,Gaza,Keyboard,Office,484.03,2,0.1,Credit Card,,Central
101794,2025-03-23,5032,Adam Hassan,Male,19.0,Khan Yunis,Mouse,Accessories,113.42,5,0.0,Credit Card,Rep A,Central
101795,2025-09-02,5053,Yousef Saleh,Male,40.0,Bethlehem,Headphones,Electronics,1455.8,6,0.05,Bank Transfer,Rep D,Central
101796,2024-06-09,5351,Dana Khalil,Male,35.0,Jericho,Webcam,Office,201.51,2,0.1,Credit Card,Rep D,Central
101797,2024-06-12,5320,Dana Saleh,Female,24.0,Khan Yunis,Blender,Home,167.66,5,0.15,Credit Card,Rep D,South
101798,2025-07-26,5359,Hala Hassan,Male,41.0,Jenin,Smart Watch,Electronics,969.0,4,0.0,Bank Transfer,Rep B,Central
101799,2025-11-27,5426,Noor Awwad,Male,58.0,Nablus,USB Cable,Accessories,79.69,6,0.0,Bank Transfer,Rep F,North
101800,2024-10-21,5198,Hala Nasser,Male,39.0,Nablus,Printer,Office,342.34,3,0.15,Credit Card,Rep E,North
101801,2024-08-25,5149,Ahmed Ali,Male,58.0,Jenin,Smartphone,Electronics,296.65,4,0.0,PayPal,Rep D,South
101802,2025-07-24,5276,Rana Khalil,Male,38.0,Gaza,Coffee Maker,Home,605.7,5,0.15,Credit Card,Rep C,South
101803,2025-01-24,5497,Ali Nasser,Male,58.0,Hebron,Laptop,Electronics,379.03,5,0.0,Credit Card,Rep E,North
101804,2025-04-18,5061,Khaled Saleh,Male,63.0,Rafah,Smartphone,Electronics,243.01,6,0.1,PayPal,Rep B,Central
101805,2024-08-18,5555,Noor Saleh,Female,65.0,Khan Yunis,Vacuum Cleaner,Home,353.82,1,0.1,Cash,Rep E,Central
101806,2025-03-15,5029,Omar Nasser,Male,47.0,Ramallah,Smartphone,Electronics,1114.84,2,0.15,PayPal,Rep E,Central
101807,2025-12-07,5345,Omar Awwad,Male,22.0,Ramallah,Laptop,Electronics,786.62,6,0.0,Credit Card,Rep E,South
101808,2024-11-01,5196,Rana Saleh,Male,57.0,Nablus,Headphones,Electronics,1473.93,3,0.05,Bank Transfer,Rep D,Central
101809,2025-11-22,5577,Noor Khalil,Female,64.0,Gaza,Laptop,Electronics,1350.36,7,0.1,Credit Card,Rep A,South
101810,2024-09-02,5271,Omar Saleh,Female,62.0,Gaza,Headphones,Electronics,1064.36,3,0.15,Credit Card,Rep C,North
101811,2025-12-21,5382,Sami Hassan,Male,21.0,Rafah,Smart Watch,Electronics,1215.66,3,0.1,Credit Card,Rep C,South
101812,2024-02-26,5042,Yousef Awwad,Female,40.0,Bethlehem,Laptop,Electronics,1305.47,1,0.2,Credit Card,Rep B,South
101813,2024-05-17,5218,Hala Nasser,Male,34.0,Tulkarm,Vacuum Cleaner,Home,566.91,6,0.05,Cash,Rep D,North
101814,2025-04-29,5503,Mohammad Saleh,Male,18.0,Ramallah,USB Cable,Accessories,92.07,6,0.0,Bank Transfer,Rep E,North
101815,2024-02-08,5505,Adam Awwad,Male,65.0,Jenin,Monitor,Office,467.8,8,0.2,Credit Card,Rep E,South
101816,2025-09-14,5298,Ali Khalil,Male,65.0,Bethlehem,Headphones,Electronics,276.84,4,0.1,Credit Card,Rep E,South
101817,2024-10-01,5117,Ali Khalil,Female,57.0,Gaza,Smartphone,Electronics,181.46,8,0.2,Bank Transfer,Rep C,Central
101818,2024-09-17,5239,Sami Nasser,Female,29.0,Rafah,USB Cable,Accessories,24.86,6,0.1,Cash,Rep C,Central
101819,2025-04-30,5580,Maya Hassan,Male,27.0,Tulkarm,Backpack,Accessories,69.5,3,0.1,Bank Transfer,Rep B,Central
101820,2025-02-10,5407,Rana Khalil,Male,42.0,Khan Yunis,Blender,Home,508.92,3,0.0,Credit Card,Rep D,South
101821,2024-12-04,5328,Maya Awwad,Female,58.0,Hebron,Power Bank,Accessories,59.11,2,0.15,PayPal,Rep E,South
101822,2024-10-11,5550,Yousef Ali,Female,61.0,Rafah,Coffee Maker,Home,45.73,2,0.15,Credit Card,Rep F,Central
101823,2024-02-25,5293,Rana Nasser,Male,54.0,Nablus,Backpack,Accessories,113.92,4,0.05,Cash,Rep D,North
101824,2025-02-06,5513,Hala Saleh,Male,42.0,Jericho,Coffee Maker,Home,225.17,8,0.15,Bank Transfer,Rep F,Central
101825,2024-04-08,5114,Hala Saleh,Female,50.0,Gaza,Desk Chair,Office,71.8,4,0.1,Credit Card,Rep F,Central
101826,2024-08-12,5457,Sara Awwad,Male,42.0,Hebron,Desk Chair,Office,91.51,5,0.0,Bank Transfer,Rep D,North
101827,2025-12-01,5131,Omar Awwad,Female,30.0,Jericho,Smartphone,Electronics,156.52,8,0.15,Credit Card,Rep A,North
101828,2025-03-04,5392,Yousef Ali,Female,35.0,Rafah,Headphones,Electronics,1280.93,1,0.1,Credit Card,Rep C,North
101829,2025-03-26,5343,Sami Khalil,Male,25.0,Jenin,Blender,Home,439.69,8,0.0,PayPal,Rep D,North
101830,2025-12-17,5355,Ali Awwad,Female,18.0,,Vacuum Cleaner,Home,514.14,4,0.05,PayPal,Rep B,Central
101831,2024-09-27,5513,Ali Awwad,Female,19.0,Jericho,Smart Watch,Electronics,1132.5,3,0.05,Bank Transfer,Rep A,South
101832,2024-11-14,5513,Lina Awwad,Female,32.0,Jenin,Coffee Maker,Home,81.75,3,0.2,Credit Card,Rep A,North
101833,2024-10-22,5178,Dana Awwad,Female,61.0,Hebron,Air Fryer,Home,366.33,3,0.2,PayPal,Rep D,Central
101834,2025-10-14,5105,Omar Saleh,Female,50.0,Jericho,Smart Watch,Electronics,845.96,4,0.05,Credit Card,Rep A,South
101835,2024-09-13,5094,Ali Ali,Female,39.0,Gaza,Headphones,Electronics,252.69,3,,Bank Transfer,Rep D,North
101836,2024-05-13,5219,Yousef Khalil,Female,45.0,Ramallah,Smartphone,Electronics,558.24,4,0.15,Bank Transfer,Rep C,South
101837,2025-12-16,5231,Maya Hassan,Male,54.0,Hebron,Monitor,Office,257.87,4,0.1,Cash,Rep D,Central
101838,2024-07-20,5237,Adam Ali,Male,50.0,Gaza,Smart Watch,Electronics,671.09,5,0.15,Credit Card,Rep B,South
101839,2025-01-14,5508,Omar Saleh,Male,37.0,Nablus,Vacuum Cleaner,Home,362.46,3,0.15,Cash,Rep E,South
101840,2025-04-23,5167,Noor Nasser,Male,21.0,Jenin,Webcam,Office,41.78,4,0.0,PayPal,Rep F,South
101841,2025-03-21,5237,Yousef Ali,Female,61.0,Ramallah,Monitor,Office,321.49,7,0.05,Bank Transfer,Rep F,North
101842,2024-09-24,5362,Sami Khalil,Female,23.0,Jenin,Smart Watch,Electronics,564.63,5,0.1,Bank Transfer,Rep F,South
101843,2024-09-24,5032,Maya Saleh,Male,44.0,Gaza,Backpack,Accessories,83.05,4,0.1,Bank Transfer,Rep E,South
101844,2025-04-15,5399,Yousef Khalil,Female,29.0,Ramallah,Smartphone,Electronics,1436.73,1,0.15,Cash,Rep B,South
101845,2025-01-29,5248,Sami Hassan,Female,33.0,Hebron,Coffee Maker,Home,565.79,4,0.0,PayPal,Rep C,South
101846,2024-05-08,5220,Omar Awwad,Male,37.0,Tulkarm,Keyboard,Office,279.13,2,0.15,Cash,Rep A,North
101847,2025-04-26,5206,Adam Ali,Male,42.0,Gaza,Smartphone,Electronics,1337.98,1,0.1,PayPal,Rep E,North
101848,2024-07-08,5188,Yousef Nasser,Male,64.0,Hebron,Smart Watch,Electronics,193.25,2,0.05,Bank Transfer,Rep A,North
101849,2024-12-25,5400,Ahmed Hassan,Female,39.0,Khan Yunis,Blender,Home,153.63,2,0.05,Cash,Rep D,South
101850,2025-12-26,5284,Khaled Saleh,Male,35.0,Rafah,Microwave,Home,66.13,5,0.0,Credit Card,Rep B,North
101851,2025-05-15,5323,Sami Saleh,Male,56.0,Tulkarm,Laptop,Electronics,772.22,4,0.0,Cash,Rep C,North
101852,2025-12-28,5465,Mohammad Hassan,Female,36.0,Tulkarm,Microwave,Home,269.71,2,0.05,PayPal,Rep B,North
101853,2025-06-26,5445,Sara Khalil,Male,37.0,Ramallah,Keyboard,Office,567.15,4,0.05,Bank Transfer,Rep E,South
101854,2024-05-10,5549,Ali Awwad,Male,33.0,Khan Yunis,Blender,Home,364.99,4,0.2,Credit Card,Rep A,Central
101855,2024-07-24,5318,Lina Ali,Female,37.0,Rafah,Vacuum Cleaner,Home,187.12,6,0.05,PayPal,Rep C,North
101856,2024-03-10,5447,Rana Awwad,Male,65.0,Ramallah,Blender,Home,420.02,8,0.2,Credit Card,Rep D,Central
101857,2025-03-25,5257,Lina Hassan,Female,21.0,Rafah,Tablet,Electronics,453.11,3,0.0,PayPal,,North
101858,2025-12-09,5557,Khaled Nasser,Female,34.0,Tulkarm,Blender,Home,123.62,2,0.15,Cash,Rep E,South
101859,2024-11-24,5494,Dana Hassan,Male,28.0,Ramallah,Keyboard,Office,60.84,3,0.0,Bank Transfer,Rep B,North
101860,2024-02-20,5254,Noor Awwad,Male,44.0,Gaza,Mouse,Accessories,84.87,6,0.05,Cash,Rep B,North
101861,2025-06-05,5592,Rana Ali,Male,37.0,Hebron,Mouse,Accessories,13.82,5,0.0,PayPal,Rep F,North
101862,2025-06-19,5357,Rana Hassan,Female,54.0,Bethlehem,Power Bank,Accessories,84.09,5,0.15,Bank Transfer,Rep A,Central
101863,2025-04-09,5328,Dana Nasser,Male,18.0,Jenin,Headphones,Electronics,114.06,4,0.0,Credit Card,Rep D,South
101864,2024-09-02,5110,Lina Nasser,Male,55.0,Nablus,Coffee Maker,Home,241.21,6,0.05,Credit Card,Rep B,South
101865,2024-09-30,5155,Maya Ali,Male,24.0,Rafah,Microwave,Home,91.64,4,0.0,Cash,Rep E,South
101866,2025-10-21,5389,Sami Ali,Female,45.0,Jenin,Backpack,Accessories,106.46,4,0.1,Credit Card,Rep A,North
101867,2025-01-28,5027,Mohammad Khalil,Female,54.0,Jenin,Microwave,Home,384.01,5,0.0,Credit Card,Rep E,South
101868,2025-04-02,5213,Adam Awwad,Male,43.0,Jericho,Monitor,Office,220.72,5,0.15,Credit Card,Rep E,Central
101869,2024-04-17,5152,Rana Ali,Male,27.0,Khan Yunis,Desk Chair,Office,157.23,2,0.05,Credit Card,Rep A,Central
101870,2025-02-24,5024,Khaled Hassan,Female,26.0,Nablus,Power Bank,Accessories,85.61,7,0.05,PayPal,Rep D,North
101871,2025-10-24,5420,Lina Awwad,Male,58.0,Tulkarm,Tablet,Electronics,1111.63,7,0.0,PayPal,Rep D,North
101872,2024-11-12,5358,Ali Khalil,Female,41.0,Bethlehem,Vacuum Cleaner,Home,278.13,2,0.15,Credit Card,Rep D,North
101873,2025-05-27,5464,Rana Hassan,Female,40.0,Ramallah,Mouse,Accessories,166.65,5,0.1,Credit Card,Rep D,South
101874,2024-04-05,5273,Mohammad Khalil,Male,22.0,Rafah,Webcam,Office,358.54,2,0.05,Credit Card,Rep A,Central
101875,2024-08-26,5540,Khaled Khalil,Male,47.0,Khan Yunis,Air Fryer,Home,579.29,2,0.1,Bank Transfer,Rep B,North
101876,2025-08-22,5301,Noor Nasser,Male,42.0,Rafah,Phone Case,Accessories,59.19,8,0.1,Credit Card,Rep F,North
101877,2024-06-09,5058,Khaled Khalil,Male,63.0,Hebron,Vacuum Cleaner,Home,516.64,6,0.05,Credit Card,Rep D,South
101878,2024-09-23,5432,Mohammad Ali,Female,20.0,Tulkarm,Blender,Home,466.55,2,0.2,Credit Card,Rep F,South
101879,2024-07-21,5410,Ahmed Awwad,Male,26.0,Jenin,Air Fryer,Home,192.54,7,0.1,Credit Card,Rep D,Central
101880,2024-11-26,5191,Dana Awwad,Female,20.0,Khan Yunis,Microwave,Home,458.94,2,0.0,Credit Card,Rep E,South
101881,2025-02-12,5207,Yousef Khalil,Female,50.0,Jericho,Power Bank,Accessories,54.39,3,0.05,Cash,Rep B,North
101882,2024-03-31,5476,Lina Nasser,Female,60.0,Khan Yunis,Coffee Maker,Home,153.26,2,0.15,Bank Transfer,Rep B,South
101883,2024-06-25,5426,Sami Nasser,Female,35.0,Jenin,Phone Case,Accessories,177.88,3,0.1,PayPal,Rep C,North
101884,2025-03-13,5272,Sami Ali,Male,58.0,Tulkarm,Desk Chair,Office,203.26,7,0.0,Credit Card,Rep B,South
101885,2024-05-31,5189,Ali Nasser,Male,30.0,Gaza,Tablet,Electronics,1356.57,4,0.05,Credit Card,Rep F,South
101886,2024-05-25,5033,Mohammad Saleh,Male,64.0,Jenin,Smartphone,Electronics,773.05,2,0.05,Credit Card,Rep E,North
101887,2024-03-10,5582,Mohammad Awwad,Female,20.0,Jenin,Tablet,Electronics,507.66,3,0.1,Cash,Rep D,Central
101888,2024-04-23,5172,Omar Ali,Female,46.0,Nablus,Blender,Home,465.22,4,0.05,Credit Card,Rep B,North
101889,2024-01-09,5082,Khaled Nasser,Male,52.0,Khan Yunis,Phone Case,Accessories,99.46,4,0.0,Credit Card,Rep A,North
101890,2025-03-29,5033,Noor Khalil,Male,18.0,Rafah,Mouse,Accessories,163.51,2,0.0,PayPal,Rep B,South
101891,2025-12-27,5316,Sara Nasser,Male,64.0,Tulkarm,Monitor,Office,363.66,3,0.15,Cash,Rep A,North
101892,2025-04-20,5133,Sami Hassan,Male,38.0,Nablus,Keyboard,Office,219.87,4,0.1,PayPal,Rep E,Central
101893,2024-02-20,5394,Khaled Ali,Male,48.0,Rafah,Blender,Home,80.58,4,0.0,PayPal,Rep B,South
101894,2025-02-15,5246,Adam Ali,Female,39.0,Tulkarm,Printer,Office,191.84,6,0.1,Cash,Rep E,North
101895,2025-10-15,5172,Omar Awwad,Male,62.0,Jenin,Mouse,Accessories,114.74,5,0.1,Credit Card,Rep C,Central
101896,2024-07-04,5381,Ahmed Ali,Female,41.0,Bethlehem,Coffee Maker,Home,269.45,5,0.0,PayPal,Rep B,South
101897,2025-05-26,5087,Ahmed Ali,Male,31.0,Gaza,Smart Watch,Electronics,350.6,2,0.1,Cash,Rep C,Central
101898,2025-08-16,5493,Adam Saleh,Male,41.0,Hebron,Vacuum Cleaner,Home,502.31,6,0.0,Bank Transfer,Rep F,South
101899,2024-10-13,5397,Lina Khalil,Male,46.0,Jenin,Blender,Home,271.47,3,0.1,Cash,Rep F,South
101900,2025-03-20,5254,Ali Saleh,Female,33.0,Jenin,Monitor,Office,569.43,5,0.0,Credit Card,Rep F,North
101901,2025-05-24,5444,Ali Ali,Male,57.0,Bethlehem,Printer,Office,424.52,3,0.05,Credit Card,Rep C,Central
101902,2025-10-01,5111,Maya Khalil,Female,37.0,Jenin,Power Bank,Accessories,83.76,3,0.05,PayPal,Rep C,Central
101903,2025-07-23,5412,Hala Nasser,Female,30.0,Nablus,Smart Watch,Electronics,800.58,1,0.15,,Rep B,Central
101904,2024-03-30,5133,Ahmed Saleh,Male,64.0,Hebron,Air Fryer,Home,292.6,4,0.0,Credit Card,Rep A,Central
101905,2024-08-09,5037,Maya Awwad,Female,20.0,Gaza,Coffee Maker,Home,617.44,2,,Credit Card,Rep C,North
101906,2025-03-31,5061,Yousef Khalil,Female,,Gaza,Tablet,Electronics,166.67,6,0.15,Bank Transfer,Rep D,South
101907,2024-08-18,5141,Sara Khalil,Female,20.0,Tulkarm,Vacuum Cleaner,Home,233.04,4,0.05,Credit Card,Rep E,Central
101908,2024-11-13,5385,Sara Hassan,Male,25.0,Hebron,Smartphone,Electronics,1119.94,1,0.0,Credit Card,Rep E,Central
101909,2025-12-24,5511,Mohammad Saleh,Male,51.0,Jenin,Microwave,Home,600.94,2,0.1,Bank Transfer,Rep C,North
101910,2024-07-10,5579,Ahmed Nasser,Male,55.0,Bethlehem,Smartphone,Electronics,775.75,3,0.0,PayPal,Rep D,North
101911,2025-05-31,5119,Sami Awwad,Male,41.0,Bethlehem,Smart Watch,Electronics,359.83,2,0.05,PayPal,Rep A,South
101912,2024-03-03,5272,Yousef Nasser,Male,43.0,Rafah,Monitor,Office,106.18,3,0.1,Credit Card,Rep F,South
101913,2024-03-16,5247,Noor Saleh,Male,33.0,Tulkarm,Coffee Maker,Home,506.01,4,0.0,PayPal,Rep A,South
101914,2024-02-23,5145,Ali Nasser,Male,46.0,Jericho,Mouse,Accessories,176.55,2,0.0,Credit Card,Rep B,Central
101915,2024-06-21,5343,Dana Ali,Male,60.0,Jericho,Laptop,Electronics,393.82,5,0.0,Cash,Rep E,South
101916,2024-04-29,5273,Khaled Hassan,Male,61.0,Khan Yunis,Phone Case,Accessories,89.42,3,0.15,Credit Card,Rep D,Central
101917,2024-05-07,5532,Yousef Saleh,Female,56.0,Khan Yunis,Tablet,Electronics,1146.5,8,0.0,Cash,Rep C,North
101918,2024-04-15,5581,Dana Ali,Female,49.0,Ramallah,Backpack,Accessories,115.52,7,0.15,Credit Card,Rep C,Central
101919,2024-09-27,5541,Ali Hassan,Female,26.0,Jenin,Webcam,Office,552.71,4,0.05,Credit Card,Rep B,Central
101920,2024-03-23,5434,Ahmed Awwad,Female,61.0,Jericho,Desk Chair,Office,511.61,6,0.05,Credit Card,Rep D,South
101921,2024-01-16,5409,Noor Khalil,Male,56.0,Gaza,Tablet,Electronics,794.54,3,0.0,PayPal,Rep E,South
101922,2024-06-13,5427,Yousef Khalil,Male,46.0,,Tablet,electronics,746.69,4,0.0,PayPal,Rep A,North
101923,2025-04-17,5311,Khaled Awwad,Male,42.0,Hebron,Blender,Home,458.4,3,0.0,Credit Card,Rep E,North
101924,2025-11-23,5373,Lina Ali,Female,33.0,Gaza,Laptop,Electronics,969.35,5,0.15,Credit Card,Rep F,Central
101925,2024-05-27,5150,Omar Khalil,Male,36.0,Khan Yunis,Microwave,Home,470.09,2,0.0,Cash,Rep B,Central
101926,2025-01-30,5378,Maya Saleh,Female,40.0,Bethlehem,Laptop,Electronics,592.73,5,0.1,PayPal,Rep D,South
101927,2025-11-12,5279,Lina Awwad,Male,53.0,Tulkarm,Webcam,Office,596.25,5,0.1,Cash,Rep C,North
101928,2024-10-30,5555,Rana Hassan,Female,25.0,Ramallah,Power Bank,Accessories,49.48,6,0.1,Bank Transfer,Rep C,South
101929,2025-09-21,5549,Mohammad Awwad,Male,50.0,Gaza,Smartphone,Electronics,1456.33,2,0.15,Credit Card,Rep D,South
101930,2024-11-17,5309,Omar Saleh,Female,59.0,Jenin,Webcam,Office,225.19,3,0.0,Credit Card,Rep D,Central
101931,2024-04-28,5324,Lina Saleh,Female,32.0,Jenin,Microwave,Home,585.91,2,0.05,Cash,Rep E,North
101932,2024-06-03,5559,Omar Khalil,Female,37.0,Khan Yunis,USB Cable,Accessories,63.7,4,0.0,Cash,Rep B,North
101933,2025-05-27,5171,Omar Hassan,Male,64.0,Bethlehem,Smartphone,Electronics,1001.5,3,0.0,Cash,Rep B,South
101934,2025-04-21,5467,Omar Awwad,Male,46.0,Bethlehem,Tablet,Electronics,231.28,5,0.1,Credit Card,Rep B,North
101935,2024-09-18,5231,Hala Saleh,Female,21.0,Jenin,Air Fryer,Home,594.85,3,0.0,Cash,Rep B,North
101936,2025-04-07,5227,Maya Hassan,Male,34.0,Rafah,Microwave,Home,123.53,5,0.0,Credit Card,Rep D,North
101937,2025-01-12,5225,Khaled Awwad,Female,64.0,Ramallah,Smart Watch,Electronics,675.57,4,0.2,Cash,Rep D,North
101938,2025-10-03,5269,Lina Hassan,Male,26.0,Hebron,Printer,Office,479.7,2,0.0,PayPal,Rep A,South
101939,2025-10-20,5421,Hala Ali,Female,43.0,Rafah,Keyboard,Office,435.38,5,0.0,Credit Card,Rep D,Central
101940,2024-04-08,5182,Lina Awwad,Female,46.0,Jenin,Tablet,Electronics,1198.56,4,0.0,Bank Transfer,Rep C,North
101941,2025-08-23,5300,Khaled Khalil,Male,22.0,Jenin,Tablet,Electronics,1295.08,6,0.15,Credit Card,Rep B,Central
101942,2025-11-13,5415,Noor Saleh,Female,37.0,Nablus,Smartphone,Electronics,857.71,3,0.1,Credit Card,Rep E,South
101943,2024-03-31,5300,Dana Nasser,Male,41.0,Rafah,Vacuum Cleaner,Home,502.78,6,0.1,Bank Transfer,Rep F,North
101944,2025-05-23,5220,Yousef Saleh,Male,58.0,Jericho,Microwave,Home,276.81,3,0.15,Cash,Rep A,North
101945,2024-10-29,5494,Ali Saleh,Female,28.0,Jenin,Laptop,Electronics,838.82,4,0.0,Credit Card,Rep C,North
101946,2025-01-06,5431,Sami Ali,Female,46.0,Tulkarm,Keyboard,Office,231.48,2,0.0,Bank Transfer,Rep E,North
101947,2024-01-09,5132,Rana Hassan,Male,54.0,Bethlehem,Headphones,Electronics,487.27,3,0.0,Credit Card,Rep C,South
101948,2025-04-07,5478,Rana Khalil,Female,36.0,Ramallah,Headphones,Electronics,860.25,2,0.15,Credit Card,Rep C,Central
101949,2024-05-30,5436,,Female,28.0,Ramallah,Smartphone,Electronics,895.58,2,0.05,Bank Transfer,Rep E,Central
101950,2024-09-02,5384,Sara Khalil,Female,45.0,Jenin,Webcam,Office,302.78,7,0.05,PayPal,Rep E,South
101951,2025-05-05,5495,Rana Hassan,Male,63.0,Bethlehem,Mouse,Accessories,115.79,5,0.0,PayPal,Rep E,South
101952,2024-03-04,5320,Noor Saleh,Female,53.0,Jenin,Keyboard,Office,127.37,1,0.1,PayPal,Rep C,North
101953,2024-02-22,5233,Adam Ali,Female,51.0,Jenin,Coffee Maker,Home,183.85,7,0.0,Cash,Rep B,North
101954,2024-07-20,5433,Mohammad Khalil,Male,43.0,Jericho,Tablet,Electronics,1111.16,5,0.0,Bank Transfer,Rep E,Central
101955,2024-11-26,5011,Noor Awwad,Female,25.0,Bethlehem,Monitor,Office,240.05,4,0.05,Credit Card,Rep E,North
101956,2025-09-25,5114,Ali Ali,Male,38.0,Gaza,Air Fryer,Home,73.4,5,0.05,PayPal,Rep A,Central
101957,2024-01-27,5434,Hala Saleh,Male,51.0,Hebron,Desk Chair,Office,439.74,3,0.1,Cash,Rep A,North
101958,2024-02-12,5126,Lina Nasser,Male,22.0,Bethlehem,Air Fryer,Home,639.72,3,0.2,Credit Card,Rep E,Central
101959,2025-03-12,5301,Maya Saleh,Female,31.0,Rafah,Power Bank,Accessories,27.17,4,0.0,PayPal,Rep C,South
101960,2025-04-04,5526,Mohammad Saleh,Male,49.0,Jericho,Laptop,Electronics,1212.48,2,0.0,Credit Card,Rep A,South
101961,2025-06-12,5273,Hala Nasser,Male,61.0,Nablus,Blender,Home,121.38,4,0.15,Credit Card,Rep D,South
101962,2024-03-12,5403,Sara Saleh,Male,64.0,Khan Yunis,Webcam,Office,26.71,3,0.0,Credit Card,Rep C,Central
101963,2024-11-19,5338,Mohammad Saleh,Male,55.0,Nablus,Tablet,Electronics,998.83,1,0.1,Credit Card,Rep A,North
101964,2024-09-13,5200,Khaled Hassan,Female,26.0,Hebron,Power Bank,Accessories,92.27,4,0.0,Cash,Rep D,Central
101965,2024-07-17,5521,Ahmed Saleh,Female,51.0,Gaza,Keyboard,Office,82.23,5,0.1,Cash,Rep B,North
101966,2025-08-16,5221,,Female,28.0,Tulkarm,Microwave,Home,171.3,3,0.0,Cash,Rep D,Central
101967,2025-06-29,5381,Lina Ali,Female,65.0,Jericho,Webcam,Office,305.51,3,0.0,Credit Card,Rep D,North
101968,2024-11-02,5036,Yousef Awwad,Male,54.0,Nablus,Microwave,Home,297.65,4,0.0,PayPal,Rep B,South
101969,2025-05-15,5241,Sara Ali,Female,43.0,Nablus,Laptop,Electronics,202.36,6,0.05,Bank Transfer,Rep B,Central
101970,2025-08-31,5150,Dana Khalil,Female,34.0,Khan Yunis,Headphones,Electronics,1426.73,7,0.15,Credit Card,Rep B,Central
101971,2025-01-19,5299,Mohammad Khalil,Female,43.0,Bethlehem,Printer,Office,520.99,2,0.05,Cash,Rep A,Central
101972,2025-06-23,5595,Ahmed Saleh,Male,30.0,Ramallah,Headphones,Electronics,288.65,3,0.15,Bank Transfer,Rep B,South
101973,2024-05-14,5461,Lina Ali,Male,64.0,Khan Yunis,Printer,Office,449.25,1,0.05,Credit Card,Rep C,South
101974,2025-12-30,5397,Rana Nasser,Female,56.0,Khan Yunis,Tablet,Electronics,672.22,3,0.1,PayPal,Rep F,North
101975,2024-07-20,5093,Lina Awwad,Female,52.0,Tulkarm,Desk Chair,Office,356.88,4,0.05,PayPal,Rep E,Central
101976,2025-07-24,5156,Sara Awwad,Female,47.0,Bethlehem,Vacuum Cleaner,Home,294.12,5,0.0,Cash,Rep D,South
101977,2024-10-30,5559,Sami Awwad,Male,29.0,,Smart Watch,Electronics,438.08,4,0.1,Bank Transfer,Rep E,North
101978,2024-05-29,5193,Noor Ali,Female,39.0,Tulkarm,USB Cable,Accessories,60.27,5,0.2,PayPal,Rep D,South
101979,2025-11-30,5399,Ahmed Saleh,Male,63.0,Hebron,Air Fryer,Home,92.63,4,0.0,Credit Card,Rep B,North
101980,2025-06-07,5217,Dana Saleh,Female,45.0,Hebron,Smart Watch,Electronics,1230.21,5,0.1,Cash,Rep F,Central
101981,2024-01-02,5217,Lina Awwad,Male,22.0,Bethlehem,Vacuum Cleaner,Home,154.27,4,0.1,Credit Card,Rep B,South
101982,2025-08-16,5004,Mohammad Awwad,Male,22.0,Hebron,Power Bank,Accessories,89.88,4,0.05,Credit Card,Rep A,South
101983,2024-08-20,5038,Maya Awwad,Female,37.0,Nablus,Headphones,Electronics,413.52,8,0.0,Cash,Rep F,South
101984,2025-02-02,5404,Mohammad Ali,Male,20.0,Ramallah,Desk Chair,Office,130.58,3,0.0,Cash,Rep B,North
101985,2025-02-10,5289,Sara Awwad,Female,40.0,Khan Yunis,Smartphone,Electronics,1482.05,6,0.05,Bank Transfer,Rep C,Central
101986,2025-11-23,5215,Khaled Ali,Male,54.0,Bethlehem,Monitor,Office,188.59,4,0.1,PayPal,Rep B,Central
101987,2024-06-16,5328,Khaled Hassan,Male,42.0,Bethlehem,Laptop,Electronics,701.53,4,0.0,Cash,Rep A,South
101988,2024-12-22,5544,Sara Nasser,Male,37.0,Jericho,Phone Case,Accessories,101.88,3,0.05,Credit Card,Rep D,Central
101989,2025-08-20,5436,Ahmed Awwad,Female,47.0,Jenin,Power Bank,Accessories,115.5,5,0.05,Credit Card,Rep C,South
101990,2024-05-08,5019,Yousef Ali,Male,47.0,Gaza,Webcam,Office,142.71,6,0.05,Bank Transfer,Rep D,South
101991,2024-05-16,5226,Dana Khalil,Male,61.0,Jenin,Tablet,Electronics,293.88,4,0.05,Bank Transfer,Rep B,South
101992,2025-12-15,5041,Rana Saleh,Male,32.0,Jenin,Webcam,Office,37.61,4,0.2,PayPal,Rep D,North
101993,2024-08-02,5130,Rana Nasser,Male,25.0,Nablus,Smartphone,Electronics,915.03,4,0.15,Credit Card,Rep E,South
101994,2025-07-01,5343,Maya Saleh,Male,61.0,Jericho,Desk Chair,Office,33.3,4,0.05,PayPal,Rep A,South
101995,2024-07-30,5428,Yousef Nasser,Female,25.0,Tulkarm,Phone Case,Accessories,106.51,4,0.15,Credit Card,Rep B,North
101996,2025-01-29,5429,Sara Hassan,Male,32.0,Hebron,Desk Chair,Office,139.63,4,0.2,PayPal,Rep C,South
101997,2025-09-25,5129,Khaled Awwad,Female,52.0,Jericho,Desk Chair,Office,107.29,5,0.1,Bank Transfer,Rep A,South
101998,2025-07-10,5273,Hala Khalil,Female,63.0,Tulkarm,Tablet,Electronics,688.37,2,0.0,Credit Card,Rep D,Central
101999,2025-01-05,5485,Lina Saleh,Male,5.0,Rafah,Tablet,Electronics,359.08,6,0.0,Bank Transfer,Rep D,Central
102000,2024-01-23,5131,Hala Khalil,Male,21.0,Gaza,Monitor,Office,497.37,4,0.0,Credit Card,Rep F,South
102001,2024-01-05,5286,Khaled Awwad,Female,24.0,Hebron,Mouse,Accessories,127.67,3,0.0,Credit Card,Rep E,North
102002,2025-01-20,5472,Mohammad Hassan,Female,29.0,Khan Yunis,Headphones,Electronics,121.7,5,0.05,PayPal,Rep B,Central
102003,2024-10-14,5062,Mohammad Ali,Female,31.0,Bethlehem,Laptop,Electronics,601.34,5,0.0,PayPal,Rep B,South
102004,2025-03-18,5272,Yousef Saleh,Male,19.0,Khan Yunis,Vacuum Cleaner,Home,516.42,2,0.2,Cash,Rep E,South
102005,2024-06-11,5295,Mohammad Awwad,Female,63.0,Hebron,Smart Watch,Electronics,543.11,4,0.1,Cash,Rep A,North
102006,2025-08-02,5446,Lina Hassan,Male,38.0,Jenin,Headphones,Electronics,624.33,1,0.05,Cash,Rep B,Central
102007,2024-04-28,5076,Rana Khalil,Male,19.0,Hebron,Desk Chair,Office,488.17,3,0.1,Bank Transfer,Rep E,North
102008,2024-10-20,5203,Ali Ali,Female,20.0,Khan Yunis,Smart Watch,Electronics,905.62,5,0.0,Credit Card,Rep C,South
102009,2024-08-06,5188,Hala Ali,Male,41.0,Hebron,Desk Chair,Office,137.04,5,0.0,Cash,Rep F,South
102010,2024-11-30,5559,Sara Awwad,Female,35.0,Khan Yunis,,Electronics,901.22,3,0.1,,Rep A,North
102011,2025-03-24,5588,Ali Awwad,Female,32.0,Bethlehem,Smartphone,Electronics,1289.65,5,0.05,PayPal,Rep C,South
102012,2025-11-28,5311,Ahmed Khalil,Male,56.0,Hebron,Monitor,Office,-50.0,6,0.0,Bank Transfer,Rep B,North
102013,2024-07-27,5483,Lina Hassan,Male,63.0,Rafah,Monitor,OFFICE,248.13,4,0.1,Cash,Rep E,South
102014,2025-11-11,5036,Yousef Saleh,Male,31.0,Nablus,Keyboard,Office,74.16,5,0.0,Credit Card,Rep C,South
102015,2024-02-25,5566,Yousef Awwad,Female,64.0,Gaza,Smartphone,Electronics,865.64,2,0.1,PayPal,Rep A,North
102016,2025-10-03,5194,Maya Awwad,Female,-2.0,Khan Yunis,Coffee Maker,Home,83.81,3,0.15,Credit Card,Rep B,North
102017,2025-01-25,5173,Khaled Saleh,Male,33.0,Gaza,Webcam,Office,50.52,5,0.15,Cash,Rep C,Central
102018,2025-08-03,5540,Hala Awwad,Male,59.0,,Desk Chair,Office,202.17,4,0.05,Cash,Rep E,Central
102019,2025-04-20,5229,Maya Nasser,Female,42.0,Jenin,Desk Chair,Office,154.36,1,0.1,Credit Card,Rep B,Central
102020,2024-03-14,5269,Hala Awwad,Male,25.0,Jericho,Blender,Home,332.72,3,0.0,Bank Transfer,Rep D,South
102021,2025-01-20,5064,Noor Saleh,Male,28.0,Jericho,Blender,Home,633.3,2,0.05,Bank Transfer,Rep F,Central
102022,2025-09-02,5434,Khaled Awwad,Female,24.0,Jenin,Smart Watch,Electronics,982.77,5,0.05,Credit Card,Rep E,North
102023,2025-04-15,5328,Yousef Awwad,Male,18.0,Hebron,Power Bank,Accessories,10.02,5,0.0,Credit Card,Rep B,North
102024,2025-03-31,5594,Yousef Nasser,Female,,Rafah,Laptop,Electronics,375.23,5,0.05,Credit Card,Rep C,North
102025,2024-03-08,5424,Mohammad Saleh,Female,26.0,Nablus,Smart Watch,Electronics,768.97,7,0.05,Credit Card,Rep F,South
102026,2024-02-07,5545,Lina Ali,Female,53.0,Ramallah,Vacuum Cleaner,Home,218.72,2,0.0,Cash,Rep E,North
102027,2025-01-07,5299,Ahmed Ali,Female,48.0,Bethlehem,Laptop,Electronics,1129.2,5,0.1,PayPal,Rep C,South
102028,2025-01-08,5209,Maya Khalil,Female,49.0,Khan Yunis,Monitor,Office,254.97,5,0.1,Cash,Rep B,South
102029,2025-08-28,5221,Lina Ali,Male,40.0,Gaza,Headphones,Electronics,919.1,6,0.0,Cash,Rep B,South
102030,2025-08-12,5388,Hala Khalil,Male,44.0,Gaza,Keyboard,Office,556.49,4,0.1,Bank Transfer,Rep F,Central
102031,2024-06-24,5510,Adam Ali,Male,55.0,Khan Yunis,Vacuum Cleaner,Home,573.35,4,0.0,Cash,Rep C,Central
102032,2024-02-21,5179,Khaled Awwad,Male,25.0,Jericho,Smart Watch,Electronics,873.5,7,0.1,Credit Card,Rep F,North
102033,2024-03-12,5091,Yousef Ali,Female,62.0,Jericho,Microwave,Home,396.24,8,0.0,Bank Transfer,Rep C,South
102034,2024-08-26,5434,Lina Nasser,Male,23.0,Ramallah,Tablet,Electronics,399.88,2,0.05,PayPal,Rep B,South
102035,2024-03-12,5055,Noor Awwad,Male,9.0,Jenin,Smartphone,Electronics,921.73,5,0.0,Cash,Rep B,Central
102036,2024-04-04,5121,Dana Khalil,Male,58.0,Jenin,USB Cable,Accessories,171.93,1,0.0,Credit Card,Rep D,South
102037,2024-04-30,5217,Omar Nasser,Female,60.0,Hebron,Vacuum Cleaner,Home,310.87,4,0.2,PayPal,Rep A,South
102038,2025-06-12,5171,Hala Saleh,Female,54.0,Bethlehem,Tablet,Electronics,1300.08,2,0.0,PayPal,Rep B,South
102039,2025-05-21,5486,Maya Saleh,Female,38.0,Ramallah,Vacuum Cleaner,Home,613.65,7,0.15,Bank Transfer,Rep F,South
102040,2024-01-28,5121,Sara Khalil,Male,65.0,Khan Yunis,Vacuum Cleaner,Home,626.36,4,0.1,Credit Card,Rep B,Central
102041,2024-10-14,5591,Adam Ali,Female,44.0,Jericho,Phone Case,Accessories,160.62,3,0.0,Cash,Rep B,North
102042,2025-08-02,5434,Hala Khalil,Male,23.0,Khan Yunis,Headphones,Electronics,534.04,7,0.1,Cash,Rep E,Central
102043,2024-08-15,5146,Sara Awwad,Male,48.0,Bethlehem,Vacuum Cleaner,Home,155.42,6,0.05,Credit Card,Rep C,Central
102044,2024-02-04,5347,Ahmed Hassan,Male,49.0,Tulkarm,Printer,Office,543.86,3,0.0,PayPal,Rep B,South
102045,2025-02-16,5414,Omar Saleh,Male,34.0,Jericho,Microwave,Home,148.25,7,0.1,PayPal,Rep C,South
102046,2025-07-29,5156,Sami Saleh,Male,31.0,Khan Yunis,Blender,Home,313.24,3,0.1,Credit Card,Rep E,Central
102047,2024-08-31,5590,Hala Nasser,Female,22.0,Jenin,Coffee Maker,Home,403.78,4,0.1,PayPal,Rep F,South
102048,2024-10-14,5112,Dana Hassan,Male,51.0,Gaza,Microwave,Home,391.1,5,0.05,PayPal,Rep B,South
102049,2024-11-07,5532,Rana Saleh,Female,40.0,Khan Yunis,Coffee Maker,Home,693.29,7,0.05,PayPal,Rep A,South
102050,2024-04-07,5169,Adam Hassan,Female,33.0,Tulkarm,Blender,Home,482.47,3,0.0,Credit Card,Rep F,South
102051,2024-07-18,5236,Yousef Hassan,Female,22.0,Jenin,Laptop,Electronics,144.32,7,0.0,Credit Card,Rep D,North
102052,2024-07-31,5560,Dana Nasser,Female,21.0,Nablus,Vacuum Cleaner,Home,192.94,3,0.0,Cash,Rep A,South
102053,2025-09-12,5343,Dana Ali,Female,26.0,Bethlehem,Webcam,Office,48.14,1,0.1,Credit Card,Rep A,South
102054,2024-09-13,5434,Ahmed Awwad,Male,41.0,Khan Yunis,Webcam,Office,357.61,2,0.0,PayPal,Rep B,Central
102055,2024-01-30,5073,Maya Khalil,Male,44.0,Hebron,USB Cable,Accessories,169.41,8,0.15,PayPal,Rep B,Central
102056,2024-06-05,5257,Khaled Ali,Female,64.0,Khan Yunis,Webcam,Office,66.18,3,0.15,PayPal,Rep B,South
102057,2025-02-03,5207,Lina Awwad,Female,41.0,Jericho,Power Bank,Accessories,131.17,2,0.1,Credit Card,Rep B,North
102058,2024-11-06,5111,Sara Awwad,Female,57.0,Khan Yunis,Tablet,Electronics,1160.3,2,0.05,Credit Card,Rep B,South
102059,2025-08-25,5428,Ali Awwad,Male,20.0,Gaza,Laptop,Electronics,1470.84,5,0.15,Credit Card,Rep A,South
102060,2024-07-18,5513,Dana Nasser,Male,38.0,Ramallah,Tablet,Electronics,704.08,2,0.0,Credit Card,Rep B,Central
102061,2024-08-20,5115,Noor Khalil,Male,21.0,Hebron,Blender,Home,427.5,3,0.15,Credit Card,Rep F,Central
102062,2025-08-08,5121,Hala Nasser,Female,19.0,Bethlehem,Monitor,Office,72.03,4,0.1,Credit Card,Rep D,Central
102063,2025-05-23,5310,Khaled Khalil,Male,49.0,Jericho,Webcam,Office,254.48,6,0.0,Credit Card,Rep D,Central
102064,2025-05-25,5120,Sara Nasser,Male,29.0,Jericho,Phone Case,Accessories,110.75,1,0.0,Credit Card,Rep A,Central
102065,2025-04-17,5359,Dana Saleh,Male,20.0,Rafah,Tablet,Electronics,1347.64,5,,Bank Transfer,Rep D,Central
102066,2025-07-29,5307,Noor Nasser,Female,19.0,Bethlehem,Coffee Maker,Home,692.44,7,0.1,Credit Card,Rep D,South
102067,2024-08-09,5413,Hala Nasser,Female,42.0,Gaza,Microwave,Home,507.18,5,0.0,Cash,Rep F,Central
102068,2024-01-24,5519,Ali Awwad,Male,65.0,Ramallah,Monitor,Office,297.24,5,0.1,PayPal,Rep A,Central
102069,2024-07-25,5345,Dana Saleh,Female,53.0,Nablus,Microwave,Home,548.38,4,0.0,Cash,Rep C,North
102070,2025-09-25,5586,Noor Saleh,Male,35.0,Bethlehem,Smart Watch,Electronics,1303.57,2,0.05,Bank Transfer,Rep B,Central
102071,2025-09-18,5090,Sami Ali,Female,,Tulkarm,Tablet,Electronics,549.09,6,0.0,Credit Card,Rep B,South
102072,2024-02-27,5425,Mohammad Saleh,Male,22.0,Khan Yunis,Headphones,Electronics,1489.24,5,0.0,PayPal,Rep C,South
102073,2024-09-28,5430,Hala Saleh,Male,58.0,Jenin,Mouse,Accessories,19.29,2,0.0,Credit Card,Rep E,Central
102074,2024-09-07,5415,Khaled Nasser,Male,21.0,Nablus,Smartphone,Electronics,749.63,2,0.0,PayPal,Rep B,Central
102075,2025-08-16,5049,Lina Nasser,Male,61.0,Nablus,USB Cable,Accessories,104.99,5,0.15,Bank Transfer,Rep C,North
102076,2025-02-22,5273,Khaled Ali,Male,30.0,Khan Yunis,Smart Watch,Electronics,884.62,3,0.15,Credit Card,Rep B,Central
102077,2025-11-08,5447,Adam Ali,Male,65.0,Bethlehem,Laptop,Electronics,442.15,2,0.0,Cash,Rep B,Central
102078,2024-02-09,5509,Maya Nasser,Female,19.0,Hebron,Laptop,Electronics,1324.55,3,0.1,Credit Card,Rep E,Central
102079,2025-06-21,5266,Rana Hassan,Male,31.0,Rafah,Blender,Home,550.54,5,0.0,Bank Transfer,Rep C,South
102080,2025-08-13,5346,Noor Hassan,Male,33.0,Nablus,Laptop,Electronics,188.91,7,0.1,Bank Transfer,Rep A,Central
102081,2024-10-07,5301,Omar Hassan,Female,55.0,Tulkarm,Vacuum Cleaner,Home,699.52,6,0.1,Cash,Rep A,Central
102082,2024-07-01,5461,Adam Nasser,Male,34.0,Jenin,Blender,Home,201.53,6,0.15,Credit Card,Rep B,South
102083,2025-01-01,5549,Mohammad Nasser,Male,32.0,Ramallah,Tablet,Electronics,807.03,5,0.0,Cash,Rep A,South
102084,2025-03-29,5384,Omar Awwad,Female,41.0,Jericho,Smartphone,Electronics,846.69,4,0.0,Cash,Rep E,Central
102085,2025-02-10,5094,Ali Awwad,Male,54.0,Jenin,Headphones,Electronics,991.48,7,0.1,Credit Card,Rep C,Central
102086,2024-06-09,5427,Mohammad Awwad,Male,20.0,Gaza,Backpack,Accessories,48.09,3,0.0,Credit Card,Rep F,Central
102087,2024-02-22,5567,Yousef Khalil,Male,22.0,Bethlehem,Mouse,Accessories,79.34,2,0.1,PayPal,Rep C,Central
102088,2024-10-19,5182,Ahmed Nasser,Male,31.0,Rafah,Smartphone,Electronics,461.56,3,0.05,PayPal,Rep C,North
102089,2025-08-19,5554,Noor Nasser,Male,27.0,Bethlehem,Tablet,Electronics,671.03,6,0.2,Cash,Rep B,South
102090,2025-06-05,5089,Dana Khalil,Male,56.0,Gaza,Vacuum Cleaner,Home,485.13,1,0.1,Credit Card,Rep C,South
102091,2025-07-21,5121,Ahmed Saleh,Female,62.0,Jericho,Vacuum Cleaner,Home,399.73,5,0.05,PayPal,Rep A,Central
102092,2024-01-04,5328,Yousef Khalil,Female,22.0,Jenin,Desk Chair,Office,497.02,3,0.0,Credit Card,Rep B,Central
102093,2025-08-13,5378,Sara Awwad,Male,26.0,Gaza,Laptop,Electronics,795.31,3,0.1,Credit Card,Rep F,North
102094,2024-01-31,5479,Dana Khalil,Female,21.0,Khan Yunis,Monitor,Office,575.16,1,0.0,PayPal,Rep C,Central
102095,2024-04-10,5546,Lina Ali,Female,40.0,Jericho,Printer,Office,225.7,2,0.15,PayPal,Rep E,Central
102096,2024-09-21,5524,Sara Nasser,Male,20.0,Gaza,Smart Watch,Electronics,405.09,2,0.0,Credit Card,Rep A,South
102097,2024-07-10,5487,Lina Awwad,Female,61.0,Khan Yunis,Headphones,Electronics,978.06,1,0.1,Credit Card,Rep C,North
102098,2025-01-13,5326,,Female,55.0,Bethlehem,Vacuum Cleaner,Home,566.83,5,0.0,Credit Card,Rep B,North
102099,2024-03-29,5006,Dana Ali,Female,56.0,Ramallah,Desk Chair,Office,571.07,4,0.05,Credit Card,Rep D,Central
102100,2025-01-18,5304,Noor Hassan,Female,32.0,Bethlehem,Air Fryer,Home,402.92,3,0.05,Cash,Rep A,Central
102101,2024-12-10,5409,Dana Nasser,Female,57.0,Khan Yunis,Laptop,Electronics,712.11,3,0.15,Cash,Rep E,Central
102102,2025-04-19,5095,Sara Ali,Male,54.0,Tulkarm,Air Fryer,Home,159.56,6,0.0,Bank Transfer,Rep D,North
102103,2024-04-27,5251,Hala Hassan,Female,48.0,Rafah,Blender,Home,454.36,4,0.15,Credit Card,Rep E,North
102104,2025-08-26,5105,Sara Khalil,Male,29.0,Jenin,Tablet,Electronics,171.31,6,0.0,Credit Card,Rep F,North
102105,2024-04-26,5262,Dana Hassan,Female,34.0,Jericho,Air Fryer,Home,510.34,2,0.15,Credit Card,Rep B,North
102106,2025-12-20,5158,Dana Saleh,Male,28.0,Jenin,Blender,Home,166.49,4,0.0,Credit Card,Rep A,South
102107,2025-06-20,5220,Yousef Saleh,Female,18.0,Ramallah,Mouse,Accessories,52.95,1,0.0,Credit Card,Rep E,North
102108,2024-08-09,5182,Mohammad Khalil,Female,31.0,Bethlehem,Smartphone,Electronics,187.71,2,0.1,Cash,Rep B,Central
102109,2024-09-08,5484,Yousef Nasser,Female,29.0,Nablus,Microwave,Home,456.22,7,0.1,Cash,Rep B,North
102110,2024-11-13,5012,Rana Nasser,Female,56.0,Jericho,Blender,Home,114.14,4,0.0,Bank Transfer,Rep D,Central
102111,2025-06-08,5039,Ali Khalil,Male,64.0,Nablus,Desk Chair,Office,564.86,3,0.05,Credit Card,Rep E,North
102112,2025-09-20,5248,Lina Khalil,Female,39.0,Rafah,Coffee Maker,Home,83.76,3,0.0,Bank Transfer,Rep E,Central
102113,2024-09-08,5468,Rana Khalil,Male,40.0,Nablus,Tablet,Electronics,1144.64,7,0.0,Credit Card,Rep D,North
102114,2024-08-12,5510,Mohammad Ali,Male,20.0,Gaza,USB Cable,Accessories,148.11,3,0.2,Bank Transfer,Rep E,South
102115,2024-02-24,5473,Adam Saleh,Female,45.0,Nablus,Blender,Home,523.18,6,0.15,Cash,Rep C,South
102116,2025-11-03,5176,Yousef Awwad,Male,42.0,Tulkarm,Monitor,Office,90.24,2,0.0,Credit Card,Rep B,North
102117,2024-12-14,5543,Rana Ali,Female,55.0,Khan Yunis,Desk Chair,Office,260.31,3,0.0,Cash,Rep F,Central
102118,2025-04-24,5118,Maya Khalil,Male,35.0,Jenin,Keyboard,Office,537.73,3,0.1,Cash,Rep F,Central
102119,2024-06-01,5429,Mohammad Ali,Female,52.0,Bethlehem,Headphones,Electronics,132.49,4,0.05,PayPal,Rep D,Central
102120,2024-09-27,5429,Sara Ali,Male,,Tulkarm,Desk Chair,Office,178.39,1,0.2,Bank Transfer,Rep E,Central
102121,2025-05-12,5087,Omar Khalil,Male,42.0,Jenin,Backpack,Accessories,52.74,1,0.05,Cash,Rep C,Central
102122,2025-08-25,5068,Sara Saleh,Female,40.0,Hebron,Power Bank,Accessories,91.02,3,0.05,PayPal,Rep C,North
102123,2024-05-02,5057,Hala Awwad,Male,23.0,Tulkarm,Blender,Home,486.61,3,,Credit Card,Rep C,Central
102124,2025-09-28,5529,Dana Khalil,Male,43.0,Jenin,Desk Chair,Office,327.48,1,0.05,Credit Card,Rep D,South
102125,2024-04-15,5247,Adam Nasser,Female,40.0,Ramallah,Printer,Office,397.05,5,0.0,Cash,Rep E,Central
102126,2024-09-11,5404,Sami Nasser,Female,33.0,Ramallah,Backpack,Accessories,141.25,5,0.05,PayPal,Rep E,North
102127,2025-09-03,5115,Omar Nasser,Male,27.0,Tulkarm,Keyboard,Office,101.23,3,0.1,Bank Transfer,Rep B,North
102128,2025-07-09,5225,Omar Khalil,Male,41.0,Hebron,Coffee Maker,Home,278.28,4,0.15,Credit Card,Rep A,South
102129,2024-10-28,5300,Adam Awwad,Female,53.0,Jenin,Blender,Home,213.2,4,0.1,Credit Card,Rep A,South
102130,2025-04-24,5545,Rana Ali,Female,21.0,Gaza,Smart Watch,Electronics,1000.64,4,0.2,Credit Card,Rep D,Central
102131,2025-10-07,5379,Khaled Khalil,Male,39.0,Jenin,Smart Watch,Electronics,481.16,2,0.1,Cash,Rep B,South
102132,2025-06-28,5100,Lina Hassan,Male,25.0,Hebron,Headphones,Electronics,1045.54,5,0.0,Cash,Rep C,South
102133,2025-03-03,5035,Adam Ali,Male,22.0,Nablus,Smart Watch,Electronics,730.22,5,0.15,Credit Card,Rep C,Central
102134,2024-10-05,5303,Maya Ali,Male,46.0,Jericho,Blender,Home,378.84,1,0.0,Cash,Rep D,South
102135,2024-09-13,5063,Sara Nasser,Male,57.0,Nablus,Air Fryer,Home,394.73,4,0.2,Bank Transfer,Rep C,North
102136,2025-08-09,5191,Adam Ali,Male,60.0,Nablus,Phone Case,Accessories,125.42,2,0.0,PayPal,Rep C,Central
102137,2024-01-14,5375,Hala Ali,Male,41.0,Jericho,Headphones,Electronics,867.24,3,0.0,Cash,Rep E,South
102138,2024-01-16,5216,Maya Ali,Female,45.0,Ramallah,Blender,Home,465.52,6,0.1,PayPal,Rep D,Central
102139,2025-12-08,5291,Sami Saleh,Male,32.0,Jenin,Smartphone,Electronics,634.53,6,0.0,Credit Card,Rep E,North
102140,2025-04-12,5570,Maya Hassan,Female,59.0,Bethlehem,Vacuum Cleaner,Home,674.96,3,0.05,Cash,Rep F,North
102141,2025-05-25,5336,Khaled Awwad,Female,39.0,Ramallah,USB Cable,Accessories,129.64,3,0.0,Bank Transfer,Rep C,North
102142,2025-08-30,5587,Lina Ali,Male,37.0,Gaza,Smartphone,Electronics,671.47,7,0.1,Bank Transfer,Rep C,South
102143,2024-02-07,5118,Khaled Awwad,Male,59.0,Bethlehem,Webcam,Office,179.28,8,0.15,PayPal,Rep B,North
102144,2024-11-21,5509,Maya Ali,Male,56.0,Tulkarm,Blender,Home,240.47,4,0.05,Credit Card,Rep A,Central
102145,2024-08-08,5560,Adam Ali,Female,53.0,Khan Yunis,Air Fryer,Home,307.51,4,0.0,Credit Card,Rep B,Central
102146,2024-03-20,5461,Khaled Nasser,Female,35.0,Jenin,Tablet,Electronics,1159.15,6,0.0,Cash,Rep A,South
102147,2024-11-17,5459,Yousef Hassan,Female,58.0,Nablus,Webcam,Office,201.15,6,0.0,Cash,Rep D,North
102148,2025-02-07,5404,Omar Awwad,Male,47.0,Bethlehem,Smart Watch,Electronics,1047.69,6,0.0,Cash,Rep A,North
102149,2025-12-17,5500,Lina Awwad,Female,28.0,Khan Yunis,Mouse,Accessories,119.86,3,0.2,Credit Card,Rep A,North
102150,2025-03-07,5519,Dana Nasser,Male,41.0,Ramallah,Tablet,Electronics,1076.7,2,0.0,Bank Transfer,Rep C,Central
102151,2024-07-31,5319,Khaled Awwad,Female,59.0,Tulkarm,Air Fryer,Home,607.53,1,0.0,Bank Transfer,Rep A,South
102152,2024-11-26,5005,Hala Saleh,Female,25.0,Khan Yunis,Vacuum Cleaner,Home,462.78,3,0.0,Cash,Rep A,North
102153,2024-05-25,5152,Maya Khalil,Male,45.0,Rafah,Vacuum Cleaner,Home,617.1,2,0.15,Credit Card,Rep D,South
102154,2025-10-11,5368,Lina Awwad,Male,39.0,Tulkarm,Smart Watch,Electronics,1033.73,4,0.0,PayPal,Rep E,South
102155,2025-12-10,5239,Adam Nasser,Male,31.0,Gaza,Power Bank,Accessories,71.26,5,0.1,Cash,Rep D,Central
102156,2024-12-01,5004,Omar Khalil,Male,51.0,Jericho,Smartphone,Electronics,658.89,8,0.0,PayPal,Rep D,Central
102157,2025-07-18,5257,Hala Ali,Female,24.0,Jericho,Laptop,Electronics,1374.46,5,0.1,Cash,Rep D,North
102158,2024-06-20,5221,Ahmed Ali,Female,53.0,Rafah,Smart Watch,Electronics,1112.6,5,0.15,Cash,Rep A,North
102159,2024-01-02,5207,Yousef Khalil,Female,31.0,Jenin,Printer,Office,461.06,2,0.1,Credit Card,Rep F,Central
102160,2025-07-26,5455,Ahmed Awwad,Female,60.0,Jericho,Microwave,Home,376.8,4,0.05,Cash,Rep D,South
102161,2025-02-20,5475,Sami Khalil,Male,25.0,Bethlehem,Headphones,Electronics,703.41,3,0.0,PayPal,Rep C,North
102162,2025-01-04,5588,Omar Ali,Female,56.0,Nablus,Headphones,Electronics,802.45,4,0.0,Credit Card,Rep A,Central
102163,2025-09-18,5494,Omar Hassan,Male,39.0,Jenin,Webcam,Office,175.59,4,0.05,PayPal,Rep E,South
102164,2025-04-22,5336,,Female,54.0,Nablus,Tablet,Electronics,1078.59,8,0.05,Credit Card,Rep F,Central
102165,2025-07-05,5387,Maya Saleh,Male,44.0,Khan Yunis,Smartphone,Electronics,610.45,2,0.0,Cash,Rep A,North
102166,2025-11-30,5235,Mohammad Ali,Male,48.0,Nablus,Keyboard,Office,34.41,5,0.1,PayPal,Rep C,Central
102167,2025-07-16,5204,Rana Nasser,Male,44.0,Jenin,Smartphone,Electronics,1045.02,4,0.15,PayPal,Rep E,South
102168,2024-03-02,5302,Dana Nasser,Male,61.0,Rafah,Phone Case,Accessories,155.72,1,0.0,Credit Card,Rep A,North
102169,2024-09-29,5467,Yousef Khalil,Male,59.0,Bethlehem,Tablet,Electronics,730.95,5,0.05,Credit Card,Rep D,South
102170,2025-09-28,5117,Sami Ali,Male,51.0,Gaza,Smartphone,Electronics,216.88,5,0.2,Credit Card,Rep F,Central
102171,2024-02-07,5482,Maya Hassan,Female,57.0,Jericho,Coffee Maker,Home,671.9,6,0.0,Credit Card,Rep C,South
102172,2025-11-08,5464,Omar Awwad,Female,59.0,Gaza,Phone Case,Accessories,85.33,4,0.1,PayPal,Rep A,North
102173,2024-09-10,5405,Ali Awwad,Male,47.0,Rafah,Monitor,Office,412.49,4,0.15,Credit Card,Rep E,Central
102174,2024-12-15,5060,Adam Awwad,Male,44.0,Nablus,Microwave,Home,611.06,3,0.15,Cash,Rep F,South
102175,2025-01-22,5286,Ali Khalil,Female,26.0,Jericho,Smart Watch,Electronics,604.21,5,0.0,PayPal,Rep E,South
102176,2024-09-12,5170,Omar Khalil,Male,52.0,Khan Yunis,Blender,Home,376.58,7,0.15,Credit Card,Rep C,North
102177,2024-06-03,5499,Khaled Hassan,Female,36.0,Bethlehem,Smartphone,Electronics,356.33,4,0.05,Credit Card,Rep D,Central
102178,2025-04-18,5243,Omar Saleh,Female,44.0,Jenin,Backpack,Accessories,170.3,1,0.05,PayPal,Rep B,North
102179,2025-10-01,5551,Rana Saleh,Male,63.0,Gaza,Webcam,Office,259.92,6,0.15,,Rep D,Central
102180,2024-10-27,5309,Rana Hassan,Male,43.0,Nablus,Power Bank,Accessories,151.64,3,0.0,Bank Transfer,Rep C,Central
102181,2025-04-01,5331,Khaled Awwad,Male,60.0,Khan Yunis,Air Fryer,Home,164.72,5,0.0,Cash,Rep F,South
102182,2024-11-23,5276,Noor Saleh,Male,55.0,Tulkarm,Vacuum Cleaner,Home,416.35,3,0.0,Credit Card,Rep A,South
102183,2025-05-01,5018,Ahmed Awwad,Male,31.0,Khan Yunis,Air Fryer,Home,109.19,3,0.2,Cash,Rep F,North
102184,2025-12-09,5271,Yousef Khalil,Female,32.0,Bethlehem,Vacuum Cleaner,Home,160.71,5,0.05,PayPal,Rep D,North
102185,2025-04-21,5089,Maya Saleh,Female,39.0,Jericho,Power Bank,Accessories,20.5,4,0.0,PayPal,Rep B,North
102186,2024-01-01,5538,Ali Saleh,Female,38.0,Rafah,Microwave,Home,520.26,4,0.0,Cash,Rep C,South
102187,2025-05-17,5403,Ahmed Nasser,Male,65.0,Nablus,Headphones,Electronics,741.66,2,0.05,Cash,Rep E,South
102188,2025-03-08,5399,Noor Saleh,Male,34.0,Tulkarm,Air Fryer,Home,529.74,6,0.15,Credit Card,Rep F,North
102189,2025-01-14,5421,Ali Nasser,Male,44.0,Ramallah,Smartphone,Electronics,1377.86,4,0.05,Credit Card,Rep E,North
102190,2024-02-21,5065,Noor Nasser,Male,32.0,Hebron,Keyboard,Office,162.87,4,0.0,PayPal,Rep D,North
102191,2025-05-11,5534,Sami Ali,Female,52.0,Bethlehem,Backpack,Accessories,151.1,2,0.05,Bank Transfer,Rep B,South
102192,2025-11-20,5461,Ali Saleh,Male,48.0,Rafah,Vacuum Cleaner,Home,555.76,1,0.1,Credit Card,Rep B,South
102193,2024-11-16,5534,Ali Awwad,Male,39.0,Ramallah,Coffee Maker,Home,584.8,6,0.15,Cash,Rep D,Central
102194,2024-07-26,5318,Omar Ali,Male,53.0,Khan Yunis,Laptop,Electronics,1344.72,4,0.15,Cash,Rep E,South
102195,2024-08-07,5433,Khaled Nasser,Male,47.0,Bethlehem,Coffee Maker,Home,376.44,8,0.0,Credit Card,Rep C,Central
102196,2025-11-17,5404,Ahmed Nasser,Male,33.0,Jenin,Laptop,Electronics,338.43,3,0.0,Credit Card,Rep A,North
102197,2024-07-04,5462,Adam Ali,Male,25.0,Bethlehem,Phone Case,Accessories,171.68,2,0.1,Bank Transfer,Rep F,Central
102198,2025-11-19,5157,Sara Ali,Female,46.0,Gaza,Backpack,Accessories,13.23,5,0.15,Credit Card,Rep A,North
102199,2025-01-14,5200,Sami Nasser,Male,18.0,Tulkarm,Vacuum Cleaner,Home,119.54,3,0.1,Cash,Rep E,South
102200,2025-03-04,5539,Lina Khalil,Male,25.0,Ramallah,Vacuum Cleaner,Home,116.91,4,0.05,PayPal,Rep C,South
102201,2025-04-21,5198,Lina Ali,Male,22.0,Tulkarm,Air Fryer,Home,311.99,5,0.0,Credit Card,Rep E,South
102202,2024-03-09,5439,Rana Nasser,Female,56.0,Jericho,Vacuum Cleaner,Home,312.19,2,0.0,Credit Card,Rep D,North
102203,2024-03-23,5577,Ali Ali,Female,58.0,Jenin,Air Fryer,Home,118.65,4,0.1,Cash,Rep E,South
102204,2025-12-31,5319,Maya Awwad,Male,35.0,Nablus,Tablet,Electronics,479.5,2,0.0,Credit Card,Rep F,North
102205,2024-12-16,5017,Adam Ali,Male,120.0,Hebron,Coffee Maker,Home,347.18,6,0.1,Credit Card,Rep D,South
102206,2024-07-25,5205,Hala Ali,Female,35.0,Jenin,Headphones,Electronics,1379.36,4,0.1,Credit Card,Rep D,Central
102207,2024-05-06,5308,Maya Nasser,Male,56.0,Nablus,Power Bank,Accessories,165.45,4,0.15,PayPal,Rep C,North
102208,2024-05-19,5314,Maya Ali,Male,58.0,Rafah,Mouse,Accessories,80.85,3,0.0,Cash,Rep C,Central
102209,2024-06-23,5371,Sara Hassan,Male,61.0,Khan Yunis,Headphones,Electronics,575.58,4,0.0,Credit Card,Rep D,South
102210,2025-12-03,5007,Noor Hassan,Female,51.0,Nablus,Blender,Home,156.71,5,0.15,Cash,Rep B,South
102211,2024-07-27,5411,Sami Awwad,Male,64.0,Gaza,Smartphone,Electronics,892.99,5,0.1,PayPal,Rep C,Central
102212,2025-09-05,5163,Dana Hassan,Male,41.0,Hebron,Mouse,Accessories,168.57,3,0.05,Credit Card,Rep F,South
102213,2024-05-15,5546,Lina Awwad,Female,36.0,Ramallah,Tablet,Electronics,1318.84,7,0.05,Cash,Rep B,South
102214,2024-10-16,5202,Maya Hassan,Female,21.0,Bethlehem,Microwave,Home,223.77,3,0.05,Credit Card,Rep D,South
102215,2024-07-10,5098,Rana Khalil,Female,101.0,Gaza,Headphones,Electronics,1150.05,2,0.15,Credit Card,Rep A,Central
102216,2024-05-18,5597,Lina Hassan,Male,34.0,Rafah,Microwave,Home,176.26,3,0.0,Credit Card,Rep A,North
102217,2024-06-14,5503,,Female,63.0,Hebron,Smart Watch,Electronics,1091.98,3,0.05,Cash,Rep F,Central
102218,2025-10-26,5316,Yousef Saleh,Male,35.0,Tulkarm,Headphones,Electronics,705.71,5,0.0,PayPal,Rep C,North
102219,2024-04-02,5583,Rana Khalil,Male,40.0,Ramallah,Keyboard,Office,157.19,4,0.05,Credit Card,Rep B,North
102220,2024-04-26,5574,Sami Saleh,Male,59.0,Rafah,Smartphone,Electronics,1403.63,6,0.0,Credit Card,Rep F,North
102221,2024-05-07,5217,Adam Saleh,Male,52.0,Khan Yunis,Tablet,Electronics,321.76,2,0.0,Credit Card,Rep B,South
102222,2025-09-04,5160,Khaled Awwad,Female,47.0,Tulkarm,Webcam,Office,102.12,4,0.1,Credit Card,Rep D,Central
102223,2025-07-28,5073,Sara Ali,Male,65.0,Jenin,Tablet,Electronics,1124.91,3,0.0,PayPal,Rep C,North
102224,2024-03-22,5410,Khaled Ali,Male,29.0,Rafah,Keyboard,Office,450.39,5,0.0,Credit Card,Rep C,North
102225,2024-07-24,5115,Maya Khalil,Female,51.0,Nablus,Keyboard,Office,535.59,4,0.1,Cash,Rep E,North
102226,2024-12-30,5111,Hala Hassan,Female,26.0,Hebron,Air Fryer,Home,305.37,3,0.0,Credit Card,Rep F,North
102227,2025-09-07,5240,Yousef Nasser,Male,44.0,Bethlehem,Microwave,Home,601.17,3,0.15,Credit Card,Rep A,South
102228,2024-06-08,5361,Rana Saleh,Male,49.0,Hebron,Vacuum Cleaner,Home,453.61,3,0.0,Cash,Rep C,Central
102229,2025-10-22,5189,Dana Nasser,Male,44.0,Tulkarm,Webcam,Office,44.91,7,0.0,PayPal,Rep F,North
102230,2024-07-02,5034,Sami Khalil,Female,39.0,Hebron,Printer,Office,599.5,3,0.05,Bank Transfer,Rep F,South
102231,2024-08-20,5514,Ahmed Saleh,Female,52.0,Ramallah,Smartphone,Electronics,1121.73,8,0.1,Credit Card,Rep A,Central
102232,2025-11-10,5338,Dana Awwad,Female,63.0,Hebron,Webcam,Office,244.73,1,0.1,Bank Transfer,Rep D,South
102233,2025-09-06,5264,Noor Awwad,Male,57.0,Rafah,Coffee Maker,Home,259.12,5,0.1,Cash,Rep D,Central
102234,2024-03-28,5240,Adam Ali,Female,19.0,Ramallah,Microwave,home,137.52,2,0.1,Credit Card,Rep F,South
102235,2024-09-05,5177,Mohammad Hassan,Male,64.0,Nablus,Vacuum Cleaner,Home,260.77,3,0.0,Bank Transfer,Rep C,South
102236,2025-03-25,5220,Sara Awwad,Male,46.0,Ramallah,Blender,Home,524.16,6,0.05,Cash,Rep C,North
102237,2025-08-03,5180,Hala Hassan,Female,36.0,Hebron,USB Cable,Accessories,177.26,2,0.05,Cash,Rep A,South
102238,2024-05-16,5361,Ahmed Hassan,Female,57.0,Nablus,Smart Watch,Electronics,1191.81,3,0.05,PayPal,Rep F,South
102239,2024-01-22,5431,Dana Saleh,Male,37.0,Khan Yunis,Power Bank,Accessories,100.83,3,0.1,Cash,Rep D,North
102240,2024-03-17,5432,Hala Hassan,Female,52.0,Hebron,Keyboard,Office,405.83,4,0.1,Credit Card,Rep C,South
102241,2025-05-06,5272,Mohammad Ali,Female,46.0,Jericho,Monitor,Office,242.51,3,0.1,Credit Card,Rep E,Central
102242,2025-06-07,5084,Ali Nasser,Male,39.0,Jericho,Air Fryer,Home,390.42,4,0.0,Cash,Rep B,Central
102243,2025-06-27,5212,Dana Nasser,Female,41.0,Tulkarm,Smart Watch,Electronics,446.17,3,0.05,PayPal,Rep A,South
102244,2025-08-16,5129,Ahmed Hassan,Female,25.0,Jericho,Smart Watch,Electronics,88.06,3,0.05,Cash,Rep F,North
102245,2025-02-19,5072,Rana Saleh,Male,46.0,Gaza,Monitor,Office,183.34,5,0.1,Cash,Rep B,North
102246,2025-12-13,5363,Sami Saleh,Female,37.0,Jenin,Power Bank,Accessories,178.07,2,0.1,Cash,Rep E,South
102247,2024-10-31,5108,Omar Awwad,Female,46.0,Jericho,USB Cable,Accessories,179.94,2,0.0,Credit Card,Rep A,North
102248,2025-01-31,5036,Hala Hassan,Female,37.0,Rafah,Tablet,Electronics,1016.59,4,0.1,Bank Transfer,Rep E,Central
102249,2025-12-08,5535,Adam Awwad,Male,51.0,Jenin,Keyboard,Office,73.71,4,0.0,PayPal,Rep F,Central
102250,2025-07-09,5174,Dana Saleh,Male,26.0,Ramallah,Monitor,Office,357.29,5,0.15,Bank Transfer,Rep E,South
102251,2024-04-25,5403,Hala Ali,Female,40.0,Tulkarm,Vacuum Cleaner,Home,279.52,6,0.1,Credit Card,Rep F,South
102252,2024-11-25,5022,Sami Nasser,Male,37.0,Gaza,Phone Case,Accessories,130.23,4,0.2,Cash,Rep E,North
102253,2025-01-28,5259,Dana Hassan,Male,23.0,Hebron,Keyboard,Office,126.11,4,0.1,Cash,Rep E,North
102254,2024-12-26,5237,Sara Khalil,Male,57.0,Tulkarm,Laptop,Electronics,869.06,4,0.15,Cash,Rep C,South
102255,2024-06-01,5452,Omar Awwad,Male,39.0,Jenin,Printer,Office,222.65,2,0.0,Credit Card,Rep C,Central
102256,2024-10-17,5248,Yousef Awwad,Male,37.0,Jenin,Desk Chair,Office,505.6,4,0.0,Cash,Rep A,South
102257,2024-11-06,5173,Omar Ali,Female,65.0,Jenin,Microwave,Home,120.3,3,0.1,Credit Card,Rep B,Central
102258,2024-02-09,5572,Sami Nasser,Male,63.0,Hebron,Printer,Office,289.05,2,0.2,Credit Card,Rep F,Central
102259,2024-02-12,5138,Rana Awwad,Female,38.0,Jericho,Mouse,Accessories,110.3,5,0.1,Credit Card,Rep F,North
102260,2025-04-12,5508,Dana Hassan,Female,19.0,Nablus,Headphones,Electronics,673.16,4,0.0,Cash,Rep C,North
102261,2024-06-26,5115,Sami Nasser,Male,44.0,Jenin,Printer,Office,253.48,4,0.05,Bank Transfer,Rep A,South
102262,2024-10-20,5447,Sami Nasser,Male,39.0,Jericho,Vacuum Cleaner,Home,155.48,7,0.0,PayPal,Rep D,North
102263,2024-08-26,5577,Noor Awwad,Female,26.0,Tulkarm,Printer,Office,264.85,5,0.0,Credit Card,Rep A,South
102264,2024-04-02,5526,Lina Hassan,Female,53.0,Jenin,Smart Watch,Electronics,1070.6,1,0.1,PayPal,Rep B,South
102265,2025-02-04,5217,Sara Nasser,Male,34.0,Khan Yunis,Smart Watch,Electronics,993.31,-5,0.1,Cash,Rep E,North
102266,2025-05-12,5578,Adam Saleh,Female,34.0,Hebron,Coffee Maker,Home,338.11,4,0.0,Bank Transfer,Rep F,Central
102267,2024-11-16,5343,Rana Awwad,Male,49.0,Ramallah,Vacuum Cleaner,Home,190.22,5,0.0,Credit Card,Rep D,Central
102268,2025-09-19,5588,Maya Ali,Female,52.0,Nablus,Smartphone,Electronics,749.03,6,0.1,PayPal,Rep E,Central
102269,2025-07-27,5142,Yousef Nasser,Female,41.0,Nablus,Desk Chair,Office,181.18,3,0.05,Credit Card,Rep C,South
102270,2024-08-08,5497,Dana Ali,Female,36.0,Nablus,Smartphone,Electronics,557.43,8,0.0,PayPal,Rep D,North
102271,2025-06-24,5568,Omar Saleh,Female,63.0,Bethlehem,Laptop,Electronics,404.72,2,0.1,Credit Card,Rep E,North
102272,2024-01-07,5016,Ali Khalil,Female,63.0,Rafah,Power Bank,Accessories,128.15,4,0.0,Bank Transfer,Rep C,Central
102273,2025-12-24,5081,Mohammad Saleh,Female,21.0,Ramallah,Monitor,Office,56.99,6,0.2,PayPal,Rep E,North
102274,2024-02-25,5425,Dana Khalil,Female,51.0,Khan Yunis,Vacuum Cleaner,Home,412.16,5,0.1,Cash,Rep D,Central
102275,2025-02-16,5338,Mohammad Ali,Male,47.0,Nablus,Vacuum Cleaner,Home,434.06,7,0.05,Credit Card,Rep E,South
102276,2025-06-07,5259,Adam Nasser,Female,41.0,Jenin,Microwave,Home,161.9,3,0.05,Cash,Rep E,North
102277,2024-06-06,5360,Mohammad Khalil,Male,47.0,Jenin,Desk Chair,Office,546.06,7,0.1,Credit Card,Rep F,Central
102278,2025-03-27,5595,Rana Awwad,Male,28.0,Bethlehem,Keyboard,Office,133.24,6,0.0,Cash,Rep A,South
102279,2025-05-01,5073,Dana Khalil,Female,47.0,Bethlehem,Tablet,Electronics,1109.63,5,0.0,Credit Card,Rep F,North
102280,2024-03-11,5092,Adam Awwad,Male,41.0,Nablus,Vacuum Cleaner,Home,261.11,5,0.0,Credit Card,Rep C,Central
102281,2025-04-29,5443,Sara Nasser,Male,48.0,Ramallah,Vacuum Cleaner,Home,409.96,5,0.05,Cash,Rep A,South
102282,2025-08-09,5052,Ali Nasser,Male,41.0,Hebron,Coffee Maker,Home,250.34,1,0.1,Bank Transfer,Rep E,South
102283,2024-12-17,5246,Sara Nasser,Male,45.0,Tulkarm,Laptop,Electronics,1144.44,2,0.05,Cash,Rep F,South
102284,2024-08-20,5215,Omar Khalil,Female,35.0,Ramallah,Smartphone,Electronics,875.73,4,0.1,PayPal,Rep C,South
102285,2025-12-05,5053,Noor Nasser,Female,47.0,Gaza,Power Bank,Accessories,178.16,3,0.1,Credit Card,Rep A,Central
102286,2025-03-26,5427,Khaled Nasser,Female,35.0,Bethlehem,Air Fryer,Home,558.96,4,0.15,Credit Card,Rep E,North
102287,2025-02-24,5313,Yousef Nasser,Female,21.0,Ramallah,Backpack,Accessories,109.91,4,0.15,PayPal,Rep A,North
102288,2025-08-27,5263,Lina Nasser,Male,53.0,Hebron,Tablet,Electronics,179.17,2,0.1,Credit Card,Rep A,South
102289,2025-10-27,5014,Sara Khalil,Female,32.0,Rafah,Microwave,Home,216.24,5,0.2,PayPal,Rep D,Central
102290,2025-09-06,5488,Noor Khalil,Female,40.0,Rafah,Headphones,Electronics,1428.89,3,0.0,PayPal,Rep E,Central
102291,2025-09-01,5442,Lina Saleh,Female,52.0,Rafah,Microwave,Home,52.65,3,0.1,Bank Transfer,Rep C,South
102292,2024-10-12,5291,Khaled Ali,Male,57.0,Tulkarm,Tablet,Electronics,163.12,5,0.05,Credit Card,Rep E,North
102293,2025-07-18,5302,Yousef Nasser,Male,62.0,Bethlehem,Backpack,Accessories,105.71,4,0.0,PayPal,Rep F,North
102294,2025-04-18,5061,Sara Saleh,Female,26.0,Nablus,Air Fryer,Home,553.32,6,0.0,Cash,Rep F,South
102295,2025-11-30,5353,,Male,49.0,Hebron,Headphones,Electronics,639.05,7,0.05,Cash,Rep E,Central
102296,2024-10-20,5243,Khaled Nasser,Male,50.0,Tulkarm,Backpack,Accessories,133.01,5,0.1,,Rep F,Central
102297,2024-06-06,5585,Adam Nasser,Male,63.0,Gaza,Desk Chair,Office,85.31,4,0.0,Credit Card,Rep A,South
102298,2025-07-23,5145,Rana Hassan,Male,19.0,Jenin,Monitor,Office,328.87,3,0.1,Bank Transfer,Rep A,South
102299,2025-01-14,5144,Dana Nasser,Female,27.0,Gaza,Blender,Home,92.65,1,0.0,Credit Card,Rep E,South
102300,2025-10-27,5172,Ali Saleh,Male,22.0,Gaza,Tablet,Electronics,1481.43,4,0.0,Bank Transfer,Rep B,Central
102301,2024-10-18,5252,Noor Khalil,Female,37.0,Jenin,Desk Chair,Office,39.03,2,0.0,Credit Card,Rep A,North
102302,2024-08-11,5110,Omar Saleh,Male,19.0,Hebron,Power Bank,Accessories,32.45,6,0.0,PayPal,Rep C,North
102303,2025-03-18,5270,Hala Nasser,Female,65.0,Hebron,Desk Chair,Office,396.54,1,0.15,Bank Transfer,Rep E,Central
102304,2024-12-06,5245,Dana Saleh,Female,22.0,Bethlehem,Laptop,Electronics,557.49,2,0.0,Cash,Rep C,North
102305,2024-05-23,5120,Yousef Awwad,Female,23.0,Rafah,Air Fryer,Home,466.52,3,0.0,Credit Card,Rep F,North
102306,2025-09-28,5091,Khaled Awwad,Male,22.0,Ramallah,Monitor,Office,187.52,4,0.0,Credit Card,Rep C,South
102307,2024-09-29,5259,Sara Awwad,Female,38.0,Jericho,Laptop,Electronics,1429.24,5,0.15,Cash,Rep E,North
102308,2024-12-18,5160,Ali Ali,Female,34.0,Ramallah,Coffee Maker,Home,592.27,7,0.0,Credit Card,Rep B,North
102309,2024-01-29,5532,Yousef Awwad,Female,29.0,Ramallah,Mouse,Accessories,31.32,1,0.0,Credit Card,Rep C,South
102310,2025-05-29,5148,Mohammad Khalil,Male,54.0,Jenin,Laptop,Electronics,848.68,3,0.05,Cash,Rep B,Central
102311,2024-11-15,5482,Omar Ali,Female,34.0,Jericho,Printer,Office,58.94,3,0.15,PayPal,Rep B,North
102312,2025-04-28,5085,Sami Nasser,Female,18.0,Khan Yunis,USB Cable,Accessories,36.49,5,0.0,Bank Transfer,Rep E,North
102313,2025-08-03,5052,Ahmed Awwad,Female,50.0,Jericho,Phone Case,Accessories,152.54,7,0.0,Credit Card,Rep F,Central
102314,2024-11-28,5495,Mohammad Awwad,Male,19.0,Ramallah,Printer,Office,413.92,3,0.15,Bank Transfer,Rep A,South
102315,2024-09-17,5147,Sara Awwad,Male,46.0,,USB Cable,Accessories,147.99,2,0.0,Credit Card,Rep F,Central
102316,2025-12-23,5567,Mohammad Awwad,Female,45.0,Khan Yunis,Smart Watch,Electronics,1330.25,2,0.0,Credit Card,Rep F,South
102317,2024-03-27,5406,Ali Ali,Female,65.0,Tulkarm,Blender,Home,48.35,3,0.05,Credit Card,Rep A,North
102318,2025-05-01,5515,Sami Ali,Male,65.0,Tulkarm,Webcam,Office,163.7,4,0.1,Credit Card,Rep C,North
102319,2024-01-05,5392,Lina Nasser,Male,35.0,Hebron,Smartphone,Electronics,969.28,3,0.0,Credit Card,Rep F,North
102320,2025-05-13,5276,Mohammad Nasser,Female,46.0,Jericho,Power Bank,Accessories,111.17,2,0.0,PayPal,Rep B,North
102321,2025-01-05,5314,Noor Ali,Female,55.0,Jenin,Blender,Home,672.74,4,0.0,Cash,Rep A,South
102322,2024-01-18,5527,Ali Hassan,Female,55.0,Gaza,Laptop,Electronics,131.65,2,0.1,PayPal,Rep E,Central
102323,2025-01-12,5433,Maya Hassan,Female,27.0,Bethlehem,Smartphone,Electronics,435.63,4,0.0,Cash,Rep D,North
102324,2024-11-27,5576,,Female,42.0,Khan Yunis,Backpack,Accessories,62.32,5,0.15,PayPal,Rep B,Central
102325,2025-06-10,5169,Khaled Ali,Male,63.0,Hebron,Backpack,Accessories,37.21,2,0.2,Cash,Rep F,South
102326,2025-08-24,5030,Mohammad Nasser,Male,37.0,Ramallah,Laptop,Electronics,1317.75,5,0.1,Cash,Rep D,North
102327,2024-12-04,5319,Hala Hassan,Female,,Khan Yunis,Keyboard,Office,397.55,1,0.0,Cash,Rep E,North
102328,2024-05-11,5556,Ahmed Awwad,Female,32.0,Bethlehem,Microwave,Home,642.04,2,0.0,Cash,Rep F,South
102329,2025-07-15,5519,Hala Saleh,Male,21.0,Jenin,Air Fryer,Home,391.69,1,0.15,Cash,Rep A,North
102330,2025-01-08,5047,Ahmed Hassan,Male,35.0,Khan Yunis,Tablet,Electronics,1261.91,3,0.0,Bank Transfer,Rep C,North
102331,2025-03-03,5179,Mohammad Khalil,Male,54.0,Rafah,Smartphone,Electronics,428.55,4,0.1,Credit Card,Rep F,Central
102332,2024-12-19,5328,Omar Ali,Male,44.0,Rafah,Phone Case,Accessories,43.51,2,0.05,Bank Transfer,Rep E,North
102333,2025-05-30,5497,Sara Hassan,Male,120.0,Rafah,Headphones,Electronics,1142.28,3,0.1,Credit Card,Rep A,Central
102334,2024-10-30,5415,Omar Hassan,Male,35.0,Ramallah,Monitor,Office,439.06,4,0.0,PayPal,Rep B,Central
102335,2024-05-15,5399,Dana Saleh,Female,29.0,Khan Yunis,Desk Chair,Office,84.13,2,0.05,Cash,Rep F,North
102336,2024-06-25,5285,Adam Hassan,Male,20.0,Nablus,Monitor,Office,228.19,2,0.0,PayPal,Rep B,South
102337,2024-01-29,5544,Khaled Nasser,Female,51.0,Khan Yunis,Webcam,Office,546.63,4,0.15,PayPal,Rep B,South
102338,2024-10-04,5340,Maya Nasser,Female,40.0,Hebron,Smart Watch,Electronics,396.04,1,0.0,Credit Card,Rep E,Central
102339,2024-09-03,5079,Lina Ali,Female,42.0,Jericho,Smart Watch,Electronics,1174.16,5,0.05,Credit Card,Rep F,Central
102340,2025-11-23,5281,Yousef Nasser,Male,46.0,Ramallah,Blender,Home,630.86,4,0.1,PayPal,Rep C,South
102341,2025-08-27,5387,Yousef Ali,Female,53.0,Jericho,Microwave,Home,543.21,1,0.05,Credit Card,Rep B,North
102342,2025-03-28,5413,Omar Ali,Female,59.0,Ramallah,Keyboard,Office,75.24,5,0.0,Credit Card,Rep D,Central
102343,2024-02-02,5536,Yousef Khalil,Female,35.0,Tulkarm,Smartphone,Electronics,1171.4,6,0.15,Credit Card,Rep E,Central
102344,2024-03-09,5358,Omar Khalil,Male,50.0,Nablus,Smart Watch,Electronics,713.64,0,0.0,Bank Transfer,Rep F,Central
102345,2024-05-08,5003,Hala Nasser,Female,20.0,Jericho,Webcam,Office,579.86,4,0.05,Credit Card,Rep F,Central
102346,2024-07-21,5543,Khaled Hassan,Male,63.0,Bethlehem,Desk Chair,Office,413.07,5,0.2,Bank Transfer,Rep B,North
102347,2024-06-13,5548,Sara Khalil,Female,55.0,Jenin,Monitor,Office,39.97,3,0.05,Cash,Rep F,Central
102348,2025-06-04,5479,Yousef Awwad,Female,19.0,Bethlehem,Headphones,Electronics,317.31,4,0.0,Cash,Rep C,North
102349,2025-04-09,5587,Yousef Khalil,Male,49.0,Bethlehem,Monitor,Office,396.27,5,0.0,Credit Card,Rep B,Central
102350,2024-08-31,5547,Omar Nasser,Female,39.0,Khan Yunis,Printer,Office,449.37,8,0.0,Credit Card,Rep F,South
102351,2024-07-19,5232,Dana Saleh,Female,43.0,Jenin,Microwave,Home,583.0,5,0.1,Cash,Rep F,Central
102352,2024-10-14,5322,Omar Hassan,Male,44.0,Jericho,Smart Watch,Electronics,143.11,6,0.15,Cash,Rep C,South
102353,2024-11-23,5421,Noor Hassan,Male,30.0,Jericho,Headphones,Electronics,1154.12,3,-0.1,Cash,Rep D,Central
102354,2024-12-24,5031,Rana Awwad,Female,57.0,Rafah,Coffee Maker,Home,58.34,3,0.05,Cash,Rep F,Central
102355,2024-11-05,5440,Hala Hassan,Female,52.0,Gaza,Vacuum Cleaner,Home,693.29,4,0.15,Cash,Rep E,Central
102356,2024-04-01,5228,Dana Hassan,Male,55.0,Khan Yunis,Webcam,Office,537.95,3,0.15,Bank Transfer,Rep C,North
102357,2024-04-28,5042,Yousef Hassan,Female,37.0,Gaza,Coffee Maker,Home,584.99,4,0.15,Credit Card,Rep C,North
102358,2025-05-31,5130,Yousef Ali,Female,61.0,Nablus,Headphones,Electronics,128.98,2,0.1,Credit Card,Rep E,Central
102359,2024-04-06,5282,Rana Ali,Male,40.0,Jericho,Webcam,Office,235.22,5,0.1,Bank Transfer,Rep E,North
102360,2024-02-21,5564,Noor Ali,Male,43.0,Nablus,Smart Watch,Electronics,1471.55,3,0.15,Credit Card,Rep E,South
102361,2025-06-02,5472,Dana Saleh,Female,63.0,Gaza,Monitor,Office,454.01,3,0.15,Bank Transfer,Rep C,Central
102362,2024-08-10,5160,Omar Khalil,Male,27.0,Jericho,Laptop,Electronics,1038.81,1,0.0,Credit Card,Rep E,South
102363,2024-02-24,5455,Ahmed Nasser,Female,24.0,Hebron,Webcam,Office,499.29,2,0.1,Credit Card,Rep C,Central
102364,2025-05-13,5155,Khaled Saleh,Female,50.0,Tulkarm,Smartphone,Electronics,1116.44,3,0.15,Bank Transfer,Rep E,South
102365,2024-05-17,5292,,Male,60.0,Nablus,Printer,Office,513.56,6,0.0,Cash,Rep D,South
102366,2025-06-04,5498,Sami Hassan,Female,60.0,Gaza,Monitor,Office,537.03,4,0.0,Bank Transfer,Rep F,South
102367,2024-01-05,5371,Maya Khalil,Female,60.0,Jericho,Desk Chair,Office,42.49,6,0.0,PayPal,Rep D,North
102368,2024-01-09,5050,Sara Awwad,Female,27.0,Hebron,Smartphone,Electronics,1279.97,5,0.0,Cash,Rep F,Central
102369,2024-04-26,5239,Mohammad Ali,Female,37.0,Jenin,Webcam,Office,598.29,3,0.0,Cash,Rep D,Central
102370,2024-01-20,5359,Ahmed Nasser,Female,24.0,Ramallah,,Electronics,1193.31,2,0.15,Cash,Rep C,North
102371,2024-12-06,5329,,Male,19.0,Nablus,USB Cable,Accessories,155.86,5,0.15,Cash,Rep A,Central
102372,2025-08-25,5303,Sara Saleh,Male,45.0,Gaza,Coffee Maker,Home,58.9,2,0.15,Credit Card,Rep B,North
102373,2025-11-01,5049,Yousef Hassan,Male,45.0,Ramallah,Headphones,Electronics,346.51,1,0.05,Bank Transfer,Rep B,Central
102374,2025-07-17,5417,Yousef Awwad,Male,19.0,Rafah,Tablet,Electronics,557.74,5,0.1,Bank Transfer,Rep B,Central
102375,2025-12-31,5044,Ali Saleh,Male,27.0,Gaza,Smartphone,Electronics,870.14,6,0.15,Cash,Rep A,Central
102376,2025-09-24,5224,Ahmed Khalil,Female,53.0,Khan Yunis,Tablet,Electronics,248.64,3,0.0,Cash,Rep E,South
102377,2025-08-10,5089,Omar Awwad,Female,23.0,Gaza,Vacuum Cleaner,Home,351.26,1,0.0,Credit Card,Rep B,Central
102378,2024-12-18,5383,Khaled Saleh,Female,39.0,Nablus,Printer,OFFICE,369.72,3,0.0,Credit Card,Rep D,South
102379,2025-09-17,5266,Khaled Saleh,Male,55.0,Gaza,Laptop,Electronics,1252.12,6,0.0,Bank Transfer,Rep E,North
102380,2024-02-29,5357,Rana Nasser,Female,27.0,Nablus,Tablet,Electronics,316.43,3,0.0,Bank Transfer,Rep B,North
102381,2025-08-19,5349,Noor Khalil,Male,50.0,Tulkarm,Keyboard,Office,189.61,3,0.1,Credit Card,Rep B,North
102382,2024-10-29,5215,Noor Awwad,Male,42.0,Tulkarm,Smart Watch,Electronics,1266.09,4,0.1,Credit Card,Rep B,Central
102383,2024-05-19,5371,Maya Awwad,Male,57.0,Jericho,Microwave,Home,388.66,4,0.15,Cash,Rep F,Central
102384,2025-01-15,5329,Lina Awwad,Male,65.0,Khan Yunis,Blender,Home,532.25,2,0.15,Credit Card,Rep F,Central
102385,2024-10-22,5402,Mohammad Khalil,Female,64.0,Khan Yunis,Webcam,Office,27.49,5,0.1,PayPal,Rep B,Central
102386,2025-03-28,5487,Noor Hassan,Male,38.0,Tulkarm,Backpack,Accessories,100.77,2,0.1,Bank Transfer,Rep C,North
102387,2025-11-16,5576,Omar Awwad,Female,61.0,Rafah,Webcam,Office,339.01,5,0.1,Credit Card,Rep A,North
102388,2025-08-01,5500,Lina Nasser,Female,65.0,Rafah,Desk Chair,Office,589.77,2,0.0,Cash,Rep F,South
102389,2024-01-19,5425,Sami Hassan,Male,24.0,Hebron,Blender,Home,52.08,5,0.1,Credit Card,Rep D,Central
102390,2025-03-12,5068,Maya Ali,Male,52.0,Ramallah,Monitor,Office,216.2,3,0.0,Bank Transfer,Rep A,South
102391,2025-12-06,5238,Rana Saleh,Male,46.0,Hebron,Air Fryer,Home,482.96,5,0.0,Credit Card,Rep E,South
102392,2025-06-26,5102,Khaled Saleh,Male,50.0,Nablus,Smartphone,Electronics,869.55,8,0.0,Credit Card,Rep B,Central
102393,2025-12-26,5508,Sami Hassan,Female,58.0,Rafah,Microwave,Home,194.82,5,0.15,Credit Card,Rep F,Central
102394,2025-12-14,5125,Lina Khalil,Male,35.0,Khan Yunis,Printer,Office,531.56,6,0.05,Credit Card,Rep E,South
102395,2025-01-14,5024,Rana Khalil,Female,43.0,Nablus,Smart Watch,Electronics,894.12,7,0.0,Cash,Rep B,North
102396,2025-12-17,5359,Sara Khalil,Female,20.0,Hebron,Microwave,Home,244.69,3,0.1,Cash,Rep A,South
102397,2024-09-24,5217,Sara Ali,Male,,Jericho,Smartphone,Electronics,1156.26,2,0.05,Cash,Rep B,North
102398,2024-09-26,5298,Mohammad Saleh,Female,57.0,Rafah,Mouse,Accessories,133.57,5,0.1,Cash,Rep E,Central
102399,2024-09-02,5388,Ahmed Hassan,Male,53.0,Hebron,Microwave,Home,220.47,6,0.0,Credit Card,Rep D,North
102400,2024-04-13,5222,Sara Saleh,Female,18.0,Hebron,Webcam,Office,89.57,3,0.1,Credit Card,,Central
102401,2024-07-18,5352,Lina Ali,Female,53.0,Gaza,Smartphone,Electronics,400.6,2,0.0,Credit Card,Rep F,South
102402,2025-10-07,5525,Dana Hassan,Female,50.0,Bethlehem,Keyboard,Office,311.78,3,0.05,Cash,Rep B,North
102403,2025-10-08,5430,Sara Nasser,Male,32.0,Jericho,USB Cable,Accessories,36.68,2,0.0,Credit Card,Rep F,North
102404,2025-03-13,5103,Ali Nasser,Male,54.0,Khan Yunis,Air Fryer,Home,282.84,3,0.15,Credit Card,Rep B,Central
102405,2024-06-28,5380,Yousef Nasser,Male,22.0,Ramallah,Headphones,Electronics,861.87,2,0.0,Cash,Rep E,Central
102406,2024-02-22,5468,Rana Nasser,Female,22.0,Khan Yunis,Air Fryer,Home,167.46,4,0.05,Bank Transfer,Rep D,North
102407,2025-11-02,5472,Khaled Khalil,Male,32.0,Khan Yunis,Vacuum Cleaner,Home,245.86,3,0.0,Cash,Rep C,South
102408,2024-02-10,5409,Omar Ali,Female,39.0,Jenin,Microwave,Home,347.72,4,0.0,PayPal,Rep A,North
102409,2025-02-18,5500,Maya Awwad,Male,22.0,Ramallah,Smart Watch,Electronics,1196.59,2,0.1,PayPal,Rep A,Central
102410,2024-11-12,5269,Sara Nasser,Female,32.0,Bethlehem,Smart Watch,Electronics,118.44,2,0.1,Credit Card,Rep D,South
102411,2025-10-16,5059,Khaled Nasser,Male,25.0,,USB Cable,Accessories,25.31,4,0.1,Bank Transfer,Rep D,South
102412,2025-10-02,5085,Yousef Awwad,Male,38.0,Rafah,Blender,Home,202.98,6,0.1,PayPal,Rep A,North
102413,2024-09-08,5152,Dana Ali,Female,41.0,Hebron,Laptop,Electronics,191.57,4,0.1,Cash,Rep D,Central
102414,2024-07-07,5020,Mohammad Ali,Female,27.0,Rafah,Smart Watch,Electronics,827.09,3,0.05,Cash,Rep D,Central
102415,2024-06-25,5415,Omar Nasser,Female,32.0,Ramallah,Coffee Maker,Home,370.54,4,0.0,Bank Transfer,Rep F,Central
102416,2025-08-12,5473,Noor Khalil,Male,57.0,Hebron,Smartphone,Electronics,1202.48,4,0.0,Credit Card,Rep F,South
102417,2025-03-19,5403,Sami Saleh,Female,51.0,Khan Yunis,Smartphone,Electronics,1263.63,1,0.0,Cash,Rep C,South
102418,2024-12-05,5153,Maya Khalil,Male,44.0,Rafah,Keyboard,Office,345.84,2,0.1,Cash,Rep E,Central
102419,2025-04-25,5098,Dana Ali,Male,32.0,Gaza,USB Cable,Accessories,154.08,4,0.0,Credit Card,Rep C,South
102420,2025-07-24,5030,Maya Hassan,Female,19.0,Ramallah,Air Fryer,Home,408.14,3,0.1,Cash,Rep E,South
102421,2025-06-13,5079,Omar Nasser,Female,60.0,Gaza,Smartphone,Electronics,311.32,2,0.1,Credit Card,Rep E,South
102422,2024-03-23,5093,Khaled Awwad,Male,33.0,Jenin,Vacuum Cleaner,Home,421.16,4,0.15,Bank Transfer,Rep D,South
102423,2024-01-19,5209,Mohammad Ali,Male,45.0,Khan Yunis,Tablet,Electronics,235.19,3,0.15,Cash,Rep C,North
102424,2024-07-21,5021,Khaled Khalil,Male,45.0,Gaza,Smartphone,Electronics,686.72,3,0.1,Credit Card,Rep A,South
102425,2025-01-10,5319,Rana Khalil,Female,31.0,Rafah,Vacuum Cleaner,Home,111.33,3,0.1,Credit Card,Rep E,Central
102426,2025-06-17,5451,Ahmed Hassan,Female,39.0,Tulkarm,Tablet,Electronics,1456.4,5,0.0,Credit Card,Rep E,North
102427,2024-07-30,5289,Omar Nasser,Female,46.0,Khan Yunis,Webcam,Office,438.34,2,0.1,Bank Transfer,Rep D,South
102428,2024-10-25,5097,Yousef Khalil,Female,62.0,Tulkarm,Monitor,Office,466.02,2,0.15,PayPal,Rep F,Central
102429,2024-06-17,5122,Lina Khalil,Male,64.0,Jericho,Monitor,Office,500.75,5,0.05,Bank Transfer,Rep E,North
102430,2025-03-26,5577,Sami Khalil,Female,59.0,Rafah,Smart Watch,Electronics,1004.93,4,0.05,Credit Card,Rep F,North
102431,2025-01-14,5109,Sami Awwad,Male,32.0,Bethlehem,Headphones,Electronics,1278.98,3,0.05,Cash,Rep A,Central
102432,2025-04-16,5046,Sara Nasser,Male,29.0,Hebron,Webcam,Office,363.68,5,0.0,Cash,Rep A,North
102433,2024-05-14,5328,Adam Ali,Female,24.0,Rafah,Laptop,Electronics,857.69,2,0.0,Cash,Rep D,North
102434,2025-09-06,5565,Hala Awwad,Male,64.0,Ramallah,Webcam,OFFICE,504.01,5,0.05,Credit Card,Rep A,South
102435,2024-11-11,5215,Sara Ali,Female,51.0,Rafah,Microwave,Home,260.55,3,0.15,Credit Card,Rep D,North
102436,2024-06-16,5355,Noor Khalil,Female,60.0,Ramallah,Blender,Home,140.73,3,0.1,Credit Card,Rep F,Central
102437,2024-06-30,5560,Ali Nasser,Female,42.0,Hebron,Air Fryer,Home,265.54,2,0.0,Cash,Rep F,North
102438,2024-08-30,5209,Mohammad Nasser,Female,44.0,Hebron,Laptop,Electronics,909.99,1,0.15,Credit Card,Rep E,North
102439,2024-11-24,5496,Rana Nasser,Male,47.0,Hebron,Tablet,Electronics,959.68,8,0.0,Bank Transfer,Rep C,North
102440,2024-12-15,5031,Khaled Nasser,Male,39.0,Bethlehem,Vacuum Cleaner,Home,437.94,6,0.05,Credit Card,Rep E,North
102441,2024-03-16,5366,Maya Saleh,Male,,Nablus,Smart Watch,Electronics,630.03,1,0.05,PayPal,Rep F,Central
102442,2024-05-05,5472,Yousef Hassan,Female,20.0,Tulkarm,Vacuum Cleaner,Home,663.48,4,0.0,,Rep C,North
102443,2024-04-29,5579,Mohammad Nasser,Male,24.0,Khan Yunis,Air Fryer,Home,88.46,4,0.1,Credit Card,Rep A,South
102444,2025-02-16,5589,Ali Awwad,Female,65.0,Nablus,Coffee Maker,Home,75.64,4,0.0,Credit Card,Rep B,North
102445,2024-12-10,5264,Ali Hassan,Male,41.0,Tulkarm,Printer,Office,292.55,5,0.15,Credit Card,Rep C,North
102446,2025-04-25,5112,Hala Hassan,Male,19.0,Jenin,USB Cable,Accessories,115.58,1,0.0,Credit Card,Rep E,Central
102447,2024-02-23,5467,Rana Awwad,Male,25.0,Jenin,Backpack,Accessories,103.31,4,0.05,Credit Card,Rep B,South
102448,2025-08-11,5087,Hala Saleh,Male,53.0,Khan Yunis,Laptop,Electronics,785.58,1,0.1,Credit Card,Rep C,Central
102449,2024-01-01,5459,Yousef Hassan,Female,52.0,Hebron,Air Fryer,Home,111.16,3,0.0,Bank Transfer,Rep D,South
102450,,5580,Maya Hassan,Male,23.0,Gaza,Laptop,Electronics,1324.98,3,0.0,Cash,Rep C,South
102451,2025-02-19,5560,Rana Awwad,Female,63.0,Rafah,Monitor,Office,518.83,1,0.05,Credit Card,Rep C,North
102452,2025-09-07,5229,Noor Hassan,Male,19.0,Hebron,Laptop,Electronics,256.42,5,0.15,Credit Card,Rep F,Central
102453,2025-08-12,5386,Dana Khalil,Female,40.0,Rafah,Webcam,Office,573.84,6,0.15,Cash,Rep F,South
102454,2024-08-19,5600,Sami Ali,Male,57.0,Hebron,Smart Watch,Electronics,1485.41,2,0.2,Credit Card,Rep A,Central
102455,2024-09-06,5512,Ali Ali,Female,44.0,Tulkarm,Blender,Home,387.94,1,0.05,Credit Card,Rep F,North
102456,2025-07-25,5060,Maya Ali,Female,37.0,Rafah,Laptop,Electronics,877.02,7,0.1,PayPal,Rep C,Central
102457,2024-03-05,5153,Sami Hassan,Male,48.0,Bethlehem,Smartphone,Electronics,187.58,4,0.0,Credit Card,Rep C,South
102458,2025-02-27,5252,Omar Nasser,Male,55.0,Tulkarm,Air Fryer,Home,486.36,4,0.15,Credit Card,Rep E,South
102459,2024-05-04,5080,Sami Ali,Female,39.0,Rafah,Smart Watch,Electronics,1216.57,2,0.05,Credit Card,Rep D,South
102460,2024-05-09,5401,Rana Hassan,Male,33.0,Gaza,Tablet,Electronics,1440.62,6,0.2,Credit Card,Rep D,North
102461,2024-04-08,5521,Khaled Saleh,Male,31.0,Bethlehem,Headphones,Electronics,1170.03,5,0.15,Cash,Rep C,Central
102462,2025-06-12,5106,Khaled Awwad,Male,37.0,Tulkarm,Blender,Home,427.7,7,0.1,Credit Card,Rep E,Central
102463,2025-01-22,5399,Ali Hassan,Male,19.0,Jericho,Smart Watch,Electronics,528.87,1,0.1,Credit Card,Rep B,Central
102464,2024-02-20,5329,Mohammad Nasser,Female,62.0,Tulkarm,Tablet,Electronics,373.26,1,0.2,Bank Transfer,Rep E,North
102465,2024-06-09,5541,Rana Saleh,Male,49.0,Hebron,Webcam,Office,31.65,4,0.0,PayPal,Rep E,Central
102466,2024-11-24,5343,Mohammad Saleh,Male,52.0,Tulkarm,,Office,375.85,5,0.05,Cash,Rep D,South
102467,2025-01-01,5486,Ahmed Nasser,Female,33.0,Ramallah,Headphones,Electronics,952.39,2,0.05,Credit Card,Rep A,South
102468,2025-05-06,5380,Sami Ali,Female,48.0,Jenin,Vacuum Cleaner,Home,187.88,4,0.1,Cash,Rep B,North
102469,2024-08-05,5056,Hala Khalil,Male,24.0,Khan Yunis,Printer,Office,461.54,2,0.2,Cash,Rep B,South
102470,2024-04-05,5336,Mohammad Khalil,Female,19.0,Hebron,Smartphone,Electronics,631.18,3,0.1,Credit Card,Rep D,North
102471,2024-02-05,5509,Dana Saleh,Female,19.0,Khan Yunis,Microwave,Home,72.84,2,0.0,Credit Card,Rep F,South
102472,2024-09-22,5504,Khaled Saleh,Female,38.0,Hebron,Coffee Maker,Home,484.04,2,0.1,Credit Card,Rep C,Central
102473,2024-05-19,5320,Maya Khalil,Male,58.0,Bethlehem,Vacuum Cleaner,Home,112.55,1,0.0,Cash,Rep E,North
102474,2024-11-04,5110,Maya Khalil,Female,25.0,Nablus,Smartphone,Electronics,404.64,4,0.0,Bank Transfer,Rep C,North
102475,2025-08-23,5320,Yousef Nasser,Male,54.0,Gaza,Printer,Office,294.79,5,0.2,PayPal,Rep B,South
102476,2025-09-24,5312,Yousef Khalil,Male,45.0,Jericho,Tablet,Electronics,820.67,6,0.05,Credit Card,Rep D,Central
102477,2025-03-22,5144,Lina Nasser,Female,35.0,Nablus,Backpack,Accessories,68.07,1,0.1,Cash,Rep E,South
102478,2024-10-05,5146,Yousef Saleh,Female,64.0,Jenin,Tablet,Electronics,843.95,6,0.0,Cash,Rep D,Central
102479,2025-07-14,5187,Adam Ali,Male,56.0,Ramallah,Headphones,Electronics,813.84,4,0.0,Credit Card,Rep B,South
102480,2024-11-23,5272,Yousef Ali,Female,53.0,Ramallah,Coffee Maker,Home,351.62,1,0.1,Credit Card,Rep D,Central
102481,2024-12-28,5066,Hala Awwad,Male,31.0,Khan Yunis,Webcam,Office,118.39,4,0.1,Credit Card,Rep D,Central
102482,2024-12-07,5516,Omar Khalil,Male,62.0,Nablus,Smartphone,Electronics,782.31,5,0.15,PayPal,Rep F,Central
102483,2024-07-23,5247,Hala Awwad,Female,31.0,Gaza,Headphones,Electronics,430.5,4,0.0,Credit Card,Rep E,Central
102484,2025-10-07,5394,Adam Hassan,Female,43.0,Jenin,Tablet,Electronics,286.65,4,0.1,Cash,Rep A,South
102485,2025-10-26,5444,Adam Awwad,Male,45.0,Hebron,Air Fryer,Home,669.67,4,0.1,Cash,Rep E,North
102486,2025-06-12,5369,Yousef Saleh,Male,44.0,Rafah,Microwave,Home,406.01,7,0.15,Cash,Rep A,North
102487,2025-06-11,5121,Maya Hassan,Female,47.0,Nablus,Vacuum Cleaner,Home,253.37,3,0.15,Credit Card,Rep A,North
102488,2024-04-20,5227,Mohammad Hassan,Female,44.0,Jenin,Power Bank,Accessories,95.34,3,0.05,Credit Card,Rep A,North
102489,2025-06-07,5238,Noor Awwad,Female,28.0,Tulkarm,Smart Watch,Electronics,806.01,2,0.0,PayPal,Rep D,North
102490,2025-11-04,5425,Hala Nasser,Male,64.0,Hebron,Power Bank,Accessories,172.55,4,0.0,Cash,Rep D,South
102491,2024-10-09,5029,Omar Khalil,Female,64.0,Jenin,Air Fryer,Home,241.6,3,0.2,Credit Card,Rep F,North
102492,2025-12-16,5233,,Male,50.0,Ramallah,Tablet,Electronics,823.93,4,0.0,Credit Card,Rep C,Central
102493,2024-05-06,5124,Maya Khalil,Female,31.0,Khan Yunis,Keyboard,Office,558.19,4,0.05,PayPal,Rep D,South
102494,2025-12-22,5299,Lina Saleh,Female,25.0,Jenin,Headphones,Electronics,1318.1,7,0.1,PayPal,Rep F,Central
102495,2025-10-05,5342,Sami Ali,Female,62.0,Rafah,Vacuum Cleaner,Home,550.09,4,0.05,Bank Transfer,Rep C,South
102496,2025-10-21,5247,Omar Nasser,Female,59.0,Jenin,Smartphone,Electronics,433.92,3,0.0,Credit Card,Rep A,Central
102497,2025-10-16,5351,Rana Saleh,Female,47.0,Hebron,Mouse,Accessories,11.74,6,0.0,Credit Card,Rep D,South
102498,2025-09-13,5038,Sara Awwad,Female,50.0,Khan Yunis,Printer,Office,324.8,7,0.15,Credit Card,Rep A,South
102499,2025-12-23,5171,Yousef Nasser,Male,42.0,Bethlehem,Smartphone,Electronics,1277.5,4,0.0,Credit Card,Rep F,Central
102500,2024-02-23,5075,Rana Saleh,Male,59.0,Gaza,Coffee Maker,Home,464.13,5,0.1,Credit Card,Rep C,Central
102501,2025-04-30,5314,Sara Awwad,Male,26.0,Jenin,Monitor,Office,302.33,6,0.05,Cash,Rep A,Central
102502,2024-11-30,5569,Ahmed Awwad,Male,62.0,Jericho,Laptop,Electronics,186.32,2,0.1,Cash,Rep E,South
102503,2025-03-24,5494,Ahmed Hassan,Female,60.0,Hebron,Monitor,Office,444.92,2,0.1,Cash,Rep C,North
102504,2024-12-01,5020,Sami Saleh,Female,28.0,Bethlehem,Smartphone,Electronics,780.79,5,0.15,PayPal,Rep C,Central
102505,2024-12-06,5134,Omar Saleh,Female,41.0,Jenin,Power Bank,Accessories,11.94,7,0.1,PayPal,Rep D,South
102506,2025-11-23,5565,Yousef Hassan,Male,57.0,Jericho,Phone Case,Accessories,106.85,7,0.05,Credit Card,Rep F,South
102507,2025-07-20,5072,Sara Ali,Female,23.0,Hebron,Smart Watch,Electronics,1440.41,3,0.1,Cash,Rep B,North
102508,2025-01-17,5565,Omar Khalil,Female,26.0,Jericho,Monitor,Office,241.99,1,0.05,Credit Card,Rep D,North
102509,2025-11-21,5154,Sami Ali,Male,57.0,Rafah,Vacuum Cleaner,Home,596.94,7,0.05,Cash,Rep A,South
102510,2024-06-16,5223,Yousef Nasser,Female,36.0,Jenin,Power Bank,Accessories,45.01,6,0.1,Credit Card,Rep D,North
102511,2024-12-04,5455,Adam Awwad,Female,25.0,Rafah,Air Fryer,Home,199.56,3,0.0,Cash,Rep D,Central
102512,2025-06-16,5177,Adam Nasser,Male,37.0,Hebron,Webcam,Office,254.0,3,0.0,Credit Card,Rep A,North
102513,2025-06-01,5044,Maya Saleh,Female,45.0,Tulkarm,Power Bank,Accessories,76.61,5,0.15,Credit Card,Rep E,South
102514,2024-08-11,5419,Omar Ali,Male,60.0,Ramallah,Blender,Home,643.66,3,0.05,Credit Card,Rep F,North
102515,2024-11-28,5240,Dana Saleh,Male,55.0,Rafah,Microwave,Home,208.9,2,0.1,Credit Card,Rep E,South
102516,2024-04-06,5379,Dana Hassan,Female,21.0,Tulkarm,Vacuum Cleaner,Home,699.82,3,0.2,Credit Card,Rep F,Central
102517,2025-09-24,5269,Hala Nasser,Female,58.0,Bethlehem,Laptop,Electronics,1197.59,2,0.1,Credit Card,Rep D,Central
102518,2025-07-17,5207,Sami Ali,Female,20.0,Tulkarm,Coffee Maker,Home,143.62,4,0.05,Cash,Rep F,North
102519,2024-10-31,5284,Sami Awwad,Male,,Tulkarm,Vacuum Cleaner,Home,133.68,3,0.0,Credit Card,Rep E,South
102520,2024-08-01,5145,Hala Hassan,Male,57.0,Jenin,Tablet,Electronics,1394.55,5,0.0,Credit Card,Rep E,Central
102521,2025-10-15,5358,Sara Awwad,Male,57.0,Jericho,Laptop,Electronics,619.02,2,0.0,Credit Card,Rep E,South
102522,2024-05-26,5574,Maya Ali,Female,60.0,Jericho,Power Bank,Accessories,87.75,4,0.05,PayPal,Rep E,North
102523,2024-03-20,5419,Sami Khalil,Male,,Jenin,Microwave,Home,231.72,6,0.0,Credit Card,Rep D,Central
102524,2025-06-13,5063,Dana Khalil,Male,64.0,Rafah,Blender,Home,596.6,5,0.15,Credit Card,Rep A,South
102525,2024-11-15,5248,Maya Saleh,Male,23.0,Khan Yunis,Webcam,Office,501.05,4,0.2,Cash,Rep A,South
102526,2025-05-15,5205,Noor Ali,Male,44.0,Jericho,Tablet,Electronics,933.29,5,0.0,Cash,Rep E,North
102527,2024-02-21,5146,Lina Ali,Male,40.0,Gaza,Tablet,Electronics,1428.87,5,0.05,PayPal,Rep F,South
102528,2024-03-13,5345,Maya Awwad,Male,49.0,Rafah,Monitor,Office,413.56,3,0.05,Credit Card,Rep A,North
102529,2024-06-28,5438,Rana Ali,Female,47.0,Ramallah,Tablet,Electronics,561.23,8,0.0,Credit Card,Rep B,Central
102530,2024-11-24,5365,Maya Hassan,Female,22.0,Nablus,Coffee Maker,Home,312.35,6,0.1,PayPal,Rep C,North
102531,2024-03-30,5177,Mohammad Khalil,Female,65.0,Ramallah,Power Bank,Accessories,115.75,5,0.15,Cash,Rep F,North
102532,2025-04-24,5460,Ali Ali,Female,52.0,Tulkarm,Tablet,Electronics,247.31,2,0.05,PayPal,Rep E,Central
102533,2025-04-29,5313,Adam Khalil,Female,42.0,Hebron,Headphones,Electronics,1392.44,5,0.05,Cash,Rep D,North
102534,2024-04-07,5300,Dana Hassan,Female,44.0,Hebron,Coffee Maker,Home,650.09,6,0.1,Credit Card,Rep D,South
102535,2024-11-09,5341,Mohammad Khalil,Female,25.0,Ramallah,Smart Watch,Electronics,414.9,1,0.05,Cash,Rep F,Central
102536,2024-02-06,5438,,Male,36.0,Ramallah,Smart Watch,Electronics,603.98,3,0.05,Cash,Rep B,Central
102537,2025-01-22,5568,Hala Ali,Female,57.0,Nablus,Webcam,Office,202.89,6,0.0,Credit Card,Rep E,North
102538,2025-01-12,5211,Omar Hassan,Female,65.0,Bethlehem,Monitor,Office,122.38,3,0.0,Cash,Rep E,Central
102539,2025-01-25,5385,Ali Hassan,Female,49.0,Jericho,Smartphone,Electronics,898.48,4,0.15,Credit Card,Rep F,Central
102540,2024-08-28,5320,Yousef Hassan,Male,35.0,Hebron,Air Fryer,Home,165.11,5,0.05,Cash,Rep C,North
102541,2025-05-13,5191,Rana Ali,Male,64.0,Hebron,Coffee Maker,Home,268.55,3,0.1,Cash,Rep F,South
102542,2024-02-28,5167,Adam Awwad,Male,32.0,Tulkarm,Desk Chair,Office,468.77,4,0.05,Credit Card,Rep C,South
102543,2024-11-11,5077,Dana Ali,Female,31.0,Khan Yunis,Power Bank,Accessories,51.81,1,0.1,Cash,Rep F,North
102544,2025-08-05,5419,Sami Saleh,Female,47.0,Bethlehem,Microwave,Home,382.65,1,0.0,Credit Card,Rep D,Central
102545,2024-01-10,5087,Ahmed Ali,Male,36.0,Hebron,Tablet,Electronics,856.3,4,0.0,Cash,Rep B,South
102546,2024-07-18,5002,Lina Khalil,Female,41.0,Jenin,USB Cable,Accessories,54.98,1,0.0,Bank Transfer,Rep D,South
102547,2024-06-05,5330,Sara Saleh,Male,20.0,Jericho,Backpack,Accessories,117.95,4,0.0,PayPal,Rep B,South
102548,2024-07-21,5059,Ahmed Saleh,Male,45.0,Ramallah,Desk Chair,Office,402.1,3,0.0,Credit Card,Rep D,South
102549,2025-04-30,5272,Mohammad Hassan,Female,48.0,Nablus,Tablet,Electronics,106.32,4,0.0,Cash,Rep D,South
102550,2025-12-26,5369,Adam Awwad,Male,54.0,Tulkarm,Smartphone,Electronics,319.88,2,0.1,Credit Card,Rep F,Central
102551,2024-03-15,5437,Hala Nasser,Male,52.0,Rafah,Monitor,Office,286.22,6,0.0,Credit Card,Rep D,Central
102552,2024-12-24,5553,Sami Hassan,Male,37.0,Bethlehem,Monitor,Office,383.35,5,0.0,Cash,Rep B,South
102553,2025-05-08,5489,Khaled Nasser,Female,50.0,Jericho,Microwave,Home,658.32,4,0.0,Credit Card,Rep D,North
102554,2025-05-28,5136,Yousef Awwad,Male,,Bethlehem,Monitor,Office,169.9,4,0.1,Credit Card,Rep B,South
102555,2025-03-23,5052,Yousef Saleh,Male,36.0,Khan Yunis,Power Bank,Accessories,58.33,3,0.05,Cash,Rep B,Central
102556,2025-09-30,5493,Adam Nasser,Female,27.0,Hebron,Laptop,Electronics,231.36,6,0.0,PayPal,Rep B,North
102557,2024-03-26,5324,Rana Saleh,Male,31.0,Hebron,Headphones,Electronics,818.86,5,0.05,Credit Card,Rep B,North
102558,2025-03-11,5030,Ahmed Hassan,Male,49.0,Gaza,Webcam,Office,119.82,6,0.2,Credit Card,Rep B,Central
102559,2024-08-01,5291,Sara Ali,Female,47.0,Jenin,Smart Watch,Electronics,1060.77,-1,0.15,PayPal,Rep F,South
102560,2025-07-20,5521,Sara Nasser,Male,35.0,Jenin,Monitor,Office,518.32,2,0.0,Credit Card,Rep D,Central
102561,2024-06-29,5152,Ahmed Saleh,Male,45.0,Jenin,Blender,Home,414.55,7,0.05,PayPal,Rep C,North
102562,2024-04-16,5469,Sara Khalil,Female,58.0,Bethlehem,Tablet,Electronics,533.08,5,0.05,Bank Transfer,Rep C,Central
102563,2025-07-06,5224,Mohammad Saleh,Male,49.0,Khan Yunis,Desk Chair,Office,92.87,4,0.05,Bank Transfer,Rep C,North
102564,2024-05-03,5455,Dana Ali,Male,20.0,Ramallah,Mouse,Accessories,102.98,2,0.0,Credit Card,Rep B,South
102565,2024-10-15,5258,Mohammad Saleh,Female,32.0,Jenin,Vacuum Cleaner,Home,520.95,5,0.0,Credit Card,Rep A,North
102566,2025-11-08,5221,Hala Saleh,Female,58.0,Khan Yunis,Power Bank,Accessories,134.29,1,0.0,Credit Card,Rep A,South
102567,2024-01-16,5215,Adam Khalil,Male,21.0,Bethlehem,Air Fryer,Home,486.65,1,0.0,Credit Card,Rep F,Central
102568,2024-01-06,5318,Ali Awwad,Female,65.0,Jericho,Vacuum Cleaner,home,288.94,3,0.2,PayPal,Rep B,North
102569,2024-04-18,5320,Ali Khalil,Male,40.0,Ramallah,Power Bank,Accessories,114.05,3,0.05,Credit Card,Rep A,North
102570,2024-04-14,5291,Rana Awwad,Male,59.0,Rafah,Vacuum Cleaner,Home,345.39,5,0.1,Cash,Rep B,Central
102571,2025-04-15,5093,Sami Ali,Male,60.0,Jenin,Coffee Maker,Home,370.76,7,0.0,Credit Card,Rep D,Central
102572,2025-12-19,5293,Sara Saleh,Female,30.0,Ramallah,Printer,Office,501.65,3,0.0,Bank Transfer,Rep B,Central
102573,2025-11-19,5029,Khaled Nasser,Female,51.0,Bethlehem,Mouse,Accessories,33.46,4,0.0,PayPal,Rep B,Central
102574,2024-09-29,5046,Sara Saleh,Female,60.0,Jericho,Coffee Maker,Home,534.64,2,0.1,Credit Card,Rep B,South
102575,2024-11-15,5199,Lina Awwad,Male,20.0,Jericho,USB Cable,Accessories,68.69,3,0.1,Cash,Rep A,South
102576,2025-11-25,5396,Ahmed Awwad,Female,61.0,Bethlehem,Air Fryer,Home,366.76,5,0.15,Credit Card,Rep E,Central
102577,2024-03-27,5483,Sami Ali,Male,29.0,Hebron,Microwave,Home,643.05,5,0.05,Credit Card,Rep F,North
102578,2025-01-14,5550,Sami Khalil,Male,35.0,Nablus,Keyboard,Office,589.2,5,0.1,Credit Card,Rep F,South
102579,2024-09-06,5593,Lina Hassan,Female,26.0,Rafah,Smartphone,Electronics,735.96,4,0.0,Bank Transfer,Rep E,Central
102580,2024-12-05,5462,Rana Awwad,Male,43.0,Jericho,Printer,Office,71.97,3,0.2,Credit Card,Rep F,Central
102581,2025-05-12,5056,,Female,63.0,Khan Yunis,Monitor,Office,251.15,2,0.1,Credit Card,Rep B,South
102582,2025-05-23,5286,Lina Saleh,Male,47.0,Jericho,Air Fryer,Home,665.84,2,0.15,PayPal,Rep A,Central
102583,2025-08-23,5134,Hala Khalil,Male,48.0,Rafah,USB Cable,Accessories,107.01,1,0.05,Credit Card,Rep E,Central
102584,2025-03-06,5382,Sara Awwad,Male,24.0,Jenin,Coffee Maker,Home,315.83,3,0.2,Bank Transfer,Rep D,South
102585,2024-07-24,5331,Dana Ali,Male,46.0,,Printer,Office,507.41,8,0.0,Credit Card,Rep D,North
102586,2025-03-27,5138,Noor Awwad,Female,26.0,Jericho,Smart Watch,Electronics,311.7,4,0.1,Cash,Rep E,North
102587,2025-01-24,5120,Sami Hassan,Female,60.0,Gaza,Smart Watch,Electronics,1430.09,5,0.1,Credit Card,Rep B,South
102588,2024-05-05,5034,Khaled Saleh,Female,64.0,Ramallah,Printer,Office,154.02,1,0.1,Cash,Rep C,South
102589,2025-02-05,5231,Mohammad Khalil,Male,30.0,Ramallah,Smart Watch,Electronics,87.24,8,0.1,Credit Card,Rep A,Central
102590,2025-09-28,5278,Rana Nasser,Male,44.0,Hebron,Smart Watch,Electronics,811.11,4,0.0,Credit Card,Rep C,South
102591,2025-12-12,5193,Rana Hassan,Male,44.0,Nablus,Smartphone,Electronics,1085.9,6,0.1,,Rep B,Central
102592,2025-09-21,5341,Lina Ali,Female,18.0,Jenin,Vacuum Cleaner,Home,242.12,8,0.0,Credit Card,Rep D,North
102593,2024-03-21,5293,Khaled Awwad,Female,60.0,Khan Yunis,Headphones,Electronics,1279.24,7,0.1,Credit Card,Rep F,North
102594,2024-02-22,5402,Mohammad Awwad,Male,50.0,Jenin,Smartphone,Electronics,308.81,4,0.05,Credit Card,Rep D,North
102595,2025-05-08,5236,Noor Khalil,Male,54.0,Gaza,Smart Watch,Electronics,209.64,7,0.0,Bank Transfer,Rep A,South
102596,2025-02-17,5224,Lina Khalil,Female,44.0,Khan Yunis,Air Fryer,Home,162.93,5,0.05,Credit Card,Rep F,Central
102597,2025-01-09,5016,Maya Nasser,Female,58.0,Hebron,USB Cable,Accessories,65.69,5,0.15,Credit Card,Rep D,Central
102598,2024-11-23,5328,Noor Hassan,Female,39.0,Tulkarm,Printer,Office,92.36,3,0.05,Cash,Rep C,South
102599,2024-01-22,5068,Sami Hassan,Male,25.0,Khan Yunis,Coffee Maker,Home,148.4,2,0.0,Credit Card,Rep D,North
102600,2025-03-24,5582,Rana Hassan,Male,25.0,Jericho,Tablet,Electronics,910.26,3,0.05,Credit Card,Rep A,South
102601,2025-07-01,5198,Sara Saleh,Female,42.0,Hebron,Vacuum Cleaner,Home,439.01,3,0.1,PayPal,Rep E,South
102602,2025-02-24,5557,Sara Hassan,Male,34.0,Jericho,Vacuum Cleaner,Home,122.09,6,0.15,Credit Card,Rep D,South
102603,2025-06-15,5100,Omar Awwad,Female,30.0,Jericho,Blender,Home,403.17,4,0.1,PayPal,Rep C,Central
102604,2024-12-05,5141,Hala Khalil,Female,41.0,Nablus,Coffee Maker,Home,548.18,5,0.1,Bank Transfer,Rep E,Central
102605,2024-02-16,5149,Dana Ali,Male,48.0,Bethlehem,Desk Chair,Office,304.57,1,0.15,Credit Card,Rep D,North
102606,2025-04-15,5078,Maya Nasser,Female,27.0,Rafah,Keyboard,Office,201.39,1,0.05,Credit Card,Rep D,North
102607,2024-10-01,5540,Sara Awwad,Male,32.0,Gaza,Desk Chair,Office,237.8,6,0.0,Cash,Rep D,Central
102608,2024-06-06,5320,Noor Hassan,Male,28.0,Ramallah,Printer,Office,74.77,2,0.15,PayPal,Rep C,Central
102609,2024-08-26,5475,Noor Khalil,Female,26.0,Gaza,Backpack,Accessories,100.99,5,0.05,Credit Card,Rep E,Central
102610,2025-08-16,5197,Dana Awwad,Female,48.0,Jenin,Tablet,Electronics,1152.54,3,0.0,PayPal,Rep E,Central
102611,2024-10-23,5095,Rana Awwad,Male,61.0,Bethlehem,Webcam,Office,315.04,1,0.1,Cash,Rep B,North
102612,2025-10-05,5248,Khaled Hassan,Male,42.0,Jericho,Smart Watch,Electronics,1479.58,4,0.1,Credit Card,Rep C,Central
102613,2025-03-27,5229,Khaled Awwad,Male,34.0,Ramallah,Headphones,Electronics,127.84,4,0.0,Cash,Rep E,Central
102614,2025-05-03,5359,Sara Khalil,Male,34.0,Ramallah,Air Fryer,Home,475.72,2,0.1,Credit Card,Rep A,North
102615,2024-03-24,5197,Lina Hassan,Male,28.0,Bethlehem,Vacuum Cleaner,Home,694.26,3,0.05,Cash,Rep D,North
102616,2024-09-24,5112,Ali Khalil,Female,31.0,Hebron,Vacuum Cleaner,Home,107.09,6,0.05,Cash,Rep C,South
102617,2025-01-07,5008,Noor Nasser,Male,47.0,Nablus,Air Fryer,Home,435.45,3,0.0,PayPal,Rep B,Central
102618,2025-09-30,5069,Lina Ali,Male,40.0,Gaza,Mouse,Accessories,31.93,4,0.05,Credit Card,Rep B,Central
102619,2024-09-30,5233,Lina Hassan,Male,60.0,Tulkarm,Smartphone,Electronics,376.46,4,0.0,PayPal,Rep A,Central
102620,2025-05-12,5418,Ali Ali,Female,48.0,Bethlehem,Smartphone,Electronics,1174.12,3,0.15,Cash,Rep A,Central
102621,2025-06-18,5014,Omar Khalil,Female,32.0,Jenin,Smart Watch,Electronics,1479.67,3,0.1,Cash,Rep F,Central
102622,2025-03-18,5251,Mohammad Saleh,Male,65.0,Jericho,Headphones,Electronics,1149.54,4,0.1,Credit Card,Rep F,North
102623,2025-12-14,5363,Omar Saleh,Female,18.0,Jericho,Tablet,Electronics,1263.38,2,0.05,Credit Card,Rep D,Central
102624,2025-01-14,5507,Maya Hassan,Female,48.0,Ramallah,Desk Chair,Office,54.68,1,0.1,Cash,Rep C,South
102625,2024-09-29,5198,Hala Nasser,Male,51.0,Jenin,Monitor,Office,44.45,3,0.05,PayPal,Rep B,South
102626,2025-08-06,5228,Lina Hassan,Male,48.0,Bethlehem,Webcam,Office,366.93,3,0.15,Bank Transfer,Rep B,North
102627,2025-11-24,5506,Dana Khalil,Female,31.0,Bethlehem,Laptop,Electronics,1425.13,5,0.0,Credit Card,Rep A,South
102628,2024-09-03,5473,Khaled Nasser,Male,62.0,Bethlehem,Smart Watch,Electronics,1008.81,3,0.2,Bank Transfer,Rep F,South
102629,2025-08-21,5122,Noor Hassan,Male,50.0,Jenin,Keyboard,Office,147.37,5,0.0,Credit Card,Rep C,Central
102630,2025-05-03,5142,Noor Hassan,Male,65.0,Gaza,Air Fryer,Home,637.04,2,0.1,Credit Card,Rep C,South
102631,2024-12-05,5092,Lina Saleh,Female,48.0,Tulkarm,Smartphone,Electronics,1247.66,5,0.0,Credit Card,Rep A,North
102632,2025-06-13,5131,Rana Khalil,Female,46.0,Ramallah,Coffee Maker,Home,650.0,5,0.1,Credit Card,Rep E,Central
102633,2024-03-31,5436,Ali Khalil,Female,49.0,Jenin,Desk Chair,Office,216.34,5,0.1,PayPal,Rep D,Central
102634,2025-02-25,5476,Hala Nasser,Female,41.0,Gaza,USB Cable,Accessories,102.28,3,0.05,Credit Card,Rep D,North
102635,2024-06-04,5056,Mohammad Khalil,Male,21.0,Nablus,USB Cable,Accessories,35.29,2,0.1,PayPal,Rep F,South
102636,2024-02-17,5367,Omar Ali,Female,50.0,Tulkarm,Vacuum Cleaner,Home,73.42,3,0.0,Bank Transfer,Rep B,Central
102637,2024-07-18,5085,Lina Ali,Female,56.0,Tulkarm,Laptop,Electronics,1332.77,4,0.1,Credit Card,Rep D,South
102638,2024-08-21,5429,Hala Hassan,Female,45.0,Nablus,Laptop,Electronics,746.95,2,0.15,PayPal,Rep A,North
102639,2024-06-29,5587,Sara Khalil,Male,52.0,Hebron,Printer,Office,198.8,4,0.1,Credit Card,Rep B,North
102640,2025-11-25,5034,Ahmed Saleh,Male,47.0,Jericho,USB Cable,Accessories,155.26,1,0.05,Bank Transfer,Rep C,South
102641,2025-08-04,5312,Adam Nasser,Female,20.0,Tulkarm,Backpack,Accessories,148.16,2,0.15,Credit Card,Rep E,South
102642,2025-05-24,5186,Mohammad Awwad,Female,34.0,Jericho,Monitor,Office,536.88,6,0.0,Bank Transfer,Rep B,South
102643,2024-05-13,5059,Sara Nasser,Male,43.0,Gaza,Headphones,Electronics,342.54,2,0.0,Cash,Rep D,South
102644,2025-11-13,5300,Dana Ali,Male,47.0,Bethlehem,Laptop,Electronics,644.08,8,0.2,Cash,Rep B,North
102645,2024-08-09,5286,Lina Saleh,Female,18.0,Bethlehem,Keyboard,Office,326.03,8,0.05,Bank Transfer,Rep A,Central
102646,2024-09-28,5100,Noor Saleh,Female,51.0,Jericho,Smartphone,Electronics,715.08,5,0.2,Credit Card,Rep A,North
102647,2025-02-25,5465,Lina Khalil,Male,64.0,Ramallah,Vacuum Cleaner,Home,97.06,1,0.1,Cash,Rep C,North
102648,2024-03-22,5398,Khaled Awwad,Female,26.0,Bethlehem,Vacuum Cleaner,Home,243.58,3,0.05,Credit Card,Rep F,North
102649,2025-11-29,5110,Maya Saleh,Male,58.0,Gaza,Power Bank,Accessories,75.73,2,0.05,Bank Transfer,Rep A,South
102650,2024-11-28,5405,Adam Hassan,Female,55.0,Gaza,Backpack,Accessories,130.72,3,0.0,Credit Card,Rep B,North
102651,2024-02-29,5578,Hala Nasser,Male,43.0,Rafah,Microwave,Home,437.1,5,0.05,PayPal,Rep D,North
102652,2024-04-13,5587,Yousef Nasser,Male,54.0,Khan Yunis,Smartphone,Electronics,622.19,2,0.05,Credit Card,Rep E,Central
102653,2025-07-21,5541,Hala Saleh,Female,21.0,Jericho,Laptop,Electronics,794.55,8,0.2,Credit Card,Rep D,North
102654,2025-07-27,5020,Adam Hassan,Female,43.0,Hebron,Monitor,Office,242.15,3,0.15,Bank Transfer,Rep A,Central
102655,2024-03-01,5058,Noor Awwad,Male,40.0,Gaza,Air Fryer,Home,275.49,3,0.0,Credit Card,Rep D,Central
102656,2024-07-29,5171,Sara Hassan,Female,23.0,Jenin,Printer,Office,150.09,3,0.1,Bank Transfer,Rep B,North
102657,2024-06-30,5506,Sara Khalil,Male,35.0,Gaza,Blender,Home,258.99,1,0.0,Credit Card,Rep F,South
102658,2025-05-02,5244,Sami Ali,Female,22.0,Khan Yunis,Tablet,Electronics,1439.28,2,0.2,Cash,Rep D,Central
102659,2024-07-30,5478,Yousef Ali,Female,23.0,Hebron,Tablet,Electronics,149.54,2,0.15,Bank Transfer,Rep D,South
102660,2024-06-04,5350,Sara Nasser,Male,32.0,Ramallah,Headphones,Electronics,209.83,2,0.05,PayPal,Rep E,North
102661,2024-05-21,5134,Rana Khalil,Female,49.0,Jericho,Monitor,Office,195.97,3,0.1,Bank Transfer,Rep F,Central
102662,2024-10-07,5565,Sami Ali,Male,21.0,Jenin,Keyboard,Office,162.44,4,0.1,Credit Card,Rep F,Central
102663,2024-08-05,5429,Dana Ali,Male,60.0,Nablus,Smart Watch,Electronics,657.52,3,0.1,Credit Card,Rep D,North
102664,2024-05-15,5510,Adam Khalil,Female,20.0,Bethlehem,Blender,Home,142.21,7,0.1,Credit Card,Rep A,North
102665,2025-08-01,5122,Hala Khalil,Female,54.0,Jenin,Air Fryer,Home,666.63,8,0.15,Credit Card,Rep F,North
102666,2025-06-13,5588,Ahmed Khalil,Female,35.0,Khan Yunis,Headphones,Electronics,308.66,2,0.1,Cash,Rep D,South
102667,2024-03-23,5006,Sami Khalil,Male,27.0,Tulkarm,Smart Watch,Electronics,1141.75,4,0.0,Credit Card,Rep A,South
102668,2024-01-04,5109,Khaled Nasser,Male,52.0,Hebron,Printer,Office,597.17,2,0.15,Cash,Rep F,North
102669,2025-02-23,5498,Hala Saleh,Female,61.0,Rafah,USB Cable,Accessories,168.13,4,0.1,Credit Card,Rep D,North
102670,2024-03-13,5389,Dana Saleh,Female,38.0,Gaza,Laptop,Electronics,434.76,6,0.0,PayPal,Rep F,Central
102671,2024-01-21,5065,Ahmed Ali,Male,60.0,Nablus,Microwave,Home,692.22,1,0.05,Credit Card,Rep A,Central
102672,2024-11-03,5307,Mohammad Nasser,Female,52.0,Rafah,Smartphone,Electronics,242.35,3,0.15,Credit Card,Rep F,South
102673,2024-04-13,5402,Rana Khalil,Male,62.0,Jenin,Smart Watch,Electronics,236.0,4,0.0,Cash,Rep E,South
102674,2025-03-14,5195,Lina Ali,Female,18.0,Khan Yunis,Printer,Office,467.17,5,0.0,Credit Card,Rep F,South
102675,2024-09-08,5162,Hala Nasser,Male,21.0,Hebron,Webcam,Office,214.92,6,0.15,Bank Transfer,Rep A,North
102676,2025-10-19,5557,Dana Saleh,Male,23.0,Rafah,Phone Case,Accessories,143.77,2,0.1,Credit Card,Rep B,South
102677,2024-10-18,5017,Sara Saleh,Male,34.0,Gaza,Printer,Office,186.45,4,0.0,Cash,Rep C,North
102678,2024-03-08,5077,Khaled Saleh,Male,26.0,Jenin,Vacuum Cleaner,Home,157.02,2,0.15,Bank Transfer,Rep E,South
102679,2024-07-24,5475,Hala Saleh,Male,55.0,Jenin,Laptop,Electronics,347.06,6,0.1,Credit Card,Rep A,Central
102680,2025-04-21,5491,Sara Nasser,Male,22.0,Jericho,Headphones,Electronics,87.71,6,0.1,Credit Card,Rep D,Central
102681,2025-04-29,5546,Yousef Nasser,Female,62.0,Jenin,Blender,Home,84.59,3,0.2,PayPal,Rep F,South
102682,2025-11-02,5171,Rana Saleh,Female,26.0,Rafah,Headphones,Electronics,641.26,5,0.15,Credit Card,Rep A,North
102683,2025-03-16,5369,Sara Saleh,Male,57.0,Jenin,Laptop,Electronics,94.78,1,0.15,Credit Card,Rep E,Central
102684,2024-03-10,5234,Khaled Hassan,Female,19.0,Gaza,Headphones,Electronics,905.17,3,0.05,Credit Card,Rep E,Central
102685,2024-07-11,5357,Ahmed Hassan,Female,19.0,Jenin,Laptop,Electronics,530.33,1,0.15,PayPal,Rep A,South
102686,2024-07-28,5539,Ali Hassan,Female,61.0,Bethlehem,Smart Watch,Electronics,1349.24,4,0.0,Credit Card,Rep D,Central
102687,2025-08-02,5254,Ahmed Ali,Male,65.0,Tulkarm,Vacuum Cleaner,Home,643.87,6,0.1,Credit Card,Rep D,Central
102688,2025-02-18,5132,Dana Ali,Male,63.0,Bethlehem,Power Bank,Accessories,118.68,4,0.0,PayPal,Rep F,South
102689,2024-04-07,5007,Hala Awwad,Female,60.0,Gaza,Smartphone,Electronics,649.94,2,0.1,Credit Card,Rep D,North
102690,2025-05-02,5478,Hala Awwad,Female,18.0,Gaza,Printer,Office,533.31,4,0.15,Credit Card,Rep F,South
102691,2025-05-22,5055,Lina Awwad,Male,20.0,Tulkarm,USB Cable,Accessories,61.23,2,0.1,PayPal,Rep C,South
102692,2025-08-12,5024,Khaled Saleh,Male,54.0,Hebron,Laptop,Electronics,1319.88,7,0.0,Credit Card,Rep C,Central
102693,2024-03-05,5369,Khaled Saleh,Female,25.0,Ramallah,Microwave,Home,355.97,5,0.15,Bank Transfer,Rep E,South
102694,2025-06-30,5251,Omar Nasser,Female,23.0,Hebron,Headphones,Electronics,1245.53,6,0.2,PayPal,Rep E,South
102695,2024-09-19,5131,,Female,37.0,Nablus,Keyboard,Office,500.28,2,0.05,Credit Card,Rep D,Central
102696,2024-04-15,5079,Yousef Nasser,Male,43.0,Rafah,Tablet,Electronics,571.22,-2,0.1,Credit Card,Rep B,South
102697,2024-07-19,5295,Omar Awwad,Female,23.0,Jericho,Tablet,Electronics,992.71,-1,0.2,PayPal,Rep D,South
102698,2024-04-25,5520,Maya Ali,Female,27.0,Hebron,Microwave,Home,350.58,5,0.0,Credit Card,Rep F,South
102699,2024-07-08,5334,Maya Nasser,Male,62.0,Khan Yunis,Mouse,Accessories,97.21,4,0.1,Cash,Rep D,Central
102700,2024-05-26,5118,Khaled Awwad,Female,31.0,Rafah,Monitor,Office,318.89,5,0.05,Cash,Rep E,South
102701,2025-04-14,5043,Noor Ali,Female,57.0,Gaza,Keyboard,Office,57.6,4,0.15,Credit Card,Rep D,South
102702,2025-05-29,5144,Khaled Awwad,Male,55.0,Jenin,Keyboard,Office,305.33,3,0.15,Credit Card,Rep C,North
102703,2024-06-06,5526,Adam Khalil,Female,39.0,Nablus,Printer,Office,372.08,5,0.15,Credit Card,Rep B,North
102704,2025-03-19,5380,Lina Nasser,Male,63.0,Hebron,Backpack,Accessories,35.42,4,0.1,Cash,Rep A,North
102705,2025-09-15,5219,Sami Awwad,Male,49.0,Jenin,Laptop,Electronics,982.15,4,0.0,Bank Transfer,Rep E,Central
102706,2025-09-08,5475,Dana Saleh,Female,101.0,Rafah,Smartphone,Electronics,687.8,4,0.15,Credit Card,Rep F,South
102707,2025-07-09,5295,Adam Saleh,Male,56.0,Tulkarm,Microwave,Home,677.81,0,0.1,PayPal,Rep F,South
102708,2025-02-06,5284,Adam Saleh,Male,56.0,Gaza,Blender,Home,117.41,3,0.0,Credit Card,Rep E,South
102709,2024-11-12,5587,Sami Awwad,Female,43.0,Hebron,Tablet,Electronics,1198.35,3,0.0,Credit Card,Rep F,Central
102710,2024-04-07,5012,Adam Awwad,Male,24.0,Nablus,Desk Chair,Office,74.06,4,0.05,Bank Transfer,Rep A,Central
102711,2025-10-05,5047,Ali Nasser,Male,53.0,Hebron,Tablet,Electronics,737.66,7,0.05,Cash,Rep E,Central
102712,2025-07-03,5531,Dana Hassan,Male,52.0,Rafah,Microwave,Home,235.09,5,0.15,Credit Card,Rep E,South
102713,2024-01-08,5549,Hala Saleh,Male,62.0,Gaza,Smartphone,Electronics,208.26,3,0.1,Cash,Rep F,Central
102714,2024-04-29,5542,Mohammad Nasser,Male,61.0,Tulkarm,Air Fryer,Home,616.52,6,0.1,Credit Card,Rep B,Central
102715,2024-07-17,5361,Sara Hassan,Female,34.0,Tulkarm,Tablet,Electronics,1034.28,2,0.0,Credit Card,Rep A,South
102716,2025-02-24,5513,Khaled Khalil,Male,21.0,Gaza,Microwave,Home,481.16,6,0.1,Credit Card,Rep E,South
102717,2024-06-24,5521,Khaled Nasser,Female,44.0,Jenin,Smart Watch,Electronics,983.04,5,0.05,Credit Card,Rep D,North
102718,2024-08-08,5061,Adam Awwad,Male,36.0,Rafah,Phone Case,Accessories,111.5,7,0.0,Credit Card,Rep C,South
102719,2024-02-28,5115,Maya Nasser,Male,19.0,Bethlehem,Monitor,Office,571.98,5,0.0,Credit Card,Rep F,North
102720,2025-08-29,5208,Yousef Nasser,Female,18.0,Tulkarm,Desk Chair,Office,165.17,4,0.1,Cash,Rep F,South
102721,2024-07-17,5443,Ahmed Hassan,Female,54.0,Nablus,Smart Watch,Electronics,1003.43,4,0.1,Cash,Rep D,South
102722,2025-04-07,5592,Sami Saleh,Female,34.0,Hebron,Headphones,Electronics,724.66,4,0.0,PayPal,Rep D,South
102723,2025-12-04,5458,Ahmed Saleh,Female,23.0,Jericho,Backpack,Accessories,153.56,4,0.15,Bank Transfer,Rep F,South
102724,2025-01-01,5304,Lina Hassan,Male,47.0,Ramallah,Phone Case,Accessories,132.28,3,0.0,PayPal,Rep D,Central
102725,2024-10-09,5207,Ali Ali,Female,55.0,Nablus,Headphones,Electronics,813.11,4,0.15,Cash,Rep E,South
102726,2025-05-13,5076,Yousef Ali,Male,44.0,Tulkarm,Desk Chair,Office,173.18,2,0.0,Cash,Rep D,South
102727,2025-11-19,5370,Ali Saleh,Female,37.0,Jericho,Keyboard,Office,559.15,3,0.0,Cash,Rep D,Central
102728,2024-04-26,5151,Mohammad Awwad,Male,41.0,Gaza,Phone Case,Accessories,90.06,8,0.0,Bank Transfer,Rep A,South
102729,2025-10-01,5135,Sara Hassan,Male,56.0,Ramallah,Webcam,Office,497.86,2,0.0,Credit Card,Rep A,North
102730,2024-01-15,5040,Ahmed Nasser,Male,18.0,Jericho,Webcam,Office,214.93,3,0.1,Credit Card,Rep B,South
102731,2025-05-23,5449,Rana Awwad,Female,49.0,Ramallah,Blender,Home,522.08,2,0.05,Bank Transfer,Rep B,South
102732,2024-08-16,5436,Ahmed Khalil,Male,35.0,Bethlehem,Webcam,Office,157.83,4,0.1,Credit Card,Rep B,North
102733,2024-02-26,5426,Hala Nasser,Female,29.0,Bethlehem,Coffee Maker,Home,193.34,5,0.0,Credit Card,Rep D,Central
102734,2025-08-26,5134,Mohammad Nasser,Male,41.0,Rafah,Keyboard,Office,156.1,1,0.1,PayPal,Rep C,Central
102735,2025-09-09,5198,Maya Khalil,Female,35.0,Hebron,Smart Watch,Electronics,1119.28,2,0.1,Credit Card,Rep D,Central
102736,2024-07-04,5584,Dana Saleh,Female,59.0,Jenin,Blender,Home,148.35,8,0.05,Cash,Rep F,South
102737,2024-10-12,5556,Sara Awwad,Female,36.0,Rafah,Smart Watch,Electronics,798.13,1,0.0,PayPal,Rep D,Central
102738,2025-06-10,5128,Noor Hassan,Female,59.0,Bethlehem,Vacuum Cleaner,Home,214.56,2,0.1,Cash,Rep A,South
102739,2025-02-25,5445,Ali Hassan,Male,44.0,Gaza,Smartphone,Electronics,656.66,1,0.1,Credit Card,Rep F,South
102740,2024-01-06,5363,Sami Nasser,Female,41.0,Khan Yunis,Air Fryer,Home,577.19,3,0.0,Credit Card,Rep E,North
102741,2024-01-17,5016,Ahmed Khalil,Male,44.0,Gaza,Printer,Office,42.14,5,0.15,PayPal,Rep C,Central
102742,2025-07-10,5047,Dana Ali,Male,57.0,Jericho,Desk Chair,Office,425.09,4,0.0,PayPal,Rep F,North
102743,2025-02-16,5508,Maya Saleh,Female,61.0,Hebron,Desk Chair,Office,268.07,2,0.1,Credit Card,Rep D,South
102744,2025-07-23,5098,Rana Khalil,Female,53.0,Ramallah,Webcam,Office,584.03,1,0.15,PayPal,Rep B,North
102745,2024-07-10,5522,Ahmed Khalil,Female,63.0,Hebron,Air Fryer,Home,77.52,6,0.15,Credit Card,Rep B,South
102746,2025-06-24,5333,Noor Hassan,Female,32.0,Jenin,Headphones,Electronics,1311.19,6,0.2,Cash,Rep E,North
102747,2024-05-09,5485,Mohammad Nasser,Male,60.0,Jenin,Printer,Office,109.02,2,0.05,Bank Transfer,Rep F,South
102748,2024-03-12,5088,Khaled Ali,Female,37.0,Nablus,Laptop,Electronics,1349.87,2,0.0,Cash,Rep A,South
102749,2025-06-23,5345,Ali Khalil,Male,23.0,Khan Yunis,Headphones,Electronics,732.98,4,0.0,Cash,Rep A,South
102750,2025-05-06,5405,Sami Hassan,Male,34.0,Nablus,Smartphone,Electronics,732.45,1,0.1,PayPal,Rep E,South
102751,2024-10-04,5539,Yousef Awwad,Female,27.0,Jericho,Air Fryer,Home,364.47,4,0.1,Credit Card,Rep D,North
102752,2024-11-12,5286,Noor Nasser,Male,21.0,Bethlehem,Coffee Maker,Home,191.46,3,0.1,PayPal,Rep E,South
102753,2025-09-07,5432,Noor Awwad,Male,23.0,Tulkarm,Mouse,Accessories,175.15,8,0.0,Credit Card,Rep D,South
102754,2024-08-19,5039,Khaled Saleh,Female,52.0,Jericho,Monitor,Office,461.19,5,,Credit Card,Rep E,South
102755,2024-08-29,5221,Sami Hassan,Female,53.0,Rafah,Printer,Office,279.82,2,0.0,PayPal,Rep F,Central
102756,2024-09-01,5305,Maya Hassan,Male,19.0,Gaza,Coffee Maker,Home,667.67,5,0.0,Credit Card,Rep F,South
102757,2025-05-07,5261,Mohammad Khalil,Male,44.0,Ramallah,Coffee Maker,Home,259.83,6,0.05,Bank Transfer,Rep A,South
102758,2024-10-25,5021,Rana Saleh,Male,48.0,Gaza,Monitor,Office,569.09,2,0.0,PayPal,Rep B,North
102759,2024-07-09,5252,Rana Saleh,Male,35.0,Khan Yunis,Power Bank,Accessories,165.18,3,0.0,PayPal,Rep C,South
102760,2024-07-17,5221,Noor Hassan,Male,20.0,Gaza,Mouse,Accessories,16.62,4,0.0,Cash,Rep D,North
102761,2025-01-26,5161,Lina Awwad,Male,64.0,Tulkarm,Blender,Home,140.14,8,0.15,Bank Transfer,Rep A,North
102762,2025-08-20,5578,Omar Hassan,Male,46.0,Gaza,Printer,Office,558.21,4,0.05,Bank Transfer,Rep B,Central
102763,2025-10-24,5117,Sara Hassan,Female,55.0,Khan Yunis,Webcam,Office,197.56,4,0.15,Credit Card,Rep E,Central
102764,2025-04-17,5316,Sara Khalil,Female,61.0,Jericho,Tablet,Electronics,1205.13,2,0.05,Cash,Rep A,Central
102765,2025-01-05,5235,Sara Awwad,Male,47.0,Jenin,Coffee Maker,Home,323.29,4,0.05,Cash,Rep E,Central
102766,2025-03-20,5443,Maya Awwad,Male,65.0,Khan Yunis,Smartphone,Electronics,345.57,3,0.15,Credit Card,Rep A,Central
102767,2024-04-07,5060,Mohammad Saleh,Female,53.0,Hebron,Microwave,Home,462.23,2,0.15,PayPal,Rep F,Central
102768,2024-07-09,5491,Yousef Saleh,Male,63.0,Bethlehem,Monitor,Office,393.2,6,0.05,Cash,Rep A,South
102769,2024-06-09,5258,Lina Nasser,Male,26.0,Nablus,Power Bank,Accessories,179.76,3,0.0,Cash,Rep C,South
102770,2025-05-26,5130,Lina Saleh,Male,53.0,Rafah,Coffee Maker,Home,625.62,1,0.2,Credit Card,Rep D,North
102771,2024-02-20,5056,Lina Hassan,Female,23.0,Jenin,Coffee Maker,Home,240.63,2,0.0,PayPal,Rep B,South
102772,2024-12-31,5464,Hala Hassan,Female,38.0,Tulkarm,Power Bank,Accessories,62.79,7,0.1,Credit Card,Rep A,Central
102773,2025-10-11,5401,Hala Ali,Male,52.0,Hebron,Tablet,Electronics,760.62,2,0.1,Credit Card,Rep E,Central
102774,2025-09-13,5416,Dana Hassan,Male,43.0,Ramallah,Tablet,Electronics,338.59,3,0.0,PayPal,Rep C,South
102775,2025-09-07,5093,Lina Nasser,Female,49.0,Khan Yunis,Smart Watch,Electronics,347.52,4,0.2,Cash,Rep C,South
102776,2025-03-19,5269,Yousef Hassan,Female,38.0,Gaza,Desk Chair,Office,208.28,5,0.15,Bank Transfer,Rep F,North
102777,2025-03-19,5581,Adam Saleh,Female,30.0,Khan Yunis,USB Cable,Accessories,127.1,6,0.1,Cash,Rep B,North
102778,2024-10-23,5537,Ali Nasser,Female,58.0,Rafah,Desk Chair,Office,465.34,3,0.2,PayPal,Rep A,South
102779,2024-10-23,5535,Khaled Nasser,Male,49.0,Khan Yunis,Power Bank,Accessories,96.13,4,0.0,Bank Transfer,Rep F,South
102780,2024-04-10,5473,Omar Nasser,Female,26.0,Tulkarm,Air Fryer,Home,440.91,4,0.05,Credit Card,Rep B,South
102781,2025-12-15,5161,Dana Khalil,Female,18.0,Khan Yunis,Backpack,Accessories,80.81,2,0.1,Credit Card,Rep F,North
102782,2025-12-17,5572,Khaled Awwad,Male,52.0,Tulkarm,Smart Watch,Electronics,367.44,3,0.1,Cash,Rep A,Central
102783,2025-03-05,5428,Omar Khalil,Male,21.0,Jericho,Coffee Maker,Home,356.82,5,0.1,Credit Card,Rep A,North
102784,2025-03-01,5486,Khaled Awwad,Female,50.0,Rafah,Blender,Home,372.85,5,0.1,Cash,Rep F,Central
102785,2024-11-23,5153,Hala Awwad,Female,57.0,Gaza,Tablet,Electronics,1083.92,2,0.0,Bank Transfer,Rep A,South
102786,2025-12-27,5165,Hala Hassan,Female,45.0,Tulkarm,Smartphone,Electronics,284.81,3,0.05,Cash,Rep F,Central
102787,2025-07-24,5172,Noor Ali,Female,37.0,Jenin,Backpack,Accessories,82.52,4,0.15,Bank Transfer,Rep E,South
102788,2025-11-05,5420,Rana Nasser,Male,52.0,Hebron,Smartphone,Electronics,203.55,2,0.0,Cash,Rep E,Central
102789,2025-06-11,5441,Lina Awwad,Female,61.0,Bethlehem,Keyboard,Office,183.01,1,0.15,Credit Card,Rep F,Central
102790,2024-04-27,5050,Rana Hassan,Female,59.0,Ramallah,Smartphone,Electronics,836.45,1,0.15,Credit Card,Rep D,Central
102791,2025-01-19,5255,Ahmed Ali,Female,58.0,Khan Yunis,Tablet,Electronics,927.94,2,0.1,Bank Transfer,Rep C,North
102792,2024-09-18,5126,Noor Saleh,Male,22.0,Rafah,Smartphone,Electronics,795.32,2,0.15,PayPal,Rep C,South
102793,2025-10-31,5057,Hala Hassan,Female,44.0,Hebron,Smartphone,Electronics,793.91,4,0.05,PayPal,Rep B,Central
102794,2025-03-17,5305,Khaled Hassan,Male,38.0,Nablus,Smart Watch,Electronics,1385.02,3,0.0,Cash,Rep A,North
102795,2024-03-12,5201,Khaled Awwad,Male,62.0,Tulkarm,Phone Case,Accessories,145.87,1,0.15,Cash,Rep D,Central
102796,2024-09-20,5517,Sara Nasser,Female,20.0,Rafah,Smart Watch,Electronics,983.03,2,0.05,Credit Card,Rep B,South
102797,2024-12-28,5410,Noor Nasser,Female,50.0,Hebron,Printer,Office,215.42,5,0.05,Bank Transfer,Rep D,Central
102798,2025-03-09,5434,Hala Awwad,Male,22.0,Hebron,Coffee Maker,Home,44.29,2,0.15,Bank Transfer,Rep C,North
102799,2025-09-23,5215,Hala Nasser,Female,62.0,Ramallah,Phone Case,Accessories,55.21,7,0.0,Bank Transfer,Rep E,Central
102800,2025-07-07,5235,Mohammad Awwad,Female,63.0,Nablus,Tablet,Electronics,1106.05,5,0.1,Bank Transfer,Rep B,Central
102801,2024-08-12,5508,Lina Hassan,Female,51.0,Bethlehem,Air Fryer,Home,109.81,2,0.1,Credit Card,,North
102802,2024-02-04,5205,Sara Awwad,Female,18.0,Ramallah,Smart Watch,Electronics,285.21,3,0.0,Cash,Rep E,North
102803,2024-01-05,5157,,Male,18.0,Nablus,Air Fryer,Home,646.45,6,0.05,Bank Transfer,Rep F,Central
102804,2025-03-07,5435,Ali Awwad,Male,34.0,Bethlehem,Tablet,Electronics,238.45,5,0.0,Credit Card,Rep E,South
102805,2024-04-02,5102,Omar Hassan,Male,36.0,Tulkarm,Air Fryer,Home,669.34,4,0.0,Credit Card,Rep D,South
102806,2024-01-18,5291,Omar Nasser,Female,51.0,Gaza,Power Bank,Accessories,15.69,5,0.1,Bank Transfer,Rep B,South
102807,2025-03-02,5461,Ali Saleh,Female,31.0,Tulkarm,Coffee Maker,Home,253.73,8,0.0,PayPal,Rep C,North
102808,2024-07-05,5430,Sami Awwad,Male,52.0,Jericho,Smartphone,Electronics,0.0,1,0.0,Cash,Rep D,North
102809,2024-05-24,5159,Sara Khalil,Male,20.0,Jenin,Mouse,Accessories,45.81,2,0.1,Credit Card,Rep B,Central
102810,2024-10-17,5323,Ahmed Awwad,Female,23.0,Rafah,Smartphone,Electronics,1237.59,2,0.1,Credit Card,Rep C,South
102811,2025-02-27,5500,Ali Nasser,Female,36.0,Ramallah,Smart Watch,Electronics,1441.68,2,0.05,PayPal,Rep C,North
102812,2025-10-04,5450,Maya Hassan,Female,38.0,Rafah,Air Fryer,Home,597.9,4,0.05,Cash,Rep E,Central
102813,2025-06-21,5218,Hala Saleh,Male,43.0,Ramallah,Smart Watch,Electronics,359.51,2,0.0,Bank Transfer,Rep E,South
102814,2024-08-12,5358,Rana Nasser,Female,19.0,Ramallah,Headphones,Electronics,1106.86,2,0.0,PayPal,Rep C,Central
102815,2024-05-08,5010,Sami Nasser,Female,65.0,Khan Yunis,Smartphone,Electronics,1459.59,7,0.15,Bank Transfer,Rep E,Central
102816,2025-10-12,5052,Mohammad Khalil,Female,28.0,Bethlehem,Backpack,Accessories,82.9,4,0.1,Credit Card,Rep E,Central
102817,2025-07-10,5362,Sara Saleh,Male,38.0,Nablus,Blender,Home,422.9,5,0.0,Bank Transfer,Rep B,North
102818,2024-01-30,5517,Khaled Nasser,Female,27.0,Jericho,Microwave,Home,384.31,2,0.1,Cash,Rep B,South
102819,2025-07-11,5040,Mohammad Awwad,Male,52.0,Jericho,Desk Chair,Office,292.23,4,0.0,Bank Transfer,Rep D,South
102820,2024-08-21,5242,Omar Khalil,Female,64.0,Bethlehem,Headphones,Electronics,316.41,3,0.0,Credit Card,Rep A,Central
102821,2024-01-02,5513,Hala Ali,Female,53.0,Khan Yunis,Smartphone,Electronics,1381.57,4,0.0,Credit Card,Rep C,South
102822,2025-03-20,5201,Omar Saleh,Female,34.0,Gaza,Tablet,electronics,92.73,7,0.0,Credit Card,Rep D,South
102823,2025-03-02,5223,Yousef Ali,Male,47.0,Hebron,Backpack,Accessories,128.35,4,0.15,Credit Card,Rep E,South
102824,2024-02-14,5225,Ali Awwad,Female,51.0,Rafah,Air Fryer,Home,694.74,2,0.1,Bank Transfer,Rep B,Central
102825,2025-08-09,5348,Maya Khalil,Male,41.0,Jenin,Microwave,Home,507.59,8,0.05,PayPal,Rep B,South
102826,2025-01-13,5412,Yousef Awwad,Female,24.0,Nablus,Smartphone,Electronics,1123.52,4,0.05,Credit Card,Rep A,South
102827,2025-05-03,5027,Noor Nasser,Female,58.0,Bethlehem,Tablet,Electronics,795.27,2,0.0,Credit Card,Rep D,North
102828,2025-08-08,5375,Lina Khalil,Male,62.0,Jenin,Backpack,Accessories,30.03,5,0.1,Credit Card,Rep A,South
102829,2025-05-23,5277,Lina Khalil,Male,34.0,Bethlehem,Headphones,Electronics,103.86,7,0.0,Credit Card,Rep B,Central
102830,2025-01-22,5237,Hala Awwad,Female,30.0,Rafah,Vacuum Cleaner,Home,383.4,2,0.0,Cash,Rep E,North
102831,2024-07-19,5359,Adam Saleh,Male,59.0,Jenin,Laptop,Electronics,1431.8,8,0.15,PayPal,Rep C,Central
102832,2024-03-11,5028,Lina Ali,Male,33.0,Tulkarm,Keyboard,Office,281.22,4,0.0,Bank Transfer,Rep E,Central
102833,2025-02-22,5523,Khaled Ali,Female,38.0,Gaza,Air Fryer,Home,41.82,4,0.05,Bank Transfer,Rep B,Central
102834,2024-02-24,5141,Sara Khalil,Female,42.0,Ramallah,Mouse,Accessories,122.9,4,2.0,Credit Card,Rep E,North
102835,2025-01-05,5232,Khaled Hassan,Female,59.0,Khan Yunis,Headphones,Electronics,894.18,5,0.1,PayPal,Rep B,Central
102836,2025-12-16,5124,Dana Hassan,Female,59.0,Hebron,Laptop,Electronics,601.8,7,0.0,Cash,Rep F,Central
102837,2024-04-09,5110,Adam Hassan,Female,27.0,Nablus,Microwave,Home,343.57,5,0.05,Cash,Rep C,South
102838,2025-02-10,5344,Noor Awwad,Male,46.0,Ramallah,Coffee Maker,Home,445.42,4,0.2,PayPal,Rep C,Central
102839,2024-08-23,5501,Lina Khalil,Female,61.0,Jenin,Air Fryer,Home,261.31,5,0.0,PayPal,Rep A,Central
102840,,5507,Sara Awwad,Male,46.0,Tulkarm,Microwave,Home,668.18,4,0.05,Bank Transfer,Rep F,Central
102841,2025-08-22,5444,Dana Awwad,Male,32.0,Nablus,Printer,Office,373.89,4,0.05,Credit Card,Rep C,North
102842,2024-09-07,5434,Ali Nasser,Male,,Nablus,Power Bank,Accessories,83.61,3,0.0,Credit Card,Rep D,South
102843,2024-03-28,5036,Sara Saleh,Male,19.0,Jenin,Headphones,Electronics,1037.98,7,0.05,PayPal,Rep E,North
102844,2025-08-16,5597,Ahmed Khalil,Male,51.0,Hebron,Smartphone,Electronics,544.78,3,0.2,Credit Card,Rep B,Central
102845,2024-06-12,5479,Hala Nasser,Male,49.0,Gaza,Printer,Office,390.74,1,0.0,PayPal,Rep C,South
102846,2024-12-18,5426,Rana Nasser,Female,22.0,Nablus,Blender,Home,484.04,2,0.1,Bank Transfer,Rep E,North
102847,2024-11-15,5570,Mohammad Hassan,Male,24.0,Rafah,Air Fryer,Home,699.3,5,0.1,Credit Card,Rep A,Central
102848,2025-05-11,5213,Mohammad Saleh,Female,21.0,Bethlehem,Air Fryer,Home,278.43,2,0.1,Credit Card,Rep E,South
102849,2025-01-11,5066,Adam Hassan,Female,-2.0,Nablus,Headphones,Electronics,1116.03,4,0.15,PayPal,Rep D,South
102850,2024-10-27,5438,Maya Khalil,Male,19.0,Tulkarm,Laptop,Electronics,868.42,5,0.05,Credit Card,Rep A,Central
102851,2025-05-21,5177,Adam Ali,Female,24.0,Bethlehem,Keyboard,Office,46.3,2,0.1,Bank Transfer,Rep C,Central
102852,2024-06-26,5104,Adam Nasser,Male,42.0,Ramallah,Tablet,Electronics,1000.4,7,0.1,Bank Transfer,Rep B,South
102853,2024-04-17,5271,Dana Saleh,Female,20.0,Jericho,Mouse,Accessories,123.46,3,0.1,Credit Card,Rep B,South
102854,2025-07-01,5239,Ali Saleh,Female,38.0,Ramallah,Laptop,Electronics,604.22,2,0.0,PayPal,Rep F,Central
102855,2024-05-24,5524,Omar Ali,Female,29.0,Hebron,Smart Watch,Electronics,107.74,2,0.0,Cash,Rep A,North
102856,2024-07-19,5098,Adam Awwad,Female,40.0,Tulkarm,Headphones,Electronics,1126.16,3,0.0,Bank Transfer,Rep C,Central
102857,2025-04-21,5042,Yousef Khalil,Male,37.0,Bethlehem,Smartphone,Electronics,1042.39,5,0.1,Bank Transfer,Rep E,South
102858,2025-08-19,5123,Mohammad Nasser,Male,20.0,Rafah,Smart Watch,Electronics,1216.38,7,0.0,Cash,Rep A,Central
102859,2024-11-22,5010,Khaled Awwad,Male,56.0,Nablus,Air Fryer,Home,664.19,4,0.1,PayPal,Rep F,North
102860,2025-09-13,5373,Hala Khalil,Female,25.0,Gaza,Laptop,Electronics,1435.3,2,0.0,PayPal,Rep A,Central
102861,2025-03-03,5115,Dana Nasser,Male,33.0,Nablus,Smart Watch,Electronics,1481.51,3,0.05,Credit Card,Rep A,Central
102862,2024-07-06,5019,Adam Nasser,Male,23.0,Ramallah,Webcam,Office,56.02,3,0.0,Credit Card,Rep C,North
102863,2025-07-10,5016,Khaled Ali,Male,46.0,Gaza,Air Fryer,Home,120.13,7,0.1,Credit Card,Rep E,South
102864,2024-01-09,5272,Ali Saleh,Male,48.0,Gaza,Backpack,Accessories,25.18,5,0.0,Credit Card,Rep D,South
102865,2024-05-06,5409,Omar Khalil,Female,41.0,Jericho,Tablet,Electronics,1194.02,4,0.05,PayPal,Rep B,Central
102866,2025-04-24,5072,Maya Nasser,Male,30.0,Bethlehem,Laptop,Electronics,344.88,2,0.1,Bank Transfer,Rep D,North
102867,2024-09-02,5099,Adam Khalil,Female,63.0,Hebron,Backpack,Accessories,49.71,5,0.0,Credit Card,Rep D,South
102868,2024-11-20,5106,Yousef Khalil,Female,20.0,Nablus,Smartphone,Electronics,619.01,2,0.1,Credit Card,Rep D,Central
102869,2025-04-01,5479,Dana Ali,Female,40.0,Jenin,Desk Chair,Office,280.85,1,0.1,Cash,Rep A,South
102870,2025-08-09,5168,Omar Nasser,Male,56.0,Jenin,Air Fryer,Home,558.89,2,0.1,Cash,Rep C,North
102871,2025-08-02,5340,Maya Saleh,Female,62.0,Hebron,Blender,Home,664.91,4,0.0,Cash,Rep D,North
102872,2024-10-25,5147,Ali Hassan,Female,39.0,Ramallah,Smartphone,Electronics,885.08,6,0.0,PayPal,Rep A,Central
102873,2025-06-10,5159,Noor Nasser,Female,27.0,Jenin,Keyboard,Office,432.18,3,0.0,Credit Card,Rep C,South
102874,2025-07-14,5182,Rana Ali,Male,60.0,Ramallah,Smartphone,Electronics,1285.66,1,0.15,Bank Transfer,Rep F,North
102875,2024-10-08,5227,Ali Khalil,Male,47.0,Hebron,Smartphone,Electronics,1077.33,7,0.0,PayPal,Rep C,North
102876,2024-11-12,5138,Adam Hassan,Female,45.0,Bethlehem,Laptop,Electronics,828.32,3,0.05,Bank Transfer,Rep B,South
102877,2025-03-17,5188,Ali Hassan,Male,46.0,Ramallah,Coffee Maker,Home,182.95,2,0.0,Credit Card,Rep F,Central
102878,2024-09-04,5088,Omar Saleh,Male,62.0,Hebron,Blender,Home,426.68,3,0.05,Credit Card,Rep D,North
102879,2025-07-05,5035,Maya Awwad,Female,48.0,Gaza,Headphones,Electronics,1178.45,2,0.0,Credit Card,Rep B,South
102880,2024-07-14,5338,Sara Nasser,Male,34.0,Khan Yunis,Headphones,Electronics,316.43,4,0.1,Credit Card,Rep A,South
102881,2025-01-27,5179,Yousef Hassan,Male,62.0,Nablus,Headphones,Electronics,1495.11,2,0.1,Cash,Rep E,North
102882,2025-09-15,5253,Hala Hassan,Female,30.0,Jenin,Mouse,Accessories,86.51,1,0.1,Credit Card,Rep E,North
102883,2025-04-27,5309,Noor Awwad,Female,31.0,Jenin,Monitor,Office,157.72,2,0.0,Credit Card,Rep F,South
102884,2024-12-05,5385,Noor Hassan,Male,29.0,Hebron,Headphones,Electronics,1187.09,3,0.0,PayPal,Rep F,South
102885,2024-08-25,5031,Dana Hassan,Female,18.0,Gaza,Desk Chair,Office,49.48,7,0.15,Bank Transfer,Rep C,South
102886,2024-08-15,5240,Ahmed Nasser,Female,43.0,Khan Yunis,Coffee Maker,Home,88.59,4,0.0,PayPal,Rep B,South
102887,2024-08-09,5288,Yousef Saleh,Male,58.0,Jenin,Microwave,Home,302.26,3,0.05,PayPal,Rep A,South
102888,2024-10-10,5203,Yousef Nasser,Female,33.0,Nablus,Laptop,Electronics,1420.95,4,0.0,PayPal,Rep B,North
102889,2024-03-26,5309,Lina Saleh,Male,34.0,Khan Yunis,Laptop,Electronics,373.18,4,0.1,Credit Card,Rep F,South
102890,2025-05-04,5524,Lina Hassan,Male,60.0,Gaza,Monitor,Office,192.79,4,0.15,Credit Card,Rep A,South
102891,2025-05-28,5243,Ali Nasser,Male,34.0,Jericho,Monitor,Office,194.46,1,0.15,PayPal,Rep F,Central
102892,2025-08-04,5265,Noor Hassan,Male,22.0,Khan Yunis,Smart Watch,Electronics,118.64,4,0.1,Cash,Rep D,North
102893,2024-09-01,5249,Ahmed Ali,Female,58.0,Ramallah,Smartphone,Electronics,1077.62,3,0.05,Bank Transfer,Rep D,Central
102894,2025-12-20,5428,Lina Khalil,Male,24.0,Ramallah,Vacuum Cleaner,Home,220.48,2,0.05,Cash,Rep C,Central
102895,,5396,Khaled Ali,Female,57.0,Jericho,Printer,Office,74.42,3,0.1,Credit Card,Rep E,Central
102896,2025-06-02,5551,Khaled Awwad,Male,63.0,Gaza,Printer,Office,253.93,4,0.05,Credit Card,Rep A,Central
102897,2024-04-06,5531,Dana Awwad,Male,64.0,Khan Yunis,Laptop,Electronics,97.57,2,0.0,Cash,Rep A,North
102898,2024-03-21,5554,Noor Nasser,Male,27.0,Jenin,Phone Case,Accessories,72.8,6,0.1,PayPal,Rep A,South
102899,2024-12-29,5384,Noor Saleh,Male,62.0,Bethlehem,Printer,Office,183.89,3,0.05,Credit Card,Rep F,South
102900,2024-05-03,5112,Omar Nasser,Male,19.0,Ramallah,Tablet,Electronics,538.24,4,0.05,Credit Card,Rep B,Central
102901,2024-05-28,5169,Rana Awwad,Female,25.0,Jenin,Keyboard,Office,555.37,6,0.05,Cash,Rep C,North
102902,2024-11-11,5278,Dana Khalil,Female,53.0,Tulkarm,Tablet,Electronics,1041.11,6,0.15,Credit Card,Rep D,North
102903,2025-02-17,5084,Ali Khalil,Male,27.0,Gaza,Phone Case,Accessories,155.79,2,,Bank Transfer,Rep B,North
102904,2024-10-25,5047,Yousef Ali,Female,49.0,Tulkarm,Vacuum Cleaner,Home,610.32,4,0.0,Cash,Rep A,Central
102905,2024-10-16,5197,Sami Hassan,Female,51.0,Ramallah,Smartphone,Electronics,160.43,2,0.15,PayPal,Rep B,Central
102906,2024-08-22,5306,Dana Hassan,Female,30.0,Tulkarm,Air Fryer,Home,434.72,1,0.1,Credit Card,Rep E,North
102907,2025-03-03,5488,Omar Awwad,Female,65.0,Bethlehem,Smartphone,Electronics,903.57,7,0.1,Bank Transfer,Rep F,North
102908,2025-02-14,5051,Ali Ali,Male,19.0,Khan Yunis,Webcam,Office,124.37,5,0.1,Credit Card,Rep F,South
102909,2025-05-12,5105,Sara Awwad,Male,52.0,Gaza,Webcam,Office,510.76,8,0.2,Credit Card,Rep D,Central
102910,2024-07-07,5490,Yousef Ali,Male,39.0,Rafah,Headphones,Electronics,430.6,1,0.1,PayPal,Rep D,North
102911,2024-01-29,5245,Sami Hassan,Female,49.0,Jenin,Air Fryer,Home,232.05,2,0.0,Credit Card,Rep C,Central
102912,2024-10-09,5116,Khaled Awwad,Female,56.0,Tulkarm,Backpack,Accessories,178.14,2,0.0,Credit Card,Rep F,South
102913,2025-03-13,5435,Khaled Hassan,Male,59.0,Gaza,Phone Case,Accessories,109.47,3,0.0,Cash,Rep C,South
102914,2025-03-01,5306,Hala Hassan,Male,48.0,Jenin,Headphones,Electronics,361.61,2,,Cash,Rep C,North
102915,2025-09-08,5577,Sara Saleh,Female,41.0,Ramallah,Keyboard,Office,248.56,6,0.1,Credit Card,Rep E,Central
102916,2025-02-22,5137,Yousef Nasser,Male,29.0,Jenin,Monitor,Office,587.49,5,0.1,Cash,Rep D,North
102917,2024-07-15,5327,Noor Saleh,Female,58.0,Hebron,Microwave,Home,256.0,4,0.1,Bank Transfer,Rep B,North
102918,2025-10-26,5044,Rana Hassan,Male,34.0,Khan Yunis,Smart Watch,Electronics,115.26,3,0.0,Bank Transfer,Rep B,South
102919,2025-06-03,5389,Noor Hassan,Female,31.0,Jericho,Power Bank,Accessories,173.5,2,0.1,Cash,Rep B,Central
102920,2025-12-10,5591,Lina Nasser,Female,29.0,Tulkarm,Coffee Maker,Home,591.09,3,0.15,PayPal,Rep A,South
102921,2025-02-25,5319,Adam Nasser,Female,54.0,Nablus,Desk Chair,Office,537.57,8,0.15,PayPal,Rep D,North
102922,2025-12-30,5015,Yousef Saleh,Female,52.0,Gaza,Air Fryer,Home,50.58,2,0.05,Credit Card,Rep E,Central
102923,2024-12-27,5570,Mohammad Nasser,Male,29.0,Khan Yunis,Coffee Maker,Home,253.74,3,0.15,PayPal,Rep E,North
102924,2024-04-19,5082,Ali Awwad,Male,28.0,Bethlehem,Vacuum Cleaner,Home,89.23,4,0.0,PayPal,Rep D,South
102925,2024-12-11,5500,Hala Awwad,Male,39.0,Gaza,Laptop,Electronics,1241.81,4,0.0,Credit Card,Rep C,South
102926,2024-12-24,5271,Sara Khalil,Female,42.0,Tulkarm,Webcam,Office,347.76,2,0.0,Bank Transfer,Rep A,North
102927,2024-08-17,5340,Hala Saleh,Female,24.0,Jericho,Webcam,Office,216.18,4,0.1,Cash,Rep D,Central
102928,2024-03-22,5202,Sami Nasser,Male,37.0,Gaza,Tablet,Electronics,449.97,5,0.0,Credit Card,Rep D,Central
102929,2025-10-15,5436,Dana Nasser,Female,64.0,Hebron,Laptop,Electronics,1256.38,2,0.1,Cash,Rep B,Central
102930,2025-08-19,5266,Adam Nasser,Male,29.0,Tulkarm,Tablet,Electronics,1103.87,2,0.15,Credit Card,Rep D,South
102931,2025-06-08,5157,Adam Hassan,Female,49.0,Hebron,Smartphone,Electronics,132.19,4,0.05,PayPal,Rep A,South
102932,2025-11-19,5479,Dana Khalil,Female,53.0,Jenin,Air Fryer,Home,364.85,3,0.0,Bank Transfer,Rep E,South
102933,2025-07-16,5378,Sara Saleh,Male,65.0,Bethlehem,Tablet,Electronics,1177.52,4,0.1,Credit Card,Rep A,Central
102934,2025-03-10,5334,Sami Nasser,Female,32.0,Jenin,Backpack,Accessories,81.48,1,0.1,Bank Transfer,Rep B,Central
102935,2024-10-02,5220,Ali Saleh,Male,38.0,Gaza,Keyboard,Office,30.47,2,0.05,PayPal,Rep F,North
102936,2025-09-18,5006,Sara Khalil,Male,57.0,Hebron,Tablet,Electronics,273.81,6,0.0,Credit Card,Rep E,North
102937,2025-04-09,5409,Omar Awwad,Male,62.0,Nablus,Tablet,Electronics,248.84,4,0.2,Bank Transfer,Rep E,South
102938,2024-06-26,5318,Adam Ali,Male,46.0,Jericho,Tablet,Electronics,748.86,6,0.0,Credit Card,Rep B,North
102939,2025-09-05,5481,,Female,39.0,Jenin,Phone Case,Accessories,125.69,4,0.0,Credit Card,Rep D,North
102940,2024-08-06,5045,Sami Awwad,Male,64.0,Khan Yunis,USB Cable,Accessories,93.8,3,0.1,Credit Card,Rep C,Central
102941,2025-09-19,5237,Hala Khalil,Female,50.0,Bethlehem,Keyboard,Office,118.33,4,0.0,Cash,Rep B,North
102942,2025-06-25,5160,Yousef Ali,Male,62.0,Bethlehem,Monitor,Office,188.02,4,0.1,Credit Card,Rep F,Central
102943,2025-02-26,5423,Khaled Awwad,Female,29.0,Bethlehem,Webcam,Office,490.94,8,1.25,Cash,Rep E,South
102944,2025-06-26,5213,Adam Nasser,Male,58.0,Ramallah,Blender,Home,610.07,5,0.1,Credit Card,Rep E,South
102945,2025-08-04,5422,Khaled Saleh,Female,52.0,Khan Yunis,Vacuum Cleaner,Home,129.54,3,0.05,PayPal,Rep D,Central
102946,2024-12-13,5364,Sami Ali,Female,56.0,Tulkarm,Power Bank,Accessories,179.87,7,0.1,PayPal,Rep F,North
102947,2024-03-19,5248,Maya Nasser,Male,59.0,Tulkarm,Backpack,Accessories,55.55,3,0.15,Credit Card,Rep C,Central
102948,2024-04-24,5322,Yousef Hassan,Female,27.0,Jenin,Tablet,Electronics,319.57,4,0.05,Cash,Rep B,South
102949,2025-02-15,5256,Maya Hassan,Female,28.0,Gaza,Keyboard,Office,-20.0,4,0.2,Bank Transfer,Rep A,Central
102950,2025-01-27,5199,Ali Nasser,Female,55.0,Ramallah,Tablet,Electronics,1289.69,6,0.05,Credit Card,Rep C,South
102951,2024-11-13,5216,Rana Nasser,Female,43.0,Jericho,Backpack,Accessories,42.68,2,0.05,Credit Card,Rep B,South
102952,2024-10-30,5532,Adam Saleh,Female,64.0,Ramallah,Blender,Home,689.11,6,0.0,Cash,Rep F,Central
102953,2025-03-21,5484,Ali Nasser,Female,27.0,Bethlehem,Printer,Office,372.08,4,0.05,PayPal,Rep B,South
102954,2024-10-06,5482,Lina Nasser,Female,30.0,Ramallah,Keyboard,Office,161.88,8,0.1,Bank Transfer,Rep D,South
102955,2025-09-09,5233,Omar Khalil,Female,42.0,Ramallah,Webcam,Office,185.33,2,0.0,Cash,Rep C,South
102956,2025-09-26,5166,Maya Saleh,Female,45.0,Rafah,Printer,Office,62.59,3,0.05,Credit Card,Rep D,Central
102957,2025-01-13,5228,Khaled Hassan,Male,60.0,Bethlehem,Headphones,Electronics,1445.24,2,0.15,Cash,Rep E,Central
102958,2025-08-26,5097,Rana Awwad,Female,42.0,Khan Yunis,Blender,Home,133.44,2,0.15,Credit Card,Rep C,Central
102959,2024-07-19,5322,Rana Hassan,Male,65.0,Tulkarm,Smartphone,Electronics,595.05,4,0.1,PayPal,Rep E,South
102960,2025-12-18,5089,Khaled Saleh,Female,54.0,Tulkarm,Smartphone,Electronics,848.67,4,0.0,Credit Card,Rep D,North
102961,2024-06-02,5154,Dana Ali,Female,65.0,Nablus,Blender,Home,151.3,5,0.2,Credit Card,Rep F,Central
102962,2024-12-25,5582,Hala Khalil,Male,36.0,Nablus,Printer,Office,342.34,4,0.1,Credit Card,Rep F,South
102963,2025-04-07,5542,Noor Awwad,Female,46.0,Gaza,USB Cable,Accessories,40.29,7,0.0,Cash,Rep B,South
102964,2024-10-23,5175,Lina Ali,Male,26.0,Jericho,Headphones,Electronics,381.85,2,0.0,Credit Card,Rep F,South
102965,2024-10-04,5035,Ahmed Awwad,Male,28.0,Bethlehem,Mouse,Accessories,104.42,3,0.1,Credit Card,Rep B,South
102966,2024-05-04,5081,Adam Hassan,Male,41.0,Rafah,Tablet,Electronics,1223.93,4,0.1,Credit Card,Rep A,South
102967,2024-02-07,5134,Ahmed Nasser,Male,38.0,Bethlehem,Backpack,Accessories,167.4,4,0.1,Credit Card,Rep D,Central
102968,2024-09-01,5183,Lina Saleh,Female,65.0,Ramallah,Tablet,Electronics,192.17,2,0.15,Cash,Rep B,North
102969,2025-05-15,5077,Adam Hassan,Female,52.0,Gaza,Monitor,Office,347.48,2,0.0,Cash,Rep B,South
102970,2024-12-04,5085,Dana Awwad,Male,37.0,Jericho,Air Fryer,Home,370.07,4,0.05,Credit Card,Rep E,Central
102971,2025-11-01,5346,Sara Awwad,Male,56.0,Bethlehem,Laptop,Electronics,1014.58,4,0.0,Credit Card,Rep C,North
102972,2025-11-05,5461,Ahmed Hassan,Male,21.0,Rafah,Monitor,Office,377.85,3,0.1,Cash,Rep B,North
102973,2024-03-03,5573,Ahmed Awwad,Male,29.0,Ramallah,Headphones,Electronics,1378.27,1,0.0,Cash,Rep D,Central
102974,2025-05-17,5498,Sami Khalil,Male,57.0,Nablus,Backpack,Accessories,16.17,4,0.0,PayPal,Rep A,South
102975,2025-04-24,5307,Adam Khalil,Female,18.0,Bethlehem,Headphones,Electronics,620.42,2,0.1,Cash,Rep E,North
102976,2024-11-10,5162,Ali Awwad,Male,57.0,Hebron,Smartphone,Electronics,555.64,3,0.1,Credit Card,Rep D,Central
102977,2025-07-09,5306,Rana Nasser,Male,51.0,Jenin,Smart Watch,Electronics,159.04,2,0.15,PayPal,Rep A,Central
102978,2025-05-18,5036,Adam Awwad,Male,31.0,Tulkarm,Air Fryer,Home,117.77,5,0.05,PayPal,Rep B,South
102979,2024-05-18,5563,Mohammad Hassan,Male,53.0,Nablus,Monitor,Office,338.93,4,0.1,Credit Card,Rep B,Central
102980,2024-04-01,5346,Omar Khalil,Female,44.0,Rafah,Tablet,Electronics,793.55,7,0.05,PayPal,Rep C,Central
102981,2025-03-30,5399,Dana Saleh,Female,65.0,Ramallah,Monitor,Office,382.46,3,0.0,Bank Transfer,Rep F,Central
102982,2024-04-05,5246,Maya Awwad,Female,38.0,Jericho,Vacuum Cleaner,Home,60.76,3,0.05,Cash,Rep B,Central
102983,2025-10-26,5216,Dana Nasser,Male,27.0,Rafah,Keyboard,Office,380.63,4,0.2,Credit Card,Rep D,North
102984,2024-04-16,5479,Adam Khalil,Male,55.0,Jericho,Blender,Home,267.77,1,0.0,Cash,Rep D,South
102985,2024-07-16,5464,Lina Saleh,Female,53.0,Gaza,Blender,Home,114.21,6,0.15,PayPal,Rep F,Central
102986,2025-12-01,5515,Rana Hassan,Male,53.0,Hebron,Blender,Home,136.23,4,0.15,Cash,Rep D,South
102987,2025-04-09,5374,Ali Awwad,Female,21.0,Gaza,Laptop,Electronics,1281.33,6,0.1,Credit Card,Rep C,North
102988,2025-09-10,5206,Hala Awwad,Male,45.0,Jenin,USB Cable,Accessories,115.23,4,0.0,Credit Card,Rep B,Central
102989,2024-05-28,5392,Maya Saleh,Female,36.0,Hebron,Blender,Home,589.42,7,0.05,Cash,Rep E,Central
102990,2025-06-07,5176,Adam Ali,Male,19.0,Nablus,Tablet,Electronics,297.34,2,0.1,Credit Card,Rep E,Central
102991,2025-04-19,5018,Yousef Saleh,Female,59.0,Tulkarm,Smart Watch,Electronics,1341.12,5,0.0,Cash,Rep B,North
102992,2025-03-07,5066,Ahmed Awwad,Female,60.0,Gaza,USB Cable,Accessories,170.7,5,0.0,Credit Card,Rep C,North
102993,2024-12-12,5443,Sara Nasser,Female,20.0,Jericho,Webcam,Office,415.57,4,0.1,Credit Card,Rep A,North
102994,2024-07-05,5063,Maya Awwad,Female,28.0,Rafah,Blender,Home,423.27,4,0.0,Credit Card,Rep F,South
102995,2025-12-07,5207,Ahmed Hassan,Female,43.0,Gaza,Mouse,Accessories,37.91,3,0.0,Credit Card,Rep C,South
102996,2024-11-03,5046,Omar Awwad,Female,26.0,Ramallah,Microwave,Home,499.09,2,0.2,Cash,Rep B,Central
102997,2025-01-25,5281,Lina Saleh,Male,64.0,Jericho,Microwave,Home,572.74,8,0.0,Bank Transfer,,North
102998,2024-10-08,5237,Dana Khalil,Male,49.0,Jenin,Mouse,Accessories,175.99,-2,0.0,Credit Card,Rep C,North
102999,2025-08-13,5548,Yousef Ali,Male,42.0,Jenin,Vacuum Cleaner,Home,560.87,5,0.05,PayPal,Rep C,Central
103000,2024-02-24,5282,Ali Ali,Male,55.0,Ramallah,Smart Watch,Electronics,705.97,2,0.05,Bank Transfer,Rep E,North
101958,2024-02-12,5126,Lina Nasser,Male,22.0,Bethlehem,Air Fryer,Home,639.72,3,0.2,Credit Card,Rep E,Central
102088,2024-10-19,5182,Ahmed Nasser,Male,31.0,Rafah,Smartphone,Electronics,461.56,3,0.05,PayPal,Rep C,North
101395,2025-05-02,5515,Dana Hassan,Male,49.0,Jericho,Power Bank,Accessories,171.95,2,0.0,Credit Card,Rep C,Central
101521,2024-03-25,5590,Yousef Ali,Female,18.0,Gaza,Mouse,Accessories,150.9,7,0.15,Bank Transfer,Rep C,Central
101099,2025-04-10,5170,Dana Khalil,Female,57.0,Nablus,Laptop,Electronics,902.49,1,0.1,Credit Card,Rep C,North
100394,2025-03-21,5079,Noor Nasser,Male,46.0,Ramallah,Smartphone,Electronics,317.79,4,0.0,Credit Card,Rep A,Central
100029,2024-08-10,5442,Ahmed Khalil,Male,21.0,Bethlehem,Mouse,Accessories,170.35,7,0.15,Cash,Rep D,Central
100100,2025-02-17,5455,Sara Awwad,Female,51.0,Jenin,Keyboard,Office,83.94,7,0.1,Credit Card,Rep C,North
100352,2025-03-16,5086,Noor Saleh,Male,62.0,Jericho,Headphones,Electronics,410.21,2,0.1,Cash,Rep C,Central
102021,2025-01-20,5064,Noor Saleh,Male,28.0,Jericho,Blender,Home,633.3,2,0.05,Bank Transfer,Rep F,Central
101353,2024-06-20,5315,Sami Nasser,Male,60.0,Jenin,Vacuum Cleaner,Home,86.08,4,0.0,Credit Card,Rep A,North
101145,2025-05-28,5321,Ali Hassan,Male,58.0,Tulkarm,Monitor,Office,547.61,6,0.2,Credit Card,Rep A,North
102856,2024-07-19,5098,Adam Awwad,Female,40.0,Tulkarm,,Electronics,1126.16,3,0.0,Bank Transfer,Rep C,Central
101226,2025-05-24,5262,Sami Awwad,Female,38.0,Bethlehem,Air Fryer,Home,80.9,4,0.15,Cash,Rep B,Central
100298,2024-10-28,5096,Dana Khalil,Female,55.0,Khan Yunis,Keyboard,Office,315.67,2,0.1,Credit Card,Rep F,South
101786,2025-05-08,5508,Sara Saleh,Male,58.0,Bethlehem,Coffee Maker,Home,669.53,4,0.0,Credit Card,Rep A,Central
100127,2024-02-12,5343,Khaled Nasser,Female,61.0,Jenin,Headphones,Electronics,358.0,1,0.1,Bank Transfer,Rep A,South
102758,2024-10-25,5021,Rana Saleh,Male,48.0,Gaza,Monitor,Office,569.09,2,0.0,PayPal,Rep B,North
101597,2025-10-15,5555,Ali Khalil,Female,37.0,Gaza,Smart Watch,Electronics,792.13,3,0.1,PayPal,Rep A,South
102028,2025-01-08,5209,Maya Khalil,Female,49.0,Khan Yunis,Monitor,Office,254.97,5,1.25,Cash,Rep B,South
102997,2025-01-25,5281,Lina Saleh,Male,64.0,Jericho,Microwave,Home,572.74,8,0.0,Bank Transfer,Rep C,North
100682,2024-02-11,5093,Lina Ali,Male,26.0,Ramallah,Monitor,Office,85.67,5,0.1,Bank Transfer,Rep F,Central
100046,2024-09-06,5438,Khaled Ali,Male,29.0,Gaza,Coffee Maker,Home,404.26,4,0.15,Credit Card,Rep E,North
101437,2024-04-02,5133,Noor Khalil,Male,37.0,Jenin,Blender,Home,644.68,4,0.1,Credit Card,Rep E,Central
102748,2024-03-12,5088,Khaled Ali,Female,37.0,Nablus,Laptop,Electronics,1349.87,2,0.0,Cash,Rep A,South
100302,2024-02-22,5451,Noor Ali,Male,51.0,Jericho,Air Fryer,Home,438.54,4,0.1,Credit Card,Rep F,Central
102649,2025-11-29,5110,Maya Saleh,Male,58.0,Gaza,Power Bank,Accessories,75.73,2,0.05,Bank Transfer,Rep A,South
101608,2025-09-15,5316,Ali Ali,Female,63.0,Ramallah,Headphones,Electronics,684.61,2,0.0,Bank Transfer,Rep E,South
100637,2024-11-21,5529,Noor Awwad,Female,21.0,Hebron,Webcam,Office,429.76,7,0.05,Cash,Rep A,South
100548,2024-02-18,5293,Ali Awwad,Male,59.0,Gaza,Desk Chair,Office,578.7,4,0.2,PayPal,Rep A,South
101266,2024-06-09,5233,Maya Ali,Female,28.0,Nablus,Laptop,Electronics,305.21,4,0.1,Cash,Rep B,North
101271,2025-12-25,5573,Sami Ali,Female,29.0,Jenin,Monitor,Office,409.96,1,0.05,Credit Card,Rep A,South
100679,2024-04-23,5026,Hala Ali,Female,50.0,Jenin,USB Cable,Accessories,129.69,1,0.15,Credit Card,Rep A,South
102613,2025-03-27,5229,Khaled Awwad,Male,34.0,Ramallah,Headphones,Electronics,127.84,4,0.0,Cash,Rep E,Central
102157,2025-07-18,5257,Hala Ali,Female,24.0,Jericho,Laptop,Electronics,1374.46,5,0.1,Cash,Rep D,North
