Customer_ID,Customer_Name,Gender,Age,City,Country,Income,Customer_Segment,Campaign_ID,Campaign_Name,Campaign_Type,Channel,Campaign_Start_Date,Campaign_End_Date,Ad_Spend,Impressions,Clicks,Conversions,Revenue,Cost,Purchase_Amount,Response,Previous_Purchases,Email_Opened,Email_Clicked,Website_Visits,Customer_Status
10913,Ahmed Nasser,Male,41,Hebron,Jordan,52511.24,Budget,C002,Back to School,Seasonal,Website,2025-08-05,2025-08-13,448.49,4405,132,16,1492.25,834.6,1708.88,Yes,2,Yes,No,7,Returning
11629,Sophia Saleh,Female,39,Beirut,UAE,73189.28,Budget,C001,Summer Sale,Discount,Social Media,2025-12-24,2026-01-13,374.3,45097,1368,87,7621.94,5089.99,7191.17,Yes,8,Yes,No,6,Inactive
10760,John Khalil,Female,18,Amman,Egypt,44878.82,,C001,Summer Sale,Discount,Display Ads,2025-08-24,2025-09-17,300.23,16861,166,14,947.74,729.78,917.97,Yes,12,Yes,No,17,New
12963,Adam Khalil,Male,29,Hebron,UAE,65758.97,Corporate,C004,New Product Launch,Product,Email,2025-07-14,2025-07-29,526.89,59929,4523,415,36947.2,32433.33,40238.3,Yes,11,Yes,Yes,21,New
10585,Maya Davis,Male,29,Jerusalem,Qatar,49749.51,Regular,C004,New Product Launch,Product,Display Ads,2025-06-16,2025-06-24,497.03,30521,402,54,3637.21,2269.05,4210.93,Yes,1,No,No,12,New
12578,Adam Wilson,Female,33,Doha,Jordan,62008.28,Regular,C004,New Product Launch,Product,Display Ads,2025-10-15,2025-11-08,1111.23,34938,275,31,4490.45,4037.53,4860.1,Yes,13,No,No,11,New
14175,Olivia Khalil,Male,44,Ramallah,Jordan,58084.63,Regular,C007,Spring Promotion,Seasonal,Website,2025-02-02,2025-02-21,174.73,50519,1216,86,9125.0,5055.42,7723.27,Yes,14,No,No,17,Inactive
10939,Yousef Smith,Male,21,Gaza,Qatar,39149.36,Regular,C001,Summer Sale,Discount,Display Ads,2025-05-15,2025-06-07,628.07,23916,214,17,2834.84,2163.38,2483.21,Yes,3,No,No,26,Returning
11253,Emma Hassan,Male,26,Beirut,UAE,49434.18,Regular,C002,Back to School,Seasonal,Google Ads,2025-06-07,2025-06-21,394.58,8092,385,42,4440.39,3710.43,4557.08,Yes,7,Yes,No,2,Returning
11031,Lina Wilson,Male,48,Gaza,Egypt,38832.26,Budget,C007,Spring Promotion,Seasonal,Social Media,2025-10-04,2025-11-03,271.68,90922,3789,336,42855.85,33318.59,37748.55,Yes,6,No,No,12,Inactive
13589,Michael Khalil,Male,39,Hebron,Palestine,82684.66,Regular,C004,New Product Launch,Product,Website,2025-04-23,2025-04-30,20.0,9805,242,30,3709.9,3156.65,4313.0,Yes,1,Yes,No,2,Inactive
10581,Noor Nasser,Female,20,Hebron,Egypt,73764.85,Premium,C008,Weekend Flash Sale,Discount,Social Media,2025-08-31,2025-09-20,382.43,25457,1075,86,6210.34,4336.39,5389.89,Yes,3,Yes,No,21,Returning
13826,Omar Khalil,Male,27,Dubai,Lebanon,45968.37,Regular,C002,Back to School,Seasonal,Social Media,2025-04-09,2025-04-22,383.45,70792,2996,269,43172.11,30735.08,35767.41,Yes,14,Yes,No,13,New
10618,Michael Davis,Male,51,Nablus,Lebanon,58159.96,Corporate,C001,Summer Sale,Discount,Email,2025-05-02,2025-05-14,443.54,53769,2824,282,29399.83,20069.52,28799.56,Yes,15,Yes,No,28,New
13199,Yousef Wilson,Female,39,Dubai,Lebanon,59698.99,Corporate,C008,Weekend Flash Sale,Discount,Social Media,2025-04-08,2025-04-24,188.62,29034,1017,74,6663.24,3781.72,7420.53,Yes,1,Yes,No,23,New
13906,Maya Awwad,Male,40,Jerusalem,Palestine,52010.9,Regular,C004,New Product Launch,Product,SMS,2025-03-03,2025-03-28,292.53,32771,3005,58,11792.6,8818.85,9520.04,Yes,1,Yes,No,13,Returning
12592,Yousef Saleh,Female,18,Hebron,UAE,54522.75,Regular,C005,Holiday Offers,Seasonal,SMS,2025-06-11,2025-06-20,457.68,1720,155,23,2621.96,1906.32,2887.75,Yes,14,Yes,No,2,Returning
11086,Emma Khalil,Male,39,Amman,UAE,54867.16,Regular,C005,Holiday Offers,Seasonal,Website,2025-12-01,2025-12-24,329.43,1525,47,2,324.26,208.36,284.12,Yes,9,Yes,No,30,Inactive
10877,Lina Nasser,Female,51,Beirut,Jordan,29766.68,Budget,C004,New Product Launch,Product,Display Ads,2025-11-21,2025-12-06,282.08,66744,1514,220,18140.11,10299.58,20939.51,Yes,15,No,No,28,Inactive
13470,Yousef Awwad,Male,54,,Jordan,70724.61,Regular,C005,Holiday Offers,Seasonal,Social Media,2025-08-15,2025-09-08,642.8,92993,3261,225,14941.16,12835.76,16244.87,Yes,13,Yes,No,3,New
11222,Omar Smith,Male,25,Dubai,Jordan,82898.82,Premium,C006,Loyalty Rewards,Retention,Email,2025-07-03,2025-07-16,678.97,89899,4381,308,26069.6,18046.21,22151.28,Yes,7,Yes,Yes,17,Inactive
11267,Noor Hassan,Male,51,Dubai,Palestine,100704.93,Regular,C006,Loyalty Rewards,Retention,SMS,2025-12-09,2026-01-08,183.19,33027,2886,213,33027.6,22587.23,33371.87,Yes,8,Yes,No,25,Returning
10318,Olivia Saleh,Male,41,Doha,UAE,60345.72,Regular,C004,New Product Launch,Product,Social Media,2025-01-13,2025-02-10,350.39,25813,955,86,9685.32,8604.55,10589.08,Yes,12,No,No,8,Inactive
12287,Emma Davis,Female,38,Cairo,UAE,70253.23,Corporate,C002,Back to School,Seasonal,Google Ads,2025-04-02,2025-04-27,730.86,35295,1637,71,10767.07,8667.39,11457.89,Yes,1,Yes,No,19,Returning
12570,Sophia Miller,Male,25,Dubai,Egypt,69167.52,Regular,C001,Summer Sale,Discount,Display Ads,2025-08-12,2025-08-19,711.94,68646,1871,103,14840.32,11612.3,13333.08,Yes,6,No,No,13,New
12705,Daniel Khalil,Female,26,Cairo,UAE,57625.51,Budget,C006,Loyalty Rewards,Retention,SMS,2025-12-23,2026-01-08,693.31,73167,5783,328,38552.27,26319.67,34969.46,Yes,4,Yes,No,13,Returning
11426,Layla Brown,Male,36,Gaza,UAE,81163.61,Regular,C006,Loyalty Rewards,Retention,SMS,2025-08-15,2025-09-05,637.65,89055,7826,1264,103389.85,85669.73,107439.35,Yes,6,No,No,25,Inactive
11391,Ali Nasser,Female,36,Ramallah,Jordan,52529.11,Budget,C004,New Product Launch,Product,Social Media,2025-03-17,2025-03-24,400.46,6557,222,22,3140.97,1807.6,3128.33,Yes,7,No,No,19,Returning
13396,Adam Brown,Female,31,Dubai,Jordan,70415.18,Premium,C001,Summer Sale,Discount,Email,2025-08-06,2025-08-20,538.1,23553,1335,56,7756.62,4628.13,7195.22,Yes,14,Yes,Yes,27,New
13807,Daniel Wilson,Female,38,Cairo,Qatar,40439.14,Budget,C008,Weekend Flash Sale,Discount,SMS,2025-05-13,2025-05-27,691.94,84079,8278,674,116109.64,81736.01,102661.62,Yes,8,No,No,20,New
12341,Noor Nasser,Female,20,Amman,Egypt,38119.15,Premium,C003,Black Friday,Discount,Social Media,2025-07-16,2025-08-14,613.31,20528,803,76,22203.33,16428.55,18988.27,Yes,6,Yes,No,13,Returning
13407,Omar Saleh,Female,50,Dubai,Egypt,72787.65,Corporate,C001,Summer Sale,Discount,Website,2025-07-14,2025-08-05,246.44,1272,34,2,110.9,95.6,124.95,Yes,11,No,No,24,Returning
13433,Noor Wilson,Male,30,Gaza,Qatar,56473.73,Regular,C007,Spring Promotion,Seasonal,Google Ads,2025-12-09,2026-01-06,650.98,53494,3397,81,4089.37,3139.78,4742.95,Yes,5,No,No,29,New
10221,John Miller,Male,26,Ramallah,Lebanon,48973.29,Regular,C008,Weekend Flash Sale,Discount,Social Media,2025-01-26,2025-02-10,620.91,50189,2383,199,12407.46,10129.83,14033.38,Yes,10,Yes,No,14,New
13106,Yousef Brown,Female,36,Ramallah,Qatar,43271.19,Premium,C001,Summer Sale,Discount,Google Ads,2025-04-25,2025-05-22,54.47,9493,590,58,8233.17,6946.57,7048.5,Yes,1,Yes,No,30,New
11249,Noor Hassan,Female,31,Ramallah,Egypt,24955.62,Corporate,C008,Weekend Flash Sale,Discount,Display Ads,2025-05-12,2025-05-30,426.47,22492,265,34,3355.52,2525.16,3531.76,Yes,3,Yes,No,30,New
12556,John Brown,Male,55,Ramallah,Egypt,62289.67,Budget,C004,New Product Launch,Product,Email,2025-12-23,2026-01-08,966.87,90187,4050,435,66917.16,46837.48,65744.28,Yes,3,No,No,1,New
13036,Ali Davis,Female,27,Nablus,Qatar,31961.44,Budget,C002,Back to School,Seasonal,SMS,2025-07-05,2025-08-01,495.72,60758,5352,728,62319.21,55334.21,59957.56,Yes,4,No,No,5,Returning
12213,Olivia Wilson,Female,33,Beirut,UAE,32539.9,Regular,C004,New Product Launch,Product,Email,2025-05-23,2025-06-13,403.19,32463,2209,81,,8210.55,9685.65,Yes,14,Yes,No,10,New
11490,Olivia Saleh,Female,36,Gaza,UAE,97263.94,Regular,C005,Holiday Offers,Seasonal,Website,2025-01-06,2025-01-29,455.46,25542,721,77,9779.52,7279.01,9019.12,Yes,2,Yes,No,23,Returning
11969,Olivia Wilson,Female,37,Nablus,Palestine,66918.35,Regular,C007,Spring Promotion,Seasonal,Display Ads,2025-05-05,2025-05-21,969.27,87526,2686,115,6584.13,4601.82,5367.85,Yes,11,No,No,17,Returning
12710,Emma Wilson,Female,40,Gaza,UAE,53047.04,Regular,C004,New Product Launch,Product,Google Ads,2025-03-03,2025-04-02,694.7,70736,2907,250,21212.35,13719.61,24685.36,Yes,5,Yes,No,6,Returning
12319,Sara Saleh,Female,29,Hebron,UAE,70292.84,Regular,C001,Summer Sale,Discount,Display Ads,2025-10-01,2025-10-12,697.91,36454,760,45,6474.06,5699.97,5659.0,Yes,1,Yes,No,17,New
14022,Sara Awwad,Female,29,Doha,Qatar,70781.58,Regular,C003,Black Friday,Discount,Email,2025-05-10,2025-06-01,106.71,15453,918,53,4445.94,2681.37,3830.84,Yes,2,Yes,Yes,20,Returning
12490,Ali Saleh,Male,42,Cairo,Qatar,51360.53,Regular,C004,New Product Launch,Product,Website,2025-07-14,2025-08-04,681.59,58528,1361,153,19564.12,11172.69,21951.34,Yes,9,No,No,9,Returning
10813,Adam Saleh,Female,36,Ramallah,Jordan,71756.81,Regular,C002,Back to School,Seasonal,Social Media,2025-01-02,2025-01-22,447.37,59548,1834,198,24509.2,19544.48,28688.04,Yes,15,No,No,1,New
13720,Ali Saleh,Female,39,Beirut,Lebanon,52657.43,Budget,C004,New Product Launch,Product,SMS,2025-02-28,2025-03-24,319.99,29966,2720,266,48432.05,27648.56,50070.13,Yes,4,No,No,26,New
12520,Layla Wilson,Male,49,Doha,Lebanon,33460.11,Regular,C007,Spring Promotion,Seasonal,Google Ads,2025-09-14,2025-10-08,346.19,65222,3337,333,40858.5,28650.39,38192.24,Yes,14,Yes,No,19,New
12641,Yousef Awwad,Male,46,Hebron,Lebanon,52352.97,Budget,C001,Summer Sale,Discount,Display Ads,2025-05-18,2025-06-12,590.84,5773,65,4,418.15,364.05,381.08,Yes,5,No,No,16,Returning
11487,Sophia Wilson,Male,31,Doha,UAE,58668.81,Regular,C006,Loyalty Rewards,Retention,Display Ads,2025-02-23,2025-03-07,753.96,43728,982,104,12562.22,8669.92,10222.33,Yes,13,No,No,9,Returning
10301,Michael Khalil,Female,28,Gaza,UAE,51157.95,Premium,C007,Spring Promotion,Seasonal,Website,2025-01-01,2025-01-29,688.69,71618,1968,244,23877.33,16155.95,26694.12,Yes,14,No,No,1,New
14084,Michael Awwad,Male,32,Gaza,Egypt,54917.87,Premium,C005,Holiday Offers,Seasonal,SMS,2025-12-24,2026-01-15,779.65,16415,1387,108,16611.9,12339.21,15333.86,Yes,0,Yes,No,22,New
13343,Ali Saleh,Male,34,Doha,Palestine,62230.81,Regular,C003,Black Friday,Discount,SMS,2025-05-30,2025-06-22,549.3,92959,8879,603,61223.96,43792.09,69610.76,Yes,8,No,No,26,Returning
13742,Lina Brown,Male,41,Beirut,Egypt,55978.31,Budget,C003,Black Friday,Discount,Email,2025-05-22,2025-06-11,404.97,45048,3297,303,60082.78,45240.72,54569.95,Yes,8,No,Yes,9,Returning
14012,Lina Wilson,Female,45,Amman,UAE,58300.16,Regular,C007,Spring Promotion,Seasonal,SMS,2025-06-14,2025-06-27,315.26,91922,9883,550,53546.39,37148.95,51711.69,Yes,7,No,No,7,Inactive
12607,Olivia Brown,Female,47,Jerusalem,Qatar,22417.64,Corporate,C003,Black Friday,Discount,Website,2025-10-30,2025-11-16,625.7,13654,132,11,1499.44,832.75,1638.65,Yes,14,Yes,No,16,Inactive
11181,Sophia Hassan,Male,21,Doha,UAE,87966.26,Regular,C007,Spring Promotion,Seasonal,Display Ads,2025-02-11,2025-02-28,123.11,88889,2438,160,32164.44,26239.45,25981.69,Yes,12,No,No,20,Returning
10295,Ali Saleh,Female,39,Hebron,Lebanon,60017.01,Premium,C002,Back to School,Seasonal,Display Ads,2025-12-27,2026-01-06,476.1,58653,117,6,811.23,538.28,678.35,Yes,5,No,No,28,New
10460,Layla Smith,Female,36,Dubai,Jordan,55845.65,Regular,C007,Spring Promotion,Seasonal,Website,2025-12-16,2025-12-28,265.12,22780,487,48,6503.94,4987.86,5280.8,Yes,5,Yes,No,19,Inactive
11973,Olivia Miller,Male,-5,Hebron,Qatar,64638.85,Regular,C008,Weekend Flash Sale,Discount,Google Ads,2025-12-08,2025-12-15,317.86,61481,3288,415,48449.37,32507.01,43311.37,Yes,9,Yes,No,2,Returning
12451,Sophia Nasser,Female,53,Gaza,Jordan,57082.14,Corporate,C008,Weekend Flash Sale,Discount,Email,2025-05-02,2025-05-21,953.36,75463,4862,398,84312.73,70865.96,70221.9,Yes,11,Yes,No,9,New
13243,Yousef Awwad,Male,24,Beirut,Lebanon,50156.3,Regular,C005,Holiday Offers,Seasonal,Social Media,2025-11-07,2025-11-25,404.6,29205,1370,145,12784.02,10465.19,14937.78,Yes,6,No,No,21,Returning
11121,Sara Awwad,Female,47,Doha,Palestine,23342.69,Regular,C003,Black Friday,Discount,Email,2025-06-01,2025-06-18,440.73,98473,4483,84,12423.91,8424.03,11769.57,Yes,13,Yes,Yes,17,Inactive
14111,Yousef Hassan,Female,30,Doha,UAE,79020.02,Budget,C006,Loyalty Rewards,Retention,Email,2025-08-28,2025-09-06,496.76,18949,1190,107,14573.58,12119.47,15287.54,Yes,7,No,No,12,Inactive
12997,Ali Brown,Male,40,Gaza,Egypt,54411.49,Premium,C006,Loyalty Rewards,Retention,Display Ads,2025-12-11,2025-12-26,213.02,77119,154,11,1340.61,958.56,1522.82,Yes,12,No,No,3,Returning
12688,Noor Khalil,Female,23,Gaza,Lebanon,63778.12,Regular,C003,Black Friday,Discount,Email,2025-01-20,2025-02-05,952.12,65069,3967,282,26904.3,18291.0,29277.92,Yes,3,Yes,No,4,Returning
13434,Lina Brown,Male,30,Doha,Egypt,40728.29,Regular,C005,Holiday Offers,Seasonal,Email,2025-12-20,2026-01-07,378.2,28977,1568,76,5838.91,4612.67,5553.64,Yes,14,Yes,Yes,11,New
12939,Omar Brown,Female,34,Hebron,Palestine,55758.41,Corporate,C008,Weekend Flash Sale,Discount,Email,2025-12-06,2025-12-19,687.3,84609,5001,580,62184.95,38667.97,54106.62,Yes,0,Yes,Yes,4,Returning
11698,Adam Saleh,Female,30,Jerusalem,Egypt,44635.27,Premium,C003,Black Friday,Discount,Social Media,2025-10-04,2025-10-19,166.66,23371,766,8,1348.33,1114.39,1302.72,Yes,3,Yes,No,4,New
11950,Daniel Awwad,Male,45,Gaza,Palestine,37217.15,Premium,C007,Spring Promotion,Seasonal,Website,2025-02-28,2025-03-30,286.1,8830,222,24,2908.65,2204.13,2826.77,Yes,15,No,No,24,Returning
13703,Noor Miller,Male,18,Cairo,UAE,58662.35,Regular,C001,Summer Sale,Discount,Email,2025-09-03,2025-09-22,357.75,56372,2759,103,7134.77,4728.49,7946.02,Yes,3,Yes,No,2,Inactive
11216,Ali Hassan,Female,38,Beirut,Lebanon,71390.15,Regular,C006,Loyalty Rewards,Retention,SMS,2025-11-02,2025-11-25,307.73,39152,3854,383,46853.95,27645.94,44000.82,Yes,14,No,No,3,Returning
11762,Sophia Wilson,Male,52,Dubai,UAE,64700.38,Budget,C007,Spring Promotion,Seasonal,SMS,2025-02-18,2025-03-07,307.36,56436,4610,342,25246.26,19954.32,22777.89,Yes,10,No,No,11,Inactive
13886,Ali Khalil,Male,18,Ramallah,Qatar,71943.12,Premium,C006,Loyalty Rewards,Retention,Social Media,2025-10-12,2025-10-20,420.49,77369,2725,228,22156.12,17345.34,24316.82,Yes,10,Yes,No,13,Returning
13465,Omar Nasser,Female,28,Amman,Palestine,46231.74,Regular,C004,New Product Launch,Product,Social Media,2025-12-03,2025-12-25,510.67,29892,904,48,4182.39,2468.49,4124.0,Yes,3,No,No,27,Returning
12283,Noor Brown,Male,40,Beirut,Lebanon,53471.64,Budget,C005,Holiday Offers,Seasonal,Email,2025-04-03,2025-04-18,340.72,92604,5269,464,49962.52,37382.58,44710.9,Yes,9,No,Yes,5,Inactive
13284,Ali Hassan,Male,37,Ramallah,Lebanon,68524.97,Regular,C007,Spring Promotion,Seasonal,SMS,2025-08-21,2025-09-07,354.22,21131,1619,155,20491.04,18021.72,20920.5,Yes,11,No,No,23,New
10696,Omar Hassan,Male,39,Beirut,Palestine,18000.0,Budget,C005,Holiday Offers,Seasonal,SMS,2025-12-05,2025-12-25,164.66,64156,5538,392,60646.73,44230.95,56024.94,Yes,14,No,No,8,New
12828,Sophia Khalil,Female,35,Beirut,Qatar,33201.71,Regular,C005,Holiday Offers,Seasonal,Email,2025-04-23,2025-05-12,310.71,79054,3935,320,28442.73,23250.69,32492.98,Yes,1,Yes,Yes,6,Returning
12372,Daniel Khalil,Male,29,Doha,Lebanon,68684.52,Regular,C003,Black Friday,Discount,SMS,2025-09-30,2025-10-29,340.87,30661,3030,312,63378.02,35796.27,62457.62,Yes,11,Yes,No,12,Inactive
10154,Michael Khalil,Female,42,Beirut,Qatar,51345.18,Regular,C007,Spring Promotion,Seasonal,Google Ads,2025-02-28,2025-03-19,519.05,3233,155,9,1064.63,756.99,985.96,Yes,10,Yes,No,25,Inactive
12965,Ali Brown,Male,34,Hebron,Qatar,57047.13,Regular,C002,Back to School,Seasonal,SMS,2025-06-08,2025-07-08,429.93,45000,3835,374,45661.64,33272.23,38833.54,Yes,7,No,No,24,New
10935,Adam Smith,Female,39,Jerusalem,Jordan,92357.21,Premium,C005,Holiday Offers,Seasonal,Social Media,2025-03-30,2025-04-25,764.27,20536,861,60,6198.07,4480.84,6043.04,Yes,2,Yes,No,30,Returning
13678,Daniel Smith,Male,28,Doha,Palestine,18000.0,Regular,C005,Holiday Offers,Seasonal,Google Ads,2025-10-30,2025-11-07,152.34,46629,2490,136,19014.18,10836.4,15716.41,Yes,2,No,No,14,Returning
12352,Ali Khalil,Female,45,Doha,Egypt,18000.0,Regular,C001,Summer Sale,Discount,SMS,2025-10-20,2025-11-16,174.71,25172,2312,238,33418.36,19103.8,36897.47,Yes,10,No,No,16,New
10848,Daniel Khalil,Male,41,Nablus,Jordan,77451.89,Budget,C008,Weekend Flash Sale,Discount,Website,2025-09-25,2025-10-21,392.77,21307,697,57,7174.31,4972.29,7360.62,Yes,11,No,No,29,New
12772,Omar Smith,Male,45,Amman,Palestine,39590.49,Regular,C007,Spring Promotion,Seasonal,Google Ads,2025-05-10,2025-06-09,605.38,86557,3944,259,32377.64,19410.39,32809.65,Yes,4,No,No,2,Returning
12866,Layla Brown,Male,50,Beirut,Lebanon,46996.52,Corporate,C005,Holiday Offers,Seasonal,Website,2025-07-12,2025-08-08,712.05,43554,939,59,9731.75,7084.43,8795.4,Yes,4,Yes,No,20,Returning
10150,Emma Nasser,Male,40,Hebron,UAE,88782.32,Corporate,C008,Weekend Flash Sale,Discount,Social Media,2025-04-26,2025-05-07,108.68,20808,599,25,4329.65,3150.65,4184.04,Yes,2,No,No,27,Returning
10310,Daniel Miller,Male,37,Beirut,Qatar,102584.29,Regular,C003,Black Friday,Discount,Display Ads,2025-11-16,2025-11-28,892.08,95026,1556,126,20836.5,16707.85,17093.11,Yes,14,Yes,No,13,Returning
13639,Layla Wilson,Male,27,Cairo,Jordan,63486.43,Regular,C008,Weekend Flash Sale,Discount,Social Media,2025-07-08,2025-08-05,850.5,75266,3767,453,53832.23,36802.69,43989.68,Yes,14,No,No,24,New
13430,Maya Saleh,Male,35,Gaza,Palestine,69059.32,Regular,C006,Loyalty Rewards,Retention,Website,2025-02-22,2025-03-23,370.62,68121,3086,295,32029.45,20674.27,32547.64,Yes,3,No,No,2,Returning
11208,Sophia Khalil,Male,24,Doha,UAE,,Corporate,C007,Spring Promotion,Seasonal,Email,2025-07-22,2025-08-14,216.21,49515,3049,250,19943.69,17466.47,17418.06,Yes,7,Yes,Yes,7,New
12747,Lina Hassan,Male,19,Gaza,Qatar,50306.77,Budget,C003,Black Friday,Discount,Display Ads,2025-08-29,2025-09-19,498.54,81154,730,55,3852.16,3244.43,3785.65,Yes,0,Yes,No,0,New
13468,Sara Nasser,Male,33,Gaza,Palestine,67531.71,Premium,C007,Spring Promotion,Seasonal,Display Ads,2025-11-15,2025-12-06,440.84,8732,286,32,2157.91,1664.15,2440.69,Yes,3,No,No,19,Returning
11982,Lina Nasser,Female,36,Nablus,Egypt,57848.61,Regular,C007,Spring Promotion,Seasonal,Social Media,2025-12-07,2026-01-04,327.84,11721,346,29,4860.33,3536.2,4019.39,Yes,11,Yes,No,30,Returning
14159,Ahmed Brown,Female,29,Nablus,Lebanon,45156.54,Regular,C006,Loyalty Rewards,Retention,Google Ads,2025-01-09,2025-01-27,343.17,9355,418,26,3581.4,2099.71,3086.85,Yes,11,Yes,No,23,Returning
12724,Lina Awwad,Female,51,Cairo,UAE,18000.0,Budget,C003,Black Friday,Discount,Display Ads,2025-08-26,2025-09-24,240.94,63222,126,5,563.49,496.02,610.65,Yes,5,Yes,No,2,Returning
10303,Layla Saleh,Male,20,Hebron,Palestine,40999.3,Regular,C005,Holiday Offers,Seasonal,Website,2025-07-23,2025-08-16,705.85,62549,1008,133,18261.9,11872.77,21214.09,Yes,8,Yes,No,24,Returning
10392,Daniel Nasser,Male,28,Amman,Qatar,41890.33,Budget,C008,Weekend Flash Sale,Discount,SMS,2025-06-23,2025-07-05,610.11,65538,5950,452,33384.64,21478.08,35317.45,Yes,15,No,No,29,Returning
10677,Sophia Khalil,Female,33,Beirut,Jordan,48253.23,Regular,C006,Loyalty Rewards,Retention,Email,2025-02-10,2025-02-27,420.59,87128,5287,493,85691.0,60443.68,76699.24,Yes,9,Yes,No,13,New
13663,Omar Smith,Female,28,Gaza,Lebanon,38127.6,Corporate,C001,Summer Sale,Discount,Email,2025-12-10,2026-01-06,226.87,53742,2237,297,25717.69,15429.91,25669.51,Yes,11,Yes,No,5,Inactive
13590,Omar Hassan,Male,18,Hebron,Lebanon,65908.18,Regular,C007,Spring Promotion,Seasonal,Website,2025-01-17,2025-02-12,41.98,20611,304,40,6750.35,3894.34,6975.04,Yes,14,No,No,11,Returning
11128,Emma Brown,Female,46,Gaza,Jordan,54442.75,Corporate,C001,Summer Sale,Discount,Display Ads,2025-04-06,2025-04-28,974.15,68361,1046,125,16504.96,13144.77,17316.13,Yes,12,Yes,No,8,Returning
11758,Layla Wilson,Male,37,Ramallah,Jordan,51688.3,Budget,C008,Weekend Flash Sale,Discount,Social Media,2025-08-16,2025-08-25,381.25,89881,3159,285,21443.69,15863.18,25011.41,Yes,10,No,No,22,New
12458,Maya Hassan,Female,18,Cairo,Jordan,64933.55,Premium,C004,New Product Launch,Product,Social Media,2025-05-02,2025-05-24,396.79,3945,201,20,2280.27,1694.41,2668.86,Yes,11,No,No,14,Returning
10707,Ali Nasser,Female,38,Doha,Egypt,72688.44,Regular,C007,Spring Promotion,Seasonal,Website,2025-02-07,2025-02-18,95.01,42053,1611,177,13143.46,8813.74,12428.02,Yes,2,No,No,14,Returning
11491,Lina Brown,Male,32,Ramallah,Egypt,58574.05,Regular,C003,Black Friday,Discount,Social Media,2025-06-15,2025-07-14,164.72,30052,706,68,5873.96,3634.25,5919.72,Yes,11,No,No,27,New
12249,Lina Nasser,Male,25,Cairo,Lebanon,73965.55,Regular,C003,Black Friday,Discount,Social Media,2025-12-04,2025-12-30,608.53,94954,2602,413,57342.11,33168.28,50166.81,Yes,10,Yes,No,26,Inactive
12169,Adam Miller,Female,42,Beirut,Lebanon,27654.76,Premium,C005,Holiday Offers,Seasonal,Display Ads,2025-06-04,2025-06-26,128.3,32596,585,35,6063.14,3461.87,5234.22,Yes,12,No,No,14,New
13602,Sophia Wilson,Female,35,Hebron,UAE,86874.41,Regular,C006,Loyalty Rewards,Retention,Display Ads,2025-06-13,2025-07-13,655.71,45768,594,79,8808.08,6575.92,7529.78,Yes,12,Yes,No,24,Returning
12615,Noor Wilson,Male,24,Gaza,Qatar,71730.69,Regular,C002,Back to School,Seasonal,Email,2025-05-29,2025-06-17,209.74,81158,3319,379,43293.25,37960.09,40583.86,Yes,13,Yes,No,5,Returning
12562,Adam Hassan,Female,40,Cairo,Qatar,65990.54,Regular,C005,Holiday Offers,Seasonal,SMS,2025-01-12,2025-01-21,683.46,52043,4916,552,68724.18,38968.7,72351.36,Yes,14,Yes,No,6,Returning
12305,Olivia Miller,Female,19,Gaza,Egypt,,Premium,C002,Back to School,Seasonal,SMS,2025-03-10,2025-03-25,598.26,95855,9254,777,103476.53,58764.86,83555.06,Yes,11,No,No,11,New
11595,Emma Davis,Female,35,Ramallah,Qatar,67267.01,Regular,C005,Holiday Offers,Seasonal,Website,2025-12-15,2026-01-10,706.42,16072,405,32,2682.65,2401.98,3102.03,Yes,4,Yes,No,12,Returning
12996,Lina Saleh,Female,20,Cairo,Palestine,64018.6,Premium,C003,Black Friday,Discount,Display Ads,2025-06-20,2025-07-12,442.57,68569,662,78,9115.47,5459.47,9338.51,Yes,14,Yes,No,19,Inactive
12610,Maya Brown,Female,51,Beirut,UAE,58537.99,Regular,C008,Weekend Flash Sale,Discount,Display Ads,2025-10-16,2025-11-01,558.75,62745,1647,58,7994.38,7138.7,8475.95,Yes,0,No,No,10,Returning
12521,Ahmed Miller,Female,43,Gaza,Lebanon,55846.31,Budget,C004,New Product Launch,Product,Display Ads,2025-01-27,2025-02-21,387.83,63473,1763,104,3210.53,2037.94,2916.01,Yes,5,No,No,4,Returning
10901,Adam Awwad,Female,31,Amman,Qatar,81160.92,Regular,C004,New Product Launch,Product,SMS,2025-09-14,2025-10-10,407.56,62314,6395,411,42859.31,28448.61,43211.53,Yes,1,Yes,No,16,New
13919,John Smith,Male,24,Doha,Egypt,36083.58,Regular,C006,Loyalty Rewards,Retention,Display Ads,2025-12-15,2026-01-11,264.47,91373,231,10,1708.35,1106.42,1388.92,Yes,8,No,No,6,Inactive
12446,Noor Nasser,Female,46,Hebron,Lebanon,51148.2,Budget,C006,Loyalty Rewards,Retention,SMS,2025-06-28,2025-07-22,253.0,95089,8520,854,136662.98,101146.57,109640.23,Yes,8,No,No,3,Returning
13233,Emma Hassan,Female,48,Nablus,UAE,84179.95,Corporate,C002,Back to School,Seasonal,Google Ads,2025-08-15,2025-09-11,386.14,34112,1106,90,7825.04,5046.34,8463.39,Yes,15,Yes,No,6,Returning
12226,Lina Khalil,Male,28,Hebron,Palestine,76402.3,Budget,C004,New Product Launch,Product,Display Ads,2025-04-30,2025-05-08,316.88,13633,400,25,3867.18,3048.95,3287.49,Yes,13,No,No,22,Returning
11127,Ahmed Davis,Male,28,Dubai,Lebanon,42334.84,Corporate,C008,Weekend Flash Sale,Discount,SMS,2025-11-30,2025-12-13,315.18,99578,10839,1172,169982.4,147506.98,141535.9,Yes,9,No,No,9,Returning
10733,Noor Davis,Male,29,Jerusalem,Qatar,,Budget,C003,Black Friday,Discount,Email,2025-07-23,2025-08-14,644.88,24920,1427,128,20992.39,18367.48,23725.72,Yes,9,No,Yes,18,Returning
12745,Layla Wilson,Female,18,Jerusalem,Egypt,32367.87,Regular,C004,New Product Launch,Product,Email,2025-06-19,2025-07-01,315.0,96329,5979,307,33035.24,27312.5,35216.05,Yes,14,Yes,No,0,Returning
11583,Maya Miller,Female,30,Dubai,Egypt,59028.18,Regular,C007,Spring Promotion,Seasonal,Display Ads,2025-02-18,2025-03-02,1055.93,18930,338,39,4436.74,2845.17,3760.36,Yes,15,No,No,29,New
11930,Michael Nasser,Female,50,Gaza,Egypt,34627.31,Budget,C001,Summer Sale,Discount,Google Ads,2025-12-01,2025-12-19,552.81,91302,2911,273,38205.18,25115.41,34314.57,Yes,7,Yes,No,21,New
13322,Layla Khalil,Female,45,Amman,Egypt,64130.93,Regular,C003,Black Friday,Discount,SMS,2025-03-20,2025-04-10,804.07,98507,9706,1116,140376.5,100339.69,153678.61,Yes,11,No,No,22,Returning
11790,Noor Miller,Male,31,Cairo,Qatar,39995.94,Regular,C006,Loyalty Rewards,Retention,Email,2025-10-16,2025-10-26,592.02,8594,425,40,5434.02,3829.05,5160.58,Yes,6,Yes,Yes,10,Inactive
11683,Olivia Khalil,Female,38,Nablus,Qatar,55835.86,Premium,C007,Spring Promotion,Seasonal,SMS,2025-10-16,2025-10-24,642.01,73742,5834,597,132293.87,84543.72,113856.21,Yes,14,No,No,23,New
10025,Adam Miller,Male,38,Nablus,Qatar,47775.16,Regular,C002,Back to School,Seasonal,Website,2025-01-31,2025-02-09,765.98,62375,1827,148,11681.59,6978.58,9553.06,Yes,1,No,No,13,New
13444,Emma Brown,Female,31,Dubai,Qatar,58493.62,Premium,C003,Black Friday,Discount,Display Ads,2025-06-28,2025-07-08,529.25,23892,635,31,2772.7,2335.13,2805.37,Yes,12,Yes,No,23,Inactive
10187,Layla Wilson,Female,30,Cairo,Qatar,57300.45,Budget,C004,New Product Launch,Product,SMS,2025-06-27,2025-07-08,471.17,36629,3404,218,11050.17,7699.03,9541.12,Yes,6,Yes,No,1,Returning
10129,Noor Saleh,Male,29,Ramallah,Egypt,88860.83,Premium,C001,Summer Sale,Discount,Social Media,2025-01-23,2025-02-11,596.8,58035,1358,19,2087.1,1189.14,1851.13,Yes,7,Yes,No,24,Inactive
14128,Layla Saleh,Female,-5,Beirut,Egypt,78589.79,Budget,C006,Loyalty Rewards,Retention,Social Media,2025-06-04,2025-06-15,474.79,87035,2891,131,19862.6,14794.68,17968.53,Yes,7,No,No,9,New
11435,Sophia Davis,Female,19,Nablus,UAE,42545.65,Corporate,C007,Spring Promotion,Seasonal,Website,2025-06-13,2025-07-12,446.93,55068,1356,118,14051.06,11438.2,15023.99,Yes,13,Yes,No,9,Returning
13880,Noor Saleh,Female,36,Jerusalem,Qatar,50870.75,Corporate,C007,Spring Promotion,Seasonal,SMS,2025-10-13,2025-11-05,611.21,18075,1764,122,12852.52,9978.02,13906.49,Yes,12,Yes,No,8,New
13685,Emma Khalil,Male,39,Nablus,UAE,63221.56,Regular,C001,Summer Sale,Discount,Email,2025-04-07,2025-05-02,641.4,95436,5683,530,77259.04,67072.28,85605.78,Yes,6,Yes,No,10,New
11736,Adam Khalil,Female,49,Hebron,Lebanon,63845.28,Regular,C004,New Product Launch,Product,SMS,2025-05-03,2025-05-27,582.5,42654,3487,273,24692.48,16685.72,24158.05,Yes,9,No,No,14,Returning
12143,Emma Davis,Female,35,Doha,Palestine,29246.05,Budget,C008,Weekend Flash Sale,Discount,Google Ads,2025-04-15,2025-05-03,684.94,41515,1910,113,10144.62,8211.44,10413.87,Yes,13,Yes,No,18,Inactive
10133,Yousef Davis,Female,32,Gaza,Jordan,54543.0,Regular,C004,New Product Launch,Product,SMS,2025-10-19,2025-11-02,1043.9,65944,5843,346,32658.84,29010.13,33785.06,Yes,10,No,No,24,Returning
14019,Michael Hassan,Female,44,Jerusalem,Jordan,62658.24,Budget,C008,Weekend Flash Sale,Discount,Social Media,2025-10-05,2025-11-01,499.21,8198,223,17,1388.88,787.47,1265.77,Yes,1,Yes,No,30,Returning
10053,Sophia Hassan,Male,41,Ramallah,Lebanon,87069.25,Regular,C004,New Product Launch,Product,Website,2025-08-22,2025-09-09,440.78,8423,151,12,1184.49,880.17,1343.82,Yes,15,No,No,0,New
10098,Ahmed Davis,Female,24,Cairo,UAE,49940.19,Premium,C007,Spring Promotion,Seasonal,Social Media,2025-02-24,2025-03-06,374.34,69232,3418,339,,26796.98,45778.69,Yes,4,Yes,No,6,Returning
12904,Yousef Brown,Male,39,Amman,Qatar,40626.18,Regular,C004,New Product Launch,Product,Display Ads,2025-04-26,2025-05-12,586.52,90158,2929,265,43076.05,29378.27,36795.4,Yes,2,Yes,No,2,Returning
13900,Omar Awwad,Male,47,Ramallah,Qatar,45365.77,Budget,C006,Loyalty Rewards,Retention,Website,2025-02-18,2025-03-13,956.56,6077,215,18,1734.88,1493.11,1635.81,Yes,7,Yes,No,28,Inactive
13896,Yousef Awwad,Male,31,Gaza,Egypt,58681.89,Regular,C001,Summer Sale,Discount,Social Media,2025-06-11,2025-06-18,636.11,27652,739,47,7620.64,4624.64,7262.74,Yes,4,No,No,29,New
11970,John Davis,Female,55,Dubai,Lebanon,62853.83,Premium,C002,Back to School,Seasonal,Website,2025-06-27,2025-07-05,634.97,13303,336,28,1949.06,1484.81,2217.66,Yes,13,Yes,No,26,New
13250,Daniel Awwad,Female,48,Doha,Qatar,53006.8,Regular,C007,Spring Promotion,Seasonal,SMS,2025-04-06,2025-05-04,89.85,77291,7533,799,66566.1,55204.55,66671.74,Yes,12,Yes,No,24,Returning
10603,Ali Nasser,Male,38,Dubai,Lebanon,73847.77,Budget,C003,Black Friday,Discount,Display Ads,2025-07-19,2025-08-05,737.31,47777,1503,99,13617.56,9609.33,11251.57,Yes,3,Yes,No,0,Inactive
12210,Sara Hassan, male ,18,Jerusalem,Qatar,44690.17,Regular,C007,Spring Promotion,Seasonal,Email,2025-01-14,2025-01-23,617.23,46888,2879,245,19211.67,12528.82,17423.59,Yes,2,Yes,No,27,Returning
13177,Ali Davis, male ,29,Beirut,Egypt,62124.46,Regular,C007,Spring Promotion,Seasonal,Social Media,2025-03-13,2025-03-28,378.93,39969,1556,136,15411.46,10820.95,12443.07,Yes,8,No,No,4,New
13450,Layla Wilson,Male,39,Amman,UAE,49753.18,Corporate,C008,Weekend Flash Sale,Discount,Website,2025-11-12,2025-11-25,465.52,60512,713,55,8838.24,6085.06,8370.12,Yes,3,Yes,No,9,New
13113,Daniel Wilson,Female,48,Dubai,Lebanon,23685.15,Corporate,C003,Black Friday,Discount,Google Ads,2025-06-14,2025-07-10,215.17,91633,3857,179,32297.78,22265.57,27857.58,Yes,6,No,No,10,New
12615,Layla Wilson,Male,18,Amman,Qatar,50096.87,Regular,C007,Spring Promotion,Seasonal,Google Ads,2025-02-28,2025-03-25,442.96,26688,753,65,9762.27,8591.2,10281.64,Yes,5,Yes,No,30,Returning
11718,Michael Nasser, male ,52,Dubai,Lebanon,70303.99,Regular,C005,Holiday Offers,Seasonal,Social Media,2025-05-10,2025-06-07,429.24,20703,666,46,10253.8,7785.47,8633.56,Yes,13,No,No,2,Returning
13284,Sophia Davis,Male,39,Amman,Lebanon,78377.29,Budget,C002,Back to School,Seasonal,Email,2025-05-08,2025-06-05,428.09,87622,4606,420,35088.88,27618.99,40201.06,Yes,11,Yes,No,18,Inactive
13274,Daniel Brown,Male,44,Nablus,Palestine,55935.03,Regular,C004,New Product Launch,Product,SMS,2025-07-11,2025-07-30,517.3,61194,5866,455,17769.06,11610.33,20503.65,Yes,4,No,No,0,Returning
10704,Sara Hassan,Female,37,Gaza,UAE,63145.63,Regular,C004,New Product Launch,Product,Website,2025-09-05,2025-09-23,37.8,62911,1505,169,41109.43,27198.75,36811.81,Yes,3,No,No,23,Returning
12460,Omar Khalil,Male,48,Amman,Lebanon,36281.69,Premium,C003,Black Friday,Discount,Display Ads,2025-05-05,2025-05-28,362.77,23365,535,25,5447.26,3876.92,4549.78,Yes,5,No,No,17,Returning
13319,Maya Hassan,Female,42,Dubai,Palestine,38491.12,Budget,C004,New Product Launch,Product,SMS,2025-10-31,2025-11-20,711.85,51465,4619,647,87737.86,69867.05,81371.07,Yes,0,Yes,No,6,New
10513,Sara Davis,Male,48,Amman,UAE,76366.55,Regular,C002,Back to School,Seasonal,Google Ads,2025-12-10,2026-01-01,859.35,69668,3491,159,10627.37,6269.95,11905.59,Yes,10,No,No,19,Returning
12884,Michael Miller,Male,47,Gaza,Egypt,50457.16,Regular,C003,Black Friday,Discount,Google Ads,2025-03-02,2025-03-16,624.17,40526,1934,237,30556.36,22269.13,30204.29,Yes,3,Yes,No,11,Returning
13427,Lina Miller,Female,49,Dubai,Jordan,32903.06,Regular,C003,Black Friday,Discount,Website,2025-03-27,2025-04-18,434.54,38358,1142,115,22085.64,16935.13,18762.22,Yes,4,Yes,No,10,Returning
12942,Ahmed Wilson,Male,37,Hebron,Qatar,36483.86,Corporate,C008,Weekend Flash Sale,Discount,SMS,2025-12-17,2026-01-08,305.26,54977,4385,134,23360.4,13100.54,22691.51,Yes,14,No,No,5,New
11807,Layla Awwad,Female,28,Hebron,Egypt,31184.38,Regular,C008,Weekend Flash Sale,Discount,Website,2025-09-11,2025-10-05,348.61,67452,2572,283,54960.39,46064.99,54855.38,Yes,3,Yes,No,8,Returning
13006,Omar Wilson,Male,36,Dubai,Palestine,75270.11,Budget,C004,New Product Launch,Product,Google Ads,2025-01-17,2025-02-07,245.52,34947,1445,114,7060.79,4173.53,6994.14,Yes,11,Yes,No,14,Inactive
11942,Adam Miller,Female,47,Beirut,Lebanon,98915.54,Regular,C003,Black Friday,Discount,Social Media,2025-04-16,2025-04-24,630.85,75220,3465,335,59800.73,39664.55,48531.3,Yes,11,No,No,19,Returning
12398,Layla Miller,Female,33,Cairo,Lebanon,62057.52,Budget,C003,Black Friday,Discount,SMS,2025-01-31,2025-02-15,492.59,86469,7651,739,57547.76,38138.85,60404.24,Yes,4,Yes,No,7,New
12028,John Wilson,Male,25,Beirut,Lebanon,35135.39,Regular,C007,Spring Promotion,Seasonal,SMS,2025-08-20,2025-08-29,702.03,83550,7639,930,63448.82,50324.19,55830.21,Yes,2,No,No,16,Returning
13024,Michael Wilson,Female,29,Beirut,Palestine,26437.39,Budget,C002,Back to School,Seasonal,Display Ads,2025-08-23,2025-09-19,286.78,87550,1481,111,15801.1,9895.29,14905.78,Yes,11,Yes,No,25,Returning
13520,Adam Wilson,Female,29,Amman,UAE,60756.07,Regular,C003,Black Friday,Discount,Website,2025-09-06,2025-09-23,495.68,89963,1102,102,16064.64,13540.01,13702.39,Yes,1,Yes,No,3,Returning
10134,Sara Hassan,Female,29,Doha,Palestine,56146.39,Corporate,C007,Spring Promotion,Seasonal,Social Media,2025-12-19,2025-12-30,765.35,85696,3322,279,43133.34,27860.12,35834.48,Yes,9,Yes,No,27,Inactive
12953,Yousef Khalil,Female,28,Jerusalem,Palestine,43067.78,Regular,C005,Holiday Offers,Seasonal,Display Ads,2025-12-25,2026-01-08,226.35,56760,384,50,5273.44,3044.24,4537.42,Yes,2,Yes,No,0,New
11853,Michael Awwad,Male,44,Amman,Palestine,44911.93,Corporate,C007,Spring Promotion,Seasonal,Display Ads,2025-03-09,2025-03-31,552.69,9783,318,17,1535.44,899.54,1489.7,Yes,7,No,No,2,Returning
12567,Emma Nasser,Male,22,Dubai,Jordan,60576.77,Regular,C003,Black Friday,Discount,Email,2025-09-29,2025-10-24,459.24,1610,96,8,759.46,662.22,883.65,Yes,5,Yes,No,20,Returning
13625,Adam Khalil,Male,49,Jerusalem,Palestine,84221.14,Regular,C007,Spring Promotion,Seasonal,Google Ads,2025-08-08,2025-08-25,821.09,18827,615,54,3172.09,2359.05,3024.76,Yes,7,No,No,20,New
12335,Ahmed Nasser,Male,27,Cairo,Egypt,84504.1,Regular,C007,Spring Promotion,Seasonal,Google Ads,2025-11-27,2025-12-05,625.18,31870,1861,117,19311.59,14934.21,20123.28,Yes,15,No,No,3,New
10582,Ahmed Smith,Female,23,Jerusalem,Qatar,42196.62,Budget,C007,Spring Promotion,Seasonal,Google Ads,2025-10-07,2025-11-04,333.01,23145,932,69,9379.63,5204.08,8015.8,Yes,15,Yes,No,0,Returning
11768,Omar Awwad,Female,38,Cairo,UAE,26993.88,Regular,C007,Spring Promotion,Seasonal,SMS,2025-12-26,2026-01-14,61.38,11303,1047,109,13727.48,10006.74,13962.03,Yes,4,No,No,2,New
11665,Lina Davis,Female,43,Dubai,Egypt,90037.77,Regular,C002,Back to School,Seasonal,Google Ads,2025-12-24,2026-01-13,521.22,96177,4127,543,61041.83,42855.59,49504.74,Yes,7,Yes,No,7,New
13715,Omar Nasser,Male,41,Ramallah,Palestine,38427.88,Budget,C001,Summer Sale,Discount,Social Media,2025-09-12,2025-09-30,475.53,69051,2510,94,9030.88,7435.97,7836.14,Yes,8,Yes,No,11,New
12202,Sara Awwad,Female,50,Dubai,UAE,33138.22,Regular,C005,Holiday Offers,Seasonal,Display Ads,2025-10-23,2025-11-19,516.06,10601,145,5,844.43,612.1,711.51,Yes,15,No,No,16,Returning
11368,Emma Hassan,Female,61,Ramallah,Egypt,62079.72,Budget,C002,Back to School,Seasonal,SOCIAL MEDIA,2025-09-18,2025-09-25,529.38,6272,229,16,2040.29,1395.65,1754.62,Yes,0,Yes,No,1,Returning
11230,Maya Awwad,Female,24,Hebron,UAE,38984.57,Regular,C006,Loyalty Rewards,Retention,Google Ads,2025-02-09,2025-03-06,519.18,49364,1943,141,19161.69,13998.02,19709.42,Yes,3,Yes,No,5,New
10377,John Khalil,Female,23,Gaza,UAE,18000.0,Regular,C008,Weekend Flash Sale,Discount,Email,2025-07-08,2025-07-21,498.66,38719,2249,348,62633.45,45263.71,50232.82,Yes,9,No,Yes,11,Returning
11601,Noor Hassan,Male,31,Dubai,Palestine,63351.5,Regular,C006,Loyalty Rewards,Retention,Display Ads,2025-12-22,2025-12-29,625.06,44411,643,73,9647.73,6344.62,9926.96,Yes,0,No,No,27,Returning
11681,Noor Brown,Female,34,Nablus,Jordan,41396.59,Budget,C002,Back to School,Seasonal,Email,2025-04-29,2025-05-22,506.2,54640,3239,171,21696.75,12947.1,19610.42,Yes,11,Yes,No,18,New
13231,Ali Miller,Male,33,Dubai,Lebanon,58556.42,Corporate,C004,New Product Launch,Product,Google Ads,2025-05-14,2025-05-31,356.91,52005,3365,238,33404.08,19245.45,31782.34,Yes,10,No,No,14,New
11661,Lina Miller,Male,24,Jerusalem,Palestine,49505.96,Regular,C008,Weekend Flash Sale,Discount,Google Ads,2025-07-28,2025-08-07,512.46,70744,2838,211,34835.77,22390.79,28176.78,Yes,11,Yes,No,14,New
10983,Ali Hassan,Female,18,Beirut,Palestine,43362.47,Regular,C006,Loyalty Rewards,Retention,Social Media,2025-02-16,2025-03-17,562.33,33034,392,34,2777.4,1818.07,2965.99,Yes,11,No,No,16,New
11425,Ahmed Brown,Female,52,Cairo,Lebanon,76937.71,Regular,C002,Back to School,Seasonal,SMS,2025-02-22,2025-03-05,532.71,16419,1449,180,23099.18,14501.68,18576.36,Yes,0,Yes,No,26,Returning
11624,John Smith,Male,29,Beirut,Egypt,47603.24,Regular,C002,Back to School,Seasonal,Email,2025-02-03,2025-02-16,566.54,85170,4434,260,21160.6,14093.86,24185.85,Yes,14,No,Yes,27,Returning
10350,Michael Awwad,Male,37,Beirut,Qatar,55054.83,Budget,C007,Spring Promotion,Seasonal,SMS,2025-01-16,2025-02-04,708.9,90050,8419,974,65123.35,40083.61,61389.83,Yes,13,Yes,No,11,New
12293,Michael Hassan,Male,0,Beirut,Egypt,51238.71,Regular,C005,Holiday Offers,Seasonal,SMS,2025-07-30,2025-08-23,388.44,63287,5630,617,46381.12,32315.22,45666.35,YES,1,Yes,No,8,Returning
12042,Ahmed Brown,FEMALE,41,Doha,Egypt,68664.79,Budget,C006,Loyalty Rewards,Retention,Website,2025-09-15,2025-10-02,379.83,51405,1048,10,1369.67,858.31,1287.13,Yes,8,Yes,No,0,New
12302,Omar Wilson,Female,25,Beirut,Jordan,54443.1,Corporate,C002,Back to School,Seasonal,Social Media,2025-12-03,2025-12-17,237.53,35434,684,97,10797.09,8951.72,11018.9,Yes,1,Yes,No,18,Returning
12907,Maya Hassan,Male,34,Beirut,UAE,85810.75,Budget,C006,Loyalty Rewards,Retention,Website,2025-01-15,2025-02-13,823.66,92323,1294,40,5197.77,4380.91,4306.95,Yes,11,Yes,No,18,Inactive
14033,Layla Hassan,Female,48,Nablus,Palestine,34825.2,Premium,C004,New Product Launch,Product,Email,2025-09-27,2025-10-19,480.56,589,24,1,162.69,99.58,147.25,Yes,10,No,Yes,4,New
12651,Omar Awwad,Male,44,Beirut,Lebanon,60387.27,Corporate,C002,Back to School,Seasonal,Website,2025-07-06,2025-07-15,507.04,49467,1751,222,17906.44,10703.72,19675.94,Yes,12,Yes,No,10,New
11291,Sophia Wilson,Female,36,Jerusalem,Lebanon,,Corporate,C006,Loyalty Rewards,Retention,Social Media,2025-12-07,2026-01-01,552.13,23483,778,64,5572.86,3313.47,6341.2,Yes,12,No,No,23,Returning
10015,John Miller,Male,21,Jerusalem,Egypt,37510.95,Regular,C004,New Product Launch,Product,Display Ads,2025-10-17,2025-10-27,269.68,65535,1808,109,13410.55,9003.62,14582.33,Yes,4,No,No,23,New
12618,Maya Khalil,Female,39,Doha,Palestine,42258.65,Regular,C004,New Product Launch,Product,Display Ads,2025-02-04,2025-02-22,633.57,34140,401,42,6776.16,5464.33,6757.4,Yes,3,Yes,No,1,Returning
11363,Sophia Wilson,Female,32,Amman,Egypt,50485.01,Regular,C008,Weekend Flash Sale,Discount,Website,2025-11-30,2025-12-28,600.3,30067,1071,103,17032.09,9566.83,19649.83,Yes,5,No,No,2,Returning
10165,Daniel Nasser,Male,52,Ramallah,UAE,87386.89,Regular,C007,Spring Promotion,Seasonal,Social Media,2025-02-08,2025-03-04,312.18,12703,520,50,6284.9,5529.8,6378.62,Yes,10,No,No,22,New
11352,Sophia Hassan,Male,24,Ramallah,UAE,19605.58,Regular,C004,New Product Launch,Product,SMS,2025-12-23,2026-01-16,451.32,95138,10127,474,,34121.38,49917.67,Yes,8,No,No,9,New
14022,Lina Awwad,Female,21,Nablus,Qatar,71434.0,Premium,C008,Weekend Flash Sale,Discount,Social Media,2025-02-19,2025-02-26,684.26,27625,1034,90,8053.46,4754.99,7787.02,Yes,5,No,No,2,Returning
13257,Olivia Wilson,Female,41,Ramallah,Lebanon,68227.8,Regular,C003,Black Friday,Discount,Google Ads,2025-07-15,2025-08-02,539.82,24955,1255,144,12468.49,8007.14,10023.97,Yes,14,Yes,No,8,Returning
12201,Omar Hassan,Male,34,Ramallah,Lebanon,53453.92,Regular,C007,Spring Promotion,Seasonal,Website,2025-04-27,2025-05-21,506.71,8493,267,25,1861.94,1589.0,1569.56,Yes,12,No,No,30,Returning
13890,Noor Wilson,Female,39,Ramallah,Qatar,85639.87,Corporate,C001,Summer Sale,Discount,Website,2025-10-20,2025-11-12,624.41,75405,2030,320,19223.86,11736.31,17079.46,Yes,4,Yes,No,30,Returning
11370,Adam Saleh,Male,39,Nablus,Qatar,71204.12,Premium,C007,Spring Promotion,Seasonal,Social Media,2025-11-18,2025-11-29,444.9,78494,2356,222,24074.94,20044.08,25377.53,Yes,8,No,No,29,Returning
10713,John Davis,Female,33,Cairo,UAE,39690.63,Budget,C008,Weekend Flash Sale,Discount,Email,2025-12-25,2026-01-20,867.38,77514,3903,381,53808.77,43877.4,49077.94,Yes,13,Yes,Yes,18,Returning
10821,Sara Miller,Male,30,Gaza,Egypt,35015.98,Budget,C007,Spring Promotion,Seasonal,Google Ads,2025-07-16,2025-08-12,181.03,64146,3029,374,25948.18,15577.95,28528.43,Yes,15,Yes,No,5,New
13291,Omar Brown,Female,43,Hebron,Palestine,48289.0,Budget,C005,Holiday Offers,Seasonal,Google Ads,2025-01-11,2025-01-28,549.43,40222,2365,160,23778.66,18872.27,23622.51,Yes,9,No,No,26,Returning
10805,Noor Hassan,Female,54,Doha,UAE,41483.7,Regular,C007,Spring Promotion,Seasonal,Website,2025-11-27,2025-12-06,539.85,25133,862,54,4826.69,3906.39,4630.41,Yes,14,Yes,No,29,Returning
13064,Omar Davis,Male,29,Ramallah,UAE,58321.92,Budget,C007,Spring Promotion,Seasonal,Social Media,2025-09-26,2025-10-21,953.53,4294,203,28,4935.29,4160.16,4404.2,Yes,5,Yes,No,28,Returning
12044,Omar Wilson,Male,29,Amman,Lebanon,69901.3,Regular,C006,Loyalty Rewards,Retention,SMS,2025-09-16,2025-10-05,745.5,83784,7535,899,93994.99,71240.24,82955.86,Yes,3,Yes,No,7,Returning
11455,Olivia Miller,Female,36,Amman,Jordan,81595.54,Budget,C005,Holiday Offers,Seasonal,Display Ads,2025-12-19,2025-12-28,342.3,37864,335,24,1055.54,791.96,1192.11,Yes,0,No,No,1,New
11756,Noor Saleh,Male,41,Gaza,Lebanon,30421.68,Regular,C001,Summer Sale,Discount,Display Ads,2025-01-05,2025-01-27,909.6,17842,348,33,2970.52,2470.82,2551.42,Yes,5,Yes,No,7,New
12503,Yousef Brown,Female,33,Amman,Qatar,37730.09,Regular,C008,Weekend Flash Sale,Discount,Google Ads,2025-12-13,2026-01-05,914.61,82237,3455,389,60735.77,47484.71,65746.26,Yes,12,Yes,No,0,Returning
13066,Layla Nasser,Male,20,Doha,Palestine,33859.53,Regular,C005,Holiday Offers,Seasonal,Display Ads,2025-06-16,2025-07-01,82.89,34729,478,49,7268.19,4608.8,5927.06,Yes,9,Yes,No,4,Returning
10466,John Smith,Male,30,Nablus,Lebanon,26295.34,Regular,C005,Holiday Offers,Seasonal,Google Ads,2025-08-03,2025-08-22,242.62,51391,2523,161,2104.72,1321.4,2329.8,Yes,1,Yes,No,10,Returning
13898,Emma Davis,Female,38,Jerusalem,Lebanon,48187.83,Budget,C003,Black Friday,Discount,Google Ads,2025-02-19,2025-03-13,698.04,17269,380,28,3638.31,2428.47,3982.55,Yes,8,Yes,No,30,Returning
10732,Noor Smith,Male,25,Gaza,Qatar,60432.25,Budget,C006,Loyalty Rewards,Retention,Google Ads,2025-05-14,2025-06-08,477.97,39041,1996,233,23995.02,18525.09,25134.04,Yes,14,Yes,No,15,New
10584,Olivia Saleh,Male,39,Dubai,Egypt,51019.96,Regular,C001,Summer Sale,Discount,Social Media,2025-03-12,2025-03-25,433.16,45414,1284,67,13211.15,10575.31,11382.21,Yes,13,No,No,4,New
10663,Olivia Smith,Male,35,Amman,Lebanon,41550.19,Premium,C008,Weekend Flash Sale,Discount,Google Ads,2025-04-18,2025-04-30,662.11,76034,1946,207,18691.77,10856.45,21766.78,Yes,5,No,No,25,Returning
13553,Sophia Brown,Female,38,Doha,Qatar,56571.96,Premium,C004,New Product Launch,Product,Display Ads,2025-07-11,2025-07-18,475.9,42733,1009,83,7432.48,5996.24,7790.34,Yes,6,Yes,No,21,New
11854,Emma Nasser,Male,44,Ramallah,Qatar,32422.79,Regular,,Holiday Offers,Seasonal,Social Media,2025-02-03,2025-02-11,602.61,39585,1478,58,7213.94,5291.0,6597.65,Yes,9,No,No,23,Returning
13553,Lina Smith,Female,27,Amman,Jordan,49325.23,Regular,C007,Spring Promotion,Seasonal,Email,2025-04-27,2025-05-11,639.25,95811,4942,315,33597.58,22789.47,31268.42,Yes,4,Yes,Yes,16,New
10307,John Nasser,Male,24,Beirut,Palestine,56110.24,Budget,C001,Summer Sale,Discount,Email,2025-12-20,2025-12-30,538.82,55127,3221,324,35329.2,21972.05,33097.9,Yes,14,Yes,No,15,Returning
10077,Layla Brown,Male,35,Cairo,UAE,40077.7,Regular,C003,Black Friday,Discount,SMS,2025-02-23,2025-03-18,401.36,94710,7564,591,111152.99,80497.96,109542.04,Yes,3,No,No,3,Returning
11637,Yousef Davis,Male,42,Amman,Lebanon,92034.92,Regular,C003,Black Friday,Discount,Email,2025-10-08,2025-10-30,459.76,27722,1529,88,12499.75,7357.99,14354.62,Yes,15,Yes,Yes,21,New
14048,Lina Khalil,Male,29,Ramallah,UAE,65844.59,Regular,C008,Weekend Flash Sale,Discount,Google Ads,2025-05-16,2025-06-06,755.63,7064,277,17,1584.33,1032.51,1497.82,Yes,3,Yes,No,27,New
12562,Sophia Khalil,Male,39,Nablus,Palestine,50457.64,Budget,C003,Black Friday,Discount,Google Ads,2025-07-03,2025-07-24,694.28,82001,3498,115,13757.18,8446.97,12911.71,Yes,8,Yes,No,11,Returning
13284,John Wilson,Female,25,Dubai,Lebanon,54902.85,Budget,C007,Spring Promotion,Seasonal,Display Ads,2025-03-27,2025-04-06,788.08,17868,470,44,5171.86,3913.87,4185.06,Yes,1,Yes,No,3,Returning
13590,Maya Miller,Female,37,Amman,Egypt,29111.0,Premium,C003,Black Friday,Discount,SMS,2025-09-07,2025-09-17,912.13,54407,5296,317,56632.2,37376.31,48438.13,Yes,14,Yes,No,2,New
11835,Daniel Davis,Male,44,Dubai,Lebanon,51547.21,Budget,C008,Weekend Flash Sale,Discount,Google Ads,2025-12-06,2026-01-03,716.17,84570,2980,248,,28815.54,34217.21,Yes,12,Yes,No,26,Returning
10448,Ahmed Hassan,Female,32,Doha,Jordan,47734.33,Premium,C008,Weekend Flash Sale,Discount,Google Ads,2025-05-04,2025-05-21,953.76,36958,1380,127,8710.02,6019.9,9859.82,Yes,1,Yes,No,17,Returning
11926,Ali Wilson,Female,38,Beirut,Qatar,59342.29,Premium,C008,Weekend Flash Sale,Discount,SMS,2025-06-11,2025-06-21,558.31,65691,6186,495,62723.3,46728.6,56144.91,Yes,0,Yes,No,12,Returning
10002,Ali Miller,Female,24,Cairo,Egypt,62709.53,Regular,C008,Weekend Flash Sale,Discount,Google Ads,2025-07-06,2025-07-14,761.22,29718,1292,141,32988.24,25070.5,28994.5,Yes,14,No,No,17,Returning
12977,Michael Khalil,Male,27,Hebron,Palestine,65735.96,Regular,C005,Holiday Offers,Seasonal,Website,2025-09-25,2025-10-13,897.73,92525,2513,223,27694.31,16593.25,28382.88,Yes,3,Yes,No,28,New
13353,Sara Nasser,Male,50,Hebron,Palestine,52874.77,Corporate,C007,Spring Promotion,Seasonal,Social Media,2025-08-23,2025-09-05,785.34,94450,1702,105,11800.1,10317.06,11990.96,Yes,10,Yes,No,24,Returning
11010,Michael Wilson,Male,42,Doha,Palestine,39882.14,Regular,C001,Summer Sale,Discount,Website,2025-08-10,2025-09-04,354.2,63798,1306,88,4447.07,2607.07,3868.6,Yes,5,Yes,No,23,Returning
12637,John Brown,Male,49,Gaza,Qatar,82383.69,Corporate,C005,Holiday Offers,Seasonal,SMS,2025-03-10,2025-03-21,588.82,54599,5349,358,45102.96,33545.49,40866.83,Yes,9,No,No,22,Returning
11781,Adam Saleh,Female,40,Amman,Lebanon,40778.81,Premium,C003,Black Friday,Discount,Website,2025-10-05,2025-11-03,411.55,83976,2901,134,21171.25,15203.7,17868.8,Yes,10,Yes,No,24,Returning
13420,Layla Brown,Male,45,Cairo,Palestine,30772.37,Premium,C003,Black Friday,Discount,Email,2025-12-10,2025-12-18,279.93,26701,1495,206,16232.57,9759.83,18803.46,Yes,8,No,Yes,9,Returning
10509,Layla Saleh,Male,47,Amman,Qatar,31298.52,Premium,C004,New Product Launch,Product,Display Ads,2025-11-28,2025-12-22,233.34,51472,1224,122,21337.16,18654.43,17592.17,Yes,7,No,No,22,Returning
13175,Sophia Smith,Male,43,Nablus,Lebanon,89197.87,Regular,C008,Weekend Flash Sale,Discount,Social Media,2025-11-21,2025-12-20,743.56,93501,3173,161,19061.3,11774.63,17836.65,Yes,11,Yes,No,24,Returning
13677,Maya Khalil,Male,38,Jerusalem,Lebanon,53857.97,Regular,C007,Spring Promotion,Seasonal,Email,2025-08-08,2025-08-23,451.19,73454,3929,203,31433.76,22419.06,26341.07,Yes,8,Yes,No,8,New
11269,Omar Hassan,Female,41,Beirut,Palestine,50328.16,Budget,C005,Holiday Offers,Seasonal,SMS,2025-10-21,2025-11-14,294.2,47434,4549,447,80826.55,49656.13,68395.19,Yes,2,No,No,16,New
10559,Maya Brown,Female,43,Ramallah,UAE,48043.42,Regular,C004,New Product Launch,Product,Display Ads,2025-06-19,2025-07-06,299.65,47790,990,60,6715.28,4940.26,7092.92,Yes,9,Yes,No,30,Returning
10073,Sara Smith,Female,35,Hebron,Lebanon,49542.76,Regular,C004,New Product Launch,Product,Email,2025-12-16,2026-01-02,268.19,50487,3099,97,8638.78,6314.12,7529.81,Yes,3,Yes,No,9,New
13072,Michael Wilson,Male,40,Gaza,Lebanon,71184.44,Regular,C002,Back to School,Seasonal,Email,2025-03-27,2025-04-20,661.55,70388,4379,378,30131.16,25693.83,34879.35,Yes,0,Yes,Yes,20,Returning
13476,Sara Saleh,Female,36,Ramallah,Lebanon,75913.81,Budget,C001,Summer Sale,Discount,SMS,2025-06-19,2025-06-27,714.54,11971,988,86,13696.09,10208.1,11398.29,Yes,2,Yes,No,5,Returning
11865,Yousef Brown,Female,43,Doha,Lebanon,103375.62,Regular,C006,Loyalty Rewards,Retention,Email,2025-07-19,2025-08-16,824.29,16006,648,38,4255.99,2408.6,3901.82,Yes,0,Yes,No,24,Returning
10595,Emma Davis,Male,34,Gaza,Lebanon,72151.74,Regular,C002,Back to School,Seasonal,Google Ads,2025-08-13,2025-09-01,860.79,52288,3027,361,48091.38,28745.83,50891.78,Yes,0,No,No,5,Returning
13204,Layla Hassan,Female,25,Amman,Palestine,55542.91,Regular,C003,Black Friday,Discount,Email,2025-01-22,2025-01-29,593.33,75567,4001,40,5233.98,4236.91,4800.67,Yes,12,Yes,No,9,New
12817,Adam Brown,Male,36,Jerusalem,Jordan,85510.92,Regular,C005,Holiday Offers,Seasonal,Social Media,2025-02-28,2025-03-12,336.66,88446,2655,227,16226.46,10575.25,15617.42,Yes,1,No,No,20,Returning
10552,Yousef Khalil,Male,33,Beirut,Qatar,18000.0,Corporate,C006,Loyalty Rewards,Retention,Social Media,2025-12-10,2026-01-06,303.25,31240,1206,51,4934.56,3048.2,4670.1,Yes,3,No,No,19,New
13981,Michael Smith,Female,32,Beirut,Jordan,41461.18,Regular,C006,Loyalty Rewards,Retention,Google Ads,2025-08-08,2025-08-20,87.46,1133,53,6,873.2,706.36,714.16,Yes,10,Yes,No,25,New
13573,Yousef Smith,Male,27,Amman,Qatar,51502.03,Regular,C006,Loyalty Rewards,Retention,Google Ads,2025-09-07,2025-10-01,522.78,14764,559,49,2311.55,1939.98,1926.79,Yes,5,Yes,No,26,New
11610,Yousef Khalil,Male,56,Nablus,Egypt,53908.11,Regular,C007,Spring Promotion,Seasonal,Website,2025-04-19,2025-04-27,103.31,72798,1407,48,3467.67,2351.21,2858.65,Yes,8,No,No,20,Returning
11830,Layla Hassan,Female,44,Cairo,Egypt,82563.83,Premium,C006,Loyalty Rewards,Retention,Website,2025-01-06,2025-02-03,531.87,31810,1029,65,6833.73,5113.17,6076.39,Yes,5,Yes,No,14,New
11198,Olivia Smith,Male,33,Hebron,Qatar,38958.54,Regular,C005,Holiday Offers,Seasonal,Google Ads,2025-04-30,2025-05-08,453.55,88132,2448,143,13235.22,9385.43,11504.17,Yes,6,No,No,12,Returning
10381,Omar Smith,Male,41,Cairo,Lebanon,51970.45,Budget,C005,Holiday Offers,Seasonal,Website,2025-10-06,2025-10-31,758.76,23286,810,92,4267.33,3688.59,4996.57,Yes,12,No,No,11,Returning
10638,Yousef Brown,Male,43,Cairo,Qatar,59197.89,Regular,C006,Loyalty Rewards,Retention,SMS,2025-09-04,2025-09-30,365.26,1364,133,11,1700.44,1241.47,1404.18,Yes,4,No,No,5,New
12301,Adam Hassan,Male,36,Jerusalem,UAE,,Regular,C002,Back to School,Seasonal,Display Ads,2025-04-28,2025-05-18,1089.18,43783,193,11,935.18,583.32,1078.02,Yes,3,No,No,21,Returning
11321,Sophia Awwad,Male,37,Nablus,Jordan,36501.85,Regular,C003,Black Friday,Discount,Social Media,2025-11-19,2025-12-12,713.28,5636,254,13,1903.92,1167.13,1689.37,Yes,4,Yes,No,5,New
13322,Ahmed Nasser,Male,56,Hebron,Qatar,41581.48,Regular,C008,Weekend Flash Sale,Discount,SMS,2025-03-29,2025-04-12,441.53,54340,4480,211,40752.88,26187.08,34850.82,Yes,4,Yes,No,19,Returning
12808,Michael Miller,Male,39,Hebron,Qatar,59685.79,Regular,C002,Back to School,Seasonal,Email,2025-04-14,2025-05-07,-674.57,66607,3591,374,20090.91,15372.8,20121.72,Yes,13,No,No,5,Returning
10320,Sara Khalil,Female,53,Jerusalem,Egypt,69032.2,Regular,C001,Summer Sale,Discount,Display Ads,2025-11-29,2025-12-19,444.28,68925,696,86,5654.91,4158.82,6234.48,Yes,13,No,No,27,New
11880,Olivia Brown,Female,32,Beirut,Lebanon,69033.89,Corporate,C002,Back to School,Seasonal,SMS,2025-03-10,2025-03-25,376.32,63039,6334,771,84169.09,62310.87,83019.15,Yes,7,Yes,No,9,Returning
12112,Adam Awwad,Male,48,Beirut,Egypt,33698.69,Premium,C001,Summer Sale,Discount,SMS,2025-12-02,2025-12-15,916.11,90646,6976,824,73796.45,51592.95,81433.15,Yes,10,No,No,11,New
12078,Yousef Davis,Female,30,Beirut,UAE,54739.86,Regular,C007,Spring Promotion,Seasonal,Social Media,2025-07-31,2025-08-24,404.0,73580,2896,232,22240.81,15998.17,25789.97,Yes,15,Yes,No,11,Returning
12513,Emma Brown,Male,23,Ramallah,Lebanon,48487.4,Regular,C003,Black Friday,Discount,Email,2025-04-20,2025-05-13,479.44,53002,2150,149,22093.24,13394.21,18329.14,Yes,10,No,No,21,Returning
10044,Ali Hassan,Female,48,Beirut,Qatar,61653.56,Premium,C005,Holiday Offers,Seasonal,Social Media,2025-07-09,2025-07-18,154.41,80326,2742,256,20631.77,15780.99,19344.16,Yes,1,No,No,29,Inactive
12347,Omar Hassan,Female,38,Doha,Palestine,33754.73,Regular,C005,Holiday Offers,Seasonal,Social Media,2025-01-18,2025-02-13,451.79,67418,3207,280,42945.99,27216.58,44231.66,Yes,7,Yes,No,21,New
10003,Maya Khalil,Female,27,Dubai,UAE,43824.74,Budget,C007,Spring Promotion,Seasonal,Website,2025-04-13,2025-05-06,64.55,2514,59,3,458.34,385.2,423.53,Yes,2,Yes,No,17,New
12852,Emma Nasser,Male,34,Beirut,Jordan,35053.04,Regular,C007,Spring Promotion,Seasonal,Website,2025-01-03,2025-01-18,564.21,23442,547,82,12945.36,8453.17,12011.46,Yes,13,Yes,No,17,New
10959,Yousef Davis,Female,22,Doha,Qatar,63940.59,Regular,C004,New Product Launch,Product,Google Ads,2025-08-23,2025-09-20,1081.76,60887,2513,193,11333.14,7751.14,12042.44,Yes,0,No,No,3,New
11806,Noor Smith,Female,38,Amman,Egypt,86844.1,Regular,C005,Holiday Offers,Seasonal,Social Media,2025-05-28,2025-06-06,353.59,52788,1694,149,26044.43,18668.5,21688.58,Yes,10,Yes,No,17,Inactive
12897,Adam Miller,Female,40,Jerusalem,Lebanon,54473.27,Budget,C004,New Product Launch,Product,SMS,2025-04-13,2025-04-27,-109.93,96894,9593,752,115422.31,97212.04,119693.77,Yes,7,No,No,6,New
12917,Lina Khalil,Male,43,Ramallah,Lebanon,41945.16,Corporate,C008,Weekend Flash Sale,Discount,Website,2025-01-04,2025-01-28,1097.51,6039,162,1,126.27,109.14,105.56,Yes,15,No,No,19,New
12251,Olivia Hassan,Female,35,Dubai,Jordan,60139.97,Budget,C003,Black Friday,Discount,Email,2025-09-27,2025-10-17,622.23,63194,3739,371,40768.55,28946.43,43828.21,Yes,1,Yes,Yes,21,Returning
10987,Michael Smith,Male,48,Nablus,Lebanon,51319.81,Regular,C002,Back to School,Seasonal,Google Ads,2025-07-05,2025-07-31,1013.31,34539,1516,166,24663.91,21839.51,20207.16,Yes,5,No,No,7,New
12811,Emma Hassan,Female,35,Dubai,Jordan,48006.67,Regular,C006,Loyalty Rewards,Retention,Google Ads,2025-07-25,2025-08-09,329.97,59577,3216,348,43617.69,36419.32,44977.9,Yes,5,Yes,No,18,Returning
12212,Noor Davis,Female,48,Dubai,Jordan,45431.98,Premium,C003,Black Friday,Discount,SMS,2025-01-05,2025-01-17,382.17,55749,4618,274,33993.69,24847.77,39724.96,Yes,15,Yes,No,28,Returning
12587,Olivia Nasser,Female,43,Cairo,Egypt,64291.21,Premium,C002,Back to School,Seasonal,Display Ads,2025-03-25,2025-04-02,676.09,28741,369,34,5352.87,3786.88,4807.61,Yes,8,No,No,26,Returning
12742,Yousef Smith,Female,42,Cairo,Egypt,63093.81,Corporate,C005,Holiday Offers,Seasonal,Google Ads,2025-01-11,2025-01-31,319.55,16390,636,54,6244.84,4853.46,6164.59,Yes,11,Yes,No,18,Returning
11430,Layla Smith,Female,28,Cairo,Qatar,52398.66,Budget,C008,Weekend Flash Sale,Discount,Email,2025-07-15,2025-08-10,83.4,38055,1851,130,14021.89,12269.13,15920.49,Yes,14,Yes,Yes,5,Returning
13456,John Khalil,Male,52,Jerusalem,UAE,55055.51,Regular,C006,Loyalty Rewards,Retention,Display Ads,2025-05-30,2025-06-28,464.5,35558,589,48,4189.93,3569.75,4327.92,Yes,12,No,No,28,Returning
12976,Michael Brown,Male,27,Jerusalem,Palestine,38081.74,Premium,C004,New Product Launch,Product,Display Ads,2025-05-09,2025-06-08,441.81,92341,2274,168,7088.15,4135.54,7537.29,Yes,2,Yes,No,5,Returning
13877,Omar Awwad,Female,36,Cairo,Palestine,55416.5,Premium,C003,Black Friday,Discount,Email,2025-12-02,2025-12-21,311.97,41049,1714,198,30247.26,22212.37,25091.81,Yes,7,Yes,Yes,20,New
11398,Ahmed Awwad,Female,18,Amman,Qatar,58309.29,Regular,C005,Holiday Offers,Seasonal,Website,2025-08-16,2025-08-27,546.13,91938,3622,424,39257.1,33645.41,41464.12,Yes,5,No,No,20,Returning
13564,Layla Smith,Female,45,Cairo,Jordan,65070.08,Budget,C008,Weekend Flash Sale,Discount,Google Ads,2025-07-07,2025-07-27,245.76,34553,1620,196,26668.96,22278.79,22987.74,Yes,4,No,No,0,New
11117,Emma Nasser,Female,35,Cairo,Palestine,23156.63,Budget,C008,Weekend Flash Sale,Discount,SMS,2025-06-03,2025-06-10,384.7,56918,4806,325,44953.05,30602.93,39108.04,Yes,9,Yes,No,25,New
13373,Sophia Brown,Male,29,Jerusalem,Lebanon,55276.82,Budget,C007,Spring Promotion,Seasonal,SMS,2025-04-23,2025-05-08,311.14,10882,1062,52,7151.5,6210.96,8028.57,Yes,13,Yes,No,16,Returning
12228,Layla Davis,Female,21,Dubai,Jordan,40253.36,Budget,C003,Black Friday,Discount,Social Media,2025-05-29,2025-06-08,557.76,83978,2619,278,,25024.25,33853.63,Yes,14,No,No,8,Returning
12627,Ahmed Hassan,Male,33,Cairo,Palestine,68608.96,Regular,C002,Back to School,Seasonal,Google Ads,2025-05-18,2025-05-29,845.13,94242,4191,584,45277.23,25135.82,40013.71,Yes,14,Yes,No,7,New
11780,Daniel Brown,Female,46,Doha,UAE,77250.35,Regular,C001,Summer Sale,Discount,Google Ads,2025-02-11,2025-02-22,364.12,7845,358,30,3625.53,2224.48,3118.12,Yes,8,No,No,2,Returning
12049,John Awwad,Male,31,Hebron,Qatar,57515.99,Budget,C008,Weekend Flash Sale,Discount,Social Media,2025-01-18,2025-01-31,20.0,60902,2330,177,21136.44,18735.87,20459.64,Yes,3,Yes,No,15,Returning
12647,Maya Awwad,Male,29,Gaza,Qatar,33027.18,Regular,C004,New Product Launch,Product,Google Ads,2025-01-27,2025-02-24,400.29,29045,1188,89,17399.49,9661.48,14759.44,YES,3,Yes,No,20,Returning
12262,Sara Brown,Male,31,Nablus,Palestine,63685.43,Regular,C008,Weekend Flash Sale,Discount,Display Ads,2025-11-02,2025-11-13,439.94,49179,739,105,15041.96,11884.36,13416.84,Yes,2,Yes,No,5,Returning
12773,Omar Awwad,Female,18,Jerusalem,Lebanon,69722.01,Regular,C002,Back to School,Seasonal,Social Media,2025-09-07,2025-09-21,308.67,42015,1597,84,14368.54,11368.93,12968.78,Yes,11,No,No,23,New
12935,Lina Nasser,Male,53,Doha,Lebanon,41294.66,Regular,C005,Holiday Offers,Seasonal,Website,2025-12-23,2026-01-14,306.73,25374,673,50,2862.52,1850.23,3278.06,Yes,5,No,No,10,Returning
11314,Ali Davis,Male,36,Doha,UAE,36960.63,Budget,C006,Loyalty Rewards,Retention,SMS,2025-01-01,2025-01-28,449.71,66816,6409,414,34767.21,29548.31,33201.88,Yes,12,Yes,No,28,New
11957,Daniel Khalil,Female,44,Hebron,Egypt,18000.0,Budget,C003,Black Friday,Discount,Website,2025-05-25,2025-06-11,618.37,54213,1321,106,12728.75,7297.88,12035.36,Yes,10,Yes,No,3,Returning
11064,Maya Awwad,Male,23,Ramallah,Qatar,75057.79,Regular,C001,Summer Sale,Discount,Website,2025-11-25,2025-12-14,596.46,86735,2664,270,28118.72,21428.82,31235.38,Yes,15,No,No,1,Returning
10581,Ahmed Saleh,Female,33,Ramallah,Qatar,58460.23,Budget,C001,Summer Sale,Discount,Google Ads,2025-10-13,2025-11-12,24.46,55019,2907,167,20671.83,15197.05,20698.83,Yes,11,Yes,No,26,Returning
10577,Layla Khalil,Male,37,Cairo,Palestine,55915.98,Premium,C004,New Product Launch,Product,Website,2025-07-17,2025-07-30,450.9,25812,681,59,9952.32,6919.99,9861.57,Yes,7,Yes,No,17,Returning
10865,Emma Wilson,Female,31,Ramallah,Jordan,51766.77,Budget,C007,Spring Promotion,Seasonal,Website,2025-06-22,2025-07-20,867.73,21232,404,22,2543.9,2281.91,2447.18,Yes,14,No,No,28,New
12660,Emma Brown,Female,36,Amman,Egypt,59152.62,Regular,C004,New Product Launch,Product,SMS,2025-10-09,2025-11-08,417.46,33803,2701,166,18950.65,10424.16,17244.08,Yes,11,No,No,14,Inactive
10284,Layla Miller,Male,40,Cairo,Jordan,80433.91,Corporate,C005,Holiday Offers,Seasonal,Email,2025-06-03,2025-06-17,214.41,28657,1650,113,21538.09,18774.52,19236.41,Yes,10,Yes,No,22,Returning
14189,Lina Khalil,Male,27,Doha,UAE,32363.6,Regular,C005,Holiday Offers,Seasonal,Google Ads,2025-10-26,2025-11-09,717.21,31039,1338,125,15911.63,11920.56,14042.71,Yes,8,No,No,2,Returning
11782,Ali Smith,Female,24,Jerusalem,Qatar,52195.21,Budget,C002,Back to School,Seasonal,Website,2025-11-25,2025-12-11,500.84,5398,136,13,847.02,694.4,755.02,Yes,12,Yes,No,24,New
12851,Sophia Brown,Male,33,Hebron,Lebanon,48565.98,Budget,C001,Summer Sale,Discount,Display Ads,2025-11-20,2025-12-09,20.0,7594,125,15,2194.97,1322.15,2530.05,Yes,9,Yes,No,10,Returning
14116,Noor Hassan,Male,33,Dubai,Qatar,32821.44,Budget,C002,Back to School,Seasonal,Social Media,2025-08-10,2025-08-26,510.55,52184,2013,183,22100.37,16575.37,23170.46,Yes,4,Yes,No,10,New
10404,John Nasser,Male,58,Dubai,Egypt,30462.87,Regular,C003,Black Friday,Discount,Social Media,2025-09-04,2025-09-28,593.7,26466,966,58,7734.82,5773.34,6708.87,Yes,15,No,No,20,Returning
12018,Noor Khalil,Female,35,Dubai,UAE,32620.17,Budget,C002,Back to School,Seasonal,Email,2025-12-10,2025-12-30,806.34,56014,2649,277,39576.63,32428.63,43249.37,Yes,11,Yes,Yes,19,Returning
11387,Emma Miller,Female,52,Beirut,Jordan,61401.04,Regular,C004,New Product Launch,Product,Social Media,2025-12-17,2026-01-04,224.91,20946,680,54,7195.69,6347.53,7352.53,Yes,2,Yes,No,23,New
11210,Layla Awwad,Female,41,Ramallah,UAE,67853.86,Regular,C001,Summer Sale,Discount,Google Ads,2025-04-18,2025-05-18,495.66,71017,3108,167,18242.02,11684.57,16360.94,Yes,6,Yes,No,17,Returning
13957,Lina Awwad,Female,32,Beirut,Lebanon,43344.25,Regular,C005,Holiday Offers,Seasonal,Social Media,2025-01-31,2025-02-16,357.14,26805,1097,81,13152.11,7272.02,13060.9,Yes,8,Yes,No,14,Returning
13184,Yousef Smith,Male,38,Nablus,UAE,57707.3,Budget,C007,Spring Promotion,Seasonal,Social Media,2025-07-14,2025-08-06,762.23,93520,3348,326,29207.94,21498.39,30732.24,Yes,3,No,No,15,Inactive
11528,Adam Davis,Female,18,Cairo,Lebanon,71066.75,Premium,C004,New Product Launch,Product,Website,2025-06-06,2025-06-23,503.14,64716,990,100,7658.0,5155.13,8161.21,Yes,12,Yes,No,0,New
12477,Noor Davis,Female,38,Nablus,Lebanon,51590.55,Regular,C007,Spring Promotion,Seasonal,Email,2025-10-12,2025-10-27,620.83,30067,1283,178,42542.85,29089.63,36881.2,Yes,4,Yes,Yes,4,New
11864,Sophia Saleh,Male,26,Dubai,UAE,31054.35,Corporate,C006,Loyalty Rewards,Retention,SMS,2025-10-05,2025-10-16,471.94,27600,2442,262,46143.37,36498.77,43987.29,YES,4,Yes,No,27,New
11108,Sophia Hassan,Male,40,Amman,Palestine,31140.82,Regular,C002,Back to School,Seasonal,Social Media,2025-06-12,2025-06-23,419.43,95799,2930,144,16512.62,14637.09,18797.16,Yes,0,No,No,28,Inactive
12486,Michael Nasser,Male,18,Hebron,Palestine,58581.07,,C001,Summer Sale,Discount,Website,2025-11-12,2025-11-27,771.87,79877,2276,209,18767.15,12681.74,16200.24,Yes,7,Yes,No,7,Returning
13905,Lina Davis,Female,25,Amman,Jordan,62607.79,Budget,C008,Weekend Flash Sale,Discount,SMS,2025-03-12,2025-03-24,373.97,25830,2347,261,12794.21,7104.05,14790.51,Yes,7,Yes,No,13,Returning
12211,Sophia Saleh,Male,39,Hebron,Palestine,46229.89,Regular,C008,Weekend Flash Sale,Discount,Website,2025-09-08,2025-10-07,260.81,43084,844,68,4932.94,2785.33,5235.74,Yes,14,Yes,No,13,Returning
13117,Daniel Brown,Male,49,Cairo,Palestine,69770.0,Regular,C001,Summer Sale,Discount,Social Media,2025-09-23,2025-10-17,266.29,52353,1726,196,16253.65,14415.48,14319.78,Yes,1,No,No,16,Returning
11556,Layla Wilson,Female,30,Gaza,UAE,63317.1,Regular,C007,Spring Promotion,Seasonal,Google Ads,2025-11-10,2025-11-18,368.55,90933,4661,337,60321.76,35086.41,55531.85,Yes,4,No,No,26,Returning
14102,Sara Hassan,Male,29,Dubai,Qatar,59114.38,Regular,C001,Summer Sale,Discount,SOCIAL MEDIA,2025-08-21,2025-09-15,605.67,93906,4640,424,43676.63,34596.31,40310.35,Yes,6,No,No,2,New
11344,Sara Khalil,Male,43,Doha,Lebanon,27944.55,Regular,C007,Spring Promotion,Seasonal,Display Ads,2025-09-19,2025-10-15,415.53,21458,566,28,3657.66,3179.56,3465.2,Yes,12,No,No,1,Returning
11230,Maya Hassan,Male,18,Nablus,Qatar,57826.96,Regular,C008,Weekend Flash Sale,Discount,Google Ads,2025-11-17,2025-11-29,679.54,15908,853,93,11789.79,7528.83,10453.44,Yes,4,Yes,No,0,Returning
13758,Olivia Wilson,Male,43,Beirut,Qatar,62588.56,Regular,C008,Weekend Flash Sale,Discount,SMS,2025-07-29,2025-08-19,377.17,10907,1054,64,4818.52,3695.41,4895.65,Yes,0,Yes,No,28,Returning
11701,Omar Hassan,Male,47,Nablus,Lebanon,71876.08,Regular,C003,Black Friday,Discount,Email,2025-12-08,2026-01-02,20.0,79573,4779,394,40523.36,24815.98,44277.46,Yes,9,Yes,Yes,3,Returning
12330,Maya Wilson,FEMALE,43,Nablus,Palestine,70283.84,Budget,C006,Loyalty Rewards,Retention,Google Ads,2025-07-14,2025-07-23,166.07,99910,4260,331,38405.67,22763.35,33928.82,Yes,13,Yes,No,9,Returning
12249,Daniel Davis,Female,38,Cairo,Jordan,78753.6,Budget,C001,Summer Sale,Discount,Email,2025-10-20,2025-11-19,447.65,82941,5768,468,68125.21,54321.81,58226.61,Yes,2,Yes,No,29,Returning
13499,Daniel Nasser,Female,18,Jerusalem,Egypt,74748.75,Regular,C008,Weekend Flash Sale,Discount,SMS,2025-04-03,2025-04-29,652.57,31003,2671,144,16320.97,11632.12,14584.26,Yes,9,Yes,No,0,New
10967,Adam Miller,Female,28,Dubai,Palestine,68897.71,Regular,C004,New Product Launch,Product,Email,2025-11-24,2025-12-07,515.34,90941,5810,802,71676.24,47548.11,74271.81,Yes,9,Yes,Yes,9,Returning
10051,Sara Smith,Female,24,Dubai,Lebanon,30651.93,Regular,C001,Summer Sale,Discount,Social Media,2025-04-10,2025-04-27,361.56,44794,1022,115,17018.89,10169.02,19398.25,Yes,15,No,No,25,New
11273,Michael Davis,FEMALE,28,Doha,Qatar,71775.64,Corporate,C001,Summer Sale,Discount,Website,2025-06-03,2025-06-28,404.91,95522,3773,227,24796.71,16517.13,24807.42,Yes,10,Yes,No,6,Returning
12897,Ali Hassan,Female,37,Nablus,UAE,64032.09,Corporate,C003,Black Friday,Discount,Website,2025-11-07,2025-11-26,420.85,25060,850,104,8205.85,6551.91,7133.19,Yes,3,No,No,22,Inactive
12225,Sophia Khalil,Female,32,Hebron,UAE,45495.33,Regular,C005,Holiday Offers,Seasonal,Social Media,2025-09-26,2025-10-12,207.77,23439,725,21,3060.93,1900.02,2471.94,Yes,3,No,No,25,New
10759,Michael Davis,Male,33,Doha,Egypt,38363.8,Regular,C006,Loyalty Rewards,Retention,SMS,2025-09-26,2025-10-12,93.84,43404,4215,468,38943.7,28454.27,38594.61,Yes,4,Yes,No,26,Inactive
11088,Adam Awwad,Female,26,Dubai,Lebanon,43069.88,Budget,C002,Back to School,Seasonal,Email,2025-06-09,2025-06-17,708.66,90553,3714,282,24423.64,19066.18,19737.63,Yes,2,Yes,No,3,Returning
12560,Ahmed Miller,Female,28,Hebron,UAE,58182.78,Regular,C005,Holiday Offers,Seasonal,Google Ads,2025-09-30,2025-10-17,868.16,58317,2369,170,30537.11,18018.76,27525.74,Yes,3,No,No,4,New
10839,Adam Davis,Female,49,Cairo,UAE,,Regular,C005,Holiday Offers,Seasonal,Website,2025-05-06,2025-05-18,644.23,9837,121,13,952.22,567.07,795.88,Yes,9,No,No,17,Returning
13857,Omar Khalil,Female,42,Nablus,Palestine,61130.61,Regular,C003,Black Friday,Discount,Display Ads,2025-11-02,2025-11-27,730.41,83005,1753,70,11060.25,6850.18,10915.5,Yes,14,No,No,9,New
10644,Michael Miller,Male,36,Ramallah,Lebanon,50394.86,Regular,C008,Weekend Flash Sale,Discount,Google Ads,2025-12-17,2026-01-13,475.85,93589,3966,124,19471.74,11688.94,16419.09,Yes,14,No,No,7,Inactive
12114,Emma Brown,Male,42,Amman,UAE,36646.04,Regular,C001,Summer Sale,Discount,Email,2025-09-01,2025-09-11,549.57,46564,2552,190,23577.96,17710.29,19392.65,Yes,15,Yes,Yes,24,New
14162,Sara Brown,Male,18,Amman,Egypt,47097.89,Regular,C005,Holiday Offers,Seasonal,Website,2025-08-25,2025-09-13,503.48,77902,2992,195,23913.93,14483.64,21832.89,Yes,13,Yes,No,19,New
13952,John Khalil,Female,21,Hebron,Lebanon,67414.74,Regular,C007,Spring Promotion,Seasonal,Website,2025-06-25,2025-07-19,564.73,91481,1918,168,,16622.02,17941.68,Yes,7,Yes,No,21,Returning
13987,Sara Miller,Female,28,Amman,Egypt,39330.69,Premium,C008,Weekend Flash Sale,Discount,Social Media,2025-06-07,2025-06-26,855.29,9623,468,33,4365.21,3409.48,4946.64,Yes,3,No,No,10,Returning
10742,Adam Hassan,Male,41,Jerusalem,Lebanon,63496.04,Premium,C005,Holiday Offers,Seasonal,SMS,2025-11-12,2025-12-07,606.09,59110,5355,547,44979.8,29457.6,39209.95,Yes,6,Yes,No,21,Inactive
12495,Sophia Smith,Male,37,Beirut,Palestine,85814.87,Regular,C007,Spring Promotion,Seasonal,Social Media,2025-05-31,2025-06-08,533.84,48894,1638,100,15109.23,13485.65,14182.64,Yes,1,Yes,No,22,Returning
10899,Layla Awwad,Male,27,Dubai,Lebanon,30141.2,Regular,C006,Loyalty Rewards,Retention,Display Ads,2025-07-15,2025-08-03,449.21,50512,1031,104,19011.06,11381.43,17249.87,Yes,13,Yes,No,21,New
13151,Emma Brown,Male,45,Gaza,Lebanon,36688.17,Premium,C001,Summer Sale,Discount,Email,2025-11-28,2025-12-05,618.43,19373,815,15,1595.11,1235.87,1821.73,YES,15,Yes,No,4,New
13407,Michael Miller,Female,29,Beirut,Jordan,70472.58,Regular,C007,Spring Promotion,Seasonal,Website,2025-08-19,2025-09-07,505.59,47070,1030,80,3337.13,2510.45,3824.92,Yes,7,Yes,No,13,Returning
11940,Yousef Brown,Female,44,Nablus,Palestine,54702.36,Regular,C006,Loyalty Rewards,Retention,Email,2025-10-25,2025-11-16,884.83,91004,5188,356,26955.66,22173.85,28252.61,Yes,2,Yes,No,27,Inactive
13809,Ali Davis,Male,32,Hebron,Qatar,49964.32,Regular,C002,Back to School,Seasonal,Display Ads,2025-11-21,2025-12-15,625.53,76473,1860,167,22232.75,18286.09,24864.04,Yes,9,Yes,No,28,New
13841,Michael Davis,Female,24,Beirut,Lebanon,34892.67,Regular,C006,Loyalty Rewards,Retention,Google Ads,2025-05-29,2025-06-10,28.14,5130,234,7,927.6,697.88,935.54,Yes,9,No,No,1,Returning
10423,Layla Miller,Male,0,Gaza,Qatar,64850.77,Premium,C002,Back to School,Seasonal,Google Ads,2025-05-10,2025-05-21,472.4,81213,4011,290,36376.12,29446.48,36677.98,Yes,8,No,No,27,New
11431,Lina Wilson,Female,43,Jerusalem,UAE,55162.69,Budget,C004,New Product Launch,Product,SMS,2025-04-03,2025-04-26,191.85,4837,476,7,964.98,846.17,808.51,Yes,10,Yes,No,30,New
11263,Olivia Brown,Female,46,Hebron,Lebanon,63688.38,Regular,C003,Black Friday,Discount,Social Media,2025-10-23,2025-11-22,952.44,45729,1754,172,11858.35,6740.09,12972.05,Yes,1,No,No,24,Returning
13802,John Wilson,Female,25,Doha,Lebanon,64626.01,Corporate,C004,New Product Launch,Product,SMS,2025-12-16,2026-01-14,524.66,51627,4218,431,69398.32,48728.52,75882.88,Yes,15,No,No,4,Returning
12366,Michael Brown,Female,28,Cairo,Lebanon,32346.91,Corporate,C002,Back to School,Seasonal,Website,2025-11-23,2025-12-11,1033.88,57095,1328,93,11476.56,6706.87,12104.28,Yes,8,No,No,8,New
13205,Michael Saleh,Male,34,Cairo,UAE,44327.32,Budget,C003,Black Friday,Discount,Google Ads,2025-10-08,2025-10-15,524.76,88685,3467,204,28575.48,20969.9,26637.56,Yes,0,Yes,No,0,Returning
13654,Emma Saleh,Female,18,Gaza,Jordan,21161.36,Premium,C002,Back to School,Seasonal,Email,2025-11-01,2025-11-29,308.98,28919,2023,185,25974.67,17703.96,24736.72,Yes,3,No,Yes,27,Returning
11514,Sara Hassan,Female,47,Gaza,Qatar,50657.84,Budget,C002,Back to School,Seasonal,Display Ads,2025-08-21,2025-09-05,555.4,56465,1264,185,13756.52,8901.16,15338.17,Yes,10,No,No,5,Returning
10512,John Brown,Female,26,Nablus,UAE,47654.18,Corporate,C005,Holiday Offers,Seasonal,Social Media,2025-08-14,2025-08-23,688.86,64950,1755,174,17312.56,10178.93,18581.16,Yes,6,No,No,5,Returning
13533,Adam Miller,Male,18,Doha,Lebanon,59672.32,Regular,C001,Summer Sale,Discount,Email,2025-02-06,2025-03-03,946.3,95860,5237,298,49820.31,38566.77,44266.91,Yes,8,No,Yes,15,New
10310,John Nasser,Male,39,Amman,Qatar,86655.17,Regular,C008,Weekend Flash Sale,Discount,SMS,2025-08-12,2025-08-31,488.31,95889,8915,817,126809.12,100336.63,128942.95,Yes,2,Yes,No,0,Returning
13950,Sara Miller,Female,33,Amman,Lebanon,80742.8,Regular,C001,Summer Sale,Discount,Display Ads,2025-11-28,2025-12-07,480.17,48387,1000,71,9426.13,7713.19,10708.11,Yes,10,Yes,No,26,Returning
11664,Maya Davis,Male,49,Dubai,Lebanon,46768.57,Regular,C007,Spring Promotion,Seasonal,Email,2025-11-19,2025-12-18,686.65,47589,2601,212,9536.64,5364.31,7708.08,Yes,15,Yes,No,23,New
10208,Noor Wilson,Female,38,Ramallah,Egypt,44924.64,Regular,C008,Weekend Flash Sale,Discount,Website,2025-08-19,2025-08-26,435.15,5355,125,7,1417.23,800.71,1134.81,Yes,10,Yes,No,10,Returning
10969,Adam Davis,Female,18,Cairo,Jordan,66154.81,Budget,C004,New Product Launch,Product,Email,2025-01-19,2025-02-18,362.64,19058,951,42,4548.86,2888.25,4558.75,Yes,15,Yes,Yes,29,Returning
11070,Ahmed Hassan,Male,55,Gaza,Palestine,49908.76,Regular,C003,Black Friday,Discount,Website,2025-02-02,2025-02-12,454.03,15465,546,59,9494.75,6638.48,11142.43,Yes,15,Yes,No,2,Returning
13294,Daniel Khalil,Male,42,Amman,Jordan,67030.13,Budget,C003,Black Friday,Discount,Google Ads,2025-02-02,2025-02-12,600.6,36399,1424,117,22577.3,16790.57,19416.59,Yes,4,No,No,5,Returning
13594,Noor Miller,Male,44,Jerusalem,Palestine,66233.29,Budget,C007,Spring Promotion,Seasonal,Social Media,2025-01-09,2025-01-31,736.33,11080,286,23,4442.61,3542.36,3873.58,Yes,0,Yes,No,5,Inactive
12325,Sophia Wilson,Male,31,Hebron,Jordan,46369.13,Regular,C008,Weekend Flash Sale,Discount,SMS,2025-05-03,2025-05-15,543.4,80524,7438,698,95684.05,84451.16,87875.27,Yes,1,Yes,No,22,Returning
12468,Emma Brown,Male,44,Cairo,Jordan,60590.64,Regular,C002,Back to School,Seasonal,Website,2025-07-05,2025-07-29,479.67,67024,2675,303,24933.19,15529.34,21937.44,Yes,7,No,No,24,Returning
10435,Adam Khalil,Male,26,Doha,Qatar,43262.4,Regular,C001,Summer Sale,Discount,Email,2025-11-27,2025-12-15,418.49,37863,1752,98,7823.4,5543.67,6448.91,Yes,6,Yes,Yes,25,Inactive
10856,Omar Davis,Male,20,Jerusalem,Palestine,55558.81,Regular,C002,Back to School,Seasonal,Email,2025-05-01,2025-05-31,754.29,58803,3338,219,24457.47,20119.73,21958.5,Yes,10,Yes,No,28,New
12672,Noor Khalil,Male,28,,Jordan,70381.45,Regular,C004,New Product Launch,Product,Email,2025-08-30,2025-09-24,537.8,63992,2960,315,41469.83,25392.86,42324.59,Yes,1,No,Yes,29,Returning
13060,Lina Wilson,Male,27,Amman,UAE,44027.78,Regular,C003,Black Friday,Discount,Email,2025-12-21,2026-01-15,164.3,8318,390,39,5940.03,4847.77,5328.4,Yes,8,Yes,No,14,Returning
11802,Layla Miller,Male,42,Beirut,Jordan,66261.36,Regular,C004,New Product Launch,Product,Email,2025-07-30,2025-08-22,557.3,64622,3193,311,29820.14,20869.29,29899.71,Yes,6,Yes,No,8,New
12021,Noor Smith,Female,30,Beirut,Jordan,53805.02,Budget,C003,Black Friday,Discount,Website,2025-01-03,2025-01-23,381.63,6296,140,13,1703.53,956.99,1525.45,Yes,1,No,No,23,Returning
13231,Olivia Khalil,Female,43,Doha,Jordan,49563.18,Premium,C001,Summer Sale,Discount,Display Ads,2025-07-28,2025-08-10,573.71,17894,274,27,3232.23,1880.37,3403.77,Yes,11,No,No,7,Returning
13931,Layla Hassan,Female,28,Beirut,Lebanon,57256.58,Regular,C008,Weekend Flash Sale,Discount,SMS,2025-03-12,2025-04-10,581.09,53631,5325,296,46603.24,35963.29,37310.91,Yes,5,No,No,20,Returning
10580,John Smith,Male,24,Gaza,Qatar,50606.55,Budget,C004,New Product Launch,Product,Display Ads,2025-02-11,2025-03-09,573.45,44500,787,59,9498.33,6497.18,9740.77,Yes,1,No,No,28,New
13813,Omar Smith,Female,22,Jerusalem,Lebanon,67453.86,Regular,C002,Back to School,Seasonal,Website,2025-12-30,2026-01-12,735.71,18641,665,65,13275.81,9525.03,12070.61,Yes,10,Yes,No,17,New
11719,Noor Smith,Female,38,Gaza,Egypt,73811.59,Budget,C005,Holiday Offers,Seasonal,Email,2025-02-02,2025-02-20,422.69,45749,2569,207,39803.03,29301.66,35131.93,Yes,14,Yes,No,3,Returning
12395,Michael Miller,Female,21,Ramallah,Jordan,45042.54,Budget,C008,Weekend Flash Sale,Discount,Email,2025-02-11,2025-03-02,454.57,23937,1451,123,17569.08,13949.48,16557.87,Yes,9,No,Yes,5,New
14066,Lina Saleh,Male,42,Gaza,Qatar,70934.17,Corporate,C003,Black Friday,Discount,SMS,2025-06-27,2025-07-17,929.91,58677,5002,418,45592.63,38987.53,40670.93,Yes,0,No,No,6,New
11904,Daniel Brown,Female,42,Amman,Qatar,52113.32,Regular,C008,Weekend Flash Sale,Discount,SMS,2025-06-05,2025-06-30,744.85,17795,1601,66,11182.61,8045.72,10079.37,Yes,9,Yes,No,25,New
12361,Omar Hassan,Female,27,Gaza,Qatar,46264.49,Corporate,C003,Black Friday,Discount,Display Ads,2025-10-02,2025-10-18,623.83,24391,679,88,7647.81,4316.45,7410.17,Yes,5,Yes,No,5,New
12594,Lina Wilson,Female,46,Amman,Jordan,63526.48,Regular,C001,Summer Sale,Discount,Display Ads,2025-06-12,2025-06-30,686.23,19891,441,52,8068.54,5944.7,6889.57,Yes,11,No,No,17,Inactive
10996,Ahmed Brown,Female,36,Jerusalem,Qatar,65046.51,Corporate,C003,Black Friday,Discount,Email,2025-10-07,2025-10-30,553.09,43921,1526,108,7752.9,6961.51,8069.17,Yes,9,Yes,Yes,30,Returning
11205,Michael Smith,Male,37,Doha,Palestine,68774.98,Premium,C002,Back to School,Seasonal,Google Ads,2025-01-13,2025-02-01,322.36,81439,2531,286,34310.31,19531.55,31398.46,Yes,7,No,No,11,New
11599,Noor Nasser,Male,23,Nablus,Palestine,66208.8,Regular,C008,Weekend Flash Sale,Discount,Display Ads,2025-12-10,2025-12-19,696.98,67581,1556,86,9977.36,7600.53,7988.95,Yes,12,Yes,No,15,New
10460,Emma Brown,Male,39,Dubai,UAE,56345.97,Regular,C001,Summer Sale,Discount,Google Ads,2025-06-26,2025-07-14,459.87,40881,2229,170,14613.26,10309.32,16666.46,Yes,14,Yes,No,6,Returning
13405,Michael Nasser,Male,33,Dubai,Lebanon,41561.59,Budget,C003,Black Friday,Discount,Website,2025-11-03,2025-11-12,391.95,19327,455,15,1444.67,1060.18,1575.44,Yes,6,No,No,15,Inactive
12748,Ali Miller,Female,18,Ramallah,Palestine,46669.32,Regular,C005,Holiday Offers,Seasonal,SMS,2025-03-31,2025-04-24,276.71,61070,5196,579,46139.35,30051.12,51159.56,Yes,4,Yes,No,5,Returning
14019,Omar Nasser,Female,27,Doha,Egypt,31669.9,Budget,C004,New Product Launch,Product,Email,2025-01-02,2025-01-13,630.91,34929,1793,153,13277.11,10396.9,14610.0,Yes,9,No,No,15,New
12357,Sophia Hassan,Female,45,Hebron,Palestine,48155.65,Premium,C005,Holiday Offers,Seasonal,SMS,2025-02-04,2025-03-02,797.45,98222,7332,553,62486.64,40008.26,69056.74,Yes,11,No,No,18,Returning
13900,Sara Smith,Male,38,Gaza,Jordan,103474.61,Regular,C003,Black Friday,Discount,Google Ads,2025-08-25,2025-09-23,479.0,18259,872,43,2005.75,1397.67,2271.75,Yes,11,Yes,No,1,New
12917,Omar Nasser,Female,18,Cairo,Lebanon,47911.57,Corporate,C004,New Product Launch,Product,Display Ads,2025-04-04,2025-04-14,619.21,78980,672,6,1155.57,977.32,1034.64,Yes,5,No,No,27,New
12467,Yousef Smith,Male,41,Cairo,Egypt,61637.2,Regular,C003,Black Friday,Discount,Email,2025-03-12,2025-04-04,438.65,37385,2173,48,6440.66,3773.24,6939.87,Yes,11,No,Yes,29,Inactive
11267,Noor Saleh,Male,54,Dubai,Qatar,53654.6,Corporate,C002,Back to School,Seasonal,Social Media,2025-01-09,2025-01-31,406.62,46140,387,13,2347.6,2022.23,1966.3,Yes,9,No,No,4,Returning
12803,Maya Nasser,Male,18,Ramallah,Jordan,38359.61,Premium,C003,Black Friday,Discount,Display Ads,2025-04-27,2025-05-13,446.46,16929,516,37,4758.29,3887.8,3866.71,Yes,6,Yes,No,2,Returning
10916,Ali Awwad,Female,38,Dubai,Palestine,32408.06,Regular,C001,Summer Sale,Discount,Display Ads,2025-09-20,2025-10-15,228.68,8268,125,20,2958.83,1695.96,2762.51,Yes,15,Yes,No,29,New
10085,Sara Khalil,Male,52,Beirut,Jordan,,Regular,C006,Loyalty Rewards,Retention,Email,2025-02-16,2025-02-27,370.45,98305,5577,262,21048.67,17328.96,22452.3,Yes,8,No,Yes,5,Inactive
11982,Ali Khalil,Male,40,Cairo,Jordan,47253.06,Budget,C005,Holiday Offers,Seasonal,Social Media,2025-10-03,2025-10-10,514.85,95572,3635,269,31865.86,25419.86,35125.49,Yes,3,Yes,No,29,Returning
13003,Maya Wilson,Male,49,Jerusalem,UAE,45762.47,Corporate,C007,Spring Promotion,Seasonal,Social Media,2025-09-21,2025-10-05,759.54,53922,1577,115,16364.53,11977.28,14006.28,Yes,3,No,No,3,Returning
14062,Emma Nasser,Male,41,Ramallah,UAE,37398.93,Regular,C007,Spring Promotion,Seasonal,Google Ads,2025-08-22,2025-09-17,420.66,96991,3835,228,29156.28,19001.33,30520.58,Yes,9,No,No,7,Returning
13506,Adam Khalil,Female,41,Amman,Jordan,77121.65,Premium,C008,Weekend Flash Sale,Discount,Display Ads,2025-02-23,2025-03-14,40.85,57917,747,70,5873.27,4659.05,6617.69,Yes,2,Yes,No,4,Returning
10834,Maya Khalil,Female,45,Hebron,UAE,54508.03,Regular,C007,Spring Promotion,Seasonal,Email,2025-04-30,2025-05-20,484.69,95553,4753,275,41658.9,33939.76,40191.13,Yes,15,Yes,No,18,Returning
13279,Emma Wilson,Female,29,Doha,Egypt,63238.36,Regular,C008,Weekend Flash Sale,Discount,Email,2025-03-04,2025-03-19,384.23,64638,2134,138,26662.35,15157.5,22575.67,Yes,15,Yes,No,0,New
10559,Olivia Awwad,Male,29,Dubai,Egypt,35019.94,Budget,C003,Black Friday,Discount,Google Ads,2025-11-15,2025-12-11,504.68,13126,843,73,11199.07,7310.16,10660.6,Yes,2,No,No,25,Returning
14079,Olivia Davis,Female,18,Cairo,UAE,86044.54,Budget,C001,Summer Sale,Discount,Email,2025-08-09,2025-08-19,489.99,50783,2676,237,22430.28,13725.18,23735.96,YES,14,Yes,Yes,14,New
12483,Maya Wilson,Female,38,Jerusalem,UAE,38917.12,Budget,C008,Weekend Flash Sale,Discount,Email,2025-10-19,2025-11-16,768.67,64797,3141,199,19625.21,12603.05,19491.94,Yes,15,Yes,No,16,New
13095,Emma Nasser,Female,30,Nablus,Palestine,61452.17,Regular,C003,Black Friday,Discount,Google Ads,2025-06-28,2025-07-28,650.81,77041,3016,309,67835.85,45504.29,55527.7,Yes,0,No,No,12,New
12928,Sophia Smith,Male,28,Hebron,Jordan,52008.01,Regular,C005,Holiday Offers,Seasonal,Website,2025-02-13,2025-03-14,345.4,9085,338,28,1758.05,1298.22,2039.4,Yes,9,Yes,No,10,New
10307,Michael Brown,Female,37,Gaza,Palestine,59540.33,Budget,C001,Summer Sale,Discount,Google Ads,2025-07-13,2025-08-07,847.19,51657,2276,196,28626.86,22666.82,29300.18,Yes,10,Yes,No,25,Returning
11687,Daniel Wilson,Female,39,Jerusalem,Egypt,64601.22,Regular,C007,Spring Promotion,Seasonal,Social Media,2025-09-12,2025-10-09,718.08,10372,283,14,2328.73,2092.78,2118.81,Yes,6,No,No,8,New
13294,Noor Miller,Male,29,Beirut,Palestine,50868.12,Regular,C005,Holiday Offers,Seasonal,Email,2025-10-18,2025-11-10,719.25,62794,2630,179,21622.21,15711.21,17662.41,Yes,13,Yes,No,20,Returning
12457,Sophia Davis,Female,30,Hebron,Qatar,34215.49,Regular,C008,Weekend Flash Sale,Discount,Display Ads,2025-10-08,2025-10-20,487.86,2938,27,2,277.3,232.48,263.94,Yes,5,No,No,6,Returning
13829,Yousef Davis,Female,33,Beirut,Lebanon,25651.48,Regular,C004,New Product Launch,Product,Google Ads,2025-08-25,2025-09-05,602.67,32006,1749,180,36694.44,24274.42,30282.34,Yes,4,No,No,27,Returning
10528,Adam Brown,Female,42,Gaza,Lebanon,,Regular,C004,New Product Launch,Product,SMS,2025-05-03,2025-05-13,124.38,20155,1916,89,6495.4,4278.45,5395.59,Yes,6,Yes,No,7,Returning
13977,Sophia Brown,Male,48,Hebron,Jordan,35086.72,Regular,C001,Summer Sale,Discount,Google Ads,2025-05-23,2025-06-20,383.62,72682,2791,172,13714.52,11297.77,13419.52,Yes,5,Yes,No,30,Returning
10454,Ali Smith,Female,38,Ramallah,Qatar,85828.02,Budget,C002,Back to School,Seasonal,SMS,2025-03-13,2025-03-27,671.68,15171,1357,33,1963.51,1243.54,1918.36,Yes,3,No,No,15,Inactive
11002,Daniel Smith,Female,46,Hebron,Qatar,56903.57,Regular,C002,Back to School,Seasonal,Social Media,2025-04-20,2025-05-05,619.57,58102,2620,143,20557.11,14834.53,17445.05,Yes,13,No,No,27,Returning
13070,Sara Smith,Female,57,Doha,Lebanon,69578.01,Regular,C005,Holiday Offers,Seasonal,Social Media,2025-07-05,2025-07-27,602.68,94304,3137,331,39177.1,33959.9,43931.26,Yes,11,No,No,0,Returning
10286,Omar Saleh,FEMALE,23,Cairo,Qatar,,Regular,C006,Loyalty Rewards,Retention,Display Ads,2025-03-04,2025-03-28,515.85,31483,948,92,10519.36,7232.5,9896.69,Yes,14,No,No,0,Inactive
12094,Layla Khalil,Male,18,Gaza,Jordan,65480.4,Budget,C003,Black Friday,Discount,SMS,2025-11-20,2025-12-07,405.24,84966,7602,710,67964.06,56961.99,78020.41,Yes,13,Yes,No,8,Inactive
14028,Olivia Brown,Female,31,Dubai,Palestine,88978.38,Budget,C005,Holiday Offers,Seasonal,Website,2025-02-03,2025-02-21,606.93,55664,1639,65,3929.9,2233.11,3954.88,Yes,10,No,No,22,New
11506,Michael Hassan,Male,40,Dubai,Jordan,62801.0,Regular,C006,Loyalty Rewards,Retention,Website,2025-02-12,2025-02-22,753.78,21186,162,11,1045.39,725.09,1065.34,Yes,7,Yes,No,27,Returning
12617,Michael Wilson,Male,19,Gaza,Jordan,18000.0,Budget,C006,Loyalty Rewards,Retention,Google Ads,2025-04-12,2025-04-21,764.06,54828,2269,219,25517.24,22472.14,21634.87,Yes,11,Yes,No,12,Inactive
11839,Ahmed Awwad,Male,27,Ramallah,Qatar,18000.0,Regular,C003,Black Friday,Discount,Email,2025-07-25,2025-08-20,573.94,56717,3305,245,38801.42,22934.46,44957.77,Yes,8,Yes,No,5,Inactive
13565,Michael Wilson,Male,18,Hebron,Lebanon,43151.53,Regular,C005,Holiday Offers,Seasonal,Google Ads,2025-09-11,2025-09-30,512.98,17565,854,43,6380.97,5350.0,5617.54,Yes,13,Yes,No,19,New
11552,Sophia Hassan,Female,34,Jerusalem,Palestine,42281.91,Regular,C005,Holiday Offers,Seasonal,Social Media,2025-11-13,2025-12-04,539.56,33047,1227,64,7443.69,4441.07,8451.81,Yes,11,No,No,2,New
12649,John Saleh,Female,43,Dubai,Lebanon,18101.06,Regular,C002,Back to School,Seasonal,Email,2025-10-13,2025-10-21,593.61,7330,471,32,5017.82,4409.47,5020.92,Yes,10,No,Yes,11,Inactive
10373,Ahmed Nasser,Female,30,Gaza,Qatar,49801.68,Budget,C003,Black Friday,Discount,Website,2025-01-22,2025-02-16,754.62,24010,394,10,1405.14,939.63,1600.31,Yes,8,Yes,No,16,Returning
13835,Lina Khalil,Female,22,Cairo,Qatar,47877.75,Premium,C002,Back to School,Seasonal,Google Ads,2025-01-23,2025-02-03,479.45,65932,3134,219,19380.02,16782.66,21127.67,Yes,8,No,No,29,Returning
12157,Yousef Davis,Female,37,Dubai,Jordan,73326.83,Regular,C008,Weekend Flash Sale,Discount,Social Media,2025-10-12,2025-11-09,577.78,83947,2947,96,12457.57,7853.89,10180.07,Yes,14,Yes,No,6,New
10294,Olivia Nasser,Male,38,Doha,Qatar,67469.01,Premium,C008,Weekend Flash Sale,Discount,Email,2025-08-15,2025-09-02,544.51,93433,4190,549,105922.22,62841.43,94491.13,Yes,15,Yes,Yes,23,Inactive
10767,Adam Nasser,Male,53,Jerusalem,Lebanon,45952.85,Regular,C005,Holiday Offers,Seasonal,Website,2025-12-06,2025-12-31,533.41,28339,640,56,10571.33,6725.01,8899.43,Yes,0,Yes,No,13,Inactive
14081,Sara Smith,Male,18,,Lebanon,34890.64,Corporate,C002,Back to School,Seasonal,SMS,2025-07-11,2025-08-05,487.55,14402,1274,113,18807.28,15812.12,17816.03,Yes,10,Yes,No,0,New
13931,Michael Nasser,Male,43,Amman,Palestine,23237.27,Budget,C008,Weekend Flash Sale,Discount,Google Ads,2025-10-19,2025-10-30,831.68,28204,1218,94,8433.18,6833.66,8532.82,Yes,1,No,No,10,Returning
13125,Ali Brown,Female,47,Jerusalem,Jordan,65503.8,Corporate,C007,Spring Promotion,Seasonal,Email,2025-01-11,2025-01-24,344.48,21856,1179,114,20590.69,12435.69,16523.67,Yes,12,No,Yes,24,Inactive
12446,Olivia Brown,Female,36,Beirut,Jordan,48945.18,Regular,C002,Back to School,Seasonal,Google Ads,2025-09-20,2025-10-03,597.57,64675,3573,402,28193.91,21430.73,30023.21,Yes,14,No,No,15,New
10740,Sophia Smith,Male,40,Dubai,Lebanon,21343.31,Regular,C001,Summer Sale,Discount,Website,2025-06-24,2025-07-15,433.81,89162,1400,100,8378.02,6453.97,7266.83,Yes,7,Yes,No,29,Returning
10688,Layla Wilson,Female,26,Ramallah,Qatar,50954.58,Regular,C003,Black Friday,Discount,Display Ads,2025-06-03,2025-06-17,417.79,69062,617,55,6404.1,3693.8,5348.5,Yes,13,No,No,18,New
10370,Sara Davis,Female,34,Dubai,Palestine,68313.76,Regular,C005,Holiday Offers,Seasonal,Google Ads,2025-05-11,2025-06-05,515.99,11217,333,39,3352.55,2054.59,3923.31,Yes,0,Yes,No,23,Returning
11493,John Awwad,Male,28,Dubai,Lebanon,73082.67,Regular,C008,Weekend Flash Sale,Discount,Display Ads,2025-08-19,2025-09-14,575.76,35243,661,42,5040.17,4089.9,4720.68,Yes,10,Yes,No,6,New
12125,Sara Brown,Male,46,Nablus,Qatar,36619.08,Premium,C003,Black Friday,Discount,Display Ads,2025-09-02,2025-09-23,686.29,91176,1986,142,5010.5,4463.72,5757.68,Yes,12,No,No,9,Returning
12956,John Nasser,Male,49,Jerusalem,Jordan,50157.7,Premium,C002,Back to School,Seasonal,Email,2025-12-23,2026-01-05,639.85,4014,201,20,2341.51,1800.9,1915.88,Yes,6,Yes,Yes,7,Returning
11564,Ali Nasser,Female,0,Jerusalem,Qatar,38860.44,Regular,C002,Back to School,Seasonal,Social Media,2025-03-20,2025-04-19,20.0,92590,3864,266,26660.31,18857.66,27100.41,Yes,14,No,No,15,New
11988,Adam Nasser,Female,43,Nablus,UAE,18000.0,Premium,C007,Spring Promotion,Seasonal,SMS,2025-09-11,2025-10-11,633.86,76346,7025,312,39817.27,29053.65,43680.36,Yes,9,Yes,No,15,Returning
13997,Noor Awwad,Male,30,Dubai,Egypt,42497.19,Regular,C002,Back to School,Seasonal,Google Ads,2025-11-28,2025-12-18,414.22,62541,2236,61,6351.55,4264.22,7352.44,Yes,3,No,No,19,Inactive
13574,Ahmed Hassan,Female,53,Hebron,Qatar,39529.0,Regular,C004,New Product Launch,Product,Website,2025-04-23,2025-05-18,615.15,90280,2636,120,15021.93,12063.33,12432.53,Yes,10,No,No,4,Inactive
13198,Sophia Smith,Female,24,Jerusalem,Egypt,41456.17,Regular,C002,Back to School,Seasonal,Display Ads,2025-09-05,2025-09-16,714.57,23213,145,9,1340.2,1109.31,1197.42,Yes,6,Yes,No,19,Returning
14045,Layla Saleh,Male,31,Cairo,Palestine,76282.35,Corporate,C006,Loyalty Rewards,Retention,Google Ads,2025-07-02,2025-07-30,808.31,21288,1040,61,4386.45,3073.66,4577.53,Yes,5,Yes,No,25,New
11858,Sara Davis,Male,45,Doha,UAE,87933.16,Corporate,C006,Loyalty Rewards,Retention,Email,2025-10-13,2025-10-28,1001.96,20315,1050,106,10041.84,8906.37,9898.55,Yes,3,No,No,14,Returning
10909,Sara Miller,Male,18,Cairo,Palestine,40879.17,Regular,C003,Black Friday,Discount,Display Ads,2025-03-02,2025-03-15,704.17,47900,1300,112,16095.61,11702.54,15007.89,Yes,5,No,No,22,Returning
10814,Lina Smith,Female,25,Jerusalem,Palestine,42814.09,Budget,C008,Weekend Flash Sale,Discount,SMS,2025-01-04,2025-01-18,698.09,62584,5245,550,70478.07,45324.83,71936.09,Yes,10,No,No,16,New
13400,Emma Saleh,Male,45,Cairo,Qatar,85391.96,Budget,C003,Black Friday,Discount,SMS,2025-07-31,2025-08-20,121.5,60629,6243,671,115328.89,63832.47,120088.09,Yes,11,Yes,No,14,New
10571,Ali Smith,Female,27,Dubai,Jordan,67986.63,Regular,C007,Spring Promotion,Seasonal,Email,2025-12-05,2026-01-01,801.52,20285,945,97,12670.31,9273.68,13515.21,Yes,1,No,No,25,Returning
12423,Sophia Brown,Female,47,Amman,UAE,60857.86,Premium,C005,Holiday Offers,Seasonal,Website,2025-11-09,2025-11-20,454.02,92289,2095,34,4709.08,3487.3,4544.85,Yes,12,No,No,20,New
13623,Emma Brown, male ,24,Gaza,Palestine,89405.54,Premium,C006,Loyalty Rewards,Retention,SMS,2025-03-06,2025-03-29,721.64,71382,5693,487,42788.13,28209.72,34614.84,Yes,9,Yes,No,2,Returning
12792,Maya Awwad,Male,53,Cairo,Egypt,90120.56,Regular,C005,Holiday Offers,Seasonal,Display Ads,2025-08-05,2025-08-28,543.19,14975,176,14,1202.47,810.54,1219.07,Yes,1,No,No,8,Returning
10392,Sara Wilson,Female,34,Beirut,Lebanon,68894.56,Premium,C006,Loyalty Rewards,Retention,Social Media,2025-10-25,2025-11-19,550.38,94170,3628,210,11849.6,9772.08,10494.42,Yes,7,No,No,9,New
11147,John Davis,Male,37,Ramallah,UAE,57743.83,Regular,C004,New Product Launch,Product,Google Ads,2025-08-21,2025-08-31,474.56,19709,1073,123,12954.32,9051.32,15232.4,Yes,13,No,No,2,New
11066,Olivia Saleh,Female,26,Ramallah,UAE,42180.03,Budget,C007,Spring Promotion,Seasonal,Website,2025-10-14,2025-11-06,447.62,52244,1802,221,29417.69,20710.88,25770.83,Yes,8,No,No,20,Returning
14011,Sophia Hassan,Male,48,Cairo,Jordan,32579.31,Regular,C008,Weekend Flash Sale,Discount,Social Media,2025-12-27,2026-01-19,332.76,69855,1344,136,17190.61,13946.29,17006.75,Yes,3,Yes,No,14,Returning
13026,Sara Miller,Female,45,Ramallah,Palestine,67980.44,Regular,C005,Holiday Offers,Seasonal,Email,2025-09-25,2025-10-06,757.44,15932,759,91,13431.31,11106.64,10892.73,Yes,11,Yes,Yes,9,Returning
11165,Sophia Awwad,Female,42,Gaza,Jordan,104787.63,Regular,C008,Weekend Flash Sale,Discount,Email,2025-03-04,2025-03-28,812.01,46198,2577,141,8420.16,5964.26,8374.18,Yes,2,No,Yes,18,New
12768,John Wilson,Male,32,Jerusalem,Egypt,51189.99,Regular,C008,Weekend Flash Sale,Discount,Display Ads,2025-08-18,2025-08-29,812.08,95902,1244,88,2947.7,2264.59,2457.55,Yes,10,Yes,No,25,Returning
13173,Noor Brown,Female,29,Cairo,Palestine,73263.62,Corporate,C008,Weekend Flash Sale,Discount,Display Ads,2025-05-23,2025-06-19,765.31,12103,138,4,605.04,496.17,619.86,Yes,5,Yes,No,18,Returning
12531,Sara Davis,Male,39,Hebron,Egypt,38117.34,Regular,C001,Summer Sale,Discount,Website,2025-09-25,2025-10-08,742.18,98877,2643,130,22773.6,16764.8,19779.24,Yes,15,Yes,No,3,Returning
10156,Yousef Saleh,Male,35,Beirut,Qatar,74500.13,Premium,C006,Loyalty Rewards,Retention,SMS,2025-10-29,2025-11-06,398.9,64918,6229,767,45568.74,25446.49,41545.39,Yes,0,No,No,13,New
12600,John Nasser,Male,32,Ramallah,Palestine,62496.03,Regular,C005,Holiday Offers,Seasonal,Social Media,2025-04-04,2025-04-19,746.81,12247,423,21,3643.98,2219.97,4120.23,Yes,4,No,No,30,Returning
12665,Maya Awwad,Male,48,Gaza,Qatar,96011.24,Premium,C003,Black Friday,Discount,SMS,2025-06-15,2025-06-30,933.59,49719,4736,198,21524.26,16335.87,22635.08,Yes,3,Yes,No,6,New
11938,Olivia Davis,Female,46,Ramallah,UAE,27176.86,Premium,C008,Weekend Flash Sale,Discount,Website,2025-07-28,2025-08-06,807.91,63961,2412,234,16498.54,14191.29,15917.97,Yes,0,No,No,20,New
12205,Sara Saleh,Male,42,Gaza,Egypt,38435.71,Regular,C002,Back to School,Seasonal,Display Ads,2025-09-14,2025-09-27,417.68,19160,38,3,380.14,335.82,328.67,Yes,11,Yes,No,25,New
13701,Omar Awwad,Female,24,Beirut,UAE,77140.01,Budget,C003,Black Friday,Discount,Email,2025-01-31,2025-02-22,437.44,36322,1717,221,38280.6,23904.85,37718.15,Yes,8,No,Yes,11,Returning
14181,Layla Awwad,Male,38,Cairo,Egypt,,Premium,C002,Back to School,Seasonal,SMS,2025-12-24,2026-01-03,460.1,18804,1679,151,15524.96,13741.08,14752.34,Yes,8,No,No,6,Returning
12608,Daniel Nasser,Female,41,Gaza,Jordan,37365.02,Budget,C006,Loyalty Rewards,Retention,Google Ads,2025-04-18,2025-05-09,105.34,79079,2828,83,6245.98,4848.47,5607.43,Yes,10,Yes,No,29,Returning
10017,Olivia Awwad,Male,57,Jerusalem,Qatar,40972.68,Regular,C008,Weekend Flash Sale,Discount,SMS,2025-10-03,2025-10-12,1037.81,85578,7820,745,77450.55,60803.68,71534.99,Yes,2,Yes,No,28,Returning
11012,Emma Brown,Female,18,Dubai,Jordan,36567.49,Budget,C001,Summer Sale,Discount,Email,2025-08-25,2025-09-12,611.31,25795,1360,69,5765.7,5030.51,6176.22,Yes,14,Yes,No,24,New
12932,Adam Khalil,Female,36,Hebron,Jordan,42741.01,Corporate,C006,Loyalty Rewards,Retention,Email,2025-05-24,2025-06-15,93.87,92780,5842,512,88263.26,75418.37,75361.08,Yes,6,Yes,No,20,Returning
14099,Olivia Hassan,Male,27,Beirut,Lebanon,56406.58,Budget,C003,Black Friday,Discount,Email,2025-10-29,2025-11-09,153.06,98276,6082,511,40293.9,29538.57,44406.48,Yes,2,Yes,No,27,New
12248,Adam Awwad,Female,33,Cairo,Qatar,34311.31,Premium,C007,Spring Promotion,Seasonal,Display Ads,2025-12-11,2026-01-07,764.55,7297,87,7,778.61,502.91,882.7,Yes,10,No,No,27,Inactive
13823,Olivia Smith,Male,60,Hebron,Palestine,47720.85,Regular,C007,Spring Promotion,Seasonal,Website,2025-08-18,2025-09-04,543.01,1176,34,3,301.07,225.84,334.62,Yes,12,Yes,No,10,New
10208,Noor Brown,Male,42,Hebron,Jordan,40356.45,Regular,C005,Holiday Offers,Seasonal,Email,2025-11-17,2025-12-14,1079.38,13178,714,46,7525.14,6601.59,6146.11,Yes,0,Yes,No,18,Returning
12052,Noor Khalil,Female,33,Hebron,UAE,91843.52,Budget,C006,Loyalty Rewards,Retention,Website,2025-05-02,2025-05-11,938.14,79138,1551,105,9038.64,5366.14,9017.17,Yes,14,Yes,No,20,Returning
10498,Omar Brown,Female,37,Ramallah,Jordan,44387.79,Premium,C008,Weekend Flash Sale,Discount,Email,2025-06-04,2025-06-30,435.45,82575,4386,457,25534.0,21639.43,29371.53,Yes,13,Yes,No,17,New
13291,Sara Miller,Female,40,Hebron,Egypt,62527.7,Budget,C001,Summer Sale,Discount,SMS,2025-07-16,2025-08-06,555.57,56612,4290,480,92612.22,76314.8,78460.14,Yes,3,No,No,20,Inactive
13720,Daniel Miller,Male,49,Ramallah,Palestine,65326.37,Premium,C002,Back to School,Seasonal,Website,2025-04-10,2025-05-05,511.39,17012,218,28,4133.64,3171.73,3785.26,Yes,8,No,No,13,Returning
11524,Noor Hassan,Male,42,Nablus,Jordan,32026.52,Regular,C007,Spring Promotion,Seasonal,Website,2025-11-30,2025-12-18,532.01,41288,606,53,5726.31,3836.71,4955.8,Yes,4,Yes,No,15,New
13022,Ahmed Davis,Male,19,Nablus,Jordan,57380.91,Regular,C001,Summer Sale,Discount,SMS,2025-06-26,2025-07-09,232.41,26763,2281,198,19689.1,14107.31,21313.54,Yes,6,Yes,No,10,New
13829,Daniel Miller,Female,30,Beirut,UAE,32407.56,Regular,C003,Black Friday,Discount,Email,2025-08-21,2025-08-29,20.0,65502,3535,223,41798.19,32116.56,41668.45,Yes,7,No,No,22,New
11959,Olivia Smith,Female,33,Hebron,Qatar,58404.0,Regular,C001,Summer Sale,Discount,Google Ads,2025-01-06,2025-01-15,527.84,47408,1857,149,14320.83,8850.86,13304.28,Yes,0,Yes,No,4,New
12949,Omar Awwad,Male,37,Hebron,UAE,73423.55,Regular,C005,Holiday Offers,Seasonal,Display Ads,2025-03-31,2025-04-17,409.4,73180,1419,56,8228.46,6953.12,6698.58,Yes,7,Yes,No,6,New
10829,Ahmed Hassan,Female,30,Ramallah,UAE,69777.4,Corporate,C005,Holiday Offers,Seasonal,SMS,2025-05-03,2025-05-21,570.22,49304,3791,316,34275.56,20273.06,37789.09,Yes,5,No,No,28,Returning
11072,Adam Saleh,Female,46,Amman,UAE,18000.0,Regular,C004,New Product Launch,Product,Email,2025-11-12,2025-12-07,433.52,25285,1624,197,4782.51,3099.19,4706.37,Yes,9,No,Yes,1,Returning
11036,Olivia Saleh,Male,37,Doha,Lebanon,64133.58,Regular,C003,Black Friday,Discount,Website,2025-07-18,2025-08-14,193.36,98952,1748,199,16835.31,11155.72,18941.91,Yes,11,No,No,16,Returning
13063,Olivia Wilson,Female,41,Gaza,Egypt,45364.3,Regular,C001,Summer Sale,Discount,Social Media,2025-04-23,2025-05-06,679.41,59755,2335,322,32076.42,27619.34,36488.04,Yes,7,No,No,6,New
11288,Emma Nasser, male ,26,Jerusalem,Palestine,31380.72,Regular,C006,Loyalty Rewards,Retention,Social Media,2025-10-26,2025-11-03,390.87,61481,2399,166,22770.18,15782.77,22550.69,Yes,10,No,No,14,Returning
14076,Daniel Nasser,Female,39,Nablus,Jordan,53901.93,Regular,C005,Holiday Offers,Seasonal,Display Ads,2025-02-08,2025-02-26,768.58,11302,248,15,1287.46,810.73,1264.69,Yes,9,Yes,No,25,New
10972,Ali Smith,Male,49,Cairo,Jordan,60093.03,Regular,C006,Loyalty Rewards,Retention,Google Ads,2025-06-04,2025-07-04,535.14,90092,4298,380,35178.87,21045.86,38828.99,Yes,8,Yes,No,22,Returning
12140,Ahmed Nasser,Female,50,Amman,Qatar,18000.0,Corporate,C001,Summer Sale,Discount,SMS,2025-12-01,2025-12-24,287.55,20066,1886,18,2796.65,1743.59,3096.37,Yes,12,Yes,No,7,Returning
11915,Michael Wilson,Female,51,Ramallah,UAE,33962.66,Budget,C007,Spring Promotion,Seasonal,Display Ads,2025-08-02,2025-08-15,-751.39,57998,115,7,411.06,351.79,380.53,Yes,14,Yes,No,11,New
12504,Ahmed Wilson,Female,34,Amman,Jordan,32697.05,Regular,C007,Spring Promotion,Seasonal,Display Ads,2025-10-03,2025-10-19,649.37,43239,1503,192,14295.09,12751.72,16620.66,Yes,0,Yes,No,29,New
12706,John Brown,Male,49,Dubai,Palestine,43766.22,Regular,C004,New Product Launch,Product,SMS,2025-02-25,2025-03-14,635.27,75147,5788,538,111430.35,87607.65,95362.08,Yes,14,No,No,2,New
11456,Omar Miller,Female,43,Nablus,Jordan,81397.74,Regular,C007,Spring Promotion,Seasonal,Google Ads,2025-04-16,2025-04-30,-383.08,38655,1395,110,7207.12,3991.78,6613.74,Yes,2,No,No,1,Returning
12677,Sophia Brown,Male,18,Ramallah,Jordan,57152.02,Regular,C008,Weekend Flash Sale,Discount,Display Ads,2025-02-05,2025-02-24,718.66,27563,495,36,2575.0,2055.84,2995.66,Yes,4,Yes,No,9,Returning
13890,Maya Miller,Female,43,Beirut,Jordan,57215.41,Regular,C008,Weekend Flash Sale,Discount,Google Ads,2025-04-14,2025-04-21,551.21,19202,846,34,3220.75,2681.75,3009.45,Yes,14,Yes,No,26,Returning
12695,Olivia Wilson,Female,42,Beirut,Palestine,18000.0,Budget,C005,Holiday Offers,Seasonal,Display Ads,2025-08-22,2025-09-09,705.97,92291,1633,133,17589.53,14906.17,16155.29,Yes,9,No,No,19,Returning
13401,Noor Hassan,Female,32,Doha,Qatar,78615.71,Corporate,C003,Black Friday,Discount,Display Ads,2025-10-19,2025-10-29,220.59,52083,1071,91,10895.56,7036.59,11378.95,Yes,1,Yes,No,28,Inactive
12392,Ali Saleh,Female,29,Dubai,Egypt,41514.12,Premium,C006,Loyalty Rewards,Retention,Email,2025-02-23,2025-03-18,157.69,43231,2558,63,12444.1,6960.62,11352.36,Yes,13,Yes,Yes,16,New
13784,John Smith,Female,36,Hebron,Qatar,31716.86,Premium,C005,Holiday Offers,Seasonal,Email,2025-12-30,2026-01-10,-772.71,43375,2144,112,9690.57,7750.07,11326.78,Yes,14,Yes,Yes,17,Returning
13586,Lina Wilson,Female,50,Jerusalem,Jordan,76286.18,Budget,C002,Back to School,Seasonal,Social Media,2025-05-31,2025-06-10,918.72,70578,2409,264,41867.7,23191.51,37327.66,Yes,12,Yes,No,2,Returning
12239,Lina Wilson,Female,25,Jerusalem,Jordan,73128.4,Budget,C004,New Product Launch,Product,SMS,2025-12-23,2025-12-31,318.73,83703,7758,567,46108.25,26205.41,50934.27,Yes,3,No,No,22,New
10039,Omar Brown,Male,36,Hebron,UAE,75710.94,Corporate,C004,New Product Launch,Product,Email,2025-01-09,2025-01-29,674.2,4162,191,19,2639.98,2337.86,2707.56,Yes,0,Yes,Yes,21,New
10792,Maya Hassan,Male,21,Dubai,Egypt,47526.15,Premium,C006,Loyalty Rewards,Retention,Google Ads,2025-10-15,2025-11-11,460.6,25344,1147,95,14233.42,8986.17,12241.1,Yes,6,No,No,30,Returning
10868,Emma Smith,Male,44,Nablus,Qatar,73979.42,Budget,C001,Summer Sale,Discount,SMS,2025-04-19,2025-05-10,584.03,29348,2618,242,23830.23,13473.1,20872.15,Yes,2,No,No,20,Returning
11791,Sophia Nasser,Female,20,Ramallah,Lebanon,61326.64,Regular,C003,Black Friday,Discount,Google Ads,2025-02-18,2025-03-16,917.51,43013,1254,102,9581.95,7824.63,8346.02,Yes,12,Yes,No,10,New
12605,Olivia Khalil,Female,30,Nablus,Egypt,29474.92,Corporate,C008,Weekend Flash Sale,Discount,SMS,2025-09-19,2025-10-16,524.07,97731,8144,495,58126.46,47409.65,58237.53,Yes,7,Yes,No,7,New
11017,Layla Saleh,Female,40,Hebron,Egypt,59802.73,Premium,C003,Black Friday,Discount,Google Ads,2025-09-13,2025-09-29,472.78,26978,1140,103,13302.36,8424.68,13495.39,Yes,4,No,No,6,Returning
13636,Daniel Hassan,Female,35,Amman,Lebanon,41883.79,Budget,C001,Summer Sale,Discount,Website,2025-08-01,2025-08-28,717.85,38308,868,57,6461.85,4329.15,5384.0,Yes,0,Yes,No,27,Returning
11687,Omar Saleh,Male,44,Beirut,Qatar,47239.74,Regular,C003,Black Friday,Discount,SMS,2025-11-19,2025-11-26,597.85,8969,836,80,8458.74,6530.39,6888.17,YES,15,Yes,No,30,New
11160,Adam Hassan,Male,23,Jerusalem,Egypt,77135.94,Regular,C004,New Product Launch,Product,Social Media,2025-09-17,2025-09-26,269.8,56368,2974,238,26917.3,17111.97,27612.43,Yes,14,No,No,5,Returning
11446,Noor Nasser,Female,40,Beirut,Qatar,60622.81,Corporate,C004,New Product Launch,Product,Google Ads,2025-09-04,2025-09-13,660.9,47631,2597,109,18163.44,12677.06,14787.46,Yes,12,No,No,5,Returning
13551,Lina Wilson,Male,44,Dubai,Qatar,47327.17,Budget,C005,Holiday Offers,Seasonal,Website,2025-10-03,2025-10-14,686.02,72963,2058,120,17720.62,12559.69,18635.12,Yes,5,No,No,12,Returning
13074,Olivia Khalil,Female,35,Jerusalem,Lebanon,56311.73,Regular,C003,Black Friday,Discount,Social Media,2025-01-03,2025-01-10,762.18,66127,2353,177,19903.0,17496.72,19836.37,Yes,11,No,No,12,Inactive
13057,John Wilson,Female,39,Beirut,Palestine,48985.54,Regular,C001,Summer Sale,Discount,Email,2025-07-17,2025-08-11,520.04,21781,963,83,16149.87,12964.89,14792.98,Yes,6,No,No,24,Inactive
14175,Olivia Smith,Male,50,Dubai,Qatar,52269.14,Budget,C004,New Product Launch,Product,SMS,2025-01-18,2025-02-05,768.0,83200,7843,824,124652.42,109755.56,125254.5,Yes,0,Yes,No,8,Returning
11208,Yousef Saleh,Male,39,Nablus,Palestine,65948.12,Budget,C007,Spring Promotion,Seasonal,SMS,2025-12-28,2026-01-22,516.0,11031,973,50,6701.05,4278.65,6077.77,Yes,6,No,No,5,Returning
12476,John Miller,Female,25,Dubai,Lebanon,39935.43,Budget,C002,Back to School,Seasonal,Display Ads,2025-10-21,2025-11-08,384.6,19205,324,28,4116.56,3271.24,4545.16,Yes,8,Yes,No,29,Returning
10053,Maya Wilson,Male,36,Ramallah,Palestine,50244.92,Budget,C007,Spring Promotion,Seasonal,Website,2025-08-02,2025-08-29,198.98,38293,938,81,6097.35,4856.03,5761.91,Yes,13,Yes,No,5,Returning
11623,Olivia Hassan,Male,47,Doha,Egypt,52153.23,Budget,C003,Black Friday,Discount,Social Media,2025-01-31,2025-03-02,460.08,24450,1490,222,27551.08,19403.0,24703.76,Yes,6,No,No,28,Inactive
10895,Maya Khalil,Female,18,Ramallah,Qatar,86425.68,Premium,C002,Back to School,Seasonal,Google Ads,2025-01-16,2025-02-10,612.25,31273,1757,120,13052.01,7222.03,11763.88,Yes,15,No,No,21,Returning
12180,Ahmed Miller,Male,22,Ramallah,Jordan,18000.0,Regular,C001,Summer Sale,Discount,SMS,2025-11-05,2025-11-28,55.93,35343,3423,188,24570.56,17206.98,22574.52,Yes,15,No,No,24,New
13038,Daniel Smith,Male,35,Amman,Lebanon,55379.08,Regular,C001,Summer Sale,Discount,Google Ads,2025-06-19,2025-06-29,190.0,904,39,3,256.8,224.38,302.09,Yes,14,No,No,23,Returning
10211,Sara Davis,Female,28,Hebron,UAE,64383.04,Regular,C008,Weekend Flash Sale,Discount,Website,2025-07-31,2025-08-28,281.07,25133,693,58,6647.87,5688.6,6301.55,YES,0,No,No,0,Returning
12667,Michael Saleh,Female,22,Dubai,Lebanon,28186.53,Regular,C002,Back to School,Seasonal,Google Ads,2025-08-08,2025-08-30,476.57,86789,4916,512,59423.96,47490.42,50748.04,Yes,3,No,No,9,Returning
14134,Omar Hassan,Female,28,Ramallah,UAE,19559.38,Budget,C008,Weekend Flash Sale,Discount,Social Media,2025-08-17,2025-08-27,561.02,63698,2282,322,38371.18,33784.81,36778.92,Yes,7,Yes,No,6,New
10733,Sara Brown,Male,38,Jerusalem,UAE,25739.21,Corporate,C005,Holiday Offers,Seasonal,Social Media,2025-05-12,2025-06-09,187.35,62929,2347,148,16887.48,13575.76,14341.23,Yes,3,Yes,No,29,Returning
10741,Daniel Saleh,Male,47,Amman,Qatar,46043.72,Corporate,C007,Spring Promotion,Seasonal,Display Ads,2025-11-25,2025-12-19,110.36,57773,678,38,5081.89,2950.99,4997.15,Yes,7,Yes,No,8,New
10731,Daniel Miller,Male,46,Ramallah,Egypt,49575.46,Regular,C006,Loyalty Rewards,Retention,SMS,2025-10-23,2025-11-22,341.1,720,64,6,768.96,650.92,624.48,Yes,9,Yes,No,18,Returning
13471,Daniel Smith,Male,34,Cairo,Lebanon,49119.47,Regular,C004,New Product Launch,Product,Email,2025-07-22,2025-07-29,602.16,71055,3315,148,12737.15,9233.69,14168.14,Yes,14,Yes,No,9,Returning
13734,Lina Miller,Female,26,Jerusalem,Lebanon,60753.39,Budget,C001,Summer Sale,Discount,Website,2025-06-13,2025-06-29,322.96,66347,1916,126,18316.59,13140.3,14865.2,Yes,3,No,No,27,Returning
11768,Olivia Nasser,Female,42,Nablus,UAE,47576.55,Regular,C004,New Product Launch,Product,Display Ads,2025-04-26,2025-05-25,501.73,96933,1944,141,16912.93,11621.43,14608.11,Yes,1,Yes,No,27,Returning
11305,Ahmed Davis,Female,28,Amman,Qatar,38963.99,Budget,C006,Loyalty Rewards,Retention,SMS,2025-07-20,2025-07-29,705.2,69685,5796,209,7036.12,5596.45,7698.57,Yes,9,No,No,22,Inactive
13226,Sara Hassan,Female,26,Beirut,Palestine,64245.06,Budget,C005,Holiday Offers,Seasonal,SMS,2025-12-02,2025-12-14,644.09,76149,6874,143,22721.76,19632.2,20503.05,YES,4,No,No,22,Returning
11719,Adam Saleh,Male,37,Amman,Lebanon,33478.77,Budget,C002,Back to School,Seasonal,Display Ads,2025-03-17,2025-04-05,389.23,56482,916,52,5573.12,3989.55,5807.78,Yes,5,Yes,No,3,Returning
10430,Sara Davis,Female,31,Beirut,Qatar,52772.88,Corporate,C007,Spring Promotion,Seasonal,Social Media,2025-01-18,2025-01-28,412.02,32069,1020,45,6956.95,6150.6,5599.14,Yes,12,No,No,9,Returning
13076,Ali Wilson,Female,50,Gaza,Lebanon,44820.8,Budget,C006,Loyalty Rewards,Retention,Email,2025-03-03,2025-03-13,416.31,11331,731,26,3294.4,2488.58,2688.81,Yes,3,Yes,No,16,New
13929,Yousef Khalil,Male,49,Dubai,Qatar,63656.35,Corporate,C007,Spring Promotion,Seasonal,Google Ads,2025-10-20,2025-10-31,727.94,13533,587,37,2393.88,1982.92,2412.25,Yes,10,Yes,No,22,Inactive
11515,John Awwad,Female,39,Cairo,Egypt,35481.32,Budget,C008,Weekend Flash Sale,Discount,Email,2025-09-23,2025-10-18,438.81,71145,3660,422,41154.2,25237.09,43549.73,Yes,3,No,Yes,21,Inactive
11475,Ahmed Davis,Female,46,Amman,Palestine,30308.62,Premium,C004,New Product Launch,Product,Display Ads,2025-03-24,2025-04-02,739.99,74227,2291,240,22090.29,16063.0,23711.31,Yes,8,Yes,No,2,Inactive
12979,Maya Brown,Male,51,Hebron,UAE,52388.62,Premium,C005,Holiday Offers,Seasonal,Display Ads,2025-10-01,2025-10-22,255.81,18831,289,30,4060.02,3649.47,4654.41,Yes,15,No,No,16,Inactive
14183,Adam Khalil,Male,20,Hebron,Palestine,65644.29,Regular,C005,Holiday Offers,Seasonal,Social Media,2025-03-10,2025-04-05,400.57,72861,2128,157,12152.46,9330.77,13717.58,Yes,6,No,No,8,New
10610,Yousef Nasser,Female,24,Jerusalem,Qatar,54181.63,Regular,C005,Holiday Offers,Seasonal,Display Ads,2025-08-06,2025-09-04,645.8,19275,419,30,2781.22,2498.58,2602.5,YES,6,Yes,No,20,Returning
11579,Emma Miller,Male,37,Dubai,Jordan,72930.13,Regular,C007,Spring Promotion,Seasonal,SMS,2025-01-14,2025-02-09,258.58,32940,2598,220,16071.56,12686.77,13927.68,Yes,2,No,No,3,Returning
13333,Ali Smith,Male,40,Amman,UAE,52553.31,Budget,C003,Black Friday,Discount,Social Media,2025-05-21,2025-05-28,447.13,13338,532,66,3511.61,2893.41,3732.61,Yes,12,Yes,No,12,Inactive
11012,Maya Davis,Female,39,Beirut,Qatar,58159.65,Premium,C006,Loyalty Rewards,Retention,Display Ads,2025-10-20,2025-11-05,485.9,72791,236,12,1678.47,1109.97,1605.24,Yes,8,Yes,No,28,New
13192,Maya Smith,Female,43,Doha,Egypt,,Premium,C001,Summer Sale,Discount,Display Ads,2025-09-20,2025-10-19,380.95,20880,628,57,8887.28,5719.67,8683.41,Yes,4,Yes,No,12,Returning
13033,Noor Miller,Female,31,Doha,Jordan,73029.37,Regular,C006,Loyalty Rewards,Retention,SMS,2025-09-15,2025-10-01,594.45,36652,3707,375,48493.66,28147.17,48107.77,Yes,13,Yes,No,9,Returning
12504,Sophia Smith, male ,34,Ramallah,Palestine,44757.51,Budget,C002,Back to School,Seasonal,Social Media,2025-10-22,2025-10-30,336.76,11586,354,48,8488.92,7527.62,7689.95,Yes,9,No,No,25,Inactive
13474,Lina Wilson,Female,42,Cairo,Lebanon,41738.14,Corporate,C002,Back to School,Seasonal,SMS,2025-01-08,2025-02-03,722.08,25427,2000,173,15414.97,10339.92,14778.88,Yes,0,No,No,22,Returning
10347,Michael Hassan,Male,26,Jerusalem,Palestine,18000.0,Regular,C003,Black Friday,Discount,Website,2025-06-30,2025-07-08,276.96,55907,1424,154,22919.59,13514.12,22280.35,Yes,15,No,No,5,Returning
12047,Sara Nasser,Female,33,Doha,UAE,48945.03,Regular,C001,Summer Sale,Discount,Display Ads,2025-11-20,2025-12-15,240.54,52092,1337,125,17265.47,13381.44,15128.61,Yes,6,No,No,29,Inactive
10291,Michael Miller,Female,52,Nablus,UAE,66851.07,Premium,C008,Weekend Flash Sale,Discount,Google Ads,2025-06-02,2025-06-20,374.3,14546,438,46,6777.99,4681.72,5606.47,Yes,0,No,No,28,Returning
10073,Sara Brown,FEMALE,32,Hebron,Palestine,41093.76,Regular,C003,Black Friday,Discount,SMS,2025-03-05,2025-03-27,368.67,1405,130,15,560.26,381.54,470.09,Yes,4,No,No,7,Returning
12986,Sophia Hassan,Female,45,Ramallah,Qatar,48351.04,Budget,C008,Weekend Flash Sale,Discount,Social Media,2025-03-13,2025-03-31,427.63,98422,3521,266,34686.39,27687.61,33935.11,Yes,13,Yes,No,11,Inactive
10907,Adam Nasser,Male,41,Jerusalem,Qatar,39982.93,Regular,C006,Loyalty Rewards,Retention,Email,2025-03-24,2025-04-21,372.26,26582,1926,187,15168.5,11263.27,17503.48,Yes,15,No,No,3,Returning
11044,Daniel Brown,Female,42,Jerusalem,Palestine,21219.06,Corporate,C001,Summer Sale,Discount,Social Media,2025-03-21,2025-04-08,629.5,66036,2528,269,34295.7,22969.52,30144.82,Yes,0,Yes,No,1,Returning
10066,Sophia Wilson,Female,36,Gaza,Qatar,68839.11,Premium,C007,Spring Promotion,Seasonal,Social Media,2025-11-13,2025-11-24,568.44,96084,2895,263,13824.44,11784.76,12850.78,Yes,5,Yes,No,8,Returning
12027,Sophia Saleh,Female,23,Ramallah,Lebanon,61239.45,Budget,C003,Black Friday,Discount,Social Media,2025-10-30,2025-11-26,516.94,83662,3904,137,17767.25,10010.57,16349.93,Yes,4,Yes,No,3,New
11575,Lina Brown,Male,42,Beirut,Jordan,36106.2,Premium,C001,Summer Sale,Discount,SMS,2025-07-28,2025-08-20,1193.45,40666,4103,530,39458.5,22549.44,40109.19,Yes,7,Yes,No,10,Returning
13499,Omar Nasser,Male,20,Gaza,UAE,56623.29,Regular,C006,Loyalty Rewards,Retention,Display Ads,2025-08-03,2025-08-17,472.09,42422,586,55,5271.56,4117.88,4734.98,Yes,1,Yes,No,1,New
12635,Adam Nasser,Female,18,Gaza,Egypt,46517.25,Premium,C003,Black Friday,Discount,Google Ads,2025-09-09,2025-09-27,45.68,44315,1293,132,17529.38,13831.32,15311.47,Yes,9,Yes,No,3,Returning
11068,Daniel Smith,Female,35,Beirut,Egypt,45170.0,Regular,C004,New Product Launch,Product,Display Ads,2025-05-22,2025-06-04,506.44,77088,1755,128,15485.08,11928.86,13509.16,Yes,12,Yes,No,28,New
10986,Omar Miller,Male,26,Hebron,Lebanon,54438.34,Regular,C002,Back to School,Seasonal,Email,2025-10-07,2025-11-02,199.29,45444,2505,235,33283.26,20095.94,31898.87,Yes,9,No,No,6,Returning
11048,Adam Brown,Female,27,Cairo,UAE,52718.75,,C008,Weekend Flash Sale,Discount,Display Ads,2025-03-02,2025-03-22,846.59,9374,115,7,710.36,515.97,812.05,Yes,15,No,No,16,Inactive
10180,Maya Miller,Female,25,Jerusalem,UAE,58576.24,Premium,C001,Summer Sale,Discount,Display Ads,2025-04-08,2025-05-08,394.22,52600,913,57,8092.29,5893.19,7943.86,Yes,15,Yes,No,5,Returning
13197,John Miller,Female,35,Hebron,Jordan,45062.96,Premium,C004,New Product Launch,Product,Website,2025-12-23,2025-12-30,228.24,67713,2605,352,23793.63,15554.55,26655.07,Yes,14,No,No,9,Inactive
12200,Sara Hassan,Male,27,Nablus,Egypt,50323.6,Regular,C001,Summer Sale,Discount,Display Ads,2025-03-17,2025-04-01,689.69,17928,551,57,3849.95,3450.86,3729.63,Yes,8,Yes,No,20,Inactive
11721,Sara Awwad,Female,53,Beirut,UAE,52964.55,Regular,C005,Holiday Offers,Seasonal,Display Ads,2025-03-10,2025-03-30,692.2,80648,829,37,4612.51,2553.68,4215.63,Yes,9,No,No,1,Returning
12913,Noor Nasser,Male,18,Gaza,Palestine,60393.66,Regular,C002,Back to School,Seasonal,Display Ads,2025-12-19,2026-01-07,654.15,86198,2194,148,28118.61,18656.47,31599.91,Yes,8,Yes,No,26,Returning
11671,John Hassan,Female,51,Hebron,Lebanon,25608.2,Budget,C006,Loyalty Rewards,Retention,Social Media,2025-09-03,2025-09-12,527.31,65506,2416,154,19391.77,11860.76,21535.74,Yes,5,No,No,5,Returning
14019,Maya Nasser,Male,52,Gaza,Jordan,63075.44,Budget,C007,Spring Promotion,Seasonal,Display Ads,2025-11-08,2025-11-21,664.98,9603,246,17,2332.01,2024.64,2121.16,Yes,4,Yes,No,13,New
13298,Sara Davis,Male,31,,Egypt,41184.79,Premium,C007,Spring Promotion,Seasonal,Email,2025-02-26,2025-03-05,298.86,84973,5192,590,64494.64,49634.08,55956.74,Yes,1,Yes,No,8,New
10111,Ahmed Khalil,Female,19,Ramallah,Jordan,,Premium,C008,Weekend Flash Sale,Discount,Social Media,2025-06-07,2025-06-24,420.11,63271,1988,165,6711.54,4319.61,7381.94,Yes,4,Yes,No,1,Returning
11009,Ahmed Awwad,Male,32,Cairo,UAE,48490.61,Premium,C007,Spring Promotion,Seasonal,Social Media,2025-01-01,2025-01-15,419.99,3645,115,14,1411.7,1100.25,1634.34,Yes,7,No,No,12,New
11851,John Khalil,Female,50,Jerusalem,Palestine,50962.26,Regular,C005,Holiday Offers,Seasonal,Google Ads,2025-02-09,2025-03-07,750.7,44241,2295,189,17322.03,10041.26,19172.6,Yes,3,No,No,29,Inactive
10356,Lina Hassan,Female,37,Cairo,UAE,62513.11,Regular,C007,Spring Promotion,Seasonal,Social Media,2025-12-08,2026-01-05,299.51,40026,1579,118,9649.24,8401.42,8536.71,Yes,9,No,No,28,New
13024,Yousef Khalil, male ,42,Jerusalem,Lebanon,44381.89,Premium,C003,Black Friday,Discount,SMS,2025-08-17,2025-09-16,169.95,63209,5621,461,39307.66,31617.03,40448.46,Yes,2,Yes,No,18,Returning
11186,Ali Smith,Male,49,Jerusalem,Qatar,46123.39,Regular,C008,Weekend Flash Sale,Discount,SMS,2025-09-04,2025-10-03,351.23,54756,5390,400,35356.71,30850.91,30678.89,Yes,10,Yes,No,25,Inactive
13140,Sophia Davis,Female,53,Cairo,Egypt,27451.69,Regular,C004,New Product Launch,Product,SMS,2025-02-12,2025-03-09,446.61,94206,9706,667,29885.12,20220.22,32582.71,Yes,13,Yes,No,22,New
11666,Ahmed Smith,Female,23,Jerusalem,Palestine,24731.61,Premium,C006,Loyalty Rewards,Retention,Google Ads,2025-03-13,2025-03-29,870.56,60844,2796,170,25952.35,16313.79,25500.13,Yes,4,No,No,7,New
11129,Sara Hassan,Female,27,Nablus,Lebanon,84811.75,Corporate,C006,Loyalty Rewards,Retention,Email,2025-12-26,2026-01-05,735.48,87367,4635,371,51212.48,34713.64,59180.52,Yes,2,Yes,No,5,New
10648,Noor Khalil,Male,37,Beirut,Qatar,54237.37,Premium,C003,Black Friday,Discount,SMS,2025-03-13,2025-04-12,556.37,69633,6304,63,8999.36,6348.07,8310.98,Yes,9,No,No,13,Returning
10109,Layla Khalil,Male,40,Nablus,Lebanon,60609.75,Premium,C003,Black Friday,Discount,Website,2025-03-24,2025-03-31,585.44,52455,673,6,756.44,484.36,670.09,Yes,13,No,No,17,Returning
14112,Layla Saleh,Female,27,Jerusalem,UAE,54378.61,Corporate,C007,Spring Promotion,Seasonal,Social Media,2025-04-19,2025-05-08,445.04,81639,1421,169,25170.89,20416.07,21320.68,Yes,1,Yes,No,12,New
10633,Michael Wilson,Female,28,Dubai,Qatar,56515.03,Regular,C006,Loyalty Rewards,Retention,Display Ads,2025-08-06,2025-08-19,440.9,35878,649,61,3692.03,3036.99,3094.37,Yes,3,Yes,No,2,Returning
12749,Ahmed Saleh,Female,25,Jerusalem,Egypt,44129.98,Premium,C004,New Product Launch,Product,Website,2025-01-06,2025-01-22,466.38,25107,548,31,4894.53,4365.1,5201.45,Yes,6,Yes,No,7,New
10368,Olivia Awwad,Male,30,Amman,Palestine,37607.57,Corporate,C001,Summer Sale,Discount,Google Ads,2025-05-25,2025-06-13,497.96,66064,2880,272,31523.23,21263.78,34202.46,Yes,6,No,No,24,Returning
11062,Sara Smith,Female,34,Cairo,Palestine,72562.21,Regular,C003,Black Friday,Discount,Email,2025-10-28,2025-11-16,478.48,63015,2975,325,27060.09,20811.47,24772.16,Yes,1,Yes,Yes,14,New
11898,Adam Hassan,Male,31,Cairo,Egypt,53863.79,Corporate,C006,Loyalty Rewards,Retention,SMS,2025-03-09,2025-03-26,782.5,38621,3598,316,9891.8,8120.78,9504.1,Yes,11,No,No,1,Inactive
13176,Noor Saleh,Male,45,Jerusalem,Egypt,50402.08,Regular,C008,Weekend Flash Sale,Discount,Email,2025-01-08,2025-01-19,648.98,41072,2158,220,32976.55,20000.78,26705.48,Yes,2,Yes,Yes,5,Inactive
12295,Emma Smith,Male,18,Ramallah,Jordan,65281.23,Budget,C008,Weekend Flash Sale,Discount,Google Ads,2025-08-31,2025-09-15,283.18,58439,2743,129,10581.96,7166.26,10456.61,Yes,4,Yes,No,18,Returning
12349,John Brown,Male,27,Doha,UAE,57688.41,Regular,C006,Loyalty Rewards,Retention,Google Ads,2025-02-12,2025-03-12,124.93,54658,2369,106,12172.41,9602.75,12464.29,Yes,14,No,No,28,Inactive
10468,Noor Davis,Male,33,Jerusalem,Palestine,45315.14,Regular,C003,Black Friday,Discount,Website,2025-07-24,2025-08-02,510.01,29735,933,22,2532.74,1805.99,2959.92,Yes,12,No,No,21,New
13809,Sara Khalil,Male,32,Ramallah,Qatar,25434.04,Budget,C004,New Product Launch,Product,SMS,2025-06-18,2025-06-27,937.43,42087,4155,445,87756.48,62893.03,86693.78,Yes,10,No,No,6,Returning
12281,Michael Awwad,Male,35,Doha,Jordan,76213.23,Regular,C006,Loyalty Rewards,Retention,Website,2025-01-17,2025-02-12,911.14,50344,705,67,9176.39,6567.48,8689.21,Yes,1,No,No,25,Returning
10444,Adam Awwad,Female,50,Gaza,UAE,44020.28,Regular,C002,Back to School,Seasonal,Social Media,2025-02-05,2025-02-20,312.74,53593,1705,78,4366.12,3732.82,3755.12,Yes,2,No,No,27,Returning
11754,Yousef Hassan,Male,51,,Qatar,53591.85,Regular,C005,Holiday Offers,Seasonal,Social Media,2025-04-12,2025-04-30,370.22,55432,1123,119,15595.24,9454.48,16595.04,Yes,15,No,No,17,Returning
13579,Emma Miller,Female,18,Nablus,Egypt,55581.94,Budget,C004,New Product Launch,Product,Email,2025-12-08,2026-01-02,515.81,81307,2582,252,39612.38,33228.14,33138.1,Yes,4,Yes,No,30,Returning
12593,Ahmed Hassan,Female,38,Jerusalem,Qatar,35350.75,Budget,C002,Back to School,Seasonal,Display Ads,2025-07-28,2025-08-12,316.07,68748,1366,151,22080.0,13115.54,24893.46,Yes,0,No,No,30,Returning
13681,Sara Awwad,Male,18,Hebron,Qatar,38760.57,Budget,C003,Black Friday,Discount,Website,2025-07-13,2025-07-26,334.92,46124,1012,97,8365.65,4643.19,6923.93,Yes,6,Yes,No,21,Returning
12981,Ahmed Nasser,Female,35,Cairo,Palestine,63884.08,Budget,C008,Weekend Flash Sale,Discount,SMS,2025-07-30,2025-08-17,253.33,46665,4308,86,14522.0,10319.16,12687.52,Yes,13,No,No,3,Inactive
13057,Maya Davis,Male,18,Cairo,Qatar,33020.61,Regular,C007,Spring Promotion,Seasonal,Display Ads,2025-05-26,2025-06-24,278.55,81813,1409,28,2576.03,1497.64,2645.37,YES,3,Yes,No,25,Returning
10135,Sophia Khalil,Female,35,Beirut,Egypt,61551.47,Premium,C008,Weekend Flash Sale,Discount,Website,2025-10-25,2025-11-02,755.06,88018,3674,127,20689.64,14671.45,18930.44,Yes,9,No,No,6,New
13122,Sara Saleh,Female,38,Ramallah,UAE,44021.15,Corporate,C008,Weekend Flash Sale,Discount,SMS,2025-11-27,2025-12-26,318.66,97644,8901,536,88355.45,55520.6,74457.96,Yes,12,Yes,No,30,Returning
12324,Yousef Nasser,Female,19,Dubai,Lebanon,51247.57,Regular,C007,Spring Promotion,Seasonal,Email,2025-01-08,2025-01-15,267.88,20603,1332,45,5190.57,3463.57,5373.87,Yes,11,No,No,23,Returning
13523,Noor Davis,Female,27,Hebron,Egypt,42764.8,Regular,C001,Summer Sale,Discount,Website,2025-08-08,2025-08-19,371.24,83897,3204,187,13472.11,9848.75,13386.88,Yes,12,Yes,No,12,Inactive
13584,Noor Khalil,Male,29,Cairo,Palestine,68175.2,Regular,C007,Spring Promotion,Seasonal,Display Ads,2025-05-14,2025-06-07,509.76,21347,350,23,1439.42,1012.05,1239.71,Yes,10,Yes,No,2,New
11254,Ahmed Miller,Male,37,Beirut,Qatar,56901.77,Premium,C003,Black Friday,Discount,SMS,2025-11-21,2025-12-18,412.79,47439,4798,233,28737.23,18791.93,25417.09,Yes,5,Yes,No,20,Inactive
12010,John Nasser,Male,35,Gaza,Palestine,53069.23,Corporate,C001,Summer Sale,Discount,Display Ads,2025-10-24,2025-11-03,332.25,15040,417,19,3376.11,2166.44,2874.14,Yes,14,Yes,No,3,New
11480,Ali Khalil,Female,30,,Jordan,22814.82,Regular,C008,Weekend Flash Sale,Discount,Email,2025-07-31,2025-08-09,738.46,64268,4013,453,94276.94,81823.51,77527.87,Yes,2,Yes,Yes,28,New
11320,Maya Nasser,Male,41,Jerusalem,Lebanon,43379.7,Regular,C001,Summer Sale,Discount,Email,2025-06-25,2025-07-13,46.05,63927,2666,253,28433.0,21669.89,26284.86,Yes,0,Yes,No,29,New
10189,Lina Saleh,Female,37,Ramallah,Jordan,72195.83,Premium,C003,Black Friday,Discount,Social Media,2025-02-12,2025-03-14,67.5,91149,3426,508,52545.07,46430.41,56946.74,Yes,4,No,No,8,Returning
12856,Layla Wilson,Female,18,Dubai,Egypt,55854.88,Corporate,C004,New Product Launch,Product,Google Ads,2025-03-30,2025-04-12,588.93,90553,3894,116,14499.71,11864.49,16246.44,Yes,8,No,No,3,Returning
12553,Maya Saleh,Female,43,Dubai,Qatar,65472.02,Regular,C005,Holiday Offers,Seasonal,Google Ads,2025-11-15,2025-11-25,727.73,80099,3341,295,41643.75,28354.65,38525.45,Yes,12,No,No,6,Returning
10527,Michael Hassan,Male,29,Cairo,UAE,92762.91,Regular,C005,Holiday Offers,Seasonal,Website,2025-11-27,2025-12-20,352.05,46670,970,78,9809.49,6503.09,9579.53,Yes,12,Yes,No,3,New
11524,Emma Saleh,Male,40,Hebron,Lebanon,22449.58,Regular,C003,Black Friday,Discount,Google Ads,2025-03-04,2025-03-11,389.92,42258,2037,115,13366.93,11072.28,14989.97,Yes,0,No,No,6,Returning
11906,Ali Brown,Female,18,Beirut,Jordan,91757.25,Regular,C002,Back to School,Seasonal,Website,2025-05-23,2025-06-21,534.57,80179,2193,124,16533.46,10932.32,15024.66,Yes,2,No,No,21,Returning
12623,Adam Saleh,Male,31,Doha,Qatar,43897.04,Premium,C005,Holiday Offers,Seasonal,SMS,2025-03-03,2025-03-13,746.88,59847,5661,427,61959.53,46577.76,54631.26,Yes,5,No,No,18,Returning
12336,Ahmed Miller,Male,39,Doha,UAE,45410.94,Premium,,Spring Promotion,Seasonal,Email,2025-10-01,2025-10-24,301.85,5627,347,13,1291.07,897.65,1056.29,Yes,10,Yes,Yes,3,Returning
12466,Yousef Smith,Female,44,Dubai,Palestine,64203.88,Regular,C006,Loyalty Rewards,Retention,SMS,2025-11-10,2025-11-18,577.5,52054,5238,626,65741.28,58411.35,52889.5,Yes,9,No,No,15,Returning
10995,Emma Miller,Male,34,Nablus,Jordan,70243.88,Premium,C001,Summer Sale,Discount,Social Media,2025-02-23,2025-03-12,619.0,90624,3088,211,31772.45,25527.19,30735.51,Yes,13,Yes,No,5,New
13022,Ahmed Awwad,Female,34,Nablus,Palestine,43574.83,Premium,C005,Holiday Offers,Seasonal,Email,2025-05-16,2025-06-02,194.29,90667,5550,434,69673.14,41244.09,65721.48,Yes,12,Yes,Yes,4,Returning
12616,Lina Miller,Female,32,Doha,Lebanon,18000.0,Premium,C004,New Product Launch,Product,Website,2025-09-02,2025-09-30,776.19,64738,2327,110,15595.25,9810.05,16291.6,YES,8,No,No,24,Returning
12162,Layla Khalil,Female,27,Cairo,Jordan,48258.42,Budget,C004,New Product Launch,Product,Display Ads,2025-02-09,2025-02-18,720.3,65328,1007,83,12441.66,8881.51,10313.62,Yes,1,Yes,No,0,Returning
13155,Adam Wilson,Male,18,Amman,Jordan,18000.0,Budget,C006,Loyalty Rewards,Retention,Google Ads,2025-12-29,2026-01-19,378.32,86390,4044,255,36193.71,31519.08,35535.58,Yes,4,Yes,No,29,New
13159,Michael Miller,Male,39,Dubai,Jordan,26583.85,Premium,C007,Spring Promotion,Seasonal,Social Media,2025-12-18,2026-01-03,631.29,76160,2536,292,11434.84,9270.9,12898.26,Yes,3,Yes,No,14,Inactive
11971,Ahmed Wilson,Male,41,Gaza,Palestine,81940.79,Regular,C008,Weekend Flash Sale,Discount,Google Ads,2025-05-16,2025-05-26,752.93,72629,2980,193,20737.99,14286.92,24198.38,Yes,2,No,No,13,New
13530,Daniel Awwad,Female,37,Gaza,UAE,44320.15,Premium,C007,Spring Promotion,Seasonal,Display Ads,2025-08-05,2025-08-18,740.83,39035,534,58,3072.36,2259.25,3201.43,Yes,6,No,No,5,Returning
14044,Sophia Khalil,Male,49,Hebron,Palestine,88288.52,Regular,C001,Summer Sale,Discount,Email,2025-10-22,2025-11-06,372.4,31795,1963,225,15098.85,12087.21,16768.23,Yes,2,Yes,Yes,28,Returning
13211,John Khalil,Male,40,Gaza,Qatar,40514.33,Regular,C004,New Product Launch,Product,Google Ads,2025-11-23,2025-12-09,910.79,93017,3332,313,57681.22,50051.37,49614.63,Yes,9,Yes,No,3,New
13906,Layla Saleh,Male,45,Amman,Lebanon,64253.13,Premium,C003,Black Friday,Discount,Google Ads,2025-08-22,2025-09-02,193.21,2169,89,9,1685.74,1502.04,1366.98,Yes,15,No,No,10,New
10631,Maya Awwad,Female,36,Doha,Egypt,46695.3,Premium,C004,New Product Launch,Product,SMS,2025-02-26,2025-03-06,382.55,2779,261,14,1351.18,1100.19,1289.6,Yes,9,Yes,No,16,Returning
10770,Sara Nasser,Female,40,Doha,Qatar,44597.43,Budget,C005,Holiday Offers,Seasonal,Display Ads,2025-09-07,2025-09-22,586.99,48248,1208,96,7377.87,5891.63,7822.57,Yes,14,Yes,No,26,Returning
13968,Sara Nasser,Male,41,Jerusalem,Qatar,39106.62,Budget,C003,Black Friday,Discount,Google Ads,2025-09-12,2025-09-19,388.3,32529,1845,177,8943.63,5525.77,8835.93,Yes,13,No,No,6,Returning
13095,Sara Nasser,Female,25,Cairo,Jordan,30654.84,Regular,C006,Loyalty Rewards,Retention,Google Ads,2025-07-20,2025-08-14,452.91,55195,1784,164,25420.51,18608.5,21037.79,Yes,8,No,No,6,New
12813,Sara Brown,Female,39,Beirut,UAE,41630.05,Regular,C001,Summer Sale,Discount,SMS,2025-12-17,2025-12-28,533.19,61621,5521,522,65011.38,39456.21,66978.21,Yes,4,No,No,19,Returning
13989,Layla Khalil,Female,29,Nablus,Qatar,38159.27,Premium,C005,Holiday Offers,Seasonal,Website,2025-03-05,2025-03-13,408.17,64511,1520,79,9054.04,7622.95,10036.31,Yes,9,Yes,No,13,Returning
10409,Yousef Hassan,Female,23,Gaza,Egypt,64749.62,Budget,C003,Black Friday,Discount,Email,2025-05-19,2025-05-30,934.02,96582,6352,267,38841.13,27795.19,34584.83,Yes,6,Yes,No,9,New
12906,Noor Brown,Female,20,Dubai,Palestine,68749.49,Budget,C005,Holiday Offers,Seasonal,Website,2025-06-09,2025-06-21,536.96,74412,1828,116,20320.3,16036.02,17177.56,Yes,13,No,No,25,Returning
11635,Yousef Hassan,Female,47,Cairo,Jordan,76597.76,Regular,C002,Back to School,Seasonal,Google Ads,2025-10-18,2025-11-14,459.98,60944,2210,229,31895.98,22420.08,27442.6,Yes,5,No,No,25,Inactive
11136,Michael Smith,Female,33,Doha,UAE,68792.37,Regular,C007,Spring Promotion,Seasonal,SMS,2025-08-25,2025-09-01,99.36,73757,6024,833,90505.74,69266.12,78370.0,Yes,0,No,No,2,Returning
12478,Noor Miller,Female,37,Jerusalem,Egypt,52935.09,Regular,C005,Holiday Offers,Seasonal,Email,2025-07-21,2025-08-01,471.96,53314,2554,269,34863.17,19837.88,28696.72,Yes,0,Yes,No,16,Returning
10449,Yousef Khalil,Female,51,Beirut,Palestine,70108.28,Budget,C008,Weekend Flash Sale,Discount,Display Ads,2025-06-19,2025-06-27,482.53,16417,410,20,2300.1,1861.12,2089.67,Yes,1,Yes,No,16,New
14058,Lina Saleh,Male,39,Gaza,Lebanon,49511.4,Regular,C001,Summer Sale,Discount,SMS,2025-11-16,2025-12-15,858.37,26806,2562,111,5820.74,4993.99,6518.33,Yes,3,Yes,No,0,New
10794,Noor Saleh,Male,44,Doha,Palestine,44728.47,Budget,C008,Weekend Flash Sale,Discount,SMS,2025-01-29,2025-02-08,819.47,39811,3854,166,17337.4,14643.21,19172.21,Yes,12,No,No,5,Returning
12133,Michael Miller,Male,30,Dubai,Jordan,39712.07,Regular,C003,Black Friday,Discount,Social Media,2025-12-03,2025-12-17,401.26,22883,748,48,6620.49,5188.06,7477.75,Yes,6,No,No,15,New
14039,Emma Nasser,Female,23,Dubai,Lebanon,87769.79,Budget,C008,Weekend Flash Sale,Discount,SMS,2025-08-06,2025-08-17,546.08,4166,356,37,3640.12,2016.11,2980.03,Yes,9,No,No,3,Returning
12481,Omar Miller,Female,49,Nablus,UAE,54790.11,Corporate,C008,Weekend Flash Sale,Discount,Display Ads,2025-08-23,2025-09-07,330.7,1695,54,3,400.25,290.63,402.47,Yes,5,No,No,16,Inactive
12858,John Davis,Male,29,Jerusalem,Lebanon,58532.34,Regular,C006,Loyalty Rewards,Retention,SMS,2025-03-13,2025-03-28,498.22,86803,8191,121,17157.55,13310.77,14584.51,Yes,9,No,No,2,Inactive
13085,Olivia Miller,Male,51,Beirut,Lebanon,49328.19,Corporate,C005,Holiday Offers,Seasonal,Social Media,2025-12-24,2026-01-10,880.57,77682,3294,286,19951.93,16923.44,18105.08,Yes,11,No,No,2,New
11304,Noor Khalil,Male,23,Doha,Lebanon,50433.83,Regular,C004,New Product Launch,Product,Display Ads,2025-05-02,2025-05-12,651.0,23306,355,33,2763.92,2112.09,2826.08,YES,12,No,No,29,New
10938,Omar Khalil,Female,22,Amman,Egypt,55404.11,Regular,C001,Summer Sale,Discount,Social Media,2025-06-14,2025-06-24,375.99,92083,3027,336,37145.12,27889.41,43523.61,Yes,14,No,No,4,Inactive
11637,Adam Nasser,Female,36,Doha,Lebanon,49426.31,Regular,C004,New Product Launch,Product,Display Ads,2025-03-24,2025-04-13,496.35,69775,1895,18,2278.24,2018.39,2003.33,Yes,6,Yes,No,18,New
10789,Adam Awwad,Male,54,Nablus,UAE,47593.52,Budget,C002,Back to School,Seasonal,Google Ads,2025-04-05,2025-05-03,201.67,96179,4844,304,37193.58,31229.65,39371.28,Yes,15,Yes,No,26,New
14103,Emma Smith,Male,48,Ramallah,Qatar,62655.78,Regular,C007,Spring Promotion,Seasonal,Email,2025-10-19,2025-10-28,585.0,17171,732,46,6832.88,4549.48,6638.8,Yes,9,Yes,Yes,1,Returning
11836,Layla Nasser,Female,20,Amman,Palestine,53934.43,Budget,C003,Black Friday,Discount,Google Ads,2025-02-08,2025-03-04,498.43,75913,2526,301,38110.64,28243.02,36492.06,Yes,7,No,No,12,Returning
10909,Olivia Nasser,Male,44,Nablus,UAE,,Regular,C004,New Product Launch,Product,Google Ads,2025-01-31,2025-02-11,640.21,27269,1177,143,25686.4,21370.62,24534.58,Yes,10,Yes,No,7,Returning
10290,Emma Khalil,Female,34,Beirut,Lebanon,30261.31,Regular,C002,Back to School,Seasonal,Website,2025-09-03,2025-09-14,580.76,35956,979,73,8562.83,5384.61,8053.66,Yes,1,Yes,No,1,Returning
12870,Sophia Wilson,Female,43,Hebron,Palestine,93788.72,Corporate,C001,Summer Sale,Discount,Social Media,2025-10-01,2025-10-27,554.14,50227,1631,84,7511.21,5122.87,7301.3,Yes,0,No,No,1,Returning
11026,Sophia Brown,Male,28,Ramallah,Qatar,67376.16,Premium,C006,Loyalty Rewards,Retention,Google Ads,2025-04-10,2025-04-27,543.48,57716,2447,110,14442.02,7993.91,14192.66,Yes,1,Yes,No,7,New
13384,Omar Awwad,Male,26,Nablus,Palestine,55640.19,Premium,C008,Weekend Flash Sale,Discount,Social Media,2025-05-25,2025-06-02,605.66,41673,1676,52,3849.33,2653.1,4059.7,Yes,11,Yes,No,9,New
11003,Ali Khalil,Female,46,Cairo,Jordan,68174.38,Regular,C006,Loyalty Rewards,Retention,SOCIAL MEDIA,2025-08-16,2025-09-14,241.7,40177,1738,220,23941.85,17582.79,19227.23,Yes,11,No,No,27,Returning
12192,Daniel Davis,Male,52,Nablus,UAE,42409.09,Corporate,C008,Weekend Flash Sale,Discount,Google Ads,2025-02-10,2025-02-23,324.85,18474,678,67,5556.25,3294.64,5477.1,Yes,7,No,No,23,Returning
11163,Omar Saleh,Female,22,Doha,Palestine,32548.73,Premium,C001,Summer Sale,Discount,Google Ads,2025-05-23,2025-06-17,595.36,50854,2168,191,20357.11,15540.86,18565.26,Yes,9,Yes,No,1,New
14058,Ahmed Brown,Female,37,Doha,Palestine,46555.64,Regular,C007,Spring Promotion,Seasonal,Social Media,2025-12-04,2025-12-24,646.58,70294,1901,69,9425.46,6331.38,9330.82,Yes,1,No,No,1,Returning
10213,Daniel Nasser,Male,34,Nablus,UAE,65588.42,Budget,C007,Spring Promotion,Seasonal,SMS,2025-01-30,2025-02-09,607.82,73021,6517,825,102980.71,75913.93,110688.56,Yes,12,No,No,27,Inactive
13473,Yousef Hassan,Female,40,Doha,Lebanon,61425.51,Corporate,C004,New Product Launch,Product,Social Media,2025-01-08,2025-01-23,1025.44,89969,3207,252,43685.42,28550.11,39425.14,Yes,8,Yes,No,7,Returning
13233,Omar Miller,Female,36,Amman,UAE,50076.98,Budget,C001,Summer Sale,Discount,Email,2025-06-07,2025-07-02,52.74,87109,4929,470,93201.4,65610.83,88798.15,Yes,10,No,No,14,Returning
13822,Omar Smith,Female,38,Cairo,Jordan,46207.43,Regular,C002,Back to School,Seasonal,Google Ads,2025-11-09,2025-12-03,238.43,41660,2405,193,24247.21,20012.62,21858.06,Yes,2,No,No,5,New
12127,Olivia Hassan,Male,37,Jerusalem,Jordan,52866.84,Budget,C001,Summer Sale,Discount,Social Media,2025-02-28,2025-03-27,504.86,5546,146,13,1536.92,1143.0,1748.17,Yes,5,No,No,18,New
11868,Omar Nasser,Female,20,Nablus,Lebanon,67626.91,Budget,C006,Loyalty Rewards,Retention,Website,2025-01-23,2025-02-18,500.36,31262,911,86,11494.71,6777.44,11138.47,Yes,11,Yes,No,2,Returning
10635,Noor Saleh,Female,29,Beirut,UAE,61878.35,Budget,C007,Spring Promotion,Seasonal,Email,2025-11-25,2025-12-15,463.67,37604,2669,375,38452.03,26641.42,32276.99,Yes,4,Yes,No,11,New
13070,Olivia Nasser,Male,33,Jerusalem,UAE,47676.07,Premium,C003,Black Friday,Discount,Website,2025-01-14,2025-01-24,170.6,80327,1664,147,27385.46,22174.42,23495.43,Yes,6,No,No,16,Returning
12819,Adam Brown,Male,43,Jerusalem,Qatar,32234.19,Budget,C002,Back to School,Seasonal,Email,2025-04-25,2025-05-20,557.46,66494,4072,207,28122.64,15973.69,31218.09,Yes,13,Yes,Yes,28,Returning
13870,Michael Smith,Female,22,Hebron,Egypt,50450.26,Regular,C004,New Product Launch,Product,Google Ads,2025-05-05,2025-05-23,503.34,30763,1637,170,16167.82,12814.22,13749.9,Yes,14,No,No,23,Inactive
13646,Sophia Smith, male ,36,Amman,Egypt,,Regular,C006,Loyalty Rewards,Retention,Display Ads,2025-09-05,2025-10-01,737.28,30692,564,55,5962.83,5005.05,5694.11,Yes,14,No,No,7,Returning
11027,Noor Brown,Male,23,Beirut,UAE,18000.0,Budget,C006,Loyalty Rewards,Retention,Google Ads,2025-03-02,2025-03-11,128.05,54043,2552,226,19103.65,16400.57,18250.07,Yes,13,Yes,No,18,Returning
11623,Maya Wilson,Male,19,Jerusalem,Palestine,62535.66,Regular,C008,Weekend Flash Sale,Discount,Display Ads,2025-02-21,2025-03-04,338.68,4966,86,10,984.94,566.89,1041.67,Yes,13,Yes,No,22,New
13180,Sophia Smith,Male,34,Dubai,Lebanon,59756.83,Regular,C005,Holiday Offers,Seasonal,Email,2025-06-22,2025-07-09,606.96,78026,4197,176,8813.74,7777.88,8231.87,Yes,3,No,Yes,23,Inactive
13350,Michael Brown,Female,27,Doha,Lebanon,18209.14,Premium,C003,Black Friday,Discount,Display Ads,2025-10-29,2025-11-21,310.69,11482,197,17,1521.22,1195.48,1472.47,YES,4,Yes,No,18,Returning
13716,John Smith,Female,27,Jerusalem,Egypt,66741.95,Budget,C005,Holiday Offers,Seasonal,Email,2025-04-29,2025-05-15,666.43,65156,4327,291,13020.2,11007.58,13970.3,Yes,10,Yes,No,16,Returning
13496,Layla Smith,Female,32,Amman,Jordan,62466.84,Corporate,C001,Summer Sale,Discount,Display Ads,2025-04-18,2025-05-08,293.27,68544,1046,110,20739.41,12608.68,17106.58,Yes,8,No,No,3,New
12359,Yousef Wilson,Female,34,Hebron,Jordan,51690.63,Regular,C005,Holiday Offers,Seasonal,Website,2025-02-24,2025-03-10,486.22,87850,1601,127,19115.57,16125.45,15677.31,Yes,8,Yes,No,3,New
11384,Ahmed Miller,Male,18,Cairo,Egypt,60984.43,Budget,C001,Summer Sale,Discount,SMS,2025-01-14,2025-02-01,416.76,27126,2659,314,33765.1,20061.96,37707.05,Yes,9,No,No,23,Returning
13718,Layla Khalil,Male,42,Doha,Qatar,66155.3,Regular,C002,Back to School,Seasonal,Social Media,2025-05-23,2025-06-22,396.93,88149,1737,143,12652.29,10471.82,12647.38,Yes,3,No,No,25,New
10610,Daniel Hassan,Female,38,Gaza,Qatar,83823.37,Regular,C002,Back to School,Seasonal,Display Ads,2025-12-19,2026-01-05,541.11,5527,90,4,,465.18,542.48,Yes,13,Yes,No,29,Returning
11560,Omar Awwad,Male,18,Jerusalem,Egypt,45469.59,Regular,C004,New Product Launch,Product,Display Ads,2025-04-11,2025-04-26,20.0,62118,838,79,17746.9,12846.17,16133.01,Yes,4,No,No,26,New
11080,Adam Khalil,Male,37,Nablus,Qatar,66101.7,Premium,C004,New Product Launch,Product,Display Ads,2025-04-02,2025-04-10,351.02,55308,713,58,8899.31,6880.95,7513.57,Yes,8,No,No,20,Returning
13967,Maya Nasser,Male,30,Gaza,Lebanon,40129.98,Regular,C007,Spring Promotion,Seasonal,Website,2025-07-02,2025-07-26,483.31,63540,1239,48,2724.63,2338.59,2689.76,Yes,9,Yes,No,7,New
12354,Sophia Wilson,Female,30,Hebron,Lebanon,57716.4,Regular,C003,Black Friday,Discount,SMS,2025-06-13,2025-07-11,1070.75,15381,1389,163,23173.63,19900.59,25234.66,Yes,11,No,No,22,New
14008,Sophia Saleh,Male,29,Gaza,UAE,36739.36,Regular,C007,Spring Promotion,Seasonal,Email,2025-10-15,2025-11-01,350.1,34789,1540,143,19250.56,16735.07,21288.97,Yes,10,Yes,No,13,Returning
12199,Olivia Saleh,Female,40,Nablus,UAE,40619.43,Regular,C004,New Product Launch,Product,Website,2025-03-27,2025-04-20,537.73,27527,953,93,10918.45,6081.27,11967.51,Yes,3,No,No,4,Returning
10173,John Khalil,Female,42,Amman,Egypt,46464.79,Premium,C001,Summer Sale,Discount,Website,2025-04-18,2025-05-06,550.05,70685,1330,170,20677.84,17594.84,23334.01,Yes,6,Yes,No,26,Returning
11879,Layla Hassan,Female,24,Amman,Qatar,24629.97,Regular,C004,New Product Launch,Product,Email,2025-01-19,2025-01-26,444.09,99475,5467,329,26443.62,17334.14,26703.07,Yes,3,Yes,No,1,New
11885,Noor Awwad,Female,43,Ramallah,Qatar,65868.23,Budget,C003,Black Friday,Discount,Display Ads,2025-05-19,2025-05-28,273.97,10530,156,7,834.41,701.4,713.55,Yes,2,No,No,0,New
11244,Sara Miller,Female,26,Hebron,Egypt,65860.72,Budget,C006,Loyalty Rewards,Retention,SMS,2025-09-20,2025-10-20,302.85,3571,298,21,3282.7,2109.12,2638.03,Yes,9,No,No,14,New
13862,John Nasser,Female,30,Ramallah,Jordan,78854.97,Corporate,C005,Holiday Offers,Seasonal,SMS,2025-05-26,2025-06-24,220.18,70388,6800,576,70606.19,56812.93,70501.75,Yes,7,No,No,0,Inactive
13054,Sara Wilson,Male,40,Beirut,Palestine,73029.76,Regular,C004,New Product Launch,Product,SMS,2025-07-09,2025-07-31,521.54,74313,7217,656,62810.44,48393.55,54798.67,Yes,3,No,No,10,New
10686,Sara Davis,Male,42,Hebron,Qatar,80455.37,Regular,C002,Back to School,Seasonal,Social Media,2025-07-26,2025-08-21,401.32,62564,2413,156,19926.08,13831.7,19242.51,Yes,7,Yes,No,24,Returning
12768,Lina Awwad,Female,30,Beirut,Egypt,36869.5,Regular,C001,Summer Sale,Discount,Google Ads,2025-12-20,2026-01-02,971.91,99464,4435,321,52386.48,33134.91,46966.7,Yes,15,No,No,10,Inactive
13780,Olivia Davis,Male,30,Ramallah,Qatar,64781.03,Budget,C007,Spring Promotion,Seasonal,Social Media,2025-01-07,2025-01-19,716.19,68649,2404,281,18359.9,16343.44,18545.3,Yes,3,Yes,No,6,Returning
10320,Sophia Wilson,Male,60,Cairo,Qatar,76588.06,Premium,C007,Spring Promotion,Seasonal,SMS,2025-01-05,2025-01-21,725.23,15911,1271,131,12263.44,9649.35,13215.24,Yes,13,No,No,23,Inactive
12641,Emma Miller,Male,38,Jerusalem,UAE,77556.39,Regular,C004,New Product Launch,Product,Website,2025-07-10,2025-08-02,571.91,79735,2497,272,21612.11,14384.2,18053.88,Yes,8,No,No,14,New
11109,Maya Davis,Female,41,Nablus,UAE,53744.44,Regular,C003,Black Friday,Discount,SMS,2025-02-04,2025-02-11,615.07,41373,3348,252,27234.97,19350.66,27850.8,Yes,6,Yes,No,22,New
10776,Omar Miller,Female,28,Beirut,Jordan,50757.2,Premium,C004,New Product Launch,Product,Google Ads,2025-11-18,2025-11-25,435.22,25749,965,109,18874.59,13196.32,18077.26,Yes,8,No,No,26,Inactive
12505,Emma Miller,Female,29,Gaza,Egypt,78556.9,Regular,C004,New Product Launch,Product,Email,2025-10-31,2025-11-11,596.6,13997,537,27,1154.27,845.86,983.6,Yes,6,Yes,Yes,3,New
13138,Daniel Miller,Female,40,,Lebanon,18000.0,Corporate,C004,New Product Launch,Product,Social Media,2025-01-02,2025-01-16,563.09,28869,733,78,9762.65,8357.95,8568.13,Yes,2,Yes,No,4,New
12649,Ali Awwad,Male,56,Cairo,Qatar,72474.49,Regular,C008,Weekend Flash Sale,Discount,Google Ads,2025-06-04,2025-06-27,1163.24,15874,725,50,6803.88,5423.96,6846.54,Yes,7,No,No,12,Returning
12909,Layla Davis,Female,34,Cairo,Palestine,65201.89,Budget,C004,New Product Launch,Product,Social Media,2025-11-21,2025-12-06,656.51,93737,2787,218,46246.16,36686.38,48821.5,Yes,4,No,No,17,Returning
12053,Sara Davis,Female,28,Amman,Jordan,64387.05,Premium,C006,Loyalty Rewards,Retention,SMS,2025-12-10,2025-12-28,284.16,95984,8506,333,31711.3,28516.86,28617.85,Yes,13,Yes,No,19,Returning
11565,John Smith,Male,47,Nablus,Jordan,63779.95,Regular,C004,New Product Launch,Product,Email,2025-10-28,2025-11-13,851.63,43550,2139,162,19437.91,14818.9,22789.22,Yes,3,No,No,16,Inactive
10275,Yousef Wilson,Female,29,Nablus,Lebanon,55393.58,Budget,C005,Holiday Offers,Seasonal,Display Ads,2025-01-30,2025-02-24,509.41,4488,109,9,1230.3,999.59,1190.67,Yes,15,No,No,15,New
10852,Omar Smith, male ,37,Beirut,Lebanon,62166.65,Regular,C003,Black Friday,Discount,Social Media,2025-02-12,2025-03-04,459.1,16153,557,32,1949.47,1286.62,1888.68,Yes,1,No,No,20,Returning
12274,Adam Miller,Male,18,Amman,Lebanon,73852.33,Budget,C006,Loyalty Rewards,Retention,Display Ads,2025-03-28,2025-04-22,608.03,95151,1723,72,10613.58,7384.21,10771.41,Yes,11,Yes,No,30,Returning
10504,Ali Saleh,Male,44,Gaza,Palestine,64691.83,Regular,C001,Summer Sale,Discount,Google Ads,2025-11-08,2025-11-21,980.72,90771,4604,699,68219.87,57526.47,63584.51,Yes,13,Yes,No,20,Returning
10027,Layla Nasser,Female,26,Ramallah,UAE,72328.24,Regular,C002,Back to School,Seasonal,Website,2025-08-26,2025-09-04,831.76,15738,287,24,2618.67,1731.27,2322.83,Yes,2,Yes,No,23,New
10165,Maya Awwad,Male,18,Amman,Qatar,54603.37,Premium,C004,New Product Launch,Product,Google Ads,2025-12-15,2026-01-11,660.39,25546,1378,102,12093.04,7866.24,12983.66,Yes,4,No,No,1,Returning
12286,Lina Miller,Female,32,Dubai,Jordan,68329.82,Budget,C005,Holiday Offers,Seasonal,Social Media,2025-04-01,2025-04-17,706.8,34494,1243,25,2555.49,1923.12,2534.15,Yes,14,No,No,2,Returning
12858,Michael Hassan,Male,32,Beirut,Qatar,30860.84,Regular,C004,New Product Launch,Product,Display Ads,2025-08-11,2025-08-29,506.91,85173,2039,150,31992.73,23236.89,25689.79,Yes,9,Yes,No,10,Returning
12204,Ali Davis,Male,28,Gaza,Jordan,54019.74,Regular,C001,Summer Sale,Discount,Email,2025-09-22,2025-10-20,330.07,83221,4286,133,21113.54,14405.1,19435.81,Yes,5,Yes,Yes,10,Returning
10278,Daniel Khalil,Female,38,Nablus,Jordan,56814.24,Regular,C006,Loyalty Rewards,Retention,Google Ads,2025-11-28,2025-12-08,573.58,25025,1134,126,22501.6,13842.0,21008.3,Yes,11,No,No,5,Returning
10179,Michael Miller,Female,18,Beirut,Egypt,58986.88,Budget,C007,Spring Promotion,Seasonal,SMS,2025-05-05,2025-05-20,608.22,95313,8644,581,70606.64,46251.63,67651.28,Yes,11,No,No,15,Returning
11920,Sara Brown,Female,36,Gaza,Egypt,42155.48,Regular,C001,Summer Sale,Discount,Social Media,2025-09-20,2025-10-02,193.77,39897,815,47,7111.9,5874.42,8208.25,Yes,6,Yes,No,4,Returning
10441,Ali Nasser,Male,21,Amman,Qatar,40056.1,Regular,C008,Weekend Flash Sale,Discount,Email,2025-12-04,2025-12-15,677.4,26767,1539,129,10573.6,7431.04,12123.69,Yes,5,Yes,Yes,7,Inactive
12005,Lina Davis,Female,27,Nablus,Qatar,56225.3,Regular,C002,Back to School,Seasonal,SMS,2025-10-09,2025-11-06,554.63,52148,5122,486,64976.68,46277.65,57218.78,Yes,6,No,No,21,Returning
11989,Sara Brown,Male,36,Amman,Jordan,69500.69,Regular,C006,Loyalty Rewards,Retention,Google Ads,2025-12-12,2026-01-11,554.28,56152,2560,126,10535.04,8524.43,10100.74,Yes,12,Yes,No,11,Returning
10221,Noor Miller,Male,35,Hebron,UAE,29723.69,Regular,C001,Summer Sale,Discount,Website,2025-11-03,2025-11-22,868.14,10627,254,24,2472.13,1542.44,2264.86,Yes,7,Yes,No,15,New
13567,Ali Smith,Female,27,Jerusalem,Qatar,25179.53,Regular,C005,Holiday Offers,Seasonal,SMS,2025-12-12,2026-01-03,356.93,5064,442,22,2646.07,2087.27,2999.99,Yes,8,No,No,5,New
10872,Michael Khalil,Female,32,Ramallah,Lebanon,54743.13,Budget,C001,Summer Sale,Discount,Social Media,2025-06-13,2025-06-24,595.92,75824,2744,227,28574.71,25316.4,32809.3,Yes,12,No,No,0,Returning
13291,Sophia Awwad,Female,41,Dubai,UAE,62669.86,Budget,C002,Back to School,Seasonal,Website,2025-08-19,2025-09-11,628.19,49366,1250,153,17320.17,11737.91,15181.61,Yes,15,No,No,27,Returning
11466,Sophia Davis,Female,28,Ramallah,Jordan,43137.29,Premium,C005,Holiday Offers,Seasonal,Social Media,2025-09-21,2025-10-17,727.45,95871,2915,280,30233.5,17050.05,28206.89,Yes,14,No,No,1,Returning
14011,Michael Smith,Male,44,Beirut,Lebanon,33819.91,Regular,C007,Spring Promotion,Seasonal,Google Ads,2025-12-12,2025-12-28,231.12,3584,158,17,2583.91,1436.99,2204.73,Yes,8,Yes,No,9,Returning
12660,Layla Awwad,Male,26,Amman,Lebanon,54804.39,Premium,C007,Spring Promotion,Seasonal,Social Media,2025-03-31,2025-04-09,459.49,70621,2549,427,31687.51,22900.8,32214.48,Yes,3,Yes,No,23,New
12251,Emma Wilson,Male,64,Cairo,Egypt,66704.0,Regular,C002,Back to School,Seasonal,Google Ads,2025-07-10,2025-07-18,281.75,19734,748,91,9404.34,5431.64,8701.48,Yes,3,No,No,16,Inactive
12474,Sophia Brown,Male,31,Jerusalem,Lebanon,37086.87,Regular,C002,Back to School,Seasonal,SMS,2025-03-01,2025-03-14,213.65,75328,7110,953,51364.2,43607.45,47787.57,Yes,8,No,No,19,Returning
11997,Omar Smith,Female,41,Hebron,Qatar,59077.1,Regular,C003,Black Friday,Discount,Google Ads,2025-09-14,2025-10-12,718.19,6495,251,9,1338.9,738.76,1091.41,Yes,12,Yes,No,21,New
11697,Ahmed Brown,Male,31,Gaza,UAE,58848.56,Regular,C006,Loyalty Rewards,Retention,Email,2025-04-24,2025-05-08,360.21,2868,136,17,1788.4,1501.26,1930.43,Yes,10,Yes,No,23,Returning
13447,Daniel Davis,Female,33,Doha,Egypt,80898.87,Premium,C006,Loyalty Rewards,Retention,Google Ads,2025-06-27,2025-07-18,595.85,20393,772,26,3408.28,2077.36,3554.27,Yes,14,No,No,6,Returning
13196,Yousef Brown,Male,150,Beirut,Palestine,45817.11,Regular,C006,Loyalty Rewards,Retention,Email,2025-04-17,2025-05-17,1023.98,69914,3928,405,58091.85,32551.63,58301.07,Yes,11,Yes,No,14,Returning
11366,Emma Miller,Female,37,Dubai,Palestine,79987.62,Budget,C005,Holiday Offers,Seasonal,Website,2025-09-09,2025-09-23,667.21,49689,1530,125,14619.48,8672.61,12650.57,Yes,4,No,No,19,Inactive
13242,Adam Saleh,Male,39,Beirut,UAE,45873.84,Regular,C003,Black Friday,Discount,Display Ads,2025-07-25,2025-08-18,892.65,54045,750,33,3411.55,2209.35,3810.54,Yes,11,Yes,No,13,Inactive
12976,Sara Smith,Female,31,Hebron,Qatar,18000.0,Regular,C008,Weekend Flash Sale,Discount,Google Ads,2025-08-19,2025-08-31,597.62,23781,1321,112,12426.57,8287.52,11024.76,Yes,12,No,No,0,Returning
13802,Maya Khalil,Female,55,Beirut,Lebanon,64110.84,Regular,C007,Spring Promotion,Seasonal,SMS,2025-04-07,2025-05-04,567.72,4306,351,25,5180.11,4660.12,4684.7,Yes,7,Yes,No,19,Returning
13349,Ahmed Smith,Male,43,Jerusalem,Egypt,50151.66,Regular,C002,Back to School,Seasonal,Google Ads,2025-01-12,2025-02-11,847.92,79319,3064,260,31622.52,22458.92,27082.1,Yes,12,Yes,No,27,Inactive
11961,Maya Wilson,Male,46,Amman,Jordan,54760.52,Regular,C001,Summer Sale,Discount,Social Media,2025-10-23,2025-11-13,680.26,60687,1832,60,6898.27,6142.78,7790.17,Yes,7,No,No,7,Returning
14098,Sara Miller,Female,31,Jerusalem,Jordan,69683.77,Regular,C002,Back to School,Seasonal,Email,2025-01-17,2025-02-14,164.05,89219,4516,269,25624.56,21116.3,26194.9,Yes,13,No,No,27,Returning
12131,Sara Miller,Male,31,Doha,Qatar,41703.45,Budget,C001,Summer Sale,Discount,Google Ads,2025-07-23,2025-08-22,775.56,5730,183,25,2648.27,2039.81,2193.36,Yes,11,No,No,22,Inactive
13605,Sophia Khalil,Male,27,Jerusalem,UAE,76049.35,Budget,C002,Back to School,Seasonal,Display Ads,2025-03-28,2025-04-15,420.19,54618,695,65,6450.22,4637.11,5498.53,Yes,10,Yes,No,29,New
12167,Sara Smith,Male,21,Doha,Lebanon,68034.46,Regular,C004,New Product Launch,Product,Google Ads,2025-06-25,2025-07-11,236.06,90834,5025,792,132076.67,84565.07,110454.05,Yes,14,No,No,25,Returning
12256,Omar Hassan,Male,48,Cairo,UAE,35324.06,Premium,C006,Loyalty Rewards,Retention,Website,2025-07-05,2025-08-03,648.99,38670,1155,20,1808.83,1295.75,1544.31,Yes,9,Yes,No,18,Returning
13604,Layla Hassan,Male,53,Jerusalem,Egypt,62484.88,Regular,C007,Spring Promotion,Seasonal,Google Ads,2025-11-23,2025-12-07,366.87,4170,147,17,2692.65,1725.44,2496.7,Yes,6,No,No,4,Returning
14167,John Wilson,Male,28,Amman,Lebanon,80067.79,Regular,C006,Loyalty Rewards,Retention,Website,2025-07-11,2025-07-30,943.01,64102,1405,33,5383.54,3676.72,4444.4,Yes,5,No,No,5,Returning
10531,Daniel Saleh,Female,33,Hebron,Jordan,49371.97,,C002,Back to School,Seasonal,Display Ads,2025-04-11,2025-04-29,443.39,65877,1637,158,21394.14,17898.63,24154.08,Yes,14,Yes,No,26,Returning
11871,Adam Smith,Male,19,Dubai,Lebanon,48759.23,Premium,C006,Loyalty Rewards,Retention,Website,2025-02-04,2025-02-19,919.61,73020,2394,137,7856.65,5003.04,8868.94,Yes,2,Yes,No,14,Returning
12098,Maya Saleh,Male,28,Doha,Jordan,50314.44,Premium,C005,Holiday Offers,Seasonal,Website,2025-05-23,2025-06-01,457.38,97900,1264,92,11265.08,8256.12,12319.73,Yes,6,Yes,No,28,Inactive
10499,Adam Saleh,Male,-5,Beirut,Egypt,56676.86,Regular,C002,Back to School,Seasonal,Website,2025-01-27,2025-02-13,484.25,83587,2206,112,21607.09,12514.51,17315.79,Yes,2,Yes,No,15,New
11618,Sara Davis,Male,30,Beirut,Qatar,58920.44,Regular,C001,Summer Sale,Discount,Website,2025-08-09,2025-08-19,381.47,94869,2732,75,6766.94,5177.01,7955.76,Yes,14,Yes,No,18,Returning
13738,Ahmed Nasser,Female,49,Beirut,UAE,51698.62,Regular,C003,Black Friday,Discount,Google Ads,2025-09-17,2025-10-09,434.65,67897,2509,127,12790.98,8149.87,13267.62,Yes,9,No,No,8,Inactive
12256,Layla Wilson,Male,32,Jerusalem,Qatar,68874.44,Premium,C008,Weekend Flash Sale,Discount,SMS,2025-03-25,2025-04-06,125.58,9093,741,68,7422.37,5233.66,6484.02,Yes,13,No,No,3,Inactive
11497,Adam Khalil,Male,38,Hebron,UAE,54553.01,Regular,C006,Loyalty Rewards,Retention,Website,2025-08-30,2025-09-09,636.43,90251,2141,140,0.0,0.0,0.0,Yes,9,Yes,No,18,Returning
11573,John Hassan,Male,42,Beirut,Lebanon,61758.21,Regular,C008,Weekend Flash Sale,Discount,Display Ads,2025-11-01,2025-11-21,381.29,95719,1851,212,31311.57,27460.73,31020.24,Yes,8,Yes,No,29,New
12488,Emma Hassan,Female,32,Amman,Lebanon,19752.84,Regular,C006,Loyalty Rewards,Retention,SMS,2025-06-07,2025-06-27,348.22,74331,6316,449,46759.94,32331.15,52291.47,Yes,12,No,No,0,Returning
13349,Emma Hassan,Female,33,Gaza,Palestine,28045.96,Budget,C004,New Product Launch,Product,Social Media,2025-12-05,2026-01-03,392.45,34045,1562,110,18457.41,15260.99,18767.42,Yes,9,No,No,0,New
12669,Adam Saleh,Female,47,Gaza,Palestine,42075.3,Premium,C003,Black Friday,Discount,Google Ads,2025-09-03,2025-10-03,420.45,78217,3450,425,50592.27,40004.84,41367.3,Yes,15,Yes,No,24,Returning
13990,Noor Nasser,Female,40,Nablus,Palestine,68314.16,Premium,C006,Loyalty Rewards,Retention,Google Ads,2025-10-03,2025-10-21,633.92,57925,3798,47,4169.37,3387.36,4488.52,Yes,9,Yes,No,15,New
12659,Sophia Hassan,Male,43,Beirut,UAE,35682.79,Regular,C002,Back to School,Seasonal,SMS,2025-05-06,2025-05-23,505.46,75569,7216,544,55663.74,45657.36,45723.14,Yes,8,No,No,22,New
10558,Daniel Smith,Female,50,Hebron,Jordan,27774.48,Regular,C004,New Product Launch,Product,SMS,2025-07-05,2025-07-22,346.13,26581,2109,30,3405.14,1900.4,3619.78,Yes,8,No,No,19,Returning
10977,Sophia Brown,Female,48,Doha,Palestine,28423.65,Budget,C001,Summer Sale,Discount,Website,2025-07-11,2025-07-18,361.61,74649,2138,154,22779.85,18893.55,18770.44,Yes,13,Yes,No,30,Returning
14031,Layla Miller,Female,18,Ramallah,Lebanon,60606.84,Premium,C002,Back to School,Seasonal,Website,2025-02-27,2025-03-23,617.56,21238,329,22,2733.34,1685.95,2600.14,Yes,2,No,No,19,Returning
10599,Sophia Nasser,Female,38,Doha,Lebanon,41983.64,Regular,C006,Loyalty Rewards,Retention,Email,2025-04-04,2025-05-01,206.48,75895,4726,320,31149.07,21846.06,33622.25,Yes,10,Yes,No,23,Returning
10176,John Miller,Female,27,Nablus,Egypt,70771.13,Budget,C001,Summer Sale,Discount,Email,2025-04-26,2025-05-13,415.86,56487,2786,276,15527.76,11433.52,12652.19,Yes,4,Yes,Yes,21,Returning
11642,Emma Miller,Male,25,Hebron,Jordan,47868.21,Regular,C003,Black Friday,Discount,Email,2025-01-14,2025-02-07,462.44,79395,2416,249,9262.66,7916.75,7664.63,Yes,1,No,No,30,New
11886,Adam Saleh,Female,27,Jerusalem,Qatar,23068.55,Corporate,C004,New Product Launch,Product,Social Media,2025-07-01,2025-07-08,523.55,18497,545,33,3243.54,1812.81,3396.36,Yes,14,Yes,No,26,Inactive
11709,John Awwad,Female,40,Doha,Qatar,61471.65,Regular,C007,Spring Promotion,Seasonal,Website,2025-03-05,2025-03-14,346.52,23450,97,6,450.04,395.69,489.65,Yes,3,Yes,No,24,New
12936,Daniel Brown,Male,44,Hebron,Palestine,51006.01,Budget,C006,Loyalty Rewards,Retention,SMS,2025-05-11,2025-06-03,570.39,15179,1202,159,11461.39,7988.64,10455.36,Yes,14,Yes,No,0,Returning
10820,Emma Smith,Female,34,Ramallah,Qatar,46319.1,Corporate,C005,Holiday Offers,Seasonal,Social Media,2025-12-26,2026-01-04,189.71,85753,3919,431,58519.78,37812.59,65944.61,Yes,12,No,No,0,Inactive
12649,Omar Hassan,Male,24,Jerusalem,Egypt,51337.7,Premium,C003,Black Friday,Discount,Social Media,2025-12-22,2026-01-13,739.84,5610,194,19,1770.51,1155.4,1687.52,Yes,1,Yes,No,27,Returning
13399,Maya Brown,Male,46,Jerusalem,Egypt,44508.04,Corporate,C003,Black Friday,Discount,Google Ads,2025-02-26,2025-03-10,518.91,4429,213,22,2400.62,1633.9,2077.89,Yes,15,Yes,No,9,Returning
12173,Daniel Awwad,Male,31,Amman,Palestine,45996.44,Budget,C001,Summer Sale,Discount,Display Ads,2025-03-15,2025-04-04,459.67,6594,109,14,1884.77,1266.63,1600.3,Yes,12,Yes,No,5,New
11825,Ali Brown,Male,42,Ramallah,Qatar,18000.0,Regular,C007,Spring Promotion,Seasonal,Website,2025-08-14,2025-08-25,509.04,79571,2743,304,41730.57,36139.05,41321.99,Yes,0,No,No,15,Returning
11051,Daniel Davis,Female,37,Beirut,Lebanon,62710.16,Budget,C008,Weekend Flash Sale,Discount,SMS,2025-10-20,2025-11-02,409.57,16993,1432,98,16461.2,10353.16,14774.17,Yes,7,Yes,No,25,Inactive
10674,Sara Brown,Female,20,Beirut,Palestine,52537.66,Regular,C005,Holiday Offers,Seasonal,Social Media,2025-12-04,2025-12-20,765.76,43573,1306,110,4101.95,2726.9,4004.17,Yes,14,No,No,24,Inactive
13071,Lina Miller,Male,43,Dubai,Lebanon,64597.73,Premium,C004,New Product Launch,Product,Social Media,2025-01-08,2025-01-19,393.6,83682,3039,117,17270.2,9569.41,16902.09,Yes,1,Yes,No,5,Returning
13939,Olivia Smith,Male,22,Beirut,Qatar,53123.72,Regular,C004,New Product Launch,Product,SMS,2025-11-15,2025-11-30,895.84,72049,6030,340,59906.62,49062.26,49320.85,Yes,14,Yes,No,23,New
12764,Daniel Hassan,Female,49,Amman,Qatar,27658.54,Budget,C008,Weekend Flash Sale,Discount,Display Ads,2025-02-19,2025-03-19,227.3,45375,999,98,6502.98,5038.52,6115.15,Yes,8,Yes,No,25,Returning
11035,Sara Saleh,Female,28,Ramallah,Palestine,40937.1,Regular,C005,Holiday Offers,Seasonal,Social Media,2025-06-27,2025-07-13,504.23,59818,1796,190,15083.57,10960.53,12608.96,Yes,13,Yes,No,30,Inactive
13257,Adam Hassan,Male,34,Nablus,Jordan,53019.9,Budget,C006,Loyalty Rewards,Retention,Website,2025-11-04,2025-11-15,789.41,74278,2624,150,22647.21,19963.68,18355.11,Yes,1,No,No,17,New
11367,Emma Hassan,Male,41,Jerusalem,Lebanon,78416.95,Regular,C004,New Product Launch,Product,Display Ads,2025-03-19,2025-04-12,493.72,80410,1075,85,9225.57,8203.39,10128.07,Yes,13,Yes,No,8,New
13284,Layla Brown,Female,22,Doha,Qatar,72144.32,Regular,C005,Holiday Offers,Seasonal,Email,2025-02-08,2025-02-23,769.27,93343,6395,831,85864.07,49005.01,89817.21,Yes,9,Yes,No,19,Inactive
13362,Lina Hassan,Female,54,Jerusalem,Jordan,18000.0,Regular,C003,Black Friday,Discount,Display Ads,2025-08-03,2025-08-22,860.89,78018,2107,209,14010.63,8815.58,15392.16,Yes,6,Yes,No,26,Returning
12263,Lina Brown,Male,34,Beirut,Lebanon,66496.19,,C008,Weekend Flash Sale,Discount,Social Media,2025-12-11,2025-12-26,516.63,43422,1497,54,10010.63,5865.37,8192.35,Yes,0,Yes,No,16,New
13860,Noor Wilson,Female,18,Ramallah,Egypt,18000.0,Budget,C008,Weekend Flash Sale,Discount,Social Media,2025-02-06,2025-03-08,587.61,45244,1659,119,15342.79,9810.31,12634.78,Yes,8,Yes,No,12,Returning
13822,Sophia Miller,Male,36,Doha,UAE,67421.33,Regular,C002,Back to School,Seasonal,Email,2025-11-05,2025-12-01,560.09,48020,3058,308,21298.68,14938.19,24659.27,Yes,7,No,No,26,Returning
10465,Sara Nasser,Female,22,Gaza,Lebanon,54845.47,Regular,C007,Spring Promotion,Seasonal,Display Ads,2025-05-09,2025-05-27,934.66,11391,161,7,474.62,301.36,539.48,Yes,0,Yes,No,22,Returning
14055,Noor Miller,Female,21,Gaza,Palestine,55282.28,Corporate,C008,Weekend Flash Sale,Discount,Website,2025-11-07,2025-12-02,861.58,49759,2000,221,27992.25,23607.88,28440.37,Yes,12,Yes,No,19,New
10808,Sara Khalil,Male,31,Amman,Egypt,82104.24,Budget,C007,Spring Promotion,Seasonal,SMS,2025-01-21,2025-02-08,165.54,85315,9172,669,87666.31,49360.23,99134.4,Yes,14,No,No,18,Inactive
13267,Sophia Awwad,Male,27,Beirut,Jordan,61887.76,Premium,C006,Loyalty Rewards,Retention,Email,2025-05-30,2025-06-19,590.08,4219,270,7,629.34,423.76,737.22,Yes,14,No,Yes,26,Returning
12038,Yousef Wilson,Male,20,Amman,Qatar,67363.75,Budget,C005,Holiday Offers,Seasonal,Social Media,2025-04-18,2025-05-12,856.36,72232,2809,197,22389.69,18704.67,18392.7,Yes,10,No,No,24,New
14095,Ali Smith,Female,22,Beirut,Egypt,48185.56,Budget,C004,New Product Launch,Product,Google Ads,2025-06-06,2025-06-16,645.1,95126,4964,402,86224.84,66722.18,71084.82,Yes,2,No,No,10,Returning
13136,Adam Nasser,Female,37,Amman,UAE,36131.48,Budget,C006,Loyalty Rewards,Retention,Social Media,2025-03-28,2025-04-14,329.16,2587,85,9,985.05,716.27,1024.75,Yes,3,Yes,No,18,New
12427,Maya Brown,Male,40,Hebron,Palestine,52229.71,Premium,C007,Spring Promotion,Seasonal,Google Ads,2025-03-16,2025-04-14,293.21,45085,1913,50,6877.64,4032.15,6584.14,Yes,11,No,No,4,Inactive
12408,Ali Smith,Male,42,Doha,Palestine,62165.71,Regular,C003,Black Friday,Discount,Display Ads,2025-05-21,2025-05-28,577.31,65314,1953,221,20819.12,14659.25,21779.0,Yes,7,Yes,No,7,Inactive
11770,Lina Awwad,Female,37,Hebron,Palestine,60372.13,Budget,C008,Weekend Flash Sale,Discount,SMS,2025-08-01,2025-08-25,958.64,72750,6092,616,56868.19,42839.57,49109.42,Yes,6,No,No,5,Returning
13172,Yousef Smith,Female,32,Dubai,UAE,64771.72,Regular,C004,New Product Launch,Product,Google Ads,2025-10-04,2025-10-22,75.45,10597,483,57,6237.37,4964.02,5762.6,Yes,4,No,No,27,Returning
11055,Sara Davis,Female,29,Cairo,UAE,83227.28,Premium,C004,New Product Launch,Product,Display Ads,2025-06-28,2025-07-27,461.26,92531,2737,296,41666.78,23692.59,34899.75,Yes,7,No,No,8,Returning
13588,Olivia Miller,Female,18,Ramallah,Jordan,49680.96,Premium,C008,Weekend Flash Sale,Discount,Website,2025-11-29,2025-12-07,439.59,46061,1112,34,5690.91,3260.29,4949.09,Yes,15,Yes,No,2,Returning
12262,Yousef Awwad,Female,35,Dubai,Lebanon,38396.57,Budget,C003,Black Friday,Discount,SMS,2025-04-21,2025-05-19,392.72,59759,5381,191,14366.97,11916.62,12363.64,Yes,9,No,No,10,New
14162,Sophia Hassan,Female,27,Nablus,Egypt,68059.29,Premium,C006,Loyalty Rewards,Retention,Website,2025-03-03,2025-03-12,508.47,80958,2129,217,7443.18,4600.75,6815.92,Yes,2,No,No,23,New
11470,Maya Awwad,Female,28,Ramallah,UAE,105837.95,Premium,C007,Spring Promotion,Seasonal,Website,2025-12-25,2026-01-22,539.52,51283,740,59,8629.71,7305.42,9562.73,Yes,13,No,No,22,Returning
11500,Sara Nasser,Female,34,Jerusalem,Lebanon,64155.84,Regular,C005,Holiday Offers,Seasonal,SMS,2025-02-16,2025-02-28,373.15,34644,3133,145,13093.48,10167.46,12929.86,Yes,12,Yes,No,7,Returning
10669,Daniel Wilson,Male,49,Cairo,UAE,46041.89,Premium,C001,Summer Sale,Discount,Website,2025-01-31,2025-02-28,515.04,49409,733,54,2644.39,1944.14,2909.18,Yes,3,Yes,No,0,Inactive
10039,Daniel Brown,Female,48,Nablus,Egypt,91048.29,Regular,C002,Back to School,Seasonal,Social Media,2025-04-07,2025-05-04,380.44,81878,3052,256,25307.72,16977.35,26065.96,Yes,15,Yes,No,17,New
11268,Emma Miller,Male,34,Doha,Lebanon,66030.23,Budget,C003,Black Friday,Discount,Website,2025-03-18,2025-04-08,512.84,4476,110,8,739.97,649.15,750.92,Yes,1,Yes,No,25,Inactive
10883,Emma Hassan,Male,61,Ramallah,Qatar,45063.21,Regular,C003,Black Friday,Discount,Website,2025-06-22,2025-07-13,781.65,86809,2429,256,32817.18,24418.0,27071.68,Yes,12,No,No,30,New
12772,Noor Smith,Male,36,Hebron,Qatar,36349.42,Regular,C007,Spring Promotion,Seasonal,Email,2025-07-03,2025-07-11,586.81,63470,3925,360,42931.17,31535.87,36035.48,Yes,3,No,Yes,20,New
13230,Adam Nasser,Female,33,Jerusalem,Qatar,61917.02,Budget,C005,Holiday Offers,Seasonal,Display Ads,2025-08-07,2025-08-26,361.96,57534,904,89,9076.84,5323.67,10462.58,Yes,12,Yes,No,15,New
13966,John Nasser,Female,31,Gaza,Lebanon,85998.79,,C001,Summer Sale,Discount,Social Media,2025-02-15,2025-03-03,401.45,77500,2236,138,10442.03,5845.31,10002.49,Yes,5,No,No,23,New
12482,John Saleh,Female,20,Cairo,Palestine,35083.46,Budget,C007,Spring Promotion,Seasonal,Display Ads,2025-09-18,2025-10-11,487.67,23868,449,40,4877.26,3463.01,4064.37,Yes,11,Yes,No,29,New
11522,Noor Smith,Male,29,Hebron,Qatar,49939.74,,C001,Summer Sale,Discount,Email,2025-07-15,2025-07-28,361.81,90859,5418,662,71066.26,61851.51,78422.3,Yes,3,No,Yes,7,Returning
12710,Maya Brown,Male,22,Amman,Qatar,64405.18,Premium,C003,Black Friday,Discount,Website,2025-05-07,2025-06-02,525.4,88125,4381,387,51930.72,44261.08,43750.08,Yes,8,No,No,21,Returning
12538,Adam Nasser,Female,31,Nablus,Qatar,58641.05,Budget,C007,Spring Promotion,Seasonal,Google Ads,2025-04-08,2025-04-30,490.04,33716,1512,76,5436.19,3844.45,5459.95,Yes,0,No,No,1,Returning
11827,Ali Khalil,Male,26,Jerusalem,Qatar,61105.2,Premium,C006,Loyalty Rewards,Retention,Social Media,2025-05-12,2025-06-09,712.64,94219,2049,132,10397.56,8831.98,12055.34,Yes,12,No,No,17,New
12143,Sara Khalil,Female,36,Hebron,Palestine,64299.6,Regular,C008,Weekend Flash Sale,Discount,Social Media,2025-03-07,2025-03-30,523.59,5178,140,5,533.27,300.4,519.2,Yes,15,No,No,3,New
13180,Maya Khalil,Male,18,Hebron,Qatar,106002.92,Regular,C008,Weekend Flash Sale,Discount,Display Ads,2025-03-15,2025-04-05,373.54,78750,1171,100,10698.77,7074.8,9341.78,Yes,1,Yes,No,24,New
10117,Lina Smith,Female,39,Jerusalem,UAE,31548.79,Regular,C001,Summer Sale,Discount,SMS,2025-07-14,2025-07-25,506.42,38747,3627,251,34679.05,23150.38,34996.7,Yes,2,Yes,No,5,Returning
13596,Ahmed Wilson,Male,45,Hebron,Egypt,32058.66,Regular,C003,Black Friday,Discount,Social Media,2025-10-08,2025-10-25,851.65,7933,320,26,2312.9,1286.23,2211.76,Yes,3,Yes,No,13,Returning
11392,Daniel Smith,Male,18,Jerusalem,Palestine,56703.18,Budget,C001,Summer Sale,Discount,SMS,2025-01-02,2025-01-27,565.44,8156,627,6,706.15,543.67,719.29,Yes,12,Yes,No,27,New
10606,Ahmed Wilson,Female,35,Gaza,Lebanon,44312.29,Regular,C008,Weekend Flash Sale,Discount,Display Ads,2025-05-02,2025-05-30,583.34,64798,514,43,6180.5,5388.16,5991.54,Yes,8,No,No,20,Returning
11255,Michael Davis,Female,48,Hebron,Jordan,57461.44,Regular,C003,Black Friday,Discount,SMS,2025-05-12,2025-05-24,1094.67,48744,3488,241,23852.93,13474.38,25769.37,Yes,0,No,No,25,New
13362,Noor Brown,Male,39,Amman,Jordan,67105.35,Corporate,C007,Spring Promotion,Seasonal,SMS,2025-08-24,2025-09-23,291.91,59785,5007,439,48022.32,31891.81,54479.25,Yes,14,No,No,14,Returning
13268,Lina Davis, male ,18,Hebron,Jordan,67314.94,Budget,C004,New Product Launch,Product,Display Ads,2025-12-04,2025-12-30,225.04,48133,552,47,6185.21,3864.08,4968.68,Yes,14,No,No,11,Returning
11158,Olivia Khalil,Female,56,Gaza,Egypt,65771.16,Regular,C004,New Product Launch,Product,Social Media,2025-06-22,2025-07-16,909.48,21041,627,44,3097.92,1729.7,3602.74,Yes,12,No,No,5,Inactive
11692,John Miller,Male,37,Gaza,Lebanon,79518.38,Budget,C003,Black Friday,Discount,Display Ads,2025-07-25,2025-08-19,257.3,26427,425,32,4029.85,3440.73,4599.02,Yes,4,No,No,10,Returning
11070,Olivia Smith,Male,43,Ramallah,Palestine,86872.7,Premium,C001,Summer Sale,Discount,Email,2025-06-19,2025-06-28,645.68,41564,1714,75,7086.27,4061.2,5722.73,Yes,11,Yes,Yes,6,New
12585,Michael Wilson,Female,39,Jerusalem,UAE,33461.96,,C003,Black Friday,Discount,Social Media,2025-03-25,2025-04-14,658.62,16024,369,6,600.89,429.24,575.51,Yes,13,Yes,No,17,Returning
12304,Noor Khalil,Male,18,Doha,Palestine,62478.55,Budget,C003,Black Friday,Discount,SMS,2025-08-31,2025-09-19,300.5,63005,5221,515,88994.01,74424.19,87565.82,Yes,5,Yes,No,18,Returning
13613,Maya Wilson,Male,18,Doha,Lebanon,45674.76,Regular,C006,Loyalty Rewards,Retention,Email,2025-07-09,2025-07-18,773.55,23730,1248,76,11580.2,10393.39,12006.56,Yes,4,Yes,No,29,New
11615,Daniel Nasser,Male,20,Amman,Egypt,51778.3,Corporate,C008,Weekend Flash Sale,Discount,Email,2025-11-15,2025-12-10,335.03,55253,2968,256,19041.07,13940.94,21134.13,Yes,5,Yes,Yes,16,New
10193,Olivia Smith,Male,29,Nablus,Lebanon,58749.81,Regular,C005,Holiday Offers,Seasonal,Google Ads,2025-08-18,2025-09-07,779.63,44739,2142,112,9697.67,7562.66,9038.16,Yes,1,No,No,23,Inactive
10658,Daniel Davis,Male,44,Jerusalem,Egypt,32173.41,Premium,C001,Summer Sale,Discount,Google Ads,2025-07-14,2025-07-27,136.65,62119,2843,140,15182.79,9786.82,13908.72,Yes,12,No,No,1,Returning
13074,Daniel Smith,Female,19,Dubai,Lebanon,85100.79,Regular,C006,Loyalty Rewards,Retention,Display Ads,2025-05-14,2025-06-07,20.0,25784,312,17,2122.66,1501.69,1746.29,Yes,15,No,No,8,New
10695,Daniel Davis,Male,20,Nablus,Jordan,28950.88,Budget,C002,Back to School,Seasonal,Social Media,2025-02-08,2025-02-20,761.88,49440,2165,148,24752.52,20361.59,25163.77,Yes,2,Yes,No,18,Returning
10618,Ahmed Awwad,Female,36,Beirut,Palestine,74652.5,Regular,C008,Weekend Flash Sale,Discount,Display Ads,2025-06-19,2025-07-17,466.57,14371,250,2,300.31,261.66,304.21,Yes,3,Yes,No,22,New
10665,Maya Khalil,Male,33,Nablus,Qatar,35236.21,Budget,C004,New Product Launch,Product,Social Media,2025-01-26,2025-02-24,327.33,10908,158,12,2622.87,1879.59,2124.53,Yes,12,No,No,20,Returning
11617,Olivia Miller,Male,49,Doha,UAE,62309.01,Budget,C001,Summer Sale,Discount,SMS,2025-04-05,2025-04-28,675.53,1327,116,6,354.25,303.72,296.58,Yes,2,Yes,No,6,New
11552,Sara Khalil,Male,31,Jerusalem,UAE,63751.08,Budget,C004,New Product Launch,Product,Social Media,2025-07-22,2025-08-18,535.87,78135,3050,426,40724.04,25509.15,33148.01,Yes,9,No,No,16,Returning
12056,Emma Saleh,Male,18,Gaza,UAE,39506.88,,C002,Back to School,Seasonal,Email,2025-02-02,2025-02-24,759.82,45618,2754,234,29128.11,25181.95,30212.82,Yes,1,Yes,No,2,Returning
13654,Ahmed Khalil,Female,44,Beirut,UAE,42793.26,Budget,C002,Back to School,Seasonal,Website,2025-05-15,2025-06-14,1136.17,42320,1004,64,9112.76,6193.53,7983.52,Yes,14,No,No,23,Returning
12460,Olivia Smith,Male,49,Hebron,Egypt,26549.13,Regular,C006,Loyalty Rewards,Retention,SMS,2025-08-27,2025-09-17,209.41,43015,4299,631,79195.06,56090.83,89601.41,Yes,12,No,No,27,Inactive
11164,John Brown,Male,32,Jerusalem,UAE,47732.4,Regular,C003,Black Friday,Discount,SMS,2025-07-07,2025-07-14,713.71,57435,5738,459,63041.55,39460.72,63653.24,Yes,5,Yes,No,18,Inactive
10135,John Wilson,Male,18,Gaza,UAE,28094.39,Regular,C008,Weekend Flash Sale,Discount,SMS,2025-03-23,2025-04-08,342.35,72501,6604,533,90291.53,72531.66,76397.98,Yes,8,Yes,No,6,Returning
13546,Sophia Hassan,Female,38,Nablus,UAE,57116.47,Corporate,C002,Back to School,Seasonal,Google Ads,2025-12-28,2026-01-19,985.85,80167,4719,239,23185.05,16762.35,22513.26,Yes,9,Yes,No,7,Returning
11773,Sophia Wilson,Male,36,Gaza,Lebanon,30240.8,Regular,C005,Holiday Offers,Seasonal,Display Ads,2025-11-13,2025-12-03,687.25,80667,2334,195,27557.07,22146.65,30777.82,Yes,3,Yes,No,16,New
11050,Emma Miller,Female,36,Ramallah,Palestine,87563.2,Regular,C007,Spring Promotion,Seasonal,Social Media,2025-04-18,2025-05-05,243.74,90714,3096,212,29194.27,25994.13,25418.91,Yes,7,No,No,20,Inactive
12299,Daniel Miller,Female,54,Hebron,Jordan,66215.57,Corporate,C004,New Product Launch,Product,Display Ads,2025-10-31,2025-11-26,280.34,31566,628,59,8621.68,4800.46,10137.03,Yes,7,No,No,18,Returning
14186,Sara Brown,Male,37,Beirut,UAE,36345.43,Premium,C008,Weekend Flash Sale,Discount,SMS,2025-11-05,2025-12-05,536.41,35366,2947,391,60575.09,50092.48,68861.11,Yes,2,No,No,12,Returning
12263,Lina Smith,Male,40,Doha,Jordan,47908.24,Regular,C001,Summer Sale,Discount,Google Ads,2025-07-02,2025-07-28,280.37,63749,3142,280,40344.88,36102.6,37284.17,Yes,4,No,No,30,New
11639,Adam Miller,Male,32,Gaza,Lebanon,66523.05,Premium,C004,New Product Launch,Product,Website,2025-09-16,2025-10-02,170.36,33035,554,53,7677.58,4252.0,8215.86,Yes,12,No,No,22,Returning
12139,Adam Hassan,Female,25,Nablus,Palestine,45136.08,Budget,C007,Spring Promotion,Seasonal,Email,2025-07-08,2025-07-29,429.35,19848,1057,111,6460.95,4263.78,6604.84,Yes,14,Yes,No,19,Returning
12241,Michael Nasser,Male,48,Beirut,Qatar,51603.19,Regular,C003,Black Friday,Discount,Google Ads,2025-01-09,2025-01-19,530.34,7371,262,22,4481.59,3769.61,4036.59,Yes,10,No,No,11,New
13073,Ahmed Brown,Female,0,Dubai,Jordan,72350.66,Regular,C001,Summer Sale,Discount,Display Ads,2025-05-25,2025-06-11,1048.28,74636,1492,137,14150.43,8435.83,14435.79,Yes,1,Yes,No,23,Returning
10524,Ali Hassan,Male,34,Ramallah,Egypt,49753.19,Regular,C004,New Product Launch,Product,Email,2025-07-04,2025-07-22,490.42,44823,2267,191,18867.89,10787.77,19192.71,Yes,2,Yes,No,15,Returning
13411,John Hassan,Male,18,Hebron,Qatar,47353.04,Regular,C005,Holiday Offers,Seasonal,Social Media,2025-05-03,2025-05-11,186.1,85009,3317,176,20209.05,12710.12,20667.12,Yes,0,Yes,No,20,Returning
10348,Omar Saleh,Male,28,Jerusalem,Jordan,57760.21,Regular,C006,Loyalty Rewards,Retention,SMS,2025-11-21,2025-12-19,682.1,52379,4960,505,84061.99,67263.02,75206.15,Yes,0,No,No,15,New
13400,Ali Awwad,Male,60,Beirut,Palestine,48590.34,Regular,C008,Weekend Flash Sale,Discount,Email,2025-06-28,2025-07-27,500.43,11067,618,41,6866.3,5065.14,6914.67,Yes,11,Yes,No,12,New
12306,Yousef Davis,Female,45,Cairo,Qatar,30817.53,Regular,C004,New Product Launch,Product,Website,2025-05-12,2025-05-29,760.46,26160,811,74,7218.67,4691.3,6717.9,Yes,10,No,No,12,New
10237,Michael Miller,Female,36,Hebron,Jordan,73461.38,Premium,C007,Spring Promotion,Seasonal,Email,2025-04-16,2025-04-29,510.85,75238,5728,561,86252.42,56597.09,78700.25,Yes,9,No,No,28,Returning
13800,Omar Saleh,Female,26,Hebron,Egypt,54293.08,Premium,C001,Summer Sale,Discount,Social Media,2025-04-03,2025-04-20,252.44,27547,1131,118,,9597.67,9053.71,Yes,15,No,No,23,New
11354,Olivia Wilson,Female,42,Hebron,Palestine,27845.99,Regular,C001,Summer Sale,Discount,Email,2025-11-14,2025-11-22,875.61,1969,111,10,869.29,770.56,880.21,Yes,8,No,Yes,12,Returning
10797,Omar Smith,Male,44,Hebron,Qatar,78045.98,Budget,C006,Loyalty Rewards,Retention,Email,2025-05-24,2025-06-13,512.11,86172,4433,335,38038.67,24419.08,32939.24,Yes,0,Yes,Yes,3,New
11677,Sara Awwad,Female,49,Jerusalem,Palestine,57411.25,Premium,C004,New Product Launch,Product,SMS,2025-10-24,2025-11-22,431.71,73565,6564,459,24539.92,17617.3,27919.57,Yes,8,No,No,0,Returning
11256,Adam Khalil,Female,34,Dubai,Palestine,68901.66,Premium,C007,Spring Promotion,Seasonal,SMS,2025-07-31,2025-08-12,587.66,2239,202,17,1903.29,1233.88,2101.02,Yes,1,Yes,No,30,Returning
12307,Olivia Saleh,Female,34,Nablus,Lebanon,39318.53,Regular,C004,New Product Launch,Product,Social Media,2025-12-20,2026-01-10,248.47,755,26,2,200.78,144.76,236.12,Yes,1,No,No,17,Inactive
11897,Omar Nasser,Female,43,Ramallah,Egypt,59103.84,Regular,C008,Weekend Flash Sale,Discount,Website,2025-03-25,2025-04-12,539.62,86824,2604,122,9986.37,6704.61,10907.24,Yes,11,Yes,No,10,Returning
11426,John Smith,Female,26,Amman,UAE,74131.37,Premium,C008,Weekend Flash Sale,Discount,Display Ads,2025-10-05,2025-10-25,617.53,47729,1751,94,8175.34,4890.28,8419.02,Yes,13,Yes,No,19,New
12939,Michael Wilson,Male,25,Nablus,UAE,63158.58,Regular,C003,Black Friday,Discount,Website,2025-06-24,2025-07-18,162.35,83428,1577,144,16408.08,13760.47,14275.96,Yes,5,Yes,No,26,Returning
13247,Ali Brown,Male,42,Cairo,Egypt,48806.24,Premium,C002,Back to School,Seasonal,Website,2025-01-03,2025-01-18,332.4,72648,1749,147,18106.32,12080.81,17987.34,Yes,5,Yes,No,21,Returning
10958,Daniel Smith,Female,46,Cairo,Lebanon,77887.43,Budget,C004,New Product Launch,Product,Website,2025-06-29,2025-07-29,318.87,53977,726,76,9177.37,5547.68,8067.24,Yes,3,Yes,No,20,Returning
11543,Ahmed Davis,Male,56,Doha,Jordan,55626.54,Corporate,C005,Holiday Offers,Seasonal,Social Media,2025-07-27,2025-08-12,739.78,27926,798,36,4134.88,2702.25,3420.31,Yes,3,Yes,No,0,New
11697,Maya Khalil,Male,18,Gaza,Qatar,75872.73,Corporate,C007,Spring Promotion,Seasonal,Google Ads,2025-12-05,2025-12-24,792.08,1885,52,3,541.03,355.09,576.96,Yes,9,No,No,12,Returning
13920,Omar Wilson,Male,56,Doha,UAE,39093.06,Regular,C005,Holiday Offers,Seasonal,Display Ads,2025-08-31,2025-09-19,659.41,99186,1171,63,7845.11,6732.85,8233.91,Yes,3,No,No,22,Returning
14017,Ahmed Brown,Male,19,Doha,Palestine,48233.16,Regular,C002,Back to School,Seasonal,Email,2025-05-06,2025-06-05,73.33,94296,3922,326,47762.17,34114.03,47645.02,Yes,3,Yes,No,7,Returning
12645,Layla Davis,Female,53,Hebron,Egypt,43988.33,Regular,C001,Summer Sale,Discount,Display Ads,2025-03-07,2025-04-01,464.37,89005,2410,181,25344.73,18048.31,23592.34,Yes,0,No,No,2,Returning
13180,Omar Nasser,Male,21,Cairo,Qatar,47879.19,Regular,C008,Weekend Flash Sale,Discount,Google Ads,2025-03-25,2025-04-02,295.21,38548,2424,125,25219.3,22419.9,21057.5,Yes,10,No,No,3,Returning
10630,Adam Wilson,Female,18,Hebron,Palestine,90152.51,Regular,C003,Black Friday,Discount,SMS,2025-01-23,2025-02-08,591.7,24443,2187,125,23043.57,19493.44,19481.15,Yes,7,No,No,27,Returning
11874,Michael Khalil,Male,24,Jerusalem,Jordan,54706.29,Premium,C001,Summer Sale,Discount,SMS,2025-09-12,2025-09-30,491.14,92108,9012,901,44770.74,35495.78,43959.79,Yes,13,Yes,No,22,Returning
10872,Sophia Wilson,Male,20,Gaza,Qatar,46422.03,Regular,C007,Spring Promotion,Seasonal,Email,2025-02-03,2025-02-12,378.5,34942,1838,127,9661.43,8274.4,9728.2,Yes,11,Yes,No,7,Inactive
10992,Ahmed Hassan,Male,36,Beirut,Jordan,72530.29,Budget,C008,Weekend Flash Sale,Discount,Display Ads,2025-10-07,2025-10-25,847.56,73555,2533,246,15495.78,12081.93,17854.19,Yes,8,No,No,2,Inactive
13386,Sara Davis,Male,35,Hebron,Jordan,43124.52,Premium,C003,Black Friday,Discount,Display Ads,2025-12-26,2026-01-14,395.16,1967,50,4,270.88,159.67,277.36,Yes,11,Yes,No,16,Returning
12179,Ahmed Nasser,Male,24,Amman,Jordan,49416.02,Budget,C004,New Product Launch,Product,Social Media,2025-12-06,2025-12-28,398.13,63188,2930,235,3927.07,2920.02,3301.43,Yes,15,Yes,No,3,New
10581,Lina Hassan,Male,35,Ramallah,Qatar,88837.74,Regular,C002,Back to School,Seasonal,Website,2025-03-26,2025-04-09,186.28,82674,2411,169,20842.98,13378.36,21764.76,Yes,13,No,No,30,New
10489,Sophia Awwad,FEMALE,30,Dubai,Palestine,78119.87,Regular,C006,Loyalty Rewards,Retention,SMS,2025-08-19,2025-09-14,724.35,29954,2945,233,6504.04,4737.16,7478.32,Yes,4,No,No,19,Inactive
13331,Maya Saleh,Female,27,Doha,Palestine,61487.95,Regular,C001,Summer Sale,Discount,SMS,2025-02-03,2025-02-27,793.16,11620,1025,53,7203.51,4669.98,7818.17,Yes,4,Yes,No,11,New
12798,Layla Davis,Female,43,Gaza,Qatar,46966.02,Regular,C007,Spring Promotion,Seasonal,Display Ads,2025-10-29,2025-11-27,586.49,73924,1550,147,17161.24,12379.89,14823.56,Yes,4,No,No,10,New
12806,Ali Nasser,Female,18,Gaza,UAE,73118.92,Regular,C004,New Product Launch,Product,Google Ads,2025-06-15,2025-06-29,1080.33,74688,3020,209,26078.8,17401.07,26243.2,Yes,6,No,No,9,New
13372,Yousef Nasser,Female,18,Hebron,Egypt,47757.11,Budget,C003,Black Friday,Discount,Display Ads,2025-06-01,2025-06-14,414.81,90560,2179,191,13258.61,9991.85,14628.62,Yes,11,No,No,6,Returning
11421,Sara Nasser,Male,51,Hebron,Egypt,68918.32,Budget,C006,Loyalty Rewards,Retention,Social Media,2025-11-28,2025-12-20,367.92,49651,1675,149,21570.1,18903.37,17863.29,Yes,7,No,No,15,Returning
13761,Daniel Hassan,Female,58,Beirut,Palestine,61447.72,Regular,C007,Spring Promotion,Seasonal,Website,2025-07-21,2025-07-28,329.62,9222,209,18,1894.92,1662.15,1826.63,Yes,6,No,No,29,Returning
12270,Sophia Saleh,Female,31,Nablus,Qatar,56521.49,Regular,C008,Weekend Flash Sale,Discount,Website,2025-02-25,2025-03-19,233.98,57801,1865,138,19674.62,11667.46,16144.06,Yes,12,No,No,3,New
10447,Omar Khalil,Female,44,Ramallah,Egypt,71212.74,Regular,C003,Black Friday,Discount,Email,2025-12-18,2026-01-07,646.36,27355,1303,129,9589.82,8553.09,10224.9,Yes,1,No,No,0,New
12271,Layla Brown,Male,51,Hebron,Jordan,49328.53,Regular,C005,Holiday Offers,Seasonal,Website,2025-07-01,2025-07-15,611.22,20384,470,58,8401.1,6989.7,7555.56,Yes,0,No,No,24,New
13140,Adam Davis,Male,27,Jerusalem,Palestine,38692.63,Regular,C005,Holiday Offers,Seasonal,SMS,2025-03-05,2025-03-15,308.48,32769,2759,191,17980.09,10931.44,17420.35,Yes,13,Yes,No,7,Returning
11422,Noor Nasser,Male,46,Nablus,Jordan,75298.35,Budget,C007,Spring Promotion,Seasonal,Website,2025-11-04,2025-11-23,321.68,58979,555,60,9808.02,6796.83,8699.65,Yes,6,Yes,No,3,Returning
13639,Michael Hassan,Female,58,Beirut,Qatar,40846.53,Premium,C005,Holiday Offers,Seasonal,Social Media,2025-12-11,2026-01-02,466.54,57732,2339,110,20407.06,15621.06,18601.07,Yes,10,No,No,0,Returning
13623,Adam Smith,Male,46,Ramallah,Egypt,53090.37,Budget,C007,Spring Promotion,Seasonal,Social Media,2025-07-26,2025-08-08,414.67,29064,1304,104,,12599.77,16714.1,Yes,10,No,No,12,New
11892,John Miller,Female,49,Nablus,Lebanon,48802.22,Corporate,C004,New Product Launch,Product,Display Ads,2025-12-24,2026-01-02,381.73,59776,1142,38,6490.37,4435.13,5863.64,Yes,0,No,No,18,New
14022,Sophia Wilson,Female,31,Ramallah,Qatar,49805.65,Regular,C004,New Product Launch,Product,Google Ads,2025-07-07,2025-07-22,652.0,63221,2787,229,22510.01,17462.21,22769.87,Yes,5,Yes,No,7,Inactive
11604,Omar Brown,Female,31,Nablus,Jordan,87536.63,Premium,C003,Black Friday,Discount,Email,2025-11-12,2025-12-11,714.14,72959,4187,262,36175.73,23608.41,35851.13,Yes,1,Yes,No,8,Returning
13571,Yousef Hassan,Male,23,Dubai,UAE,42022.54,Regular,C002,Back to School,Seasonal,Social Media,2025-02-17,2025-03-15,202.17,7334,419,20,3459.86,2415.47,2814.13,Yes,5,No,No,17,Returning
11376,Noor Awwad,Male,35,Beirut,Lebanon,48831.28,Premium,C002,Back to School,Seasonal,Google Ads,2025-04-02,2025-04-26,118.77,16770,674,14,2582.06,1902.41,2541.55,Yes,14,No,No,23,New
11531,Noor Awwad,Female,45,Jerusalem,UAE,,Regular,C001,Summer Sale,Discount,Website,2025-09-16,2025-09-24,805.86,52116,1089,109,19312.99,16344.35,19353.73,Yes,4,Yes,No,1,Returning
11982,Emma Miller,Female,18,Doha,Jordan,52332.52,Regular,C002,Back to School,Seasonal,Display Ads,2025-05-08,2025-05-20,569.18,84403,1270,84,8544.25,5558.21,7667.88,Yes,1,Yes,No,12,New
14014,John Davis,Female,34,Cairo,Qatar,74772.73,Corporate,C006,Loyalty Rewards,Retention,Website,2025-10-23,2025-11-21,699.44,98717,2750,225,23355.73,14209.94,26443.98,Yes,12,No,No,16,Inactive
14094,Lina Awwad,Male,33,Ramallah,Egypt,30932.65,Corporate,C005,Holiday Offers,Seasonal,Email,2025-11-06,2025-11-26,221.28,50644,3294,296,40434.01,22465.72,38584.6,Yes,12,Yes,Yes,15,New
13568,Lina Wilson,Male,45,Gaza,Qatar,68589.26,Regular,C001,Summer Sale,Discount,Social Media,2025-08-13,2025-08-28,150.17,64302,1251,99,10375.63,8910.95,9081.98,Yes,12,No,No,22,Returning
13796,Lina Brown,Male,28,Hebron,Jordan,45553.37,Budget,C002,Back to School,Seasonal,Google Ads,2025-07-11,2025-07-19,306.63,46447,1408,123,17148.51,12032.83,15421.65,Yes,14,No,No,28,Returning
12409,Emma Davis,Female,31,Nablus,Qatar,64076.87,Premium,C006,Loyalty Rewards,Retention,Social Media,2025-06-08,2025-07-01,481.9,22250,871,104,14678.33,10958.2,13075.48,Yes,0,Yes,No,4,Returning
10491,Ahmed Davis,Male,34,Cairo,UAE,43467.69,Premium,C007,Spring Promotion,Seasonal,Google Ads,2025-11-10,2025-12-01,356.6,45972,2085,200,23138.79,16913.28,20451.26,Yes,10,No,No,11,New
11011,Michael Wilson,Female,21,Cairo,Palestine,81565.82,Budget,C002,Back to School,Seasonal,Social Media,2025-07-13,2025-07-30,249.85,87088,3390,247,22656.99,19717.2,21300.41,Yes,14,No,No,4,New
10764,John Nasser,Female,42,Hebron,Palestine,39509.74,Premium,C001,Summer Sale,Discount,Social Media,2025-04-10,2025-04-30,452.46,75118,1777,53,4387.73,2646.14,4209.35,Yes,6,No,No,25,Returning
12091,Adam Awwad,Male,19,Jerusalem,Palestine,30889.54,Regular,C008,Weekend Flash Sale,Discount,Email,2025-04-23,2025-05-14,204.03,22206,1245,87,10762.84,8243.04,9148.86,Yes,15,Yes,No,25,Inactive
13049,Olivia Nasser,Female,35,Amman,Egypt,80463.57,Regular,C005,Holiday Offers,Seasonal,Website,2025-05-06,2025-05-20,285.66,3413,111,4,400.39,291.52,350.54,Yes,13,No,No,8,New
14087,John Awwad,Female,27,Gaza,Palestine,46697.19,Budget,C004,New Product Launch,Product,Social Media,2025-05-08,2025-05-29,439.97,20587,349,31,4543.77,3165.88,4617.64,Yes,3,No,No,13,Returning
12714,Layla Khalil,Male,30,Jerusalem,Egypt,32589.38,Regular,C002,Back to School,Seasonal,Google Ads,2025-01-30,2025-02-19,635.75,53705,2906,129,6345.97,3558.24,7241.31,Yes,13,Yes,No,13,Returning
13035,Sara Nasser,Male,31,Doha,Qatar,32149.63,Corporate,C007,Spring Promotion,Seasonal,Website,2025-04-20,2025-05-09,234.29,56874,1345,131,16912.57,10277.99,18774.78,Yes,7,No,No,7,Returning
11305,Daniel Miller,Female,-5,Ramallah,Palestine,48772.35,Premium,C001,Summer Sale,Discount,Social Media,2025-10-04,2025-10-24,44.34,65072,2107,146,23016.53,14089.58,21865.94,Yes,2,Yes,No,1,New
11094,Layla Smith,Female,18,Beirut,Palestine,66087.41,Premium,C005,Holiday Offers,Seasonal,Google Ads,2025-02-21,2025-03-01,446.31,76897,4098,215,23953.39,20908.74,26942.76,Yes,2,Yes,No,19,New
11393,John Wilson,Male,32,Gaza,Egypt,68561.28,Regular,C002,Back to School,Seasonal,Website,2025-05-26,2025-06-06,552.31,9012,76,7,594.68,472.76,560.99,Yes,14,No,No,5,Returning
10788,Olivia Miller,Male,33,Gaza,Palestine,29674.41,Regular,C006,Loyalty Rewards,Retention,Display Ads,2025-03-25,2025-04-23,523.76,62452,1325,158,14880.95,9713.97,13156.23,Yes,14,No,No,30,Returning
13286,Sophia Saleh,Female,41,,Jordan,77010.38,Regular,,Black Friday,Discount,Display Ads,2025-03-21,2025-03-29,116.2,10914,237,13,1202.32,850.19,1075.65,Yes,1,Yes,No,4,New
11224,Ali Nasser,Female,40,Amman,Egypt,30339.52,Regular,C008,Weekend Flash Sale,Discount,SMS,2025-07-29,2025-08-08,779.09,84951,8369,604,70605.2,39669.01,79848.47,Yes,9,Yes,No,28,Returning
11283,John Saleh,Female,42,Ramallah,Palestine,42471.64,Premium,C005,Holiday Offers,Seasonal,SMS,2025-04-06,2025-04-28,271.52,61252,6152,200,28623.91,19018.24,32047.01,Yes,12,No,No,14,New
13460,Daniel Miller,Male,37,Nablus,Jordan,42333.21,Corporate,C007,Spring Promotion,Seasonal,Email,2025-09-07,2025-09-24,20.0,19920,1365,115,14725.66,9531.21,14590.91,Yes,1,No,Yes,19,Returning
11657,Maya Brown,Male,45,Nablus,Lebanon,23673.38,Regular,C006,Loyalty Rewards,Retention,Website,2025-07-10,2025-07-27,610.26,858,20,2,260.15,188.71,230.78,Yes,3,No,No,24,Returning
11730,Lina Smith,Female,42,Cairo,Qatar,63280.76,Budget,C004,New Product Launch,Product,SMS,2025-01-21,2025-02-11,349.15,94754,9695,1140,185696.4,103297.38,163829.91,Yes,9,No,No,1,New
10515,Olivia Brown,Female,30,Beirut,Egypt,46146.18,Regular,C006,Loyalty Rewards,Retention,Website,2025-04-25,2025-05-16,20.0,35194,625,16,2404.73,2083.78,2509.45,Yes,9,Yes,No,26,New
12082,John Nasser,Male,36,Cairo,Jordan,48352.26,Premium,C008,Weekend Flash Sale,Discount,Social Media,2025-07-23,2025-07-30,586.07,56862,1271,70,11305.12,8335.72,9475.37,Yes,1,Yes,No,25,Returning
13415,Ahmed Davis,Female,23,Beirut,Lebanon,54730.4,Premium,C004,New Product Launch,Product,Website,2025-12-05,2025-12-29,342.65,38190,655,65,8562.0,6389.51,7255.17,Yes,3,Yes,No,29,Inactive
12692,Maya Davis,Male,34,Nablus,Lebanon,75017.81,Regular,C006,Loyalty Rewards,Retention,Display Ads,2025-05-06,2025-05-28,433.37,3211,75,9,1698.77,1087.84,1459.02,Yes,3,Yes,No,29,Returning
12395,Yousef Brown,Male,43,Dubai,Jordan,53933.18,Budget,,Loyalty Rewards,Retention,Email,2025-05-28,2025-06-13,628.12,71582,2225,105,14975.42,8253.93,13972.27,Yes,2,Yes,Yes,3,Inactive
11963,Ali Nasser,Male,34,Ramallah,Qatar,31223.94,Regular,C008,Weekend Flash Sale,Discount,Website,2025-03-04,2025-03-26,534.93,88055,3710,244,35236.28,23736.36,37932.3,Yes,8,Yes,No,11,Returning
13178,Adam Davis,Female,120,Nablus,Egypt,37637.78,Budget,C002,Back to School,Seasonal,Email,2025-03-25,2025-04-05,582.39,45339,2257,183,16639.2,14536.83,18425.73,Yes,5,Yes,No,6,Returning
12879,Ahmed Smith,Female,33,Dubai,Palestine,27217.88,Budget,C007,Spring Promotion,Seasonal,Social Media,2025-03-27,2025-04-09,814.85,81905,3911,325,37767.2,29456.87,34417.09,Yes,15,Yes,No,23,New
14050,Michael Brown,Female,18,Amman,Jordan,32639.51,Budget,C001,Summer Sale,Discount,SMS,2025-04-07,2025-04-14,248.93,75334,7089,896,85493.78,66433.02,90879.79,Yes,11,Yes,No,21,Inactive
13405,Ahmed Smith,Female,18,Ramallah,Jordan,86336.95,Budget,,Back to School,Seasonal,Website,2025-03-11,2025-04-02,700.78,65294,958,78,9647.37,7960.54,10121.29,Yes,10,Yes,No,19,Returning
12598,Noor Nasser,Female,40,Gaza,Palestine,54856.34,Budget,C001,Summer Sale,Discount,Google Ads,2025-12-07,2025-12-18,544.97,91713,4838,140,10832.36,9179.43,12228.17,Yes,8,No,No,4,New
10610,Emma Khalil,Female,43,Gaza,Lebanon,72325.05,Regular,C001,Summer Sale,Discount,Email,2025-05-26,2025-06-12,668.85,24718,1117,162,20171.97,11801.47,18620.28,Yes,2,No,No,19,Returning
10929,Sara Nasser,Female,18,Amman,Palestine,88854.46,Regular,C004,New Product Launch,Product,Website,2025-02-10,2025-02-24,298.97,6932,176,5,251.4,204.69,202.37,Yes,8,No,No,26,Returning
10653,Layla Davis,Female,28,Ramallah,Qatar,18108.74,Budget,C001,Summer Sale,Discount,Google Ads,2025-08-04,2025-08-13,369.98,86731,4162,514,72303.79,41506.83,67026.68,Yes,10,No,No,23,New
10033,Sara Wilson,Male,26,Doha,UAE,41555.3,Regular,C002,Back to School,Seasonal,Google Ads,2025-03-23,2025-04-17,439.28,74056,2914,202,22605.19,17563.55,20832.72,Yes,7,Yes,No,10,New
10851,Ahmed Wilson,Male,31,Jerusalem,Jordan,54253.51,Budget,C004,New Product Launch,Product,SMS,2025-01-03,2025-01-31,312.23,69047,5607,750,76342.3,43574.66,68677.28,Yes,8,Yes,No,15,Returning
11729,John Saleh,Female,22,Amman,Jordan,49152.09,Regular,C007,Spring Promotion,Seasonal,Website,2025-05-28,2025-06-12,644.97,33140,993,133,18229.09,13201.27,20344.87,Yes,3,No,No,8,Returning
10939,John Miller,Male,30,Gaza,Lebanon,87701.6,Premium,C003,Black Friday,Discount,Display Ads,2025-10-25,2025-11-04,475.51,88452,693,87,13479.54,12122.83,10915.72,Yes,7,Yes,No,22,New
10382,Ali Brown,Male,32,Hebron,UAE,63724.43,Corporate,,Summer Sale,Discount,Display Ads,2025-04-18,2025-05-17,87.73,15019,221,7,727.84,514.2,850.18,Yes,0,No,No,3,New
11205,Sara Smith,Female,28,Dubai,Qatar,38366.87,Budget,C005,Holiday Offers,Seasonal,SMS,2025-12-06,2025-12-19,584.86,83737,6696,492,60718.46,51882.88,68679.81,Yes,4,Yes,No,12,Returning
11989,Olivia Wilson,Female,50,Dubai,Palestine,78122.63,Regular,C007,Spring Promotion,Seasonal,SMS,2025-03-23,2025-03-31,534.7,8310,757,58,8437.88,7243.56,7297.28,Yes,14,No,No,6,Returning
11153,Layla Nasser,Male,36,Dubai,Palestine,38849.45,Regular,C002,Back to School,Seasonal,Website,2025-08-21,2025-09-08,430.64,40240,795,50,6452.06,4171.03,6219.09,Yes,7,No,No,6,Returning
13907,John Nasser,Male,22,Doha,Jordan,58794.67,Regular,C003,Black Friday,Discount,Email,2025-05-01,2025-05-28,255.41,64188,3155,84,8447.82,5074.12,6818.85,Yes,12,Yes,No,16,Returning
12193,Emma Davis,Female,41,Ramallah,UAE,42347.59,Budget,C005,Holiday Offers,Seasonal,Display Ads,2025-07-26,2025-08-02,614.55,8753,140,13,1139.37,949.55,1003.81,Yes,3,Yes,No,28,New
11499,Olivia Davis,Male,23,Jerusalem,Palestine,75943.47,Regular,C007,Spring Promotion,Seasonal,Website,2025-06-24,2025-07-01,464.07,63548,1547,160,25535.33,20487.21,25040.64,Yes,6,Yes,No,3,Returning
13481,Yousef Nasser,Male,33,Dubai,Lebanon,,Budget,C006,Loyalty Rewards,Retention,Email,2025-07-14,2025-08-05,821.7,82370,4257,344,40463.27,28930.6,36062.93,Yes,6,No,Yes,27,New
11976,Daniel Wilson,Male,44,Dubai,Egypt,59338.0,Premium,C002,Back to School,Seasonal,Email,2025-10-17,2025-10-28,546.19,30817,1704,118,19197.74,15521.67,19598.37,Yes,13,No,Yes,13,Returning
10841,Michael Hassan,Male,47,Hebron,Jordan,53540.79,Regular,C001,Summer Sale,Discount,Google Ads,2025-01-06,2025-01-31,625.02,54126,3191,337,52044.42,36818.46,51568.86,Yes,3,No,No,20,Returning
11713,Ali Smith,Male,51,Beirut,Palestine,56143.72,Premium,C005,Holiday Offers,Seasonal,Website,2025-10-02,2025-11-01,555.95,82958,1156,38,3489.17,2579.81,3436.67,Yes,7,Yes,No,15,Returning
10053,Olivia Saleh,Female,54,,Palestine,39090.36,Premium,C004,New Product Launch,Product,Website,2025-05-23,2025-05-30,635.29,56481,1478,88,10733.73,8518.06,11689.82,Yes,11,No,No,24,Returning
10221,Sara Miller,Male,39,Gaza,Jordan,68311.81,Regular,C003,Black Friday,Discount,Social Media,2025-01-24,2025-02-23,681.38,24013,832,92,13123.62,9334.82,10846.29,Yes,6,Yes,No,6,New
13683,Noor Miller,Male,18,Nablus,Palestine,47924.38,Budget,C004,New Product Launch,Product,Google Ads,2025-11-18,2025-12-04,279.71,90514,2937,103,10177.11,8807.32,8520.51,Yes,13,Yes,No,22,New
13881,John Awwad,Male,38,Amman,Palestine,46084.67,Regular,C007,Spring Promotion,Seasonal,Email,2025-02-13,2025-02-25,479.78,28259,1444,71,8946.13,5440.73,7729.72,Yes,2,Yes,Yes,7,Returning
12704,Michael Hassan,Male,33,Doha,Qatar,61583.68,Regular,C008,Weekend Flash Sale,Discount,Google Ads,2025-06-11,2025-06-26,576.15,79966,2356,23,3209.03,2186.74,3041.07,YES,6,Yes,No,6,Returning
13809,Ali Miller,Male,45,Jerusalem,Palestine,63036.09,Regular,C002,Back to School,Seasonal,Website,2025-09-03,2025-09-22,552.83,85651,2139,170,23446.16,20082.33,21971.1,Yes,4,Yes,No,16,New
11036,Noor Awwad,Male,18,Hebron,Egypt,62445.09,Regular,C006,Loyalty Rewards,Retention,Website,2025-10-03,2025-10-12,863.13,34533,1453,128,14215.82,8705.89,11901.13,Yes,8,No,No,17,New
13504,Olivia Saleh,Male,34,Hebron,Lebanon,33597.6,Regular,C003,Black Friday,Discount,Website,2025-08-15,2025-08-24,660.45,55828,2145,118,9845.88,6367.42,8198.1,Yes,2,No,No,14,New
12767,Ahmed Awwad,Male,45,Nablus,Lebanon,52045.31,Budget,C001,Summer Sale,Discount,Email,2025-06-15,2025-06-27,512.73,99794,6448,517,52507.41,36946.45,54649.1,Yes,2,Yes,Yes,30,Returning
13044,Omar Miller,Male,31,Jerusalem,UAE,67716.73,Regular,C002,Back to School,Seasonal,Website,2025-11-27,2025-12-13,143.38,99135,3365,390,41456.67,34594.27,35324.63,Yes,9,No,No,5,New
13906,Layla Wilson,Male,33,Jerusalem,Jordan,80186.1,Budget,C005,Holiday Offers,Seasonal,Website,2025-11-15,2025-11-23,437.93,41671,1554,197,29900.64,21335.88,31140.7,Yes,12,No,No,1,Returning
10362,Omar Awwad,Female,38,Hebron,Qatar,24321.4,Regular,,Loyalty Rewards,Retention,Email,2025-07-05,2025-08-04,557.01,68118,2616,71,6511.6,4522.57,6960.6,Yes,8,Yes,Yes,18,New
12208,Noor Smith,Female,31,Nablus,UAE,31513.3,Regular,C003,Black Friday,Discount,Website,2025-07-12,2025-08-11,315.77,5988,170,6,263.61,167.16,247.55,Yes,1,No,No,1,Returning
13769,Emma Awwad,Male,30,Jerusalem,Palestine,47727.79,Premium,C001,Summer Sale,Discount,Email,2025-07-20,2025-08-04,397.43,69781,3740,411,48258.04,37108.14,45995.5,Yes,3,No,No,23,New
12119,Maya Davis,Female,57,Doha,Jordan,88010.14,Regular,C007,Spring Promotion,Seasonal,Display Ads,2025-04-07,2025-04-30,664.84,85400,944,91,10521.61,8265.25,8562.03,Yes,2,No,No,8,New
11160,John Miller,Female,35,Jerusalem,Egypt,34723.48,Regular,C005,Holiday Offers,Seasonal,SMS,2025-06-02,2025-06-14,564.54,3214,267,17,2760.24,1873.9,3041.47,Yes,7,No,No,24,Returning
13530,Adam Khalil,Female,40,Gaza,Palestine,33820.39,Regular,C001,Summer Sale,Discount,SMS,2025-05-30,2025-06-26,372.82,51602,5027,135,13435.82,10952.62,14305.91,Yes,5,No,No,30,Returning
10347,Maya Brown,Male,32,Amman,UAE,31577.45,Regular,C003,Black Friday,Discount,Google Ads,2025-04-09,2025-05-09,502.63,3549,124,13,1480.14,1224.42,1355.06,Yes,2,No,No,12,New
12381,Ahmed Saleh,Male,37,Amman,Jordan,63572.33,Regular,C003,Black Friday,Discount,Google Ads,2025-06-19,2025-07-19,253.51,18096,1180,59,4991.3,2810.8,5226.2,Yes,14,Yes,No,21,Returning
10472,Layla Saleh,Male,54,Hebron,Jordan,55552.15,Corporate,C006,Loyalty Rewards,Retention,Social Media,2025-09-27,2025-10-12,687.04,77455,2237,179,23640.02,19676.69,24477.16,Yes,10,Yes,No,12,Returning
10838,Ali Khalil,Female,26,Cairo,Qatar,88235.13,Budget,C002,Back to School,Seasonal,Website,2025-01-25,2025-02-20,497.47,26533,1073,94,13850.11,10005.37,14200.87,Yes,7,Yes,No,20,Returning
11104,John Smith,Male,27,Nablus,Qatar,67798.82,Budget,C002,Back to School,Seasonal,Email,2025-11-10,2025-12-03,353.25,65599,4127,292,46313.27,32072.83,49485.39,Yes,10,No,Yes,30,Returning
10069,Ahmed Hassan,Male,21,Nablus,Palestine,38821.6,Regular,C006,Loyalty Rewards,Retention,SMS,2025-02-27,2025-03-23,433.82,17265,1629,94,5479.84,3919.71,5456.14,Yes,0,Yes,No,22,Returning
14075,Yousef Nasser,Male,35,Dubai,Palestine,58784.43,Budget,C004,New Product Launch,Product,SMS,2025-07-08,2025-08-03,147.84,45823,4744,599,25173.44,14470.18,28882.77,Yes,4,Yes,No,2,New
11010,Layla Khalil,Female,47,Hebron,Jordan,118522.99,Regular,C008,Weekend Flash Sale,Discount,Google Ads,2025-01-14,2025-02-08,344.34,18757,657,61,7231.94,4376.68,5864.68,Yes,13,Yes,No,5,Returning
11767,Lina Khalil,Male,31,Doha,UAE,64745.99,Regular,C007,Spring Promotion,Seasonal,Email,2025-02-17,2025-03-04,412.16,5281,244,14,1797.16,1510.25,1606.69,Yes,9,Yes,No,30,Returning
10175,Daniel Saleh,Female,46,Dubai,Qatar,55990.05,Regular,C001,Summer Sale,Discount,Website,2025-12-22,2026-01-01,419.22,15771,447,29,3661.06,3216.59,3626.88,Yes,4,No,No,24,Returning
11581,Omar Davis,Male,30,Amman,Qatar,42214.02,Regular,C002,Back to School,Seasonal,Email,2025-07-17,2025-07-28,630.36,90272,5248,159,15878.97,9708.84,17632.56,Yes,14,Yes,No,6,New
11791,Yousef Smith,Female,28,Nablus,Qatar,75940.77,Regular,C003,Black Friday,Discount,SMS,2025-10-20,2025-10-30,260.55,64120,6319,261,55986.14,48475.39,53405.19,Yes,15,No,No,24,Returning
11728,Yousef Nasser,Male,31,Ramallah,Jordan,59151.84,Regular,C001,Summer Sale,Discount,Website,2025-08-18,2025-08-31,390.82,45406,1394,124,21947.27,19082.13,21699.47,Yes,9,Yes,No,15,Inactive
11119,Sophia Awwad,Male,36,Hebron,Lebanon,34640.79,Regular,C002,Back to School,Seasonal,Email,2025-02-22,2025-03-22,327.88,49070,2672,127,19175.79,13018.16,18397.32,Yes,14,Yes,Yes,26,New
10532,Layla Nasser,Male,32,Nablus,Lebanon,75708.77,Corporate,C005,Holiday Offers,Seasonal,Website,2025-03-26,2025-04-14,743.26,99619,2291,161,16555.57,10823.11,16748.07,YES,13,No,No,27,Returning
13738,Ali Davis,Female,50,Jerusalem,Egypt,72285.49,Budget,C007,Spring Promotion,Seasonal,Display Ads,2025-10-19,2025-11-02,95.53,19758,72,8,1035.05,750.57,1171.47,Yes,10,Yes,No,9,New
12537,Adam Hassan,Male,47,Ramallah,Jordan,31030.87,Budget,C004,New Product Launch,Product,Google Ads,2025-03-14,2025-04-03,318.32,53480,1970,62,4477.04,4013.7,4414.01,Yes,1,No,No,19,Returning
13875,Lina Brown,Male,37,Doha,Qatar,87509.6,Corporate,C001,Summer Sale,Discount,Display Ads,2025-08-15,2025-08-27,745.67,98709,3882,321,37418.84,30067.55,39522.58,Yes,6,No,No,17,Inactive
11806,Daniel Miller,Female,38,Hebron,Egypt,57222.5,Premium,C001,Summer Sale,Discount,Google Ads,2025-01-02,2025-01-20,394.46,53908,2100,290,37203.99,28405.34,33042.94,Yes,3,Yes,No,28,Returning
12797,Ahmed Davis,Male,24,Dubai,Egypt,54072.24,Budget,C003,Black Friday,Discount,SMS,2025-12-05,2025-12-20,796.82,12754,1342,154,21310.18,12263.61,17841.69,Yes,12,No,No,11,Returning
11775,Ahmed Davis,Female,28,Dubai,Palestine,85765.73,Budget,C003,Black Friday,Discount,Social Media,2025-09-28,2025-10-15,643.84,75408,3809,402,38788.27,31884.99,42926.85,Yes,10,Yes,No,8,Returning
13266,Lina Saleh,Female,32,Cairo,UAE,42909.03,Regular,C001,Summer Sale,Discount,Email,2025-03-26,2025-04-17,191.48,99109,4456,282,45834.2,31475.97,53069.1,Yes,7,Yes,No,16,Returning
13190,Ali Awwad,Male,46,Dubai,Egypt,44592.04,Regular,C002,Back to School,Seasonal,Display Ads,2025-04-09,2025-05-05,264.31,44388,1194,129,17712.38,13013.89,19904.56,Yes,0,Yes,No,30,New
12288,Ali Nasser,Male,44,Amman,Palestine,45507.0,Regular,C003,Black Friday,Discount,Display Ads,2025-09-25,2025-10-08,672.74,76844,1380,126,5852.63,4714.25,6650.43,Yes,14,No,No,20,New
11807,Yousef Nasser,Male,34,Doha,Qatar,64491.57,Regular,C005,Holiday Offers,Seasonal,SMS,2025-03-25,2025-04-02,630.42,94126,8510,700,126872.08,108102.08,115263.49,Yes,14,Yes,No,23,Returning
11066,Lina Smith,Male,50,Cairo,Palestine,80986.07,Budget,C008,Weekend Flash Sale,Discount,Display Ads,2025-11-17,2025-12-09,692.02,50893,1034,83,13994.19,10644.39,11671.7,Yes,1,Yes,No,18,Returning
12159,Ahmed Brown,Female,60,Ramallah,Jordan,18000.0,Regular,C008,Weekend Flash Sale,Discount,Social Media,2025-02-15,2025-02-26,715.66,41682,1387,163,28884.85,25602.23,33382.04,Yes,11,Yes,No,6,New
10891,Michael Davis,Male,48,Doha,Palestine,62190.45,Regular,C003,Black Friday,Discount,Display Ads,2025-02-22,2025-03-03,245.47,79526,1628,75,8518.59,6922.36,9471.57,Yes,5,Yes,No,12,New
11950,Daniel Hassan,Female,35,Doha,Egypt,59554.15,Regular,C006,Loyalty Rewards,Retention,SMS,2025-03-04,2025-03-17,730.18,29106,2477,160,30312.74,19820.13,27372.38,Yes,14,Yes,No,28,Returning
12168,Omar Hassan,Female,18,Nablus,Jordan,38217.32,Budget,C005,Holiday Offers,Seasonal,Website,2025-01-23,2025-02-02,668.61,57012,382,21,2454.02,1525.69,2110.79,Yes,8,No,No,1,New
12050,Sara Brown,Female,18,Cairo,Palestine,65013.56,Corporate,C008,Weekend Flash Sale,Discount,Display Ads,2025-09-13,2025-10-11,746.04,67791,184,18,1438.03,872.19,1207.83,Yes,5,Yes,No,2,New
10756,Olivia Miller,Male,47,Ramallah,Lebanon,60843.85,Regular,C007,Spring Promotion,Seasonal,Social Media,2025-10-21,2025-11-14,440.52,45082,1629,45,5505.08,4697.51,5131.87,YES,15,No,No,7,Returning
11898,Noor Khalil,Male,46,Cairo,Lebanon,86127.21,Corporate,C007,Spring Promotion,Seasonal,Email,2025-06-23,2025-07-07,158.28,75528,4447,570,69521.88,51488.56,78835.68,Yes,14,No,Yes,25,Returning
13512,John Khalil,Female,53,Doha,Lebanon,18000.0,Premium,,Weekend Flash Sale,Discount,Social Media,2025-07-27,2025-08-19,198.14,19707,879,45,8102.13,5989.23,7033.41,Yes,0,No,No,24,New
10692,Maya Hassan,Male,50,Amman,UAE,,Budget,C002,Back to School,Seasonal,SMS,2025-12-14,2026-01-11,294.49,48477,4262,344,70419.89,61826.59,57389.87,Yes,0,No,No,17,Inactive
12171,John Miller,Male,39,Ramallah,Egypt,77382.44,Budget,C003,Black Friday,Discount,Email,2025-10-20,2025-10-31,432.03,43411,2116,127,5084.36,3847.44,5250.13,Yes,12,No,No,30,New
12200,Noor Brown,Female,22,Cairo,Palestine,56015.55,Corporate,C003,Black Friday,Discount,Email,2025-06-19,2025-06-27,939.4,79820,5519,474,37687.9,29848.52,38214.09,Yes,7,Yes,No,23,Returning
14157,Layla Hassan,Female,43,Beirut,UAE,24111.4,Budget,C002,Back to School,Seasonal,Display Ads,2025-02-13,2025-03-01,306.95,45953,1823,142,,7173.2,9336.78,Yes,14,No,No,30,Returning
13616,Ali Smith,Male,22,Hebron,Egypt,70824.49,Regular,C007,Spring Promotion,Seasonal,SMS,2025-04-11,2025-05-05,538.55,86578,7761,874,41536.9,26841.77,41421.62,Yes,5,Yes,No,29,Returning
10639,Ali Wilson,Female,25,Beirut,Egypt,57940.49,Regular,C003,Black Friday,Discount,Website,2025-10-22,2025-11-11,733.48,66796,2372,122,12565.62,8318.95,12179.43,Yes,15,Yes,No,26,Returning
11607,Olivia Awwad,Female,29,Cairo,Palestine,60717.63,Regular,C003,Black Friday,Discount,Display Ads,2025-11-17,2025-12-01,397.72,48823,1063,107,10634.2,9178.92,10889.93,Yes,1,No,No,28,New
12953,John Brown,FEMALE,30,Doha,Egypt,54197.08,Premium,C002,Back to School,Seasonal,Social Media,2025-05-24,2025-06-17,505.08,23556,1077,23,3707.28,3251.21,3148.05,Yes,10,No,No,8,New
13221,Michael Miller,Female,29,Hebron,Jordan,56038.55,Regular,C005,Holiday Offers,Seasonal,Social Media,2025-11-23,2025-12-07,342.65,83592,3409,91,7680.14,6552.93,8254.05,Yes,4,No,No,25,Returning
11594,Sara Smith,Female,30,Jerusalem,UAE,79355.24,Premium,C006,Loyalty Rewards,Retention,Social Media,2025-09-30,2025-10-17,507.54,95189,878,80,3874.34,2658.48,4493.56,Yes,15,Yes,No,29,Inactive
11408,John Miller,Male,30,Hebron,UAE,82569.56,Regular,C006,Loyalty Rewards,Retention,Email,2025-04-25,2025-05-18,682.16,14421,528,47,7577.74,4864.89,6559.03,Yes,12,Yes,Yes,20,Returning
13165,Daniel Awwad,Female,26,Doha,Lebanon,66888.28,Regular,C005,Holiday Offers,Seasonal,Social Media,2025-01-04,2025-01-17,756.9,40689,1298,23,1984.19,1725.96,2021.09,Yes,3,Yes,No,29,Returning
13967,Maya Awwad,Male,32,Cairo,Lebanon,36452.7,Regular,C004,New Product Launch,Product,Google Ads,2025-01-20,2025-01-29,495.14,48239,1712,239,23689.06,15463.69,20947.72,Yes,6,No,No,9,New
10881,Daniel Smith,Male,47,Ramallah,Jordan,55693.99,Budget,C006,Loyalty Rewards,Retention,Website,2025-04-20,2025-05-10,462.95,62871,1328,96,14121.06,11975.31,13068.25,Yes,3,Yes,No,25,Returning
10376,Ahmed Miller,Female,28,Jerusalem,Lebanon,74099.56,Budget,C002,Back to School,Seasonal,Google Ads,2025-02-14,2025-02-22,333.13,46881,1847,170,19847.71,17501.54,16898.97,Yes,5,No,No,12,Returning
11000,Olivia Davis,Male,44,Beirut,Lebanon,38241.97,Budget,C008,Weekend Flash Sale,Discount,Email,2025-05-20,2025-06-07,45.63,17509,969,97,17997.32,12431.97,18357.94,Yes,7,No,No,27,Returning
11122,Daniel Davis,Female,62,Dubai,Palestine,44657.38,Corporate,C007,Spring Promotion,Seasonal,SMS,2025-10-03,2025-10-24,448.52,37139,3962,266,47696.47,31873.72,38629.85,Yes,9,Yes,No,4,Returning
12764,Yousef Davis,Female,55,Beirut,Qatar,28374.47,Corporate,C006,Loyalty Rewards,Retention,Display Ads,2025-11-11,2025-11-27,678.92,23801,455,37,,1979.64,3162.21,Yes,4,No,No,30,Returning
10680,Sophia Smith,Male,45,Jerusalem,Palestine,41796.22,Budget,C001,Summer Sale,Discount,Social Media,2025-06-07,2025-06-25,452.99,84276,4284,425,20639.33,12298.87,18815.34,Yes,7,Yes,No,2,Inactive
10949,Daniel Smith,Male,21,Hebron,Palestine,47674.46,Regular,C008,Weekend Flash Sale,Discount,Email,2025-09-25,2025-10-08,369.89,83523,4603,446,74966.1,48692.51,75566.65,YES,13,Yes,Yes,3,New
13139,John Miller,Female,18,Jerusalem,Qatar,25118.0,Corporate,C004,New Product Launch,Product,SMS,2025-08-18,2025-09-14,253.41,58311,6193,878,105578.57,62862.3,100701.57,Yes,9,No,No,4,Returning
11374,Emma Nasser,Male,35,Ramallah,Egypt,54085.59,,C003,Black Friday,Discount,Display Ads,2025-10-06,2025-10-16,271.4,97106,1872,186,39291.19,24363.03,32375.94,Yes,4,Yes,No,26,New
11174,Ahmed Nasser,Male,49,Nablus,Qatar,66640.04,Budget,C002,Back to School,Seasonal,Website,2025-05-06,2025-05-26,570.04,34892,985,75,8620.6,6138.86,9381.66,Yes,15,Yes,No,6,Returning
10199,Maya Wilson,Female,25,Cairo,Lebanon,37055.23,Premium,C008,Weekend Flash Sale,Discount,Social Media,2025-04-03,2025-04-21,312.16,63424,2569,171,14910.01,10095.8,15815.55,Yes,14,No,No,8,Returning
12177,Olivia Hassan,Female,39,Jerusalem,Egypt,79796.93,Corporate,C006,Loyalty Rewards,Retention,Social Media,2025-11-13,2025-11-22,294.32,67468,2355,183,21979.15,13943.16,19616.24,Yes,14,No,No,28,Returning
10838,John Awwad,Male,47,Doha,Palestine,72402.53,Regular,C003,Black Friday,Discount,Email,2025-08-23,2025-09-20,481.72,28689,1742,234,35115.42,27368.56,32224.34,Yes,6,Yes,No,6,Inactive
11525,Ahmed Smith,Male,44,Jerusalem,Jordan,54257.61,Regular,C004,New Product Launch,Product,Display Ads,2025-07-30,2025-08-11,724.26,13713,247,13,1941.15,1118.83,1792.04,Yes,13,No,No,21,Inactive
12484,Noor Davis,Male,34,Hebron,Jordan,43180.77,Regular,C006,Loyalty Rewards,Retention,Display Ads,2025-05-06,2025-05-31,540.26,71300,1781,146,13314.15,8565.96,12526.87,Yes,6,No,No,17,Inactive
11001,Olivia Wilson,Female,41,Hebron,Jordan,49943.32,Budget,C005,Holiday Offers,Seasonal,Social Media,2025-01-11,2025-02-05,443.18,44097,1486,150,24967.12,20503.64,21810.55,Yes,8,No,No,18,Returning
10955,Maya Wilson,Female,24,Nablus,Jordan,53789.85,Regular,C008,Weekend Flash Sale,Discount,Email,2025-03-24,2025-04-01,329.51,43899,2385,245,34221.84,24783.3,39906.41,Yes,7,Yes,No,24,Returning
10922,Adam Wilson,Female,35,Jerusalem,Egypt,37946.28,Corporate,C004,New Product Launch,Product,Social Media,2025-03-18,2025-03-25,739.75,89002,2340,274,47294.68,38082.67,41795.47,Yes,3,Yes,No,25,Returning
10445,Adam Hassan,Male,45,Nablus,UAE,54719.86,Budget,C008,Weekend Flash Sale,Discount,Website,2025-12-18,2026-01-08,362.3,68477,136,8,560.12,453.13,646.09,Yes,14,No,No,21,New
13050,Emma Hassan,Male,21,Cairo,Qatar,67669.86,Corporate,C001,Summer Sale,Discount,Social Media,2025-01-09,2025-01-24,247.58,40097,1733,99,8002.24,6005.15,8720.62,Yes,7,No,No,20,New
12628,Sara Wilson,Male,30,Amman,Jordan,61101.88,Corporate,C002,Back to School,Seasonal,Email,2025-03-18,2025-04-14,724.76,76153,4466,44,8539.44,6681.28,7272.01,Yes,5,No,No,18,Returning
10758,Layla Saleh,Female,35,Gaza,Lebanon,53314.08,Budget,C004,New Product Launch,Product,Email,2025-11-10,2025-11-23,278.28,1143,56,3,241.11,140.45,227.73,Yes,13,No,Yes,21,Returning
10944,Lina Brown,Male,23,Jerusalem,Lebanon,82705.55,Regular,C004,New Product Launch,Product,Social Media,2025-03-02,2025-03-30,578.17,92303,2545,298,13235.53,7926.39,15399.34,Yes,14,No,No,14,Returning
10944,Ali Khalil,Male,34,Dubai,Qatar,41082.56,Premium,C003,Black Friday,Discount,Email,2025-03-03,2025-03-29,654.5,95090,5296,451,88448.05,65027.39,75075.77,Yes,1,Yes,No,21,Returning
13586,Noor Saleh,Male,20,Nablus,UAE,46474.38,Regular,C007,Spring Promotion,Seasonal,SMS,2025-06-22,2025-07-05,1021.24,70774,8035,817,164575.31,128829.61,133857.44,Yes,0,Yes,No,14,Returning
12470,Sara Hassan,Female,33,Jerusalem,Palestine,46648.94,Premium,C001,Summer Sale,Discount,Website,2025-12-16,2026-01-04,868.27,82465,2860,227,23891.1,18700.12,26381.98,Yes,4,No,No,27,New
11103,Lina Miller,Female,45,Dubai,Jordan,38625.75,Premium,C004,New Product Launch,Product,Display Ads,2025-07-07,2025-07-25,319.12,95078,1368,67,5310.3,4138.34,4685.57,Yes,12,Yes,No,25,Returning
11759,Emma Hassan,Female,45,Nablus,Palestine,18000.0,Regular,C008,Weekend Flash Sale,Discount,Email,2025-03-14,2025-03-29,307.19,25502,1698,71,11864.92,7800.36,9855.65,Yes,13,No,No,17,Returning
11068,Adam Awwad,Female,22,Ramallah,Lebanon,89983.52,Budget,C001,Summer Sale,Discount,Social Media,2025-09-04,2025-09-12,733.1,55872,1615,161,17359.57,10950.11,15385.99,Yes,3,No,No,19,New
14054,Yousef Awwad,Male,32,Beirut,Egypt,82408.8,Premium,C002,Back to School,Seasonal,SMS,2025-08-07,2025-09-01,623.69,3433,287,35,3133.43,2032.0,2526.13,Yes,13,Yes,No,4,New
10877,Daniel Smith,Female,31,Jerusalem,Lebanon,20634.45,Regular,C001,Summer Sale,Discount,SOCIAL MEDIA,2025-12-26,2026-01-24,602.14,37915,1469,204,24286.33,18594.78,27809.23,Yes,1,Yes,No,1,New
13323,Olivia Miller,Female,40,Amman,Qatar,71221.72,Budget,C005,Holiday Offers,Seasonal,Website,2025-02-03,2025-02-21,616.97,58540,1859,129,15461.37,9437.14,16896.55,Yes,11,No,No,9,Returning
12017,Yousef Wilson,Male,40,Jerusalem,UAE,69997.23,Regular,C001,Summer Sale,Discount,Email,2025-01-23,2025-02-16,212.29,8285,540,44,4365.25,3632.47,4528.54,Yes,3,No,No,1,New
13380,Noor Khalil,Female,72,Dubai,UAE,64720.44,Budget,C002,Back to School,Seasonal,SMS,2025-03-24,2025-04-13,809.61,68169,6444,630,75473.26,60708.21,81442.21,Yes,1,Yes,No,16,New
13001,Michael Khalil,Male,34,Beirut,Palestine,51686.44,Budget,C002,Back to School,Seasonal,Google Ads,2025-12-27,2026-01-04,417.39,61246,2377,308,36720.19,26017.62,42960.22,Yes,2,Yes,No,16,New
12020,Omar Wilson,Male,43,Amman,Palestine,24127.84,Corporate,C005,Holiday Offers,Seasonal,Google Ads,2025-09-29,2025-10-14,439.3,64991,3252,41,2425.48,1430.97,2267.53,YES,9,Yes,No,25,Returning
11611,Ahmed Awwad,Female,44,Jerusalem,UAE,38590.89,Regular,C006,Loyalty Rewards,Retention,SMS,2025-08-07,2025-09-05,405.77,56793,5102,370,47706.58,35610.11,42414.48,Yes,8,No,No,0,New
12735,Adam Saleh,Female,41,Jerusalem,Qatar,23201.22,Corporate,C007,Spring Promotion,Seasonal,SMS,2025-08-12,2025-08-23,186.72,10845,901,58,6030.01,3608.22,5667.73,Yes,11,Yes,No,16,New
13892,Ahmed Awwad,Male,36,Gaza,Qatar,29388.22,Regular,C002,Back to School,Seasonal,Google Ads,2025-06-19,2025-07-16,400.78,77742,3785,197,25597.99,18083.09,24681.78,Yes,0,Yes,No,25,New
13979,Michael Khalil,Female,37,Nablus,Palestine,42477.06,Budget,C005,Holiday Offers,Seasonal,Website,2025-05-01,2025-05-25,677.6,72856,1938,55,6833.82,4354.86,6388.94,Yes,2,No,No,18,New
10539,Daniel Hassan,Male,18,Gaza,Egypt,82049.22,Regular,C001,Summer Sale,Discount,Website,2025-06-02,2025-06-29,772.18,78872,2461,161,20141.19,18054.45,17081.03,Yes,15,No,No,25,Returning
11833,Ali Saleh,Female,42,Beirut,Qatar,38446.72,,C007,Spring Promotion,Seasonal,SMS,2025-11-05,2025-11-29,730.45,98791,8083,390,30086.11,26608.4,31940.9,Yes,9,Yes,No,13,Inactive
11217,Adam Wilson,Female,29,Nablus,Qatar,30736.08,Regular,C005,Holiday Offers,Seasonal,Social Media,2025-04-30,2025-05-12,240.19,42747,1289,101,,6899.57,7543.81,Yes,13,Yes,No,6,Returning
12369,Sara Miller,Female,24,Nablus,Palestine,61477.37,Budget,C005,Holiday Offers,Seasonal,Social Media,2025-08-09,2025-09-06,348.38,18793,708,50,3950.48,2809.82,3296.16,Yes,0,Yes,No,14,New
11406,Sara Khalil,Female,22,Nablus,Jordan,77939.92,Budget,C001,Summer Sale,Discount,Display Ads,2025-12-05,2026-01-01,20.0,34512,594,78,9845.71,7833.6,9503.45,Yes,3,Yes,No,7,Returning
14133,Michael Hassan,Male,43,Ramallah,Qatar,61274.27,Corporate,C005,Holiday Offers,Seasonal,Display Ads,2025-09-18,2025-09-25,681.93,9754,147,14,1018.37,617.39,869.12,Yes,12,No,No,9,Returning
10986,Michael Smith,Male,38,Beirut,Qatar,69554.28,Corporate,C006,Loyalty Rewards,Retention,SMS,2025-01-06,2025-01-30,367.42,23119,2031,115,13091.8,9119.43,13232.18,Yes,1,Yes,No,8,Returning
12624,Olivia Khalil,Male,41,Hebron,Qatar,35685.01,Regular,C005,Holiday Offers,Seasonal,Website,2025-07-26,2025-08-04,622.65,85428,1847,18,1885.18,1481.79,2014.31,Yes,2,Yes,No,16,Inactive
12216,Maya Miller,Female,54,Cairo,Egypt,57193.2,Regular,C007,Spring Promotion,Seasonal,Website,2025-12-10,2026-01-01,353.19,87608,2718,225,7277.98,4587.08,8219.91,Yes,1,No,No,1,Returning
10966,Yousef Khalil,Female,19,Ramallah,UAE,69186.19,Regular,C008,Weekend Flash Sale,Discount,Website,2025-11-25,2025-12-09,323.59,23703,622,27,3571.63,2828.11,3162.73,Yes,15,No,No,21,Inactive
11837,Daniel Brown,Female,23,Ramallah,Qatar,63433.72,Regular,C007,Spring Promotion,Seasonal,Social Media,2025-05-30,2025-06-26,20.0,6420,316,22,2981.78,2040.45,3045.94,Yes,13,No,No,26,Returning
12037,Yousef Miller,Female,42,Nablus,UAE,57764.78,Regular,C005,Holiday Offers,Seasonal,Social Media,2025-02-03,2025-02-24,715.06,2022,61,5,495.2,300.06,557.79,Yes,4,No,No,3,Returning
12913,Noor Brown,Female,47,Cairo,Egypt,47739.16,Premium,C004,New Product Launch,Product,Google Ads,2025-10-01,2025-10-20,777.39,70322,2328,43,5071.5,4537.75,5873.08,Yes,7,Yes,No,28,Returning
13238,Olivia Hassan,Female,22,Beirut,Egypt,61690.95,Premium,C001,Summer Sale,Discount,Website,2025-02-02,2025-02-11,49.17,39808,585,23,2087.07,1802.44,2337.29,Yes,2,Yes,No,26,New
12034,Emma Miller,Male,42,Hebron,Lebanon,54281.32,Regular,C004,New Product Launch,Product,Social Media,2025-09-01,2025-10-01,732.8,53929,2230,268,31455.23,17782.48,35233.38,Yes,0,No,No,5,Inactive
12085,Daniel Davis,Male,57,,UAE,55837.51,Budget,C001,Summer Sale,Discount,Social Media,2025-07-04,2025-07-19,545.84,98866,4396,392,41127.14,31490.96,38667.46,Yes,9,No,No,4,New
13514,Daniel Awwad,Male,19,Gaza,UAE,34225.06,,C007,Spring Promotion,Seasonal,SMS,2025-02-02,2025-02-24,789.03,99538,9639,847,97999.42,77916.21,96946.34,Yes,15,Yes,No,24,Returning
10343,Ahmed Brown,Female,34,Cairo,Jordan,45547.15,Premium,C002,Back to School,Seasonal,SMS,2025-05-19,2025-06-08,340.52,68260,6826,354,31658.9,19459.07,29614.19,Yes,3,Yes,No,26,New
13232,John Nasser,Female,32,Beirut,Lebanon,32950.0,Regular,C004,New Product Launch,Product,Display Ads,2025-10-25,2025-11-13,261.14,91788,2516,157,20871.32,15622.76,18218.73,Yes,14,No,No,29,Returning
10740,Daniel Smith,Female,19,Amman,Lebanon,43338.77,Premium,C002,Back to School,Seasonal,Website,2025-03-11,2025-04-10,233.06,79026,1948,19,1710.46,1226.77,1694.53,Yes,5,Yes,No,27,Returning
12960,Noor Brown,Male,49,Amman,Palestine,67010.41,Premium,C002,Back to School,Seasonal,SMS,2025-12-16,2026-01-15,645.76,8609,772,93,9057.84,5769.79,8016.6,Yes,7,No,No,6,Returning
11031,Sara Davis,Female,40,Amman,UAE,50800.81,Regular,C007,Spring Promotion,Seasonal,SMS,2025-01-04,2025-01-12,-525.48,3747,349,36,4101.17,3088.7,4428.04,Yes,9,Yes,No,9,Returning
11466,Omar Nasser,Female,27,Dubai,Lebanon,53164.24,Budget,C007,Spring Promotion,Seasonal,SMS,2025-09-12,2025-10-02,153.94,7053,716,43,3657.16,3061.29,3360.92,Yes,10,No,No,8,New
12546,Daniel Brown,Female,24,Doha,Qatar,48455.88,,C001,Summer Sale,Discount,Website,2025-08-19,2025-09-04,226.41,42303,840,75,10356.44,7902.11,11141.15,Yes,7,Yes,No,25,Returning
13483,Lina Saleh,Female,31,Gaza,Qatar,54121.06,Budget,C003,Black Friday,Discount,Display Ads,2025-04-05,2025-04-25,322.32,44606,886,8,810.81,540.73,810.36,Yes,9,Yes,No,3,Returning
12843,Noor Awwad,Male,48,Dubai,Jordan,67049.88,Budget,C002,Back to School,Seasonal,Social Media,2025-03-19,2025-04-04,358.44,24229,1320,138,10515.18,8337.3,11495.04,Yes,14,No,No,30,Inactive
13883,Layla Brown,Male,27,Amman,Egypt,41826.57,Premium,C001,Summer Sale,Discount,Email,2025-02-10,2025-02-22,742.38,37322,2865,301,42747.06,37822.21,39798.15,Yes,3,Yes,No,27,Returning
13181,Omar Awwad,Male,26,Ramallah,Qatar,39018.6,Regular,C007,Spring Promotion,Seasonal,SMS,2025-12-31,2026-01-22,448.68,73746,7057,359,67559.08,50820.9,59827.58,Yes,4,Yes,No,27,New
12936,Michael Awwad,Female,23,Doha,Jordan,48490.69,Corporate,C007,Spring Promotion,Seasonal,Google Ads,2025-03-26,2025-04-22,44.96,56204,3174,79,9829.82,5972.78,9332.18,Yes,2,Yes,No,23,New
11671,Yousef Saleh,Female,38,Amman,Jordan,78350.49,Regular,C007,Spring Promotion,Seasonal,Website,2025-01-25,2025-02-15,307.58,73127,795,53,3898.47,3437.65,3291.99,Yes,11,Yes,No,11,Inactive
11433,Layla Hassan,Male,35,Cairo,Lebanon,63690.22,Budget,C006,Loyalty Rewards,Retention,Google Ads,2025-07-05,2025-07-20,834.39,6679,358,25,948.2,643.45,1006.18,Yes,1,No,No,8,New
13828,Daniel Hassan,Male,38,Ramallah,Palestine,85095.33,Premium,C004,New Product Launch,Product,Social Media,2025-08-18,2025-09-03,653.85,70920,2806,277,26787.15,21985.39,22894.57,Yes,15,Yes,No,14,Returning
11690,Noor Nasser,Male,24,Doha,Jordan,46287.69,Premium,C007,Spring Promotion,Seasonal,Display Ads,2025-03-28,2025-04-06,664.94,62724,1126,88,3621.39,3007.27,3914.1,Yes,11,Yes,No,20,Returning
10552,John Saleh,Male,31,Gaza,UAE,66267.47,Budget,C004,New Product Launch,Product,Email,2025-07-17,2025-08-12,170.03,30586,1655,55,6052.9,5222.61,6313.36,Yes,10,No,No,4,New
12712,Noor Nasser,Male,41,Nablus,Lebanon,40500.52,Budget,C002,Back to School,Seasonal,Website,2025-02-05,2025-03-06,718.76,52448,1220,154,20435.78,17712.73,22573.24,Yes,14,No,No,16,New
13482,Emma Hassan,Female,29,Gaza,UAE,45494.9,Corporate,C006,Loyalty Rewards,Retention,Google Ads,2025-05-15,2025-06-04,654.87,7510,325,42,6571.78,5000.92,6018.97,Yes,6,No,No,22,New
11782,Michael Davis,Male,47,Nablus,Lebanon,29639.46,Budget,C006,Loyalty Rewards,Retention,Social Media,2025-11-26,2025-12-22,696.21,16665,642,67,5944.98,4645.26,5094.32,Yes,4,No,No,30,Returning
13163,Sophia Miller,Male,33,Beirut,Palestine,64833.97,Regular,C006,Loyalty Rewards,Retention,SMS,2025-10-24,2025-11-22,339.48,17912,1609,81,10832.72,8540.06,11310.05,Yes,15,Yes,No,8,Returning
12080,John Saleh,Male,39,Ramallah,Lebanon,31003.34,Corporate,C007,Spring Promotion,Seasonal,Display Ads,2025-05-10,2025-05-22,785.81,35601,570,51,8781.27,5525.48,7056.57,Yes,4,Yes,No,26,Returning
13683,Maya Davis,Male,42,Hebron,Egypt,43119.49,Budget,C003,Black Friday,Discount,Email,2025-11-27,2025-12-25,799.65,72551,3400,220,23302.12,17437.06,22493.7,Yes,15,Yes,No,5,Inactive
11413,Omar Miller,Male,37,Jerusalem,Jordan,55225.39,Premium,C002,Back to School,Seasonal,Email,2025-04-05,2025-04-19,217.17,23533,1602,59,3890.54,2656.43,3448.28,Yes,0,Yes,No,12,Returning
10372,Ahmed Davis,Female,36,Dubai,Palestine,67819.42,Premium,C002,Back to School,Seasonal,Google Ads,2025-04-07,2025-04-25,502.41,50794,2192,185,10023.75,6338.33,11682.63,Yes,2,No,No,1,Inactive
12371,Daniel Saleh,Male,37,Beirut,Egypt,24908.3,Budget,C008,Weekend Flash Sale,Discount,Google Ads,2025-08-04,2025-08-28,546.2,84584,5640,539,74759.73,63786.8,73590.07,Yes,4,Yes,No,10,New
12592,Sara Awwad,Male,32,Hebron,Lebanon,49930.35,Budget,C001,Summer Sale,Discount,SMS,2025-07-26,2025-08-07,649.83,959,91,12,1899.81,1538.41,1726.97,Yes,11,No,No,30,New
13107,Michael Khalil,Female,36,Nablus,Lebanon,60705.14,Premium,C007,Spring Promotion,Seasonal,Display Ads,2025-07-19,2025-08-08,511.89,35715,874,50,6497.5,4467.33,5969.71,Yes,2,Yes,No,0,Inactive
13039,Layla Khalil,Male,18,Hebron,UAE,43649.59,Premium,C008,Weekend Flash Sale,Discount,Website,2025-06-15,2025-06-25,677.24,52774,1868,70,10063.43,5587.88,10828.3,Yes,8,No,No,1,Returning
11595,Sophia Brown,Male,52,Gaza,Egypt,54455.26,Premium,C007,Spring Promotion,Seasonal,Social Media,2025-07-18,2025-08-13,652.64,60676,3385,95,15007.08,11171.23,14803.71,Yes,0,Yes,No,17,Returning
10970,Olivia Davis,Female,45,Beirut,Palestine,38592.82,Regular,C006,Loyalty Rewards,Retention,Website,2025-08-08,2025-08-20,359.91,48081,1333,118,15198.63,10365.0,15007.68,Yes,14,Yes,No,18,Returning
11940,Lina Awwad,Male,31,Jerusalem,Qatar,73273.98,Budget,C006,Loyalty Rewards,Retention,SMS,2025-11-20,2025-12-13,542.55,76169,6921,1094,111737.05,64531.58,128095.6,Yes,5,No,No,0,New
10048,Emma Hassan,Male,47,Doha,UAE,58935.01,Regular,C006,Loyalty Rewards,Retention,Email,2025-08-24,2025-09-15,79.92,60389,2923,230,29175.51,19978.92,31991.51,Yes,9,No,No,4,Returning
11515,Ali Khalil,Male,36,Gaza,Palestine,76484.56,Regular,C007,Spring Promotion,Seasonal,Social Media,2025-08-12,2025-08-27,531.75,23703,575,40,1942.04,1295.33,2032.81,Yes,5,Yes,No,19,Inactive
10610,Michael Awwad,Female,40,Amman,UAE,31174.92,Corporate,C002,Back to School,Seasonal,Website,2025-06-27,2025-07-25,37.23,38989,1417,78,14046.66,9293.78,13050.87,Yes,11,No,No,26,Returning
14144,Lina Awwad,Male,42,Jerusalem,UAE,51795.58,Regular,C001,Summer Sale,Discount,Display Ads,2025-10-22,2025-10-29,525.87,96748,1861,126,13999.91,12234.09,15157.71,Yes,1,Yes,No,20,Returning
12804,Sophia Nasser,Male,47,Doha,Jordan,37255.41,Regular,C003,Black Friday,Discount,Google Ads,2025-08-29,2025-09-10,564.47,66442,3508,378,40784.96,33673.76,36352.59,Yes,5,No,No,28,Returning
10042,Omar Khalil,Female,35,Cairo,Lebanon,51023.23,Corporate,C003,Black Friday,Discount,Social Media,2025-12-19,2026-01-03,457.41,94488,3451,157,26309.6,18334.89,22146.5,Yes,14,Yes,No,2,New
13191,Emma Awwad,Female,25,Ramallah,Palestine,94484.85,Budget,C001,Summer Sale,Discount,Email,2025-03-01,2025-03-26,561.54,49232,2045,132,21623.16,19317.47,19735.71,Yes,0,Yes,No,28,Returning
10706,Daniel Hassan,Female,26,Ramallah,Lebanon,56254.68,Budget,C006,Loyalty Rewards,Retention,Social Media,2025-08-14,2025-08-22,940.53,75147,2238,157,19634.64,11286.15,16364.9,Yes,4,Yes,No,1,New
13525,Daniel Awwad,Male,22,Doha,UAE,72424.45,Corporate,C002,Back to School,Seasonal,Website,2025-10-21,2025-11-06,519.21,74132,1372,61,3347.01,2005.85,3262.0,Yes,10,No,No,7,Returning
13837,Sophia Miller,Male,58,Dubai,UAE,,Premium,C005,Holiday Offers,Seasonal,Google Ads,2025-08-30,2025-09-09,399.05,54687,1841,111,10104.55,6656.87,8811.68,Yes,2,Yes,No,15,New
10678,Adam Khalil,Male,44,Gaza,UAE,76135.39,Premium,C006,Loyalty Rewards,Retention,Website,2025-12-06,2026-01-01,367.12,53358,1538,56,12581.7,8226.79,11758.69,Yes,7,Yes,No,2,Returning
12949,Michael Nasser,Male,67,Amman,Jordan,48624.29,Regular,C001,Summer Sale,Discount,SMS,2025-05-20,2025-06-13,371.95,57571,4908,440,49745.82,36900.64,56745.28,Yes,1,No,No,14,New
12060,Layla Davis,Male,35,Cairo,UAE,42602.97,Corporate,C006,Loyalty Rewards,Retention,Social Media,2025-07-15,2025-08-11,188.53,39548,1364,53,9285.45,6192.44,8508.38,Yes,12,Yes,No,17,New
13650,Michael Nasser,Male,42,Dubai,UAE,50173.5,Regular,C006,Loyalty Rewards,Retention,Google Ads,2025-02-10,2025-02-28,237.28,52544,2434,272,18682.94,15668.04,21639.62,Yes,5,Yes,No,18,New
10279,Daniel Smith,Male,33,Nablus,Qatar,78783.69,Regular,C005,Holiday Offers,Seasonal,Display Ads,2025-01-15,2025-02-12,458.63,79154,1214,23,3308.99,2974.36,2773.53,Yes,3,Yes,No,3,Inactive
13791,John Khalil,Male,21,Jerusalem,UAE,46257.78,Budget,C008,Weekend Flash Sale,Discount,Display Ads,2025-07-19,2025-07-27,585.54,90512,551,25,1922.97,1540.26,1847.86,Yes,5,Yes,No,20,New
13039,Noor Smith,Female,49,Ramallah,Lebanon,67360.77,Regular,C001,Summer Sale,Discount,Email,2025-12-08,2025-12-19,567.1,24386,1428,127,15071.15,12888.44,15330.81,Yes,14,No,No,28,Returning
10488,Ahmed Hassan,Female,32,Nablus,Palestine,55040.17,Regular,C006,Loyalty Rewards,Retention,Social Media,2025-04-04,2025-04-22,348.4,86309,2831,187,29845.07,19964.1,24566.03,Yes,8,No,No,20,Inactive
13589,Layla Awwad,Female,39,Ramallah,Qatar,68816.62,Budget,C003,Black Friday,Discount,SMS,2025-11-01,2025-11-25,667.22,6990,645,65,6566.32,4141.44,6793.17,Yes,11,No,No,20,New
10539,Omar Awwad,Female,26,Gaza,Lebanon,57555.64,Regular,C005,Holiday Offers,Seasonal,Display Ads,2025-01-07,2025-01-20,633.82,90943,1865,66,10087.69,8858.92,10699.11,Yes,3,Yes,No,8,New
11758,Sophia Awwad,Female,46,Ramallah,Palestine,53386.05,Regular,C002,Back to School,Seasonal,Social Media,2025-12-01,2025-12-18,20.0,81158,3288,32,2737.65,1739.15,2359.89,Yes,5,No,No,11,Returning
13063,Daniel Hassan,Male,18,Amman,Qatar,60184.51,Premium,C001,Summer Sale,Discount,SMS,2025-09-07,2025-10-02,590.54,76208,5978,558,51392.24,45226.02,45784.4,Yes,0,Yes,No,12,Returning
10482,Ali Davis,Female,36,Doha,Qatar,84780.64,Regular,C004,New Product Launch,Product,SMS,2025-09-14,2025-09-29,310.68,91514,8608,986,93271.49,78991.37,90831.6,Yes,4,Yes,No,21,New
12513,Emma Saleh,Male,50,Nablus,Qatar,92789.34,Regular,C007,Spring Promotion,Seasonal,Social Media,2025-06-21,2025-07-08,520.09,1555,53,7,808.93,448.04,711.79,Yes,6,Yes,No,20,New
14041,Adam Brown,Female,52,Gaza,Jordan,46311.7,Budget,C003,Black Friday,Discount,Google Ads,2025-02-24,2025-03-17,411.56,70916,2787,164,15165.3,9332.26,12756.76,Yes,8,Yes,No,18,New
11225,Noor Saleh,Female,31,Amman,Palestine,75390.48,Premium,C001,Summer Sale,Discount,Website,2025-01-21,2025-02-17,355.95,55780,2107,209,25148.3,20558.91,20299.9,Yes,1,No,No,7,New
13392,Yousef Saleh,Male,38,Jerusalem,Palestine,55806.44,Premium,C007,Spring Promotion,Seasonal,SMS,2025-04-23,2025-05-04,339.68,81275,8136,404,36379.04,32202.39,34490.32,YES,0,No,No,28,Returning
13740,Daniel Miller,Female,25,Amman,Egypt,45925.68,Budget,C002,Back to School,Seasonal,Social Media,2025-10-31,2025-11-30,552.4,78303,2694,368,27953.94,17634.21,31490.86,Yes,13,No,No,5,Returning
11969,Sophia Hassan,Male,41,Jerusalem,Qatar,49697.6,Regular,C003,Black Friday,Discount, email ,2025-05-11,2025-06-01,493.65,61234,3190,272,52235.77,30390.35,43943.12,Yes,0,Yes,Yes,29,Returning
12821,Maya Saleh,Male,54,Jerusalem,Jordan,71344.41,Regular,C003,Black Friday,Discount,Email,2025-11-28,2025-12-24,571.94,95600,4716,689,63638.4,46633.51,59095.97,Yes,5,Yes,No,16,Returning
14005,Ahmed Smith,Male,30,Dubai,Palestine,55994.61,Budget,C007,Spring Promotion,Seasonal,Social Media,2025-10-02,2025-10-20,861.7,44057,1823,142,11191.1,8858.8,9631.5,Yes,2,No,No,18,Returning
13854,Maya Khalil,Female,37,Cairo,Egypt,81964.21,Premium,C001,Summer Sale,Discount,Google Ads,2025-05-02,2025-05-24,436.63,70620,3001,332,41551.07,31704.7,43188.49,Yes,6,Yes,No,17,Inactive
11267,Olivia Hassan,Female,20,Amman,UAE,47055.54,Budget,C002,Back to School,Seasonal,Website,2025-03-12,2025-03-24,543.55,95184,2616,192,33308.21,24745.33,30378.39,Yes,15,Yes,No,0,New
12413,Lina Saleh,Male,18,Jerusalem,Palestine,44825.34,Regular,C005,Holiday Offers,Seasonal,Google Ads,2025-09-07,2025-09-22,20.0,86330,2633,135,15734.02,11544.29,14877.72,Yes,6,Yes,No,29,Returning
10899,Ali Brown,Female,36,Beirut,Egypt,34408.2,Budget,C001,Summer Sale,Discount,Display Ads,2025-03-06,2025-04-05,923.64,82721,1024,64,5578.21,4978.76,4888.72,Yes,0,Yes,No,1,Returning
12270,Lina Saleh,Male,32,Jerusalem,Lebanon,90736.85,Regular,C006,Loyalty Rewards,Retention,Social Media,2025-12-23,2026-01-02,481.57,32442,732,27,6227.92,5080.47,5235.07,Yes,11,Yes,No,1,Inactive
14124,Ali Brown,Female,35,Nablus,Qatar,56250.85,Regular,C004,New Product Launch,Product,Email,2025-12-16,2025-12-24,442.71,45645,2635,135,21106.4,18279.89,17276.08,Yes,7,No,Yes,14,Returning
10787,Noor Hassan,Male,46,Nablus,Lebanon,69203.35,Regular,C002,Back to School,Seasonal,SMS,2025-12-16,2026-01-13,215.51,97794,8309,488,55951.01,42681.75,57552.54,Yes,2,No,No,9,Returning
11304,Adam Khalil,Male,26,Gaza,Jordan,46423.36,Budget,C005,Holiday Offers,Seasonal,Email,2025-11-14,2025-12-03,549.51,51864,3107,190,21866.92,12933.85,22256.73,Yes,5,Yes,Yes,27,New
13989,Ahmed Davis,Male,38,Amman,Qatar,37152.51,Regular,C006,Loyalty Rewards,Retention,SMS,2025-07-21,2025-08-11,169.33,99215,9012,761,121647.39,106496.4,114035.3,Yes,1,No,No,7,Returning
10690,John Smith,Female,38,Nablus,UAE,43873.99,Regular,C005,Holiday Offers,Seasonal,Google Ads,2025-12-02,2025-12-10,368.56,58299,3467,318,40933.08,31175.89,42875.28,Yes,13,No,No,6,Returning
11545,Noor Miller,Female,18,Amman,Palestine,57772.57,Regular,C007,Spring Promotion,Seasonal,Social Media,2025-08-21,2025-09-03,578.99,17470,599,68,12746.35,10731.26,10995.47,Yes,5,No,No,4,Returning
10725,Layla Hassan,Female,46,Hebron,Qatar,46147.25,Budget,C006,Loyalty Rewards,Retention,Display Ads,2025-10-12,2025-11-10,472.05,42516,885,24,1478.6,1253.19,1512.99,Yes,8,Yes,No,3,Returning
10322,Olivia Miller,Male,40,Beirut,Qatar,45622.57,Premium,C004,New Product Launch,Product,Display Ads,2025-06-09,2025-07-08,477.24,11593,111,11,1317.75,881.04,1076.52,Yes,12,No,No,7,New
11962,Lina Nasser,Female,36,Jerusalem,UAE,51857.42,Budget,C006,Loyalty Rewards,Retention,Website,2025-05-01,2025-05-15,554.74,32681,1099,88,9384.35,7818.3,8363.62,Yes,8,Yes,No,30,Returning
11974,Ali Khalil,Female,40,Cairo,Qatar,57996.73,Regular,C006,Loyalty Rewards,Retention,Display Ads,2025-05-17,2025-06-04,394.27,61698,123,7,346.92,245.87,345.65,Yes,12,No,No,15,New
12198,Daniel Saleh,Female,39,Hebron,Qatar,54092.8,Regular,C008,Weekend Flash Sale,Discount,Google Ads,2025-07-21,2025-08-09,401.19,95937,6100,420,65339.8,42348.36,63922.71,Yes,12,Yes,No,13,New
10648,Maya Smith,Female,18,Amman,Palestine,32158.31,Regular,C001,Summer Sale,Discount,Website,2025-06-20,2025-07-16,276.88,40653,727,54,7254.5,5503.12,6850.66,Yes,2,No,No,5,Returning
12647,Emma Miller,Female,33,Dubai,UAE,91447.64,Budget,C003,Black Friday,Discount,Email,2025-05-03,2025-05-10,455.44,59901,3090,234,35400.63,20940.61,28339.41,Yes,8,Yes,Yes,22,Returning
11488,John Khalil,Female,45,Nablus,Lebanon,37963.17,Corporate,C004,New Product Launch,Product,Social Media,2025-03-22,2025-04-11,439.94,15749,528,46,7731.05,6195.96,6231.88,Yes,9,No,No,28,New
10458,Michael Miller,Female,37,Hebron,Lebanon,51148.8,Budget,C004,New Product Launch,Product,Email,2025-12-15,2025-12-22,660.2,4430,179,28,2093.74,1255.68,2260.27,Yes,3,Yes,No,11,Inactive
10986,Ali Smith,Female,18,Ramallah,Egypt,61233.63,Regular,C003,Black Friday,Discount,SOCIAL MEDIA,2025-07-05,2025-08-02,181.77,37116,1111,64,6612.28,5482.43,6318.23,Yes,5,No,No,28,Inactive
12128,Yousef Wilson,Male,40,Ramallah,Qatar,67279.98,Regular,C003,Black Friday,Discount,Display Ads,2025-12-13,2025-12-20,306.41,91136,1037,87,13465.91,8101.84,11563.22,Yes,13,No,No,28,Returning
13644,Michael Wilson,Male,30,Beirut,Qatar,27641.93,Regular,C006,Loyalty Rewards,Retention,SMS,2025-04-07,2025-04-20,540.06,61845,6024,412,29418.69,22828.81,32441.43,Yes,0,Yes,No,8,Inactive
10383,Emma Hassan,Female,42,Cairo,Palestine,60051.47,Premium,C006,Loyalty Rewards,Retention,Google Ads,2025-11-29,2025-12-22,508.51,86782,3551,35,5215.12,3751.47,4990.36,Yes,1,Yes,No,0,Inactive
11460,Lina Khalil,Female,55,Jerusalem,UAE,68008.15,Regular,C004,New Product Launch,Product,Email,2025-08-06,2025-08-13,380.45,79695,3903,298,42239.27,36810.07,47452.02,Yes,9,Yes,No,25,New
13261,Ali Wilson,Male,45,Nablus,Jordan,60550.56,Premium,C007,Spring Promotion,Seasonal,Website,2025-06-27,2025-07-15,777.92,93454,3204,214,13271.84,7423.95,12147.84,Yes,4,No,No,5,Inactive
11528,Olivia Saleh,Female,44,Jerusalem,Lebanon,50452.75,Regular,C006,Loyalty Rewards,Retention,Display Ads,2025-12-16,2025-12-29,499.6,31253,62,5,552.35,452.82,599.5,Yes,4,Yes,No,4,Returning
13627,Noor Miller,Male,50,Cairo,Egypt,56020.07,Regular,C001,Summer Sale,Discount,Google Ads,2025-07-06,2025-07-28,277.2,91095,4596,457,79175.41,55274.68,66264.8,Yes,7,No,No,7,New
10714,Emma Awwad,Female,35,Dubai,Palestine,56640.25,Corporate,C008,Weekend Flash Sale,Discount,Email,2025-09-19,2025-10-01,641.61,51498,2876,316,51633.04,43393.32,59315.42,Yes,15,No,Yes,16,Returning
11638,John Awwad,Male,36,Nablus,Qatar,85349.68,Premium,C007,Spring Promotion,Seasonal,Email,2025-07-01,2025-07-28,214.72,73064,4041,590,64594.44,39661.62,67181.92,Yes,7,No,No,17,Returning
10735,Olivia Brown,Female,31,Cairo,UAE,46960.43,Budget,C008,Weekend Flash Sale,Discount,Social Media,2025-06-16,2025-07-07,262.9,99295,3961,131,19425.09,17277.7,16638.38,Yes,8,Yes,No,4,New
11776,Lina Hassan,Male,28,Cairo,Palestine,68352.56,Regular,C005,Holiday Offers,Seasonal,Google Ads,2025-03-20,2025-04-07,619.06,73928,3504,265,34203.0,23046.28,38739.68,Yes,4,Yes,No,5,Returning
10469,John Hassan,Female,52,Hebron,UAE,18146.13,Budget,C007,Spring Promotion,Seasonal,Social Media,2025-11-22,2025-12-22,136.51,63255,2102,84,14533.04,10697.05,12502.85,Yes,7,Yes,No,27,Returning
12225,John Wilson,Female,30,Ramallah,Jordan,71468.62,Premium,C006,Loyalty Rewards,Retention,Social Media,2025-10-14,2025-10-30,550.4,16494,543,47,4462.95,2566.68,4296.36,Yes,10,Yes,No,0,Inactive
13157,Maya Brown,Male,33,Cairo,UAE,68232.38,Budget,C004,New Product Launch,Product,Website,2025-08-31,2025-09-28,50.18,48390,1212,29,3097.61,2560.99,2747.33,Yes,12,Yes,No,10,Returning
10369,Emma Smith,Female,42,Beirut,Palestine,62750.21,Budget,C002,Back to School,Seasonal,Google Ads,2025-02-14,2025-03-06,440.01,94921,3700,466,107756.7,93900.18,86377.48,Yes,8,Yes,No,2,Returning
12804,Daniel Brown,Female,34,Nablus,Egypt,79094.66,Corporate,C002,Back to School,Seasonal,Website,2025-07-12,2025-08-06,504.4,28224,546,21,2231.48,1855.92,2121.13,Yes,10,No,No,17,Returning
10494,Olivia Awwad,Male,41,Nablus,UAE,55436.32,Regular,C003,Black Friday,Discount,Display Ads,2025-01-08,2025-01-17,757.46,82125,758,17,1726.81,1004.02,1629.66,Yes,15,Yes,No,4,Returning
12519,Ali Saleh,Male,48,Dubai,Egypt,59123.71,Regular,C008,Weekend Flash Sale,Discount,SMS,2025-01-19,2025-02-13,385.9,69079,6038,531,90011.7,64960.75,93000.79,Yes,15,Yes,No,2,New
13964,Noor Khalil,Male,35,Jerusalem,Qatar,43339.29,Budget,C001,Summer Sale,Discount,SMS,2025-06-23,2025-07-22,727.86,76099,6065,349,46707.8,36109.37,49274.21,Yes,15,No,No,11,New
11704,Layla Saleh,Male,19,Beirut,Palestine,74040.42,Regular,C007,Spring Promotion,Seasonal,Google Ads,2025-06-08,2025-06-21,252.75,4547,185,12,1633.34,924.45,1538.78,Yes,10,Yes,No,7,New
10992,Ali Smith,Male,18,Amman,Qatar,68249.42,Budget,C005,Holiday Offers,Seasonal,Google Ads,2025-10-16,2025-11-12,165.5,60281,3207,195,7758.39,4270.35,7352.86,Yes,9,No,No,0,Returning
13448,Michael Brown,Female,24,Gaza,Egypt,71998.93,Budget,C007,Spring Promotion,Seasonal,SMS,2025-07-25,2025-08-10,360.61,75525,6888,339,18147.94,15958.37,16367.5,Yes,14,No,No,29,New
13439,Adam Brown,Female,62,Dubai,Lebanon,52904.71,Corporate,C005,Holiday Offers,Seasonal,Google Ads,2025-01-17,2025-01-24,567.35,53807,3138,279,56180.04,40145.75,50090.93,Yes,7,No,No,10,Returning
10309,John Nasser,Female,33,Beirut,Jordan,73587.84,Corporate,C008,Weekend Flash Sale,Discount,Email,2025-02-26,2025-03-25,341.25,74612,4971,326,47156.68,26753.91,39074.35,Yes,11,Yes,No,7,New
13039,Michael Awwad,Male,37,Amman,UAE,44356.52,Premium,C003,Black Friday,Discount,SMS,2025-07-31,2025-08-28,528.82,27549,2074,117,10361.8,8793.69,9947.81,Yes,13,No,No,7,Inactive
12376,Daniel Miller,Female,38,Amman,UAE,39682.45,Regular,C007,Spring Promotion,Seasonal,Social Media,2025-06-02,2025-06-19,458.7,99291,4161,428,76105.09,60744.25,61812.29,Yes,8,No,No,23,New
10598,Layla Miller,Male,31,Dubai,Egypt,68287.49,Corporate,C004,New Product Launch,Product,Website,2025-05-05,2025-06-03,817.53,34379,797,35,1878.91,1612.71,1734.34,Yes,8,No,No,9,New
13359,Yousef Awwad,Male,36,Jerusalem,Jordan,84932.77,Premium,C006,Loyalty Rewards,Retention,Website,2025-08-04,2025-08-15,512.43,79856,1894,137,18037.45,13286.61,15156.0,Yes,15,Yes,No,18,Returning
12209,Sara Saleh,Male,44,Ramallah,Palestine,52933.02,Corporate,C008,Weekend Flash Sale,Discount,Social Media,2025-02-01,2025-03-02,395.06,23219,1139,132,18769.21,12470.04,18926.18,Yes,3,No,No,24,New
12849,Adam Nasser,Female,37,Amman,UAE,51917.39,Regular,C003,Black Friday,Discount,Social Media,2025-01-20,2025-02-03,1068.39,1831,65,5,363.4,307.76,342.21,Yes,1,No,No,8,Returning
13126,Ali Hassan,Male,30,Beirut,Palestine,51023.8,Budget,C003,Black Friday,Discount,Display Ads,2025-07-02,2025-07-12,582.8,18373,341,28,3014.52,2009.66,2739.63,Yes,3,Yes,No,23,Inactive
13224,Emma Davis,Female,19,Hebron,UAE,44979.08,Regular,C008,Weekend Flash Sale,Discount,Email,2025-10-12,2025-11-01,982.56,10839,633,65,8553.33,5270.59,9649.23,Yes,6,No,Yes,11,Returning
12681,John Brown,Male,20,Ramallah,Palestine,52869.85,Regular,C006,Loyalty Rewards,Retention,Email,2025-04-15,2025-05-01,458.82,24560,1471,68,9073.3,5096.65,9723.83,Yes,6,No,Yes,21,Returning
12038,Adam Nasser,Female,45,Gaza,Jordan,61329.92,Regular,C004,New Product Launch,Product,Display Ads,2025-02-25,2025-03-04,857.81,39986,901,82,9157.6,6653.47,10107.44,Yes,7,No,No,22,Returning
13247,Ahmed Awwad,Female,23,Jerusalem,Egypt,26188.73,Budget,C007,Spring Promotion,Seasonal,Website,2025-01-26,2025-02-06,398.05,86197,2693,217,16296.74,9330.6,16865.14,Yes,2,No,No,14,Inactive
12159,Adam Awwad,Female,44,Hebron,UAE,59152.81,Premium,C004,New Product Launch,Product,Website,2025-07-07,2025-07-15,520.38,21913,565,50,7396.66,4537.19,7925.01,Yes,5,No,No,13,Returning
12759,Maya Saleh,Male,65,Jerusalem,Egypt,76409.53,Corporate,C004,New Product Launch,Product,Email,2025-03-11,2025-03-18,188.5,18121,876,88,7274.77,4026.49,5896.35,Yes,10,Yes,No,6,New
10180,Noor Saleh,Female,53,Dubai,Qatar,48773.67,Regular,C002,Back to School,Seasonal,Display Ads,2025-08-08,2025-08-29,703.56,48367,546,58,7293.41,5992.02,7012.36,Yes,0,No,No,27,Returning
12846,Daniel Saleh,Male,40,Jerusalem,UAE,58277.91,Regular,C004,New Product Launch,Product,Email,2025-02-10,2025-02-22,67.72,30755,1772,158,30052.88,24068.11,24556.55,Yes,8,No,Yes,0,New
11080,Omar Hassan,Female,50,Doha,Palestine,18000.0,Corporate,C001,Summer Sale,Discount,Email,2025-08-21,2025-09-19,362.04,21870,1561,44,6010.48,3428.81,4996.99,Yes,5,Yes,Yes,1,Inactive
13389,Yousef Davis,Female,59,Ramallah,Qatar,31151.51,Regular,C008,Weekend Flash Sale,Discount,Google Ads,2025-05-14,2025-06-03,359.33,14376,740,36,3102.52,2401.15,3362.79,Yes,5,No,No,1,Returning
11863,Michael Hassan,Female,39,Jerusalem,UAE,71986.88,Regular,C002,Back to School,Seasonal,Social Media,2025-03-21,2025-04-07,634.96,78985,2386,128,13830.22,10190.41,14574.38,Yes,1,No,No,12,Returning
12087,Lina Saleh,Female,31,Hebron,Lebanon,84887.68,Regular,C002,Back to School,Seasonal,Social Media,2025-02-21,2025-03-04,679.18,11580,368,9,651.71,578.79,742.83,Yes,2,Yes,No,3,Returning
10344,Noor Smith,Female,37,Beirut,Palestine,58509.19,Budget,C002,Back to School,Seasonal,SMS,2025-01-26,2025-02-17,324.96,38687,3474,331,50138.47,29393.64,54277.26,Yes,1,Yes,No,19,New
12063,Emma Hassan,Female,22,Ramallah,Qatar,51233.24,Premium,C003,Black Friday,Discount,Social Media,2025-09-10,2025-09-29,949.06,98599,4846,569,67216.84,41245.98,74979.27,Yes,8,Yes,No,7,Returning
10176,Emma Nasser,Male,18,Jerusalem,Palestine,63170.29,Regular,C007,Spring Promotion,Seasonal,Display Ads,2025-06-14,2025-07-12,257.72,34666,378,23,3407.75,2752.03,3234.38,Yes,12,Yes,No,29,New
11602,Adam Nasser,Female,39,Gaza,Qatar,67163.53,Budget,C001,Summer Sale,Discount,Google Ads,2025-09-15,2025-10-08,214.88,65917,2111,84,10084.46,8385.77,9137.78,Yes,10,Yes,No,8,Returning
10085,Emma Miller,Female,46,Cairo,Lebanon,48139.52,Regular,C006,Loyalty Rewards,Retention,Social Media,2025-12-16,2026-01-06,234.05,65621,2613,318,35128.45,27409.9,30271.12,Yes,8,Yes,No,12,Returning
11311,Daniel Brown,Male,19,Gaza,Jordan,53629.71,Regular,C008,Weekend Flash Sale,Discount,SMS,2025-06-13,2025-06-25,344.8,21473,1852,124,18445.92,15864.19,17391.03,Yes,11,Yes,No,0,Returning
12862,Ali Hassan,Male,60,Nablus,Lebanon,30741.23,Regular,C003,Black Friday,Discount,Social Media,2025-10-31,2025-11-16,920.79,15838,513,40,2945.91,2578.05,2745.22,Yes,2,No,No,29,Inactive
13363,Adam Awwad,Male,25,Beirut,UAE,62646.39,Regular,C007,Spring Promotion,Seasonal,Social Media,2025-08-12,2025-08-26,328.8,61222,1610,153,27308.93,21927.76,24082.84,Yes,4,No,No,5,Returning
11474,Omar Brown,Female,34,Ramallah,UAE,45005.08,Budget,C001,Summer Sale,Discount,Display Ads,2025-12-09,2026-01-02,617.8,45017,454,46,7851.79,4931.41,7236.51,Yes,3,Yes,No,6,Returning
10332,Omar Nasser,Male,33,Jerusalem,Palestine,18000.0,Budget,C002,Back to School,Seasonal,Social Media,2025-03-19,2025-03-29,369.73,23161,683,104,17134.8,13398.75,18406.52,Yes,2,No,No,23,New
10923,Emma Davis,Male,47,Dubai,Egypt,39912.82,Regular,C008,Weekend Flash Sale,Discount,SMS,2025-06-02,2025-06-09,500.67,14129,1203,117,19284.96,11001.5,15849.03,Yes,3,No,No,8,Returning
12534,Layla Hassan,Male,47,Nablus,Qatar,72307.0,Regular,C008,Weekend Flash Sale,Discount,SMS,2025-11-23,2025-12-16,727.4,63472,6295,385,33609.9,27152.17,37250.0,Yes,7,No,No,16,New
13177,John Nasser,Female,30,Gaza,Lebanon,36712.08,Premium,C007,Spring Promotion,Seasonal,Display Ads,2025-03-08,2025-03-21,428.74,39322,158,7,848.76,743.14,856.91,Yes,5,Yes,No,19,New
11187,Maya Khalil,Male,33,Jerusalem,Palestine,45893.75,Regular,C002,Back to School,Seasonal,Email,2025-05-26,2025-06-07,877.2,80681,5263,327,58392.68,42040.34,50643.96,Yes,8,Yes,No,3,New
14187,Sara Khalil,Female,43,Beirut,Qatar,85557.23,Regular,C007,Spring Promotion,Seasonal,Website,2025-11-09,2025-12-05,429.43,80842,2235,222,15658.65,12439.36,14946.92,Yes,8,Yes,No,20,New
10909,Ahmed Awwad,Male,40,Dubai,Qatar,41786.02,Regular,C003,Black Friday,Discount,Display Ads,2025-01-02,2025-01-10,158.2,1205,17,1,107.72,71.94,119.87,Yes,11,Yes,No,23,New
13245,Adam Khalil,Male,21,Amman,Lebanon,41638.1,Premium,C003,Black Friday,Discount,Google Ads,2025-05-06,2025-05-29,707.45,31294,1540,123,16572.33,14479.52,14925.3,Yes,0,No,No,17,Returning
11401,Omar Awwad,Female,48,Dubai,Egypt,53535.74,Budget,C003,Black Friday,Discount,SMS,2025-08-12,2025-08-26,346.12,30271,2989,231,27883.36,21283.22,23389.61,Yes,5,Yes,No,28,Inactive
13157,Adam Saleh,Female,46,Dubai,Lebanon,58752.86,Premium,C006,Loyalty Rewards,Retention,Display Ads,2025-02-28,2025-03-27,770.7,71584,143,11,1412.64,899.49,1468.08,YES,12,Yes,No,12,Returning
12497,Sara Awwad,Male,55,Hebron,Jordan,63652.26,Budget,C003,Black Friday,Discount,Social Media,2025-04-26,2025-05-25,620.58,80293,2970,211,24862.54,18095.84,25220.38,Yes,4,Yes,No,21,Returning
11834,Emma Hassan,Female,36,Beirut,Lebanon,37235.03,Budget,C008,Weekend Flash Sale,Discount,Google Ads,2025-12-29,2026-01-28,538.27,92291,2487,231,23380.58,16893.71,21567.05,Yes,0,No,No,30,Inactive
10779,Omar Brown,Female,41,Beirut,Jordan,50435.86,Premium,C002,Back to School,Seasonal,Display Ads,2025-05-17,2025-05-31,295.89,10338,146,3,434.92,301.58,355.66,Yes,4,No,No,19,Returning
13774,Sara Smith,Female,28,Beirut,Egypt,51231.24,Regular,C005,Holiday Offers,Seasonal,Google Ads,2025-12-05,2025-12-27,925.89,23856,1351,41,4282.43,2907.87,4909.95,Yes,0,Yes,No,22,Returning
13271,John Hassan,Female,0,Beirut,Palestine,44710.87,Premium,C008,Weekend Flash Sale,Discount,Social Media,2025-06-07,2025-07-03,410.3,66983,3026,98,9947.06,6420.73,10202.51,Yes,5,No,No,10,New
13565,Ahmed Wilson,Female,64,Jerusalem,Egypt,62542.91,Budget,C001,Summer Sale,Discount,SMS,2025-05-18,2025-06-14,187.3,62782,5958,680,124643.58,112049.04,119904.55,Yes,4,No,No,13,Returning
10516,Michael Miller,Female,48,Doha,Palestine,49845.11,Regular,C008,Weekend Flash Sale,Discount,Google Ads,2025-12-18,2026-01-15,1041.98,65777,2363,229,24442.69,18328.17,25462.11,Yes,8,No,No,21,Returning
13323,Yousef Khalil,Male,43,Beirut,Egypt,83520.9,Budget,C002,Back to School,Seasonal,SMS,2025-08-25,2025-09-08,437.58,38376,3211,323,54693.64,41213.5,50603.32,Yes,14,No,No,6,Returning
10876,John Nasser,Male,22,Gaza,UAE,45228.38,Regular,C003,Black Friday,Discount,Display Ads,2025-11-24,2025-12-17,510.82,52207,790,97,11703.95,9860.5,10499.92,Yes,0,No,No,30,New
10258,Maya Brown,Male,23,Doha,Palestine,33980.37,Regular,C005,Holiday Offers,Seasonal,Website,2025-11-05,2025-11-13,612.04,2869,100,4,351.09,237.16,373.75,Yes,5,No,No,17,Returning
10856,Noor Awwad,Male,32,Nablus,UAE,73949.84,Regular,C004,New Product Launch,Product,Website,2025-11-01,2025-12-01,402.71,62592,1817,243,37211.7,33285.37,35122.97,Yes,8,Yes,No,17,New
11938,Ahmed Hassan,Female,18,Amman,Palestine,51029.81,Premium,C004,New Product Launch,Product,Email,2025-12-14,2026-01-01,260.49,94898,5406,249,33739.02,27750.14,33528.23,Yes,12,No,Yes,18,Inactive
12916,Adam Awwad,Female,49,Dubai,UAE,70093.88,Premium,C005,Holiday Offers,Seasonal,Website,2025-04-09,2025-04-30,434.08,71457,2190,169,31688.72,23003.75,29403.1,Yes,9,No,No,14,Returning
13931,Ahmed Khalil,Female,44,Jerusalem,Qatar,84951.75,Budget,C001,Summer Sale,Discount,Email,2025-02-27,2025-03-26,283.96,98819,5178,547,43045.88,27763.91,49757.51,Yes,6,Yes,No,3,New
12422,Layla Nasser,Male,48,Beirut,Egypt,77926.7,Corporate,C007,Spring Promotion,Seasonal,SMS,2025-05-21,2025-06-18,740.09,45450,4473,404,45353.98,27561.26,45637.94,Yes,13,No,No,26,Inactive
10317,John Hassan,Male,38,Ramallah,UAE,63022.2,Corporate,C007,Spring Promotion,Seasonal,SMS,2025-03-12,2025-03-29,252.69,56267,5254,167,21517.37,12775.07,19804.35,Yes,5,Yes,No,30,Inactive
10065,Daniel Saleh,Male,32,Gaza,Qatar,52553.96,Budget,C005,Holiday Offers,Seasonal,SMS,2025-06-07,2025-06-29,579.85,51460,4692,441,62257.34,42355.41,62709.26,Yes,9,No,No,21,Returning
11826,Sophia Smith,Male,58,Ramallah,Jordan,57647.38,Regular,C006,Loyalty Rewards,Retention,Email,2025-09-08,2025-09-17,616.68,18480,1091,93,11657.07,9793.28,10305.84,Yes,9,Yes,Yes,3,New
10462,Ahmed Saleh,Female,18,Jerusalem,Lebanon,34410.03,Regular,C002,Back to School,Seasonal,Email,2025-08-30,2025-09-13,779.77,84398,3871,334,31701.17,20439.17,37025.73,Yes,4,Yes,Yes,5,Returning
12019,Emma Davis,Female,53,Amman,Egypt,44420.72,Regular,C003,Black Friday,Discount,Website,2025-12-09,2025-12-25,883.75,22823,307,30,5057.94,2961.38,4146.78,Yes,11,Yes,No,22,Inactive
10948,Daniel Wilson,Female,26,Beirut,Palestine,80485.75,Regular,C001,Summer Sale,Discount,Google Ads,2025-01-27,2025-02-19,581.72,83957,2833,81,7983.35,5112.65,6818.04,Yes,1,No,No,9,Returning
13721,Layla Nasser,Female,43,Hebron,UAE,57636.56,Regular,C006,Loyalty Rewards,Retention,Social Media,2025-06-02,2025-06-23,431.91,69827,2736,153,22245.38,15826.15,18623.18,Yes,9,Yes,No,26,Returning
12920,Layla Miller,Female,37,Hebron,UAE,18000.0,Regular,C004,New Product Launch,Product,Email,2025-06-20,2025-07-04,448.79,64506,2658,231,28169.81,24109.03,32445.47,Yes,0,Yes,Yes,6,Returning
10563,Adam Saleh,Male,39,Dubai,Palestine,21152.16,Regular,C003,Black Friday,Discount,Website,2025-02-04,2025-02-22,545.57,23318,290,17,2262.99,1899.83,1812.63,Yes,15,No,No,6,New
13562,Maya Smith,Male,24,Amman,Jordan,27272.6,Premium,C005,Holiday Offers,Seasonal,SMS,2025-06-17,2025-07-15,678.64,28379,2888,299,34496.09,28441.58,32119.22,Yes,10,Yes,No,15,Returning
10410,Sara Davis,Male,58,Amman,Qatar,42511.52,Budget,C004,New Product Launch,Product,Google Ads,2025-05-23,2025-06-11,69.99,65585,2899,208,24477.78,21460.41,21660.31,Yes,2,No,No,14,Returning
13257,Ali Nasser,Male,42,Hebron,Qatar,68875.01,Premium,C005,Holiday Offers,Seasonal,SMS,2025-11-19,2025-12-09,796.15,34839,3228,303,23575.98,17800.88,26441.43,Yes,10,Yes,No,19,Returning
10238,Omar Khalil,Male,37,Cairo,Egypt,81310.91,Regular,C008,Weekend Flash Sale,Discount,Social Media,2025-10-23,2025-10-30,238.74,70137,2999,123,14343.92,8315.81,16637.21,Yes,7,No,No,5,New
13356,Layla Nasser,Male,56,Gaza,Qatar,23073.06,Regular,C005,Holiday Offers,Seasonal,Website,2025-12-10,2026-01-05,852.12,95421,3628,310,29231.19,25395.87,31366.61,Yes,14,No,No,14,New
13039,Olivia Smith,Female,51,Cairo,Jordan,30208.68,Corporate,C002,Back to School,Seasonal,Website,2025-01-27,2025-02-08,754.59,19303,429,49,6196.83,4993.99,5340.89,Yes,2,No,No,23,Returning
10607,Lina Nasser,Male,25,Beirut,Qatar,33619.09,Budget,C008,Weekend Flash Sale,Discount,Email,2025-06-18,2025-07-13,391.1,69852,4208,570,58081.13,48002.17,48001.2,Yes,9,No,Yes,10,Returning
11689,Sophia Wilson,Male,43,Cairo,Qatar,42217.54,Corporate,C002,Back to School,Seasonal,Email,2025-04-04,2025-05-04,513.91,29026,1105,74,7773.22,5734.55,7795.57,Yes,0,Yes,No,24,Returning
10672,Noor Miller,Female,49,Cairo,Palestine,49550.45,Regular,C006,Loyalty Rewards,Retention,Website,2025-01-06,2025-01-13,614.53,97216,2703,204,18060.19,10230.16,16141.86,Yes,5,Yes,No,14,Returning
12586,Lina Davis,Female,27,,Egypt,34233.29,Regular,C006,Loyalty Rewards,Retention,Email,2025-11-18,2025-12-16,588.04,41536,2449,242,9420.99,7938.57,10770.88,Yes,0,No,Yes,23,New
12609,Adam Hassan,Female,35,Nablus,Lebanon,28595.69,Budget,C002,Back to School,Seasonal,Website,2025-05-04,2025-05-29,579.24,10962,290,24,3100.64,1841.71,2892.91,Yes,0,Yes,No,30,Inactive
13886,Layla Hassan,Female,39,Amman,Palestine,56183.28,Regular,C007,Spring Promotion,Seasonal,Email,2025-10-21,2025-10-29,606.61,90950,4806,396,57532.17,34119.79,49247.21,Yes,10,No,No,27,Returning
12322,Daniel Awwad,Male,55,Gaza,Jordan,70535.58,Budget,C004,New Product Launch,Product,SMS,2025-02-05,2025-02-22,773.42,91878,7365,798,124816.45,74758.98,136952.84,Yes,15,Yes,No,12,Returning
13604,Ali Saleh,Female,41,Cairo,Lebanon,32589.08,Regular,C004,New Product Launch,Product,Social Media,2025-06-30,2025-07-14,392.93,81591,2605,161,24909.96,16505.71,23832.17,Yes,1,Yes,No,20,New
13525,Ali Smith,Female,52,Doha,Lebanon,26830.43,Regular,C006,Loyalty Rewards,Retention,SMS,2025-07-12,2025-07-26,510.08,77148,7174,625,69074.9,59199.07,73379.93,Yes,15,Yes,No,11,New
10830,John Nasser,Male,35,Dubai,Lebanon,49832.03,Regular,C003,Black Friday,Discount,Website,2025-05-03,2025-05-25,424.37,64221,1829,105,14833.28,10986.21,12521.37,Yes,5,No,No,0,Inactive
13456,John Brown,Male,31,Amman,Jordan,26912.45,Regular,C002,Back to School,Seasonal,SMS,2025-05-11,2025-05-26,341.79,9503,796,107,12067.27,9270.18,11940.97,Yes,13,Yes,No,1,Inactive
13784,Daniel Saleh,Female,38,Cairo,Lebanon,57386.76,Corporate,C007,Spring Promotion,Seasonal,Google Ads,2025-01-22,2025-02-09,565.11,16810,540,13,1489.41,819.81,1556.62,Yes,1,Yes,No,21,Returning
14018,Adam Awwad,Female,51,Jerusalem,Qatar,49932.48,Regular,C007,Spring Promotion,Seasonal,Social Media,2025-09-18,2025-09-28,245.34,35010,977,85,11783.87,9594.92,11179.23,Yes,8,No,No,14,New
11884,Daniel Saleh,Male,47,Beirut,Qatar,56473.2,Regular,C001,Summer Sale,Discount,SMS,2025-09-11,2025-09-30,601.93,34595,2624,186,17653.44,14427.03,19221.86,Yes,0,Yes,No,5,Returning
12280,Michael Nasser,Female,21,Amman,Palestine,49483.41,Budget,C004,New Product Launch,Product,Google Ads,2025-10-03,2025-11-02,215.46,59964,2629,331,26208.57,22562.78,22007.63,Yes,4,No,No,3,Returning
10175,Sophia Davis,Male,55,Ramallah,Qatar,62721.42,Budget,C005,Holiday Offers,Seasonal,Display Ads,2025-01-18,2025-01-31,484.98,40485,838,63,8052.42,5974.35,6664.15,Yes,6,Yes,No,16,Returning
13631,Emma Davis,Male,25,Hebron,Jordan,38041.8,Regular,C008,Weekend Flash Sale,Discount,SMS,2025-01-08,2025-01-23,868.95,12859,1247,41,4904.89,4265.29,4060.46,Yes,7,Yes,No,19,New
12860,Adam Davis,Female,24,Nablus,Jordan,66220.16,Regular,C007,Spring Promotion,Seasonal,Social Media,2025-06-28,2025-07-13,285.14,22370,762,65,7098.85,4327.71,7839.61,Yes,1,No,No,2,Returning
11906,Ali Miller,Male,24,Amman,Qatar,37399.92,Regular,C001,Summer Sale,Discount,Google Ads,2025-05-24,2025-06-02,325.5,3079,168,15,2069.94,1648.61,2183.2,Yes,1,No,No,22,Returning
10817,Adam Hassan,Female,33,Amman,Jordan,60076.65,Budget,C002,Back to School,Seasonal,Email,2025-11-15,2025-12-07,887.86,94162,5063,470,49585.49,32080.16,45698.06,Yes,9,Yes,No,4,New
13815,Ahmed Miller,Female,42,Jerusalem,Lebanon,21027.93,Regular,C005,Holiday Offers,Seasonal,Website,2025-07-28,2025-08-10,583.21,24529,608,43,3433.6,2900.34,3669.86,Yes,5,No,No,2,Inactive
11181,Maya Nasser,Male,21,Gaza,Lebanon,49597.68,Regular,C004,New Product Launch,Product,Social Media,2025-08-03,2025-08-13,419.4,14640,394,33,3572.31,2622.23,3999.16,Yes,1,Yes,No,6,New
10813,John Saleh,Male,18,Doha,Palestine,69287.65,Premium,C007,Spring Promotion,Seasonal,SMS,2025-12-22,2026-01-18,40.17,22760,2138,257,29083.24,22047.86,23667.33,Yes,1,Yes,No,24,New
11937,John Brown,Male,51,Ramallah,Egypt,88152.68,Regular,C007,Spring Promotion,Seasonal,Website,2025-10-26,2025-11-02,282.64,1807,43,3,390.43,218.84,329.54,Yes,10,No,No,15,Returning
10785,Olivia Saleh,Male,27,,Egypt,64258.79,Corporate,C001,Summer Sale,Discount,SMS,2025-04-21,2025-05-17,562.34,60986,4604,456,48940.48,38125.71,48388.41,Yes,2,Yes,No,24,Returning
11407,Maya Khalil,Male,23,Hebron,Egypt,48566.53,Budget,C001,Summer Sale,Discount,Display Ads,2025-09-18,2025-10-10,601.29,10405,266,18,2435.04,1360.54,1982.09,Yes,12,No,No,4,New
12080,Daniel Nasser,Female,32,Ramallah,Qatar,,Premium,C003,Black Friday,Discount,Website,2025-02-05,2025-02-27,784.54,1324,29,3,351.68,200.05,389.3,Yes,14,No,No,9,New
11186,Noor Nasser,Female,41,Jerusalem,Jordan,81873.15,Regular,C002,Back to School,Seasonal,Display Ads,2025-07-23,2025-07-30,355.01,19383,288,35,5356.61,3452.11,5652.59,Yes,10,Yes,No,6,Inactive
10675,Lina Awwad,Female,29,Gaza,Lebanon,83881.5,Budget,C008,Weekend Flash Sale,Discount,Social Media,2025-07-12,2025-08-07,677.85,3462,141,8,910.28,613.16,883.72,Yes,6,Yes,No,13,Returning
10774,Noor Hassan,Female,33,Dubai,Palestine,84999.94,Budget,C005,Holiday Offers,Seasonal,Display Ads,2025-10-13,2025-10-20,835.39,89252,1122,69,7491.81,5935.12,6860.45,Yes,4,No,No,30,New
12874,Sara Brown,Male,23,Jerusalem,Palestine,72508.79,Premium,C002,Back to School,Seasonal,Google Ads,2025-10-02,2025-10-27,471.45,12416,498,39,4085.9,3667.83,4451.27,Yes,5,No,No,17,Inactive
12340,Sophia Nasser,Female,48,Cairo,Qatar,83592.05,Budget,C007,Spring Promotion,Seasonal,Social Media,2025-04-20,2025-05-11,668.39,50224,1482,154,23005.24,15164.74,23495.69,Yes,1,Yes,No,16,Returning
12121,Ahmed Davis,Male,23,Doha,Lebanon,57687.49,Regular,C002,Back to School,Seasonal,Website,2025-02-26,2025-03-23,757.42,4763,157,11,1260.37,750.83,1160.45,Yes,15,No,No,19,Returning
13582,Layla Awwad,Male,39,Dubai,Egypt,31630.13,Budget,C004,New Product Launch,Product,SMS,2025-11-08,2025-12-08,452.94,82462,5758,486,34524.34,21773.17,39272.15,Yes,4,Yes,No,25,New
12204,Sophia Nasser,Female,33,Nablus,Egypt,39298.6,Regular,C004,New Product Launch,Product,Website,2025-09-28,2025-10-18,796.01,42254,1214,89,8724.87,7411.68,8214.74,Yes,8,No,No,5,New
11378,Ali Hassan,Male,24,Doha,Lebanon,70859.06,Corporate,C003,Black Friday,Discount,Email,2025-07-03,2025-07-20,403.97,695,38,3,407.24,297.96,457.53,Yes,6,No,Yes,0,New
12038,Layla Brown,Female,20,Hebron,Egypt,52992.39,Premium,C001,Summer Sale,Discount,Email,2025-09-22,2025-10-15,792.63,75438,4252,345,39885.85,30029.09,37874.21,Yes,2,Yes,Yes,25,New
10757,John Miller,Male,44,Hebron,Jordan,54865.35,Budget,C004,New Product Launch,Product,SMS,2025-10-25,2025-11-22,588.73,70221,6441,572,27463.62,22748.25,29230.33,Yes,14,Yes,No,12,New
12760,Layla Davis,Male,27,Cairo,Qatar,18000.0,Regular,C005,Holiday Offers,Seasonal,SMS,2025-05-06,2025-05-14,451.85,7140,626,49,6649.59,4668.66,6051.94,Yes,0,No,No,21,New
10793,Noor Wilson,Male,35,Ramallah,Egypt,48966.99,Budget,C006,Loyalty Rewards,Retention,Email,2025-12-06,2026-01-01,459.62,73283,3007,178,21746.14,19288.79,19753.86,Yes,11,Yes,Yes,4,Returning
12532,Lina Awwad,Male,49,Gaza,Lebanon,33593.97,Premium,C006,Loyalty Rewards,Retention,Social Media,2025-06-15,2025-06-29,885.25,36903,987,98,8574.82,5841.78,9289.51,Yes,13,No,No,0,Returning
12052,Layla Miller,Female,52,Dubai,Qatar,68046.93,Regular,C001,Summer Sale,Discount,Email,2025-01-30,2025-02-23,148.52,18581,1159,74,13273.14,10877.3,12369.46,Yes,8,No,No,25,New
10751,Lina Hassan,Male,22,Cairo,Qatar,59940.56,Regular,C005,Holiday Offers,Seasonal,Email,2025-03-18,2025-04-06,813.93,18946,784,37,3706.53,2932.2,3553.67,Yes,1,Yes,No,2,Returning
11114,Michael Saleh,Female,34,Hebron,Qatar,60441.81,Regular,C004,New Product Launch,Product,Google Ads,2025-08-21,2025-08-28,947.82,1603,89,6,965.74,866.63,1108.34,Yes,9,Yes,No,5,Returning
11143,Daniel Khalil,Male,19,Dubai,Palestine,42900.85,Regular,C006,Loyalty Rewards,Retention,Google Ads,2025-10-17,2025-10-24,622.31,38099,1818,186,9684.97,6901.77,8164.6,Yes,12,Yes,No,28,New
11417,Noor Awwad,Female,22,Dubai,Qatar,32868.53,Premium,C002,Back to School,Seasonal,Social Media,2025-10-15,2025-10-29,424.96,68968,2473,160,27645.29,22204.48,24122.99,Yes,4,No,No,2,New
11440,Adam Hassan,Female,20,Ramallah,UAE,81194.37,Premium,C001,Summer Sale,Discount,Display Ads,2025-05-16,2025-06-09,596.32,94259,2023,116,14341.13,10072.19,16731.15,Yes,11,Yes,No,15,Returning
12664,Noor Nasser,Female,52,Dubai,Lebanon,62569.66,Premium,C005,Holiday Offers,Seasonal,Display Ads,2025-04-01,2025-04-12,733.68,58146,1906,183,23004.66,15734.88,18972.89,Yes,13,Yes,No,27,Returning
10207,Sara Miller,Male,64,Amman,Jordan,58140.79,Premium,C008,Weekend Flash Sale,Discount,Display Ads,2025-11-17,2025-11-30,541.05,96430,2379,227,25328.4,16012.8,24295.58,Yes,9,No,No,27,New
13456,Ali Wilson,Female,18,Cairo,Jordan,29399.78,Regular,C006,Loyalty Rewards,Retention,Email,2025-12-14,2025-12-25,633.21,60642,3665,294,31787.88,22137.3,34472.75,Yes,5,Yes,No,16,Returning
13174,Emma Brown,Male,45,Jerusalem,UAE,65766.79,Corporate,C008,Weekend Flash Sale,Discount,SMS,2025-10-07,2025-10-28,741.15,67430,6585,843,121110.13,70023.68,102752.51,Yes,8,No,No,15,Returning
11308,Omar Saleh,Female,19,Nablus,Palestine,45434.59,Regular,C002,Back to School,Seasonal,Website,2025-06-05,2025-06-28,365.58,74637,1750,195,23724.81,15649.42,27860.02,Yes,15,No,No,4,New
12228,Adam Nasser,Male,25,Gaza,Lebanon,54806.63,Regular,C007,Spring Promotion,Seasonal,Website,2025-03-20,2025-03-30,314.0,20267,373,40,4281.64,3618.91,4438.48,Yes,2,No,No,25,Returning
12919,Maya Smith,Female,30,Beirut,Jordan,62503.72,Premium,C007,Spring Promotion,Seasonal,Display Ads,2025-12-20,2026-01-04,718.99,37600,874,76,9178.04,7015.33,10270.99,Yes,2,Yes,No,3,Returning
11603,Ali Davis,Male,40,Doha,Jordan,49950.85,Premium,C007,Spring Promotion,Seasonal,Social Media,2025-06-07,2025-06-21,296.33,44718,1883,228,34991.6,25574.87,40321.14,Yes,9,Yes,No,23,New
13439,Ahmed Brown,Female,43,Gaza,Palestine,74223.96,Regular,C002,Back to School,Seasonal,Email,2025-01-23,2025-02-04,224.12,12441,777,60,5758.44,3729.38,4802.23,Yes,5,No,Yes,6,Returning
11528,Noor Awwad,Male,36,Dubai,Palestine,80918.21,,,Spring Promotion,Seasonal,Email,2025-05-03,2025-05-25,246.24,19148,1003,67,13481.7,12074.33,11380.91,Yes,3,No,No,16,Returning
11660,Maya Awwad,Male,49,Ramallah,Egypt,45397.86,Regular,C001,Summer Sale,Discount,Email,2025-02-15,2025-03-02,479.07,4751,222,14,1719.79,1090.77,1419.64,Yes,0,Yes,No,15,Returning
14067,Sara Miller,Female,27,Cairo,Qatar,43245.45,Premium,C002,Back to School,Seasonal,Display Ads,2025-07-18,2025-07-29,535.25,47001,595,66,4811.61,3126.17,5014.07,Yes,1,No,No,3,Returning
13823,Daniel Smith,Male,35,Ramallah,Palestine,83985.27,Regular,C008,Weekend Flash Sale,Discount,Google Ads,2025-04-25,2025-05-12,635.98,69982,2623,67,8329.02,5066.24,8517.61,Yes,5,Yes,No,0,Returning
13635,Ahmed Wilson,Male,52,Doha,Egypt,27570.54,Budget,C004,New Product Launch,Product,SMS,2025-02-27,2025-03-19,537.52,14365,1253,187,25073.74,14765.27,21276.89,Yes,13,Yes,No,17,Returning
13851,Lina Hassan,Male,54,Beirut,Egypt,46430.87,Regular,C007,Spring Promotion,Seasonal,Google Ads,2025-09-04,2025-09-26,253.4,16309,669,47,2227.75,1256.7,2600.64,Yes,6,No,No,10,Returning
13435,Sara Awwad,Male,30,Gaza,Egypt,75029.91,Premium,C006,Loyalty Rewards,Retention,Google Ads,2025-08-27,2025-09-19,618.24,4625,180,15,2240.48,1913.02,1793.1,Yes,0,Yes,No,20,New
11591,Lina Saleh,Female,20,Jerusalem,Jordan,38363.17,Corporate,C002,Back to School,Seasonal,SMS,2025-10-27,2025-11-04,364.2,50890,5074,487,82594.79,56944.46,76497.33,YES,12,No,No,27,Returning
13868,Ahmed Brown,Female,41,Amman,Palestine,71222.86,Regular,C002,Back to School,Seasonal,Social Media,2025-10-23,2025-11-10,345.7,91854,2912,185,16004.66,9449.22,14592.76,Yes,4,Yes,No,10,New
13331,Layla Hassan,Female,19,Ramallah,Palestine,58255.68,Regular,C001,Summer Sale,Discount,Social Media,2025-04-12,2025-04-30,111.03,6584,204,12,1706.17,1358.09,1388.21,Yes,8,Yes,No,9,Returning
10922,Noor Miller,Male,28,Gaza,Egypt,53974.62,Budget,C002,Back to School,Seasonal,Social Media,2025-01-13,2025-01-20,215.36,40008,1114,129,20383.1,11742.87,18903.04,Yes,3,No,No,19,Returning
10127,Daniel Saleh,Male,26,Jerusalem,Palestine,33172.17,Regular,C002,Back to School,Seasonal,SMS,2025-09-01,2025-10-01,-497.03,48305,4649,362,24643.94,15667.97,27607.69,Yes,12,No,No,12,Returning
12704,Noor Nasser,Male,25,Ramallah,Palestine,47563.79,Regular,C002,Back to School,Seasonal,Google Ads,2025-09-13,2025-10-03,732.86,34523,1685,142,15959.16,12046.34,17792.01,Yes,4,No,No,16,Returning
13478,Sara Smith,Female,27,Hebron,Egypt,85189.61,Regular,C002,Back to School,Seasonal,Social Media,2025-10-07,2025-10-16,548.2,59356,1870,75,7016.34,4434.14,7377.1,Yes,15,No,No,25,New
13049,Olivia Davis,Male,27,Amman,UAE,48452.16,Regular,C007,Spring Promotion,Seasonal,Display Ads,2025-01-24,2025-02-21,886.91,78954,1408,160,29040.19,16163.81,28633.67,Yes,14,Yes,No,7,Returning
12422,Layla Brown,Female,42,Gaza,Qatar,41203.6,Budget,C008,Weekend Flash Sale,Discount,Social Media,2025-01-19,2025-02-06,445.68,8974,247,24,1176.15,672.05,1142.18,Yes,14,Yes,No,0,Returning
14097,Michael Khalil,Female,45,Dubai,UAE,81364.68,Budget,C008,Weekend Flash Sale,Discount,Website,2025-11-25,2025-12-09,277.37,63565,2274,243,18349.73,12063.36,17898.7,Yes,1,Yes,No,3,Returning
11870,Ahmed Hassan,Female,31,Gaza,Palestine,62157.48,Budget,C006,Loyalty Rewards,Retention,Display Ads,2025-08-24,2025-09-21,751.58,24232,346,24,3261.77,2173.37,2849.45,Yes,12,Yes,No,5,Returning
13232,John Hassan,Female,30,Jerusalem,Egypt,30879.68,Regular,C005,Holiday Offers,Seasonal,Email,2025-08-18,2025-09-07,927.07,56678,3743,303,32053.06,19950.02,35824.68,Yes,8,Yes,Yes,28,Returning
13918,Ali Saleh,Female,18,Hebron,Lebanon,62327.63,Regular,C007,Spring Promotion,Seasonal,SMS,2025-08-02,2025-08-31,332.84,18635,1968,98,10996.65,7707.92,8834.65,Yes,11,Yes,No,6,Inactive
14129,Olivia Miller,Male,27,Dubai,Lebanon,48060.57,Budget,C005,Holiday Offers,Seasonal,Website,2025-09-25,2025-10-14,240.4,78005,2657,224,36364.12,29929.86,33838.22,Yes,7,Yes,No,1,Returning
11928,Yousef Awwad,Female,46,Nablus,Lebanon,71872.61,Regular,C003,Black Friday,Discount,SMS,2025-04-13,2025-05-08,548.44,55303,5344,487,75217.1,52664.95,73602.08,Yes,2,No,No,19,Inactive
12109,Ahmed Smith,Male,48,Amman,Qatar,63799.38,Regular,C008,Weekend Flash Sale,Discount,Website,2025-11-01,2025-11-22,427.09,66011,1584,63,8568.98,7263.83,8233.72,Yes,10,No,No,8,New
10227,Noor Davis,Female,32,Jerusalem,Jordan,37049.23,Regular,C007,Spring Promotion,Seasonal,Display Ads,2025-03-08,2025-03-29,401.24,96004,1371,64,6103.37,3731.63,6450.31,Yes,6,Yes,No,1,Returning
11207,Olivia Khalil,Male,65,Ramallah,Qatar,65932.61,Budget,C008,Weekend Flash Sale,Discount,SMS,2025-11-07,2025-11-17,611.05,64963,6218,352,41919.98,27377.3,37674.48,Yes,3,No,No,5,New
13048,Sara Nasser,Female,51,Cairo,Qatar,49425.21,Regular,C004,New Product Launch,Product,Email,2025-07-11,2025-07-23,612.09,14074,709,75,7449.22,4564.21,8133.26,Yes,13,No,Yes,18,Inactive
10243,Maya Brown,Male,35,Ramallah,UAE,44676.75,Regular,C007,Spring Promotion,Seasonal,Google Ads,2025-09-11,2025-09-20,514.41,8436,420,42,5381.76,3835.01,6046.74,Yes,13,Yes,No,27,New
10159,Adam Khalil,Female,51,Hebron,Qatar,63009.43,Budget,C001,Summer Sale,Discount,Google Ads,2025-12-17,2025-12-24,572.79,4812,217,16,2808.6,2365.67,2259.87,Yes,9,Yes,No,6,New
11504,Yousef Nasser,Female,29,Beirut,Jordan,72391.08,Budget,C008,Weekend Flash Sale,Discount,Social Media,2025-10-16,2025-10-31,519.2,58643,2231,281,21951.86,16221.9,22112.87,Yes,13,Yes,No,29,Returning
10267,John Smith,Female,43,Nablus,Jordan,68455.83,Budget,C006,Loyalty Rewards,Retention,Email,2025-12-24,2026-01-19,813.27,29202,1513,135,27640.09,20434.91,22205.06,Yes,7,Yes,No,24,Returning
10713,Maya Miller,Male,18,Dubai,Jordan,36962.13,Regular,C001,Summer Sale,Discount,Google Ads,2025-10-16,2025-11-05,920.05,8298,447,41,3846.94,2647.84,3225.89,Yes,4,No,No,22,Returning
12713,Maya Wilson,Male,19,Cairo,Lebanon,54101.62,Regular,C004,New Product Launch,Product,Website,2025-09-08,2025-09-23,321.94,82214,1667,149,12659.79,9203.45,11785.85,Yes,11,Yes,No,14,Returning
13563,Layla Awwad,Female,54,Doha,UAE,37726.06,Budget,C001,Summer Sale,Discount,Social Media,2025-01-23,2025-02-16,416.97,1840,33,2,262.85,161.69,217.54,Yes,3,Yes,No,19,New
10637,Emma Nasser,Male,28,Beirut,Palestine,61598.91,Regular,C001,Summer Sale,Discount,Website,2025-04-26,2025-05-08,725.97,21062,392,51,8491.69,4689.93,7307.92,Yes,11,Yes,No,7,New
11375,Noor Smith,Male,18,Nablus,Jordan,40002.5,Budget,C006,Loyalty Rewards,Retention,Google Ads,2025-01-31,2025-02-10,574.32,81527,2829,264,31727.21,25422.05,33667.25,Yes,7,No,No,9,New
10274,Noor Brown,Female,43,Hebron,Egypt,47919.68,Regular,C004,New Product Launch,Product,Social Media,2025-03-25,2025-04-10,637.18,32781,731,53,8320.15,4597.17,9444.05,Yes,12,Yes,No,18,Returning
10219,Emma Miller,Male,31,Ramallah,Jordan,35041.93,Budget,C005,Holiday Offers,Seasonal,Google Ads,2025-02-16,2025-02-28,314.16,76493,3767,236,26823.65,20371.37,25699.62,Yes,1,No,No,24,New
12565,Lina Awwad,Male,42,Jerusalem,Jordan,47716.51,Corporate,C007,Spring Promotion,Seasonal,Social Media,2025-02-08,2025-03-02,881.49,60765,1531,81,12977.71,11254.85,10404.23,Yes,9,No,No,8,New
13146,Maya Miller,Female,45,Ramallah,Egypt,64298.03,Regular,C008,Weekend Flash Sale,Discount,Google Ads,2025-11-15,2025-11-25,503.31,77302,3761,401,66632.54,53042.61,54817.87,Yes,4,Yes,No,12,Returning
10819,Olivia Smith,Male,25,Dubai,Jordan,43976.39,Corporate,C005,Holiday Offers,Seasonal,SMS,2025-06-13,2025-06-24,689.81,88027,6528,919,70138.95,60810.27,78985.78,Yes,12,No,No,12,New
10209,Sophia Khalil,Female,25,Hebron,Palestine,26764.97,Premium,C003,Black Friday,Discount,Display Ads,2025-09-30,2025-10-15,464.37,41840,396,36,6744.31,5373.88,5542.62,Yes,4,No,No,1,New
10515,Emma Saleh,Female,18,Amman,Palestine,50479.88,Regular,C005,Holiday Offers,Seasonal,Social Media,2025-03-13,2025-03-23,815.52,76769,2089,172,8938.87,5070.84,9308.66,Yes,3,No,No,7,Returning
13618,Olivia Miller,Female,41,Jerusalem,UAE,43950.35,Regular,C003,Black Friday,Discount,Google Ads,2025-12-21,2026-01-20,743.36,33441,1606,120,7310.57,4625.35,8288.51,Yes,4,Yes,No,2,Returning
12084,Daniel Davis,Male,44,Beirut,Jordan,41818.61,Budget,C001,Summer Sale,Discount,Google Ads,2025-10-05,2025-10-27,730.0,65071,3334,271,30119.94,25310.69,29254.53,Yes,1,No,No,15,Returning
11625,Adam Saleh,Male,44,Beirut,Egypt,49000.33,Corporate,C007,Spring Promotion,Seasonal,Google Ads,2025-02-18,2025-03-08,355.81,81438,3400,321,46269.93,34240.47,39056.76,Yes,1,Yes,No,10,Returning
12375,Sophia Nasser,Male,51,Cairo,UAE,21526.07,Regular,C006,Loyalty Rewards,Retention,Display Ads,2025-09-27,2025-10-20,590.72,25679,321,24,4203.05,3479.31,4083.98,Yes,5,No,No,22,Returning
11106,John Hassan,Male,36,Cairo,UAE,19662.89,Regular,C003,Black Friday,Discount,Display Ads,2025-10-27,2025-11-08,729.62,48002,1323,76,,8283.35,9063.37,Yes,9,Yes,No,27,Returning
13058,Ali Miller,Female,42,Jerusalem,Egypt,47165.53,Regular,C003,Black Friday,Discount,Google Ads,2025-01-05,2025-01-15,171.74,70398,2374,209,39801.25,34899.3,33509.44,Yes,5,No,No,23,Returning
13324,Maya Nasser,Female,54,Jerusalem,Egypt,48613.96,Regular,C005,Holiday Offers,Seasonal,Social Media,2025-11-27,2025-12-04,390.31,12380,412,22,1907.43,1107.29,1942.54,Yes,5,Yes,No,7,Inactive
11434,Ahmed Awwad,Female,49,Dubai,Jordan,68089.02,Budget,C008,Weekend Flash Sale,Discount,Email,2025-03-10,2025-03-30,441.09,52732,2928,380,55135.31,31339.76,61291.95,Yes,0,Yes,No,10,Returning
12960,Sophia Saleh,Male,42,Ramallah,Qatar,56525.14,Budget,C001,Summer Sale,Discount,Email,2025-04-29,2025-05-25,628.04,10313,597,72,8967.41,7326.87,8780.07,Yes,1,No,Yes,7,New
11456,Lina Hassan,FEMALE,31,Doha,Palestine,69924.68,Premium,C004,New Product Launch,Product,SMS,2025-01-03,2025-02-01,715.44,6631,469,23,2262.54,1609.78,2444.03,Yes,13,Yes,No,29,Returning
10306,Daniel Brown,Female,31,Dubai,Palestine,55756.24,Corporate,C007,Spring Promotion,Seasonal,Email,2025-08-31,2025-09-20,386.78,17513,1026,127,14245.99,7886.77,15245.89,Yes,12,Yes,No,22,Inactive
12668,Noor Wilson,Male,33,Hebron,UAE,47715.47,Regular,C008,Weekend Flash Sale,Discount,SMS,2025-12-04,2025-12-15,709.83,29720,2919,407,74571.34,61541.88,77742.33,Yes,3,Yes,No,27,Inactive
10940,Ahmed Miller,Female,29,Gaza,Lebanon,47847.74,Premium,C007,Spring Promotion,Seasonal,Google Ads,2025-03-12,2025-03-25,397.51,94271,4506,502,59697.47,49906.76,49780.49,Yes,3,No,No,11,New
10953,Adam Wilson,Male,44,Doha,Qatar,77181.91,Budget,C007,Spring Promotion,Seasonal,Website,2025-07-05,2025-07-27,680.43,55579,711,44,5006.14,4137.64,4339.68,Yes,1,No,No,27,Returning
12395,Maya Miller,Male,29,Gaza,Qatar,23970.7,Budget,C008,Weekend Flash Sale,Discount,Google Ads,2025-06-24,2025-07-04,289.24,67556,3028,240,41596.87,30076.41,35310.72,Yes,14,Yes,No,2,Returning
11547,Maya Nasser,Male,51,Nablus,Jordan,52736.57,Regular,C004,New Product Launch,Product,SMS,2025-06-07,2025-06-22,361.94,35538,3389,346,16235.25,10891.79,14922.28,Yes,2,No,No,5,New
12747,Adam Davis,Female,33,Beirut,UAE,61066.18,Regular,C001,Summer Sale,Discount,Social Media,2025-07-03,2025-07-19,293.29,70763,3767,218,15982.22,9555.54,17848.82,Yes,11,Yes,No,12,Returning
10340,Yousef Wilson,Male,32,Hebron,Egypt,40538.18,Regular,C005,Holiday Offers,Seasonal,Email,2025-12-01,2025-12-08,603.4,921,54,6,795.74,571.82,711.71,Yes,10,Yes,No,20,Inactive
12195,Maya Khalil,Female,34,Gaza,Jordan,31522.48,Regular,C001,Summer Sale,Discount,Email,2025-10-25,2025-11-08,402.36,63015,3365,275,17312.26,13445.4,16567.13,Yes,2,Yes,Yes,9,Returning
13364,Sara Nasser,Male,40,Doha,Egypt,,Corporate,C005,Holiday Offers,Seasonal,Google Ads,2025-04-19,2025-05-10,261.96,7214,231,23,2374.1,1680.82,2372.37,Yes,12,No,No,2,Returning
12879,Sophia Nasser,Female,44,Doha,Jordan,93477.01,Budget,C007,Spring Promotion,Seasonal,Social Media,2025-07-26,2025-08-19,721.43,9300,273,12,1742.56,1275.23,1513.58,Yes,11,No,No,28,Returning
10275,Omar Hassan,Female,18,Doha,Lebanon,69373.02,Regular,C002,Back to School,Seasonal,Email,2025-09-22,2025-10-08,775.52,44346,2750,194,25978.93,14474.21,30026.53,Yes,1,Yes,No,26,Returning
11935,Emma Brown,Female,32,Nablus,UAE,,Budget,C004,New Product Launch,Product,Display Ads,2025-05-07,2025-05-28,527.36,35497,550,34,5143.2,3698.3,5065.36,Yes,13,Yes,No,6,New
13605,Adam Awwad,Female,38,Doha,Lebanon,48166.76,Budget,C002,Back to School,Seasonal,Website,2025-03-11,2025-03-23,20.0,96824,3084,387,54786.32,39247.89,50387.1,Yes,5,No,No,13,Inactive
12304,Ali Miller,Male,18,Cairo,Qatar,69322.86,Regular,C007,Spring Promotion,Seasonal,Google Ads,2025-04-22,2025-05-15,389.52,43686,2443,178,17230.44,12930.14,15359.59,Yes,1,No,No,15,Returning
11675,Layla Hassan,Female,47,Dubai,Palestine,43338.3,Budget,C006,Loyalty Rewards,Retention,Display Ads,2025-06-15,2025-06-22,540.08,88415,1847,119,17238.39,13671.15,17399.67,Yes,9,Yes,No,4,Returning
10481,Yousef Davis,Female,42,Ramallah,Egypt,30795.59,Budget,C008,Weekend Flash Sale,Discount,Email,2025-07-28,2025-08-16,400.97,27492,1569,125,1880.66,1414.74,1674.69,Yes,5,No,No,12,Returning
10122,Olivia Saleh,Male,32,Cairo,Egypt,42542.83,Premium,C003,Black Friday,Discount,SMS,2025-03-03,2025-03-27,483.23,20674,1849,69,11367.37,7063.98,11549.97,Yes,13,No,No,30,Inactive
11912,Michael Khalil,Female,37,Nablus,Egypt,40143.62,Regular,C005,Holiday Offers,Seasonal,Website,2025-05-15,2025-05-27,469.7,53613,1655,59,4630.14,3673.6,3741.69,Yes,9,Yes,No,0,New
11921,Ali Saleh,Female,39,Gaza,Lebanon,58869.69,Corporate,C001,Summer Sale,Discount,Email,2025-05-25,2025-06-12,542.43,74631,4775,478,93955.92,71963.24,80373.2,Yes,13,Yes,No,19,New
13598,Adam Awwad,Female,18,Gaza,Egypt,70443.07,Regular,C005,Holiday Offers,Seasonal,Social Media,2025-10-15,2025-11-07,-819.38,97820,4480,689,59989.8,36074.53,67411.45,Yes,8,Yes,No,25,New
10618,Michael Davis,Male,29,Dubai,Qatar,77936.9,Regular,C001,Summer Sale,Discount,SMS,2025-11-21,2025-12-10,296.52,84503,7528,515,78140.27,67127.17,64069.68,Yes,8,Yes,No,21,New
10425,Sara Brown,Female,24,Beirut,Lebanon,76950.87,Budget,C002,Back to School,Seasonal,Google Ads,2025-01-01,2025-01-14,863.16,59320,3359,202,30300.2,23018.36,30129.49,Yes,1,Yes,No,15,New
11279,Sophia Nasser,Male,39,Doha,Palestine,54872.87,Regular,C001,Summer Sale,Discount,Website,2025-11-24,2025-12-03,717.3,60040,1310,50,5076.21,3859.05,4392.69,Yes,5,No,No,4,Returning
13397,Maya Nasser,Female,30,Cairo,UAE,50837.06,Budget,C001,Summer Sale,Discount,Display Ads,2025-01-10,2025-01-31,536.0,19807,351,25,2956.74,2279.56,2848.71,Yes,10,Yes,No,20,Returning
10728,Ali Brown,Male,41,Dubai,Egypt,49567.63,Budget,C007,Spring Promotion,Seasonal,Email,2025-03-29,2025-04-20,449.23,53734,4043,295,31546.84,17535.63,25696.11,Yes,12,Yes,No,16,New
10984,Michael Awwad,Male,18,Dubai,Jordan,73181.24,Budget,C005,Holiday Offers,Seasonal,Google Ads,2025-05-18,2025-05-31,508.87,43237,2204,191,12404.05,11156.35,10056.17,Yes,12,Yes,No,20,New
13970,Ahmed Khalil,Male,41,Nablus,Lebanon,40438.65,Budget,C003,Black Friday,Discount,Google Ads,2025-03-25,2025-04-22,204.12,49512,2845,312,27125.58,15773.76,24139.87,Yes,6,No,No,19,New
11280,Noor Wilson,Female,31,Hebron,Palestine,29882.12,Regular,C005,Holiday Offers,Seasonal,Website,2025-08-20,2025-09-08,209.5,92802,2271,212,31765.75,25932.47,27242.66,Yes,1,Yes,No,19,Returning
10007,Lina Nasser,Male,32,Dubai,UAE,59279.17,Premium,C005,Holiday Offers,Seasonal,Email,2025-06-30,2025-07-18,334.86,29638,1654,133,12862.76,9053.65,13900.6,Yes,13,Yes,No,22,Returning
13009,Yousef Awwad,Male,52,Dubai,Lebanon,55044.38,Regular,C003,Black Friday,Discount,Email,2025-06-30,2025-07-29,245.92,75205,4392,228,17815.19,14239.77,15981.09,Yes,14,No,Yes,11,New
13368,Lina Saleh,Male,50,Hebron,Qatar,52415.53,Premium,C007,Spring Promotion,Seasonal,SMS,2025-11-06,2025-12-02,703.07,69829,6518,424,52105.84,35457.59,54786.44,Yes,13,No,No,18,New
12543,Olivia Hassan,Male,40,Nablus,UAE,19108.1,Regular,C007,Spring Promotion,Seasonal,SOCIAL MEDIA,2025-03-26,2025-04-15,384.54,74382,2957,187,25013.12,14393.42,24154.85,Yes,4,Yes,No,12,Returning
13717,Sophia Hassan,Male,28,Amman,Qatar,75742.28,Regular,C003,Black Friday,Discount,Website,2025-11-05,2025-12-05,263.36,72348,1528,128,19185.15,15485.9,16227.89,Yes,7,Yes,No,10,Returning
13276,Michael Wilson,Female,21,Beirut,Jordan,39026.63,Regular,C007,Spring Promotion,Seasonal,Email,2025-06-04,2025-06-14,605.67,32882,1376,56,6842.37,4365.53,5947.97,Yes,8,Yes,Yes,30,Inactive
12024,Sara Smith,Male,37,,Egypt,49568.81,Budget,C002,Back to School,Seasonal,Social Media,2025-03-06,2025-03-25,654.72,1790,76,6,333.48,218.14,317.51,Yes,0,Yes,No,28,New
13821,John Hassan,Male,18,Gaza,Lebanon,42082.08,Budget,C004,New Product Launch,Product,Email,2025-05-26,2025-06-25,624.54,74427,4482,257,27689.3,20800.73,29014.59,Yes,2,Yes,Yes,6,Returning
12633,Lina Davis,Female,40,Jerusalem,Palestine,57985.46,Regular,C007,Spring Promotion,Seasonal,Display Ads,2025-06-17,2025-07-15,399.31,50798,1254,114,18950.72,16656.5,17385.19,Yes,9,Yes,No,23,Returning
11110,Layla Awwad,Female,37,Beirut,Lebanon,33235.33,Regular,C001,Summer Sale,Discount,Website,2025-04-04,2025-04-18,20.0,44649,1386,76,10359.11,9299.0,10818.7,Yes,7,Yes,No,18,Inactive
13508,Sara Miller,Female,45,Cairo,Egypt,61035.71,Regular,C001,Summer Sale,Discount,Display Ads,2025-07-09,2025-07-28,370.02,70485,1370,70,13777.29,9335.12,11100.35,Yes,4,Yes,No,2,Returning
10023,Michael Miller,Female,23,Dubai,Palestine,51125.54,Corporate,C007,Spring Promotion,Seasonal,Website,2025-06-20,2025-07-12,465.68,20545,838,57,9855.36,8660.71,9062.88,Yes,9,Yes,No,9,New
14021,Yousef Khalil,Male,45,Amman,Jordan,31392.21,Corporate,C004,New Product Launch,Product,SMS,2025-12-05,2025-12-31,44.13,41885,3822,417,41483.75,29933.31,44964.01,Yes,12,Yes,No,0,New
11610,Maya Khalil,Female,43,Amman,Palestine,45823.01,Regular,C002,Back to School,Seasonal,Website,2025-12-06,2025-12-18,401.93,6396,198,17,1506.56,1269.34,1767.36,Yes,4,No,No,26,Returning
10582,Adam Davis,Female,37,Hebron,Jordan,55032.46,Regular,C004,New Product Launch,Product,Google Ads,2025-04-05,2025-04-21,564.94,41199,1494,169,18639.35,10252.2,21770.72,Yes,8,No,No,9,Returning
12220,Olivia Brown,Male,29,Doha,Lebanon,71384.53,Corporate,C007,Spring Promotion,Seasonal,Social Media,2025-04-26,2025-05-13,20.0,9109,288,18,1366.37,1123.28,1415.11,Yes,0,No,No,13,New
10585,Olivia Awwad,Female,41,Ramallah,Qatar,43243.53,Budget,C003,Black Friday,Discount,Website,2025-10-31,2025-11-18,399.82,10783,181,10,1098.53,702.54,1026.15,Yes,8,No,No,12,New
10602,Emma Davis,Male,53,Amman,UAE,69438.82,Regular,C002,Back to School,Seasonal,Display Ads,2025-02-18,2025-03-07,768.78,59730,516,56,4158.52,2858.32,4201.46,Yes,8,No,No,22,Returning
12997,Noor Miller,Male,29,Dubai,Palestine,32475.59,Regular,C008,Weekend Flash Sale,Discount,Email,2025-01-26,2025-02-11,559.05,1982,102,7,812.67,700.91,866.48,Yes,7,No,No,22,New
10961,Yousef Awwad,Male,36,Beirut,Lebanon,52335.61,Regular,C003,Black Friday,Discount,Email,2025-10-04,2025-10-11,630.18,89756,4589,187,23536.85,19028.26,25231.55,Yes,6,Yes,Yes,5,Returning
10327,Noor Davis,Female,26,Cairo,Egypt,48073.74,Regular,C005,Holiday Offers,Seasonal,Display Ads,2025-12-22,2026-01-21,633.19,3257,73,10,1542.57,933.42,1315.42,Yes,14,Yes,No,4,Returning
12769,Ali Brown,Female,22,Dubai,Lebanon,81986.98,Regular,C004,New Product Launch,Product,Display Ads,2025-05-02,2025-05-19,820.86,94981,1403,146,17602.54,10851.19,17205.83,Yes,13,Yes,No,6,New
13838,Layla Nasser,Male,39,Cairo,Egypt,54623.42,Corporate,C007,Spring Promotion,Seasonal,SMS,2025-01-22,2025-02-14,255.92,94850,9975,390,58435.52,52163.45,68228.51,Yes,15,Yes,No,19,New
10963,Ali Davis,Female,34,Hebron,Palestine,55604.7,Premium,C003,Black Friday,Discount,SMS,2025-07-13,2025-07-23,399.89,13115,1126,72,8460.09,4792.35,8673.79,Yes,10,No,No,17,New
11336,John Saleh,Male,38,Ramallah,Palestine,34853.5,Regular,C007,Spring Promotion,Seasonal,Email,2025-06-01,2025-06-22,420.1,90119,5859,629,59561.64,46895.39,67570.54,Yes,5,Yes,Yes,19,Inactive
13900,Olivia Nasser,Female,42,Gaza,UAE,53129.45,Regular,C001,Summer Sale,Discount,Website,2025-12-14,2026-01-11,549.24,18533,358,19,1820.08,1185.32,1622.25,Yes,6,Yes,No,14,Returning
10602,Daniel Saleh,Female,46,Dubai,Qatar,61658.66,Budget,C007,Spring Promotion,Seasonal,Social Media,2025-07-28,2025-08-09,713.51,33031,860,67,5207.22,3286.96,4754.37,Yes,10,No,No,29,New
10112,Lina Brown,Male,57,Cairo,UAE,60987.79,Premium,C006,Loyalty Rewards,Retention,SMS,2025-10-12,2025-11-02,808.74,1278,123,10,1235.89,822.76,1301.65,Yes,6,No,No,16,Returning
10425,John Saleh,Male,43,Dubai,Qatar,60218.4,Regular,C001,Summer Sale,Discount,Google Ads,2025-01-23,2025-02-03,458.85,96304,5347,341,43687.74,33567.28,40354.34,Yes,2,No,No,8,Returning
10989,Ahmed Saleh,Male,35,Beirut,Palestine,55846.62,Corporate,C001,Summer Sale,Discount,Display Ads,2025-05-02,2025-05-29,441.51,4276,85,4,477.42,306.41,447.59,Yes,4,No,No,4,New
11295,Adam Wilson,Female,26,Beirut,Qatar,50777.58,Budget,C006,Loyalty Rewards,Retention,Social Media,2025-02-27,2025-03-24,344.78,85600,3467,334,26620.7,21318.2,28519.8,Yes,5,No,No,1,New
13526,Omar Hassan,Female,42,Amman,Qatar,61428.91,Corporate,C006,Loyalty Rewards,Retention,Google Ads,2025-05-20,2025-06-16,333.13,77902,2709,344,32746.73,24392.81,37963.57,Yes,4,Yes,No,10,New
12307,Layla Smith,Male,29,Cairo,Palestine,87427.51,Premium,C001,Summer Sale,Discount,Display Ads,2025-10-15,2025-10-25,457.54,94657,3235,436,23823.8,14865.49,22944.92,Yes,12,No,No,20,Returning
12319,Daniel Brown,Female,48,Jerusalem,Jordan,47640.28,Regular,C006,Loyalty Rewards,Retention,Social Media,2025-03-05,2025-03-27,429.93,81309,4274,209,24182.91,16515.96,27989.71,Yes,15,Yes,No,10,Returning
11923,Sophia Khalil,Female,26,Jerusalem,UAE,37705.97,Regular,C001,Summer Sale,Discount,SMS,2025-01-06,2025-01-22,586.21,59339,5461,551,49671.41,27598.05,43412.78,Yes,4,No,No,28,Inactive
11612,Emma Khalil,Female,29,Cairo,UAE,37148.09,Premium,C006,Loyalty Rewards,Retention,Social Media,2025-12-15,2025-12-22,532.43,9393,276,11,1807.6,1595.92,1578.31,Yes,14,Yes,No,21,Returning
13467,Olivia Khalil,Female,30,Dubai,Palestine,54816.3,Regular,C008,Weekend Flash Sale,Discount,Website,2025-02-01,2025-02-19,299.23,17401,443,25,3972.83,2526.14,3488.72,Yes,5,No,No,9,New
12674,Layla Wilson,Female,32,Nablus,Lebanon,77900.87,Regular,C005,Holiday Offers,Seasonal,Display Ads,2025-07-07,2025-07-20,744.76,13223,176,21,3699.72,2970.65,2967.44,Yes,10,No,No,18,New
11009,Ali Davis,Female,24,Dubai,Lebanon,23320.74,Corporate,C007,Spring Promotion,Seasonal,Website,2025-04-20,2025-05-10,615.71,43766,938,60,7470.3,6412.41,7412.17,Yes,12,Yes,No,17,New
14055,Yousef Davis,Female,29,Dubai,Egypt,39763.82,Corporate,C006,Loyalty Rewards,Retention,Display Ads,2025-08-28,2025-09-05,670.1,24844,89,6,432.28,348.36,506.69,Yes,7,No,No,27,Returning
12174,Noor Awwad,Male,51,Beirut,Jordan,58446.11,Regular,C006,Loyalty Rewards,Retention,SMS,2025-09-08,2025-09-22,762.73,28944,2758,96,15848.47,12591.78,15411.7,Yes,6,Yes,No,22,Returning
11743,Lina Saleh,Female,47,Gaza,UAE,46767.57,Premium,C003,Black Friday,Discount,Google Ads,2025-05-03,2025-05-15,538.23,52245,2026,230,17066.2,13285.34,19601.34,Yes,14,No,No,19,Inactive
12116,Maya Wilson,Female,49,Hebron,Egypt,41121.24,Corporate,C003,Black Friday,Discount,Social Media,2025-10-01,2025-10-18,313.52,85920,3695,208,34108.16,20936.49,29879.37,Yes,4,Yes,No,4,New
10770,Yousef Awwad,Male,29,Dubai,Egypt,81255.84,Regular,C003,Black Friday,Discount,Website,2025-05-23,2025-06-08,547.73,18627,481,17,2155.08,1641.37,2344.6,Yes,6,No,No,15,Returning
11224,Ahmed Wilson,Female,28,Amman,Palestine,87301.45,Regular,C005,Holiday Offers,Seasonal,Display Ads,2025-06-25,2025-07-06,799.42,51487,1563,153,20433.42,16171.09,17941.96,Yes,1,No,No,10,Returning
10569,Adam Davis,Male,24,Ramallah,Palestine,61246.84,Premium,C007,Spring Promotion,Seasonal,Google Ads,2025-05-06,2025-05-19,690.32,88768,3968,182,17888.07,16054.78,15709.87,Yes,4,Yes,No,24,Returning
11234,Lina Wilson,Female,41,Doha,Qatar,45256.62,Regular,C002,Back to School,Seasonal,SMS,2025-09-17,2025-10-16,433.04,4926,365,23,2667.71,1913.68,2393.09,Yes,12,No,No,29,New
13629,Ahmed Saleh,Female,24,Nablus,Jordan,57479.39,Regular,C001,Summer Sale,Discount,Google Ads,2025-11-11,2025-11-28,520.18,22712,1179,129,10429.95,8393.75,11800.32,Yes,9,Yes,No,20,New
10308,Olivia Nasser,Male,40,Jerusalem,Qatar,58774.35,Regular,C007,Spring Promotion,Seasonal,SMS,2025-07-07,2025-07-30,110.18,22389,2096,194,24959.57,18699.99,26634.35,Yes,13,No,No,13,New
10020,Sophia Hassan,Male,48,Nablus,Jordan,28485.64,Budget,C004,New Product Launch,Product,Website,2025-12-06,2025-12-24,155.87,83638,1730,100,11771.76,6766.89,10844.98,Yes,12,No,No,30,Returning
13669,Yousef Smith,Female,37,Beirut,Jordan,59292.98,Premium,C004,New Product Launch,Product,Website,2025-12-24,2026-01-18,199.77,89549,2873,383,52351.62,43261.16,43341.59,Yes,15,No,No,26,Inactive
12111,Sophia Awwad,Female,32,Amman,Palestine,51174.44,Budget,C004,New Product Launch,Product,Social Media,2025-08-02,2025-08-22,436.09,39375,1155,111,11272.79,10048.29,12458.5,Yes,6,Yes,No,4,Returning
12108,John Khalil, male ,46,Ramallah,Jordan,63265.68,Budget,C002,Back to School,Seasonal,Display Ads,2025-02-23,2025-03-12,355.5,81229,2058,145,10197.62,5623.27,11202.55,Yes,9,No,No,7,New
10600,Maya Wilson,Female,22,Jerusalem,Jordan,88379.8,Corporate,C005,Holiday Offers,Seasonal,SMS,2025-06-03,2025-06-15,973.24,83989,8483,830,144231.81,117012.83,117826.81,Yes,5,No,No,12,Returning
14028,Ali Davis,Male,25,Jerusalem,Jordan,30128.15,Regular,C008,Weekend Flash Sale,Discount,Email,2025-06-18,2025-07-16,403.45,72151,4412,552,43013.45,38523.16,41473.33,Yes,9,Yes,No,12,Returning
11638,Yousef Miller,Female,22,Dubai,UAE,49394.36,Regular,C005,Holiday Offers,Seasonal,SMS,2025-01-13,2025-02-10,941.14,43041,3890,320,41676.79,34227.71,34474.6,Yes,13,No,No,19,New
13169,Adam Davis,Male,31,Nablus,Egypt,44503.02,Budget,C008,Weekend Flash Sale,Discount,Social Media,2025-04-14,2025-05-03,37.43,16140,746,64,5658.7,3938.53,5851.27,Yes,1,Yes,No,18,Inactive
13148,John Hassan,Male,41,Ramallah,Qatar,45166.13,Regular,C006,Loyalty Rewards,Retention,Display Ads,2025-08-19,2025-09-16,948.11,66896,1149,110,12079.16,10561.73,11796.13,Yes,13,No,No,10,Returning
13266,Daniel Smith,Female,28,Doha,UAE,56605.57,Premium,C003,Black Friday,Discount,Google Ads,2025-08-29,2025-09-18,597.81,36492,1560,130,15990.27,11293.03,16923.95,Yes,0,Yes,No,1,Returning
13400,Lina Nasser,Male,33,Amman,Palestine,18550.84,Regular,C006,Loyalty Rewards,Retention,Google Ads,2025-06-16,2025-06-26,139.81,20672,667,67,8251.84,4736.96,9460.99,Yes,5,No,No,27,New
14197,Olivia Nasser,Male,41,Jerusalem,Jordan,18000.0,Regular,C007,Spring Promotion,Seasonal,Website,2025-08-07,2025-08-14,571.36,67682,1782,81,7801.02,4404.95,6377.01,Yes,7,No,No,26,Returning
10521,Michael Awwad,Male,42,Dubai,Jordan,42399.73,Premium,C005,Holiday Offers,Seasonal,Google Ads,2025-03-20,2025-04-02,433.24,67699,3012,219,17513.1,13884.22,19048.09,Yes,13,Yes,No,5,New
10398,Noor Awwad,Female,22,Ramallah,Jordan,22002.93,Regular,C001,Summer Sale,Discount,Website,2025-08-10,2025-09-06,460.69,9178,304,12,1572.28,1316.7,1696.21,Yes,15,No,No,27,Returning
13990,Lina Nasser,Female,43,Jerusalem,Egypt,46927.16,Regular,C004,New Product Launch,Product,Google Ads,2025-07-19,2025-08-14,463.27,35928,1209,178,12710.53,9055.15,13220.9,Yes,0,No,No,10,Inactive
12900,John Wilson,Female,36,,Palestine,39616.76,Regular,C008,Weekend Flash Sale,Discount,Display Ads,2025-11-24,2025-12-08,516.96,75609,1084,40,5978.81,5021.81,6077.97,Yes,8,Yes,No,28,New
10370,Lina Brown,Male,42,Jerusalem,Lebanon,44444.58,Regular,C005,Holiday Offers,Seasonal,Social Media,2025-11-30,2025-12-08,355.19,31074,943,139,12989.72,11576.89,10527.05,Yes,2,No,No,29,Returning
11147,Daniel Davis,Female,18,Beirut,Palestine,64019.62,Regular,C005,Holiday Offers,Seasonal,Social Media,2025-01-21,2025-02-04,273.16,13131,619,51,5364.67,3770.69,4949.07,Yes,14,No,No,15,New
12971,Emma Khalil,Female,49,Ramallah,Egypt,72368.16,Budget,C005,Holiday Offers,Seasonal,Display Ads,2025-09-25,2025-10-25,939.95,21336,333,35,3051.88,2451.78,2733.38,Yes,6,Yes,No,16,Returning
12622,John Davis,Female,20,Ramallah,Egypt,59031.91,Regular,C004,New Product Launch,Product,Display Ads,2025-04-23,2025-05-05,361.57,56777,1356,133,25846.46,20696.58,28860.18,Yes,0,No,No,23,Returning
12294,Maya Wilson,Female,33,Doha,UAE,43634.59,Corporate,C004,New Product Launch,Product,Email,2025-08-16,2025-08-29,641.54,92223,5250,404,66164.84,58775.04,62593.31,Yes,0,Yes,Yes,18,New
10709,Emma Khalil,Male,26,Doha,Egypt,50215.09,Regular,C005,Holiday Offers,Seasonal,Social Media,2025-07-15,2025-08-02,426.39,45049,1964,156,18201.92,15336.78,21028.36,Yes,9,No,No,19,Returning
13444,Lina Saleh,Male,52,Doha,Lebanon,,Premium,C008,Weekend Flash Sale,Discount,Email,2025-08-19,2025-09-14,528.83,66375,3941,385,70926.78,59552.51,57335.01,Yes,0,No,No,7,Returning
10464,Omar Brown,Female,35,Gaza,Lebanon,76539.29,,C008,Weekend Flash Sale,Discount,Email,2025-12-10,2026-01-03,502.2,37274,2502,87,9476.52,7292.11,7907.93,Yes,14,No,No,22,New
13647,Sophia Wilson,Female,32,Amman,Jordan,29741.12,Regular,C002,Back to School,Seasonal,Website,2025-10-04,2025-10-30,314.96,90348,2179,218,10349.88,7555.06,9784.52,Yes,1,No,No,23,New
12890,Ali Smith,Female,49,Beirut,Palestine,64382.14,Regular,C005,Holiday Offers,Seasonal,Google Ads,2025-09-19,2025-10-15,46.49,93850,5211,385,55741.55,34756.77,50074.14,Yes,12,Yes,No,12,Returning
12160,Michael Brown,Male,41,Cairo,Palestine,86055.14,Budget,C001,Summer Sale,Discount,Display Ads,2025-09-03,2025-09-22,320.22,10890,109,5,711.83,418.61,730.82,Yes,4,Yes,No,18,Returning
10939,Ahmed Smith,Male,19,Cairo,Egypt,57635.46,Premium,C007,Spring Promotion,Seasonal,Display Ads,2025-02-20,2025-03-15,168.74,18039,492,36,5293.48,3630.31,5198.33,Yes,0,No,No,0,Inactive
10301,Sara Awwad,Female,32,Beirut,Jordan,68613.16,Regular,C003,Black Friday,Discount,Website,2025-10-12,2025-10-23,667.91,51306,1109,38,5908.83,4307.44,6252.41,Yes,7,Yes,No,8,Inactive
13578,Layla Miller,Female,44,Nablus,Jordan,55110.37,Budget,C001,Summer Sale,Discount,SMS,2025-09-09,2025-09-26,616.17,60824,5202,571,46459.05,36780.74,50307.82,Yes,13,Yes,No,6,New
10109,Olivia Wilson,Male,26,Ramallah,Jordan,55461.3,Budget,C004,New Product Launch,Product, email ,2025-06-15,2025-07-02,496.86,45099,2398,236,21941.09,12318.98,25516.98,Yes,1,Yes,No,14,Returning
11041,Ali Davis,Female,36,Beirut,Egypt,71108.74,Budget,C004,New Product Launch,Product,Website,2025-05-21,2025-06-19,668.01,37220,1106,83,10672.54,7771.59,10709.14,Yes,8,Yes,No,9,Returning
11715,Sara Khalil,Female,38,Ramallah,UAE,31890.63,Budget,C001,Summer Sale,Discount,Display Ads,2025-12-26,2026-01-05,720.4,99137,2845,293,40298.1,34164.37,37802.16,Yes,4,Yes,No,20,Returning
11626,John Davis,Female,39,Ramallah,UAE,53882.4,Regular,C007,Spring Promotion,Seasonal,Website,2025-11-05,2025-11-14,526.73,97972,3266,284,38270.89,29325.78,35781.38,Yes,1,No,No,28,Inactive
10438,Lina Saleh,Female,29,Gaza,UAE,45632.75,Regular,C005,Holiday Offers,Seasonal,Google Ads,2025-07-30,2025-08-21,268.66,75801,2894,138,6160.98,3888.6,6925.98,Yes,9,Yes,No,29,Returning
13468,Sophia Nasser,Male,37,Ramallah,Qatar,50116.66,Regular,C003,Black Friday,Discount,Website,2025-06-13,2025-07-05,739.03,29156,179,22,2933.8,2211.51,2873.24,Yes,15,Yes,No,27,New
14082,Emma Wilson,Male,40,Beirut,Lebanon,,Budget,C008,Weekend Flash Sale,Discount,Social Media,2025-02-23,2025-03-18,263.93,52077,1715,197,27897.88,16210.2,25970.63,Yes,6,Yes,No,4,Returning
13018,Layla Hassan,Male,36,Hebron,Jordan,61951.0,Regular,C007,Spring Promotion,Seasonal,Display Ads,2025-07-10,2025-07-19,521.78,72588,1216,123,11418.13,8009.83,11896.0,Yes,11,No,No,17,New
13188,Ahmed Wilson,Male,45,Gaza,UAE,43180.94,Budget,C008,Weekend Flash Sale,Discount,Display Ads,2025-05-11,2025-05-30,486.13,23658,256,15,2004.8,1352.95,1838.34,Yes,3,No,No,23,Returning
12322,Ali Wilson,Female,48,Beirut,Palestine,92087.61,Regular,C008,Weekend Flash Sale,Discount,Email,2025-06-22,2025-06-29,728.14,21676,1235,120,11662.19,6707.3,12642.97,Yes,5,Yes,No,12,Returning
12349,Sara Saleh,Female,42,Gaza,Lebanon,56108.73,Regular,C001,Summer Sale,Discount,Display Ads,2025-10-30,2025-11-14,717.5,74221,2019,189,30319.41,16949.78,24694.19,Yes,6,No,No,25,Returning
11053,Lina Davis,Female,27,,Lebanon,45413.08,Regular,C004,New Product Launch,Product,Social Media,2025-01-15,2025-01-26,544.01,56173,2817,212,26939.48,20333.92,23882.79,Yes,11,Yes,No,18,Returning
11534,Sara Davis,Male,22,Dubai,Qatar,47723.98,Regular,C002,Back to School,Seasonal,Website,2025-07-13,2025-08-02,465.84,54745,908,60,6256.52,4127.47,6046.91,Yes,13,Yes,No,0,New
13229,Noor Nasser,Male,28,Nablus,Jordan,37573.69,Budget,C003,Black Friday,Discount,Social Media,2025-12-15,2026-01-13,695.32,29359,1172,70,11532.38,7185.42,11476.29,Yes,8,Yes,No,2,Inactive
13586,Sophia Davis,Male,30,Dubai,Qatar,44181.82,Regular,C001,Summer Sale,Discount,Email,2025-08-31,2025-09-21,935.94,81013,3877,316,20447.45,12107.02,19311.37,Yes,2,Yes,No,8,Returning
12407,Ahmed Miller,Male,41,Hebron,Jordan,19159.48,Budget,C006,Loyalty Rewards,Retention,Email,2025-08-23,2025-09-08,519.22,52332,2727,228,18185.7,15180.42,20388.11,Yes,11,Yes,Yes,27,Returning
10902,John Saleh,Female,55,Jerusalem,Qatar,65092.25,Regular,C006,Loyalty Rewards,Retention,Display Ads,2025-11-26,2025-12-15,592.93,80760,1845,88,6574.76,5087.39,6478.98,Yes,10,No,No,18,Returning
13982,Michael Brown,Female,27,Ramallah,UAE,50974.0,Regular,C001,Summer Sale,Discount,Social Media,2025-10-08,2025-10-25,531.55,825,31,1,153.56,123.26,135.14,Yes,5,No,No,10,New
11707,Yousef Nasser,Female,27,Cairo,Qatar,70721.12,Regular,C003,Black Friday,Discount,Website,2025-10-02,2025-10-16,526.06,75560,1137,66,5409.4,4786.48,4975.34,Yes,0,No,No,15,Returning
10542,Yousef Smith,Female,25,Dubai,Lebanon,56799.79,Budget,C002,Back to School,Seasonal,Google Ads,2025-12-18,2026-01-09,229.51,38826,1643,124,13403.34,8594.89,12472.25,Yes,6,Yes,No,11,New
13752,Michael Miller,Female,39,Hebron,Palestine,89414.62,Premium,C001,Summer Sale,Discount,Google Ads,2025-01-08,2025-02-02,402.09,42735,1238,55,8426.85,5919.07,7368.14,Yes,9,Yes,No,14,Returning
10777,Adam Awwad,Female,30,Cairo,Palestine,81973.83,Premium,C008,Weekend Flash Sale,Discount,Social Media,2025-02-13,2025-03-01,486.07,27517,903,21,2479.04,1580.54,2357.24,Yes,2,No,No,2,Inactive
13549,Olivia Davis,Female,31,Jerusalem,Lebanon,65449.33,Premium,C001,Summer Sale,Discount,SMS,2025-10-08,2025-10-17,873.32,72431,6154,455,99978.49,69173.74,84016.22,Yes,14,Yes,No,1,Returning
12623,Sophia Nasser,Male,36,Amman,Qatar,58202.35,Budget,C007,Spring Promotion,Seasonal,Display Ads,2025-10-08,2025-11-04,500.79,801,7,0,0.0,0.0,0.0,No,4,No,No,26,Returning
10591,Emma Nasser,Male,36,Hebron,Palestine,78628.39,Regular,C001,Summer Sale,Discount,Social Media,2025-04-10,2025-04-18,453.73,24750,909,92,13393.99,8937.78,11235.3,Yes,13,No,No,20,Returning
10155,Daniel Hassan,Male,25,Gaza,Lebanon,64124.48,Premium,C005,Holiday Offers,Seasonal,Social Media,2025-01-14,2025-02-02,743.42,54089,1875,121,10222.45,6538.62,8620.34,Yes,15,Yes,No,3,New
11161,Ahmed Khalil,Female,25,Dubai,Jordan,20730.48,Regular,C003,Black Friday,Discount,Social Media,2025-03-11,2025-03-22,394.64,36921,1250,134,9811.21,8752.19,8633.31,Yes,1,Yes,No,10,New
11069,Maya Hassan,Male,32,Amman,Qatar,45250.83,Premium,C001,Summer Sale,Discount,Email,2025-12-06,2026-01-05,607.08,80971,4397,274,31557.47,20744.67,33402.24,Yes,1,No,Yes,6,New
11832,Sara Saleh,Male,47,Jerusalem,UAE,71992.76,Regular,C007,Spring Promotion,Seasonal,Email,2025-04-20,2025-05-02,564.92,32384,1476,173,13135.78,7805.07,12588.53,Yes,8,Yes,No,21,New
12493,Maya Davis,Female,31,Gaza,UAE,85197.26,Regular,C007,Spring Promotion,Seasonal,Email,2025-03-30,2025-04-14,-348.95,77000,3454,173,13118.62,10935.47,14774.35,Yes,13,Yes,Yes,23,New
12922,Noor Brown,Female,32,Doha,Lebanon,53245.27,Corporate,C004,New Product Launch,Product,Google Ads,2025-12-05,2025-12-30,759.82,72608,3608,207,16970.08,10711.83,14928.55,Yes,11,Yes,No,19,Returning
13316,Ali Smith,Male,41,Dubai,Qatar,56669.38,Regular,C006,Loyalty Rewards,Retention,Website,2025-02-03,2025-02-18,579.86,64453,1355,69,5788.64,4951.13,5100.68,Yes,12,Yes,No,11,Returning
14186,Omar Miller,Female,40,Dubai,UAE,20116.46,Premium,C008,Weekend Flash Sale,Discount,Google Ads,2025-04-23,2025-05-07,590.38,53495,2100,277,32448.74,26676.41,37047.6,Yes,11,Yes,No,9,Inactive
12219,John Brown,Female,21,Hebron,UAE,66019.09,Regular,C007,Spring Promotion,Seasonal,Social Media,2025-11-21,2025-12-16,446.68,72778,2878,236,33916.12,29069.52,35087.86,Yes,10,Yes,No,4,New
13181,Olivia Miller,Male,38,Gaza,Palestine,26745.88,Regular,C002,Back to School,Seasonal,Social Media,2025-11-25,2025-12-16,310.84,85023,3062,153,21783.05,19080.36,24554.3,Yes,13,Yes,No,23,Returning
12655,Yousef Saleh,Female,19,Dubai,Egypt,56569.69,Regular,C007,Spring Promotion,Seasonal,Social Media,2025-12-09,2026-01-03,839.09,3925,176,14,2413.99,1451.99,2263.66,Yes,13,Yes,No,12,Returning
13854,Noor Miller,Male,18,Dubai,Palestine,57285.44,Regular,C004,New Product Launch,Product,Display Ads,2025-09-14,2025-09-23,500.34,13804,100,7,1215.37,680.89,1363.56,Yes,12,Yes,No,22,Returning
10190,Olivia Saleh,Female,34,Jerusalem,Qatar,29582.64,Premium,C003,Black Friday,Discount,Email,2025-02-18,2025-03-05,251.76,70794,3987,434,74678.75,55604.02,69239.02,Yes,13,No,No,28,Returning
11147,John Nasser,Male,57,Ramallah,Jordan,43183.74,Corporate,C005,Holiday Offers,Seasonal,SMS,2025-04-11,2025-05-06,274.66,39539,3555,214,19263.23,12468.89,15605.76,Yes,14,No,No,5,New
11181,Maya Brown,Female,29,Amman,Qatar,37961.84,Regular,C004,New Product Launch,Product,Website,2025-02-25,2025-03-18,838.97,18678,635,51,5873.58,4407.71,4925.23,Yes,9,Yes,No,6,Returning
14143,Ali Khalil,Male,26,Dubai,Lebanon,26450.29,Corporate,C005,Holiday Offers,Seasonal,Website,2025-08-24,2025-09-02,481.72,81819,2727,181,21945.33,17307.73,19563.24,Yes,13,No,No,21,New
11837,Adam Smith,Male,18,Beirut,Palestine,88633.49,Premium,C007,Spring Promotion,Seasonal,Email,2025-03-28,2025-04-15,515.2,75370,3304,282,5676.04,3662.4,4689.1,Yes,0,Yes,No,7,Returning
10278,Ali Saleh,Male,42,Hebron,UAE,47905.76,Corporate,C004,New Product Launch,Product,SMS,2025-12-07,2025-12-27,162.74,63680,5201,280,19795.29,12837.37,19816.39,Yes,6,No,No,17,Returning
12174,Ali Awwad,Male,47,Dubai,Qatar,27737.68,Regular,C001,Summer Sale,Discount,Email,2025-05-09,2025-06-02,477.42,12446,711,51,9884.92,7479.03,8299.04,YES,3,Yes,No,18,Returning
10681,Ahmed Awwad,Female,27,Jerusalem,Palestine,94805.26,Regular,C007,Spring Promotion,Seasonal,SMS,2025-03-02,2025-03-21,518.23,71841,6986,590,85321.15,48107.85,73831.35,Yes,1,Yes,No,28,Returning
12392,Lina Khalil,Male,30,Gaza,Egypt,84327.73,Budget,C006,Loyalty Rewards,Retention,Google Ads,2025-10-11,2025-10-26,234.13,20938,632,40,5698.58,3982.81,5176.92,Yes,1,Yes,No,10,New
13917,Sara Wilson,Male,23,Hebron,Egypt,42072.42,Regular,C002,Back to School,Seasonal,Google Ads,2025-09-04,2025-09-14,364.27,92498,4306,178,17322.22,10347.1,20309.77,Yes,2,No,No,3,New
10801,Layla Awwad,Male,30,Gaza,Qatar,18000.0,Budget,C001,Summer Sale,Discount,Social Media,2025-09-24,2025-10-18,681.75,86378,2441,102,11895.07,10041.03,12878.3,Yes,2,No,No,2,New
13764,Layla Smith,Male,27,Doha,Lebanon,53605.31,Premium,C004,New Product Launch,Product,SMS,2025-09-01,2025-09-24,668.15,48800,4611,304,45743.88,28161.43,39138.66,Yes,15,No,No,9,Inactive
10588,Noor Davis,Male,49,Nablus,Lebanon,43029.17,Regular,C002,Back to School,Seasonal,Display Ads,2025-07-14,2025-07-24,540.24,76206,850,37,1866.54,1104.32,1854.42,Yes,9,Yes,No,7,Returning
12327,Omar Khalil,Male,34,Ramallah,UAE,60143.32,Regular,C001,Summer Sale,Discount,SMS,2025-11-02,2025-11-30,58.38,57299,5387,494,44200.22,28228.24,38465.13,Yes,5,No,No,2,Returning
12822,Daniel Hassan,Female,37,Jerusalem,Lebanon,60299.54,Regular,C005,Holiday Offers,Seasonal,Email,2025-01-02,2025-01-13,781.9,83468,4840,349,20165.58,14383.92,17052.27,Yes,11,Yes,No,2,Inactive
12261,Emma Brown,Female,42,Beirut,UAE,44047.72,Regular,C004,New Product Launch,Product,Email,2025-01-16,2025-02-03,435.16,14389,894,77,6590.41,4104.99,5570.28,Yes,10,Yes,Yes,21,Inactive
12983,Layla Hassan,Male,120,Doha,Lebanon,42147.25,Budget,C008,Weekend Flash Sale,Discount,Social Media,2025-07-19,2025-08-07,767.29,17967,762,102,11429.33,7817.36,12107.6,Yes,11,No,No,11,New
10066,Olivia Awwad,Male,23,Ramallah,UAE,51449.49,Budget,,Holiday Offers,Seasonal,Email,2025-04-24,2025-05-01,421.79,50054,2161,209,7751.31,5470.7,9005.73,Yes,13,No,Yes,25,Returning
10841,Ahmed Awwad,Female,39,Dubai,Egypt,44190.88,Regular,C005,Holiday Offers,Seasonal,Email,2025-09-06,2025-09-17,326.7,70793,4499,331,47293.02,27853.8,40686.6,Yes,4,Yes,Yes,6,Returning
12877,Maya Hassan,Male,36,Jerusalem,Egypt,59417.79,Premium,C003,Black Friday,Discount,Website,2025-03-21,2025-04-06,-746.8,2226,36,3,297.43,218.34,324.36,Yes,8,No,No,10,Inactive
12933,Layla Awwad,Male,31,Gaza,Palestine,25023.08,Premium,C005,Holiday Offers,Seasonal,SMS,2025-11-06,2025-11-16,815.48,30407,2529,312,24636.37,15673.56,26197.9,Yes,11,Yes,No,22,New
10244,Daniel Saleh,Female,25,Doha,Jordan,63325.35,Regular,C003,Black Friday,Discount,Email,2025-08-12,2025-08-28,365.81,15921,887,90,14949.79,10652.12,13752.45,Yes,11,No,No,1,Returning
11969,Ahmed Hassan,Male,43,Ramallah,Palestine,54861.87,Budget,C002,Back to School,Seasonal,Website,2025-05-28,2025-06-26,514.47,43678,1389,149,14516.88,12412.74,14001.67,YES,7,No,No,2,Returning
11035,Sara Nasser,Female,34,Doha,Egypt,59010.44,Regular,C008,Weekend Flash Sale,Discount,Google Ads,2025-11-18,2025-11-29,383.75,72668,2918,96,11704.53,9199.14,9811.29,Yes,1,Yes,No,2,Returning
11830,Ahmed Brown,Male,48,Amman,Qatar,58200.94,Corporate,C001,Summer Sale,Discount,Display Ads,2025-04-27,2025-05-18,316.86,73678,1013,105,15110.55,11804.79,12425.41,Yes,3,Yes,No,3,New
13643,Yousef Saleh,Female,18,Beirut,Egypt,28054.2,Premium,C006,Loyalty Rewards,Retention,Website,2025-06-15,2025-07-03,348.25,65116,1433,34,2669.63,1977.28,2281.78,Yes,11,No,No,22,Returning
12280,Maya Miller,Male,30,Dubai,Egypt,70691.04,Corporate,C001,Summer Sale,Discount,Display Ads,2025-06-02,2025-06-20,650.64,20583,546,42,3516.44,1993.7,3246.88,Yes,13,Yes,No,12,New
12717,Sophia Wilson,Male,48,Hebron,Qatar,57965.98,Budget,C006,Loyalty Rewards,Retention,SMS,2025-01-23,2025-02-01,798.25,52807,4632,267,30215.66,26416.2,32261.79,Yes,10,Yes,No,14,Returning
13427,Ali Nasser,Male,31,Jerusalem,UAE,77899.57,Regular,C001,Summer Sale,Discount,Website,2025-05-24,2025-06-06,507.1,63271,1879,110,8062.72,5556.98,9208.74,Yes,12,Yes,No,20,Returning
12207,Layla Wilson,Female,48,Jerusalem,UAE,24886.69,Budget,C001,Summer Sale,Discount,Website,2025-05-25,2025-06-22,178.0,24641,198,23,2414.72,1507.77,2339.04,Yes,7,Yes,No,28,New
14197,Ahmed Awwad,Female,36,Ramallah,Qatar,68480.85,Budget,C005,Holiday Offers,Seasonal,Email,2025-06-19,2025-07-06,457.51,32822,2197,189,10701.57,6941.32,8647.98,Yes,12,Yes,Yes,10,New
10236,John Hassan,Female,26,Beirut,Qatar,63124.62,Premium,C005,Holiday Offers,Seasonal,Social Media,2025-07-08,2025-07-29,331.24,8552,278,19,2446.78,1877.18,2849.88,Yes,7,Yes,No,7,Returning
12769,Layla Smith,Male,31,Hebron,Palestine,28395.96,Regular,C003,Black Friday,Discount,Website,2025-07-18,2025-08-01,154.53,6541,43,2,220.83,168.23,253.57,Yes,8,Yes,No,29,Returning
13214,Maya Miller,Male,34,Doha,Jordan,29615.24,Premium,C005,Holiday Offers,Seasonal,Social Media,2025-11-04,2025-11-15,421.93,17673,563,44,3910.97,2892.36,3481.08,YES,0,No,No,2,Returning
11449,Sara Smith,Male,31,Beirut,Jordan,28811.94,Budget,C007,Spring Promotion,Seasonal,Website,2025-04-18,2025-05-10,318.2,1149,37,3,317.71,258.31,303.82,Yes,12,Yes,No,4,Returning
11765,Sara Saleh,Male,30,Cairo,Palestine,60438.7,Regular,C006,Loyalty Rewards,Retention,Email,2025-04-05,2025-04-16,495.78,6409,336,26,2435.7,1887.78,2512.9,Yes,13,Yes,No,3,Returning
11734,Emma Miller,Male,39,Doha,Egypt,74792.52,Regular,C001,Summer Sale,Discount,Email,2025-01-30,2025-02-26,372.24,3341,123,5,693.36,416.83,574.39,Yes,5,No,No,13,New
12790,John Nasser,Female,49,Ramallah,Egypt,77527.52,Budget,C006,Loyalty Rewards,Retention,Website,2025-06-08,2025-06-15,975.14,95801,2745,271,24793.85,20526.15,22032.83,Yes,14,Yes,No,7,New
12820,Adam Hassan,Male,18,Ramallah,Qatar,83421.01,Budget,C008,Weekend Flash Sale,Discount,SMS,2025-10-01,2025-10-10,772.24,37837,3645,511,98970.83,64408.13,86993.66,Yes,10,No,No,9,Returning
12008,Michael Awwad,Male,39,Beirut,UAE,94768.97,Corporate,C006,Loyalty Rewards,Retention,Social Media,2025-12-13,2026-01-08,953.35,92158,2835,388,78206.93,56671.37,63130.2,Yes,3,Yes,No,21,Returning
13447,Sophia Smith,Male,22,Amman,Jordan,25640.78,Budget,C007,Spring Promotion,Seasonal,Email,2025-03-06,2025-03-13,847.67,75931,3725,388,59263.77,43950.25,57066.99,Yes,5,Yes,No,20,New
13333,Ali Miller,Male,34,Jerusalem,Jordan,73605.31,Regular,C002,Back to School,Seasonal,SMS,2025-09-02,2025-09-29,465.89,72208,6825,483,50217.08,36017.61,58365.86,Yes,14,Yes,No,12,Returning
13503,Adam Smith,Male,33,Jerusalem,Jordan,46053.06,Regular,C008,Weekend Flash Sale,Discount,Email,2025-10-04,2025-10-22,687.66,77278,4284,399,43313.78,34744.65,42001.06,Yes,4,Yes,Yes,26,Returning
14200,Emma Brown,Male,40,Doha,Palestine,52073.93,Premium,C003,Black Friday,Discount,Website,2025-06-09,2025-06-22,824.76,3327,88,7,756.15,535.92,820.35,Yes,1,Yes,No,30,Returning
12758,Noor Miller,Male,39,Hebron,Lebanon,55790.21,Budget,C004,New Product Launch,Product,Social Media,2025-05-13,2025-06-02,373.46,45664,1938,116,15354.65,13662.79,13291.68,Yes,12,No,No,19,New
12113,Sara Wilson,Male,40,Doha,Qatar,35541.78,Regular,C002,Back to School,Seasonal,Google Ads,2025-04-18,2025-05-11,719.92,18779,698,40,6117.13,4793.11,5827.16,Yes,1,Yes,No,3,Returning
10249,John Smith,Male,25,Dubai,Qatar,53844.33,Regular,C007,Spring Promotion,Seasonal,SMS,2025-04-23,2025-05-11,254.65,8837,684,62,7597.21,5018.51,6526.07,Yes,4,No,No,5,Inactive
12830,Noor Saleh,Female,33,Amman,Lebanon,50898.28,Regular,C007,Spring Promotion,Seasonal,Website,2025-08-29,2025-09-18,352.65,34602,943,34,4544.95,2761.7,5142.12,Yes,14,No,No,18,Returning
12360,Emma Khalil,Male,54,Gaza,Qatar,50767.03,Regular,C006,Loyalty Rewards,Retention,Email,2025-07-31,2025-08-25,379.19,17488,865,51,4737.0,2842.43,4803.82,Yes,13,Yes,No,10,Inactive
10445,Sophia Hassan,Female,38,Dubai,Lebanon,53247.14,Regular,C004,New Product Launch,Product,Display Ads,2025-06-13,2025-07-12,421.25,3355,78,8,1219.68,785.78,1017.7,Yes,14,Yes,No,8,Returning
11135,Ali Hassan,Male,31,Gaza,Qatar,51271.09,Budget,C006,Loyalty Rewards,Retention,Email,2025-04-06,2025-04-17,437.93,26174,1705,202,23408.29,19876.23,18769.79,Yes,9,No,Yes,27,Returning
10052,Layla Smith,Female,48,Beirut,Qatar,71223.33,Budget,C003,Black Friday,Discount,Google Ads,2025-03-01,2025-03-24,348.09,38682,1448,79,8029.61,6242.26,7435.5,Yes,1,No,No,0,New
11098,Ali Nasser,Female,46,Cairo,Lebanon,45390.8,Budget,C003,Black Friday,Discount,Social Media,2025-04-09,2025-04-30,497.28,85055,2875,114,10293.56,8194.77,11800.0,YES,4,Yes,No,29,Returning
12595,Ali Brown,Female,26,Dubai,Lebanon,54624.89,Regular,C007,Spring Promotion,Seasonal,Social Media,2025-07-28,2025-08-24,564.03,29297,1366,130,10516.71,6032.15,8945.18,Yes,4,No,No,6,New
11134,Lina Awwad,Male,43,Cairo,UAE,65975.28,Regular,C005,Holiday Offers,Seasonal,Social Media,2025-07-18,2025-08-02,646.79,71690,3323,71,13242.96,11219.31,10609.58,Yes,6,Yes,No,24,New
13122,Ahmed Davis,Male,25,Cairo,Egypt,38886.09,Regular,C002,Back to School,Seasonal,Display Ads,2025-04-16,2025-05-05,544.23,1643,39,1,116.02,99.98,102.91,Yes,10,No,No,19,Inactive
11091,Ahmed Davis,Female,26,Dubai,UAE,39795.35,Regular,C001,Summer Sale,Discount,Email,2025-04-07,2025-04-18,518.23,34782,2279,226,36081.19,24570.21,29734.09,Yes,11,No,Yes,18,Inactive
10008,Ali Khalil,Female,51,Gaza,Qatar,52720.1,Premium,C006,Loyalty Rewards,Retention,Website,2025-12-20,2026-01-18,294.53,84685,1932,98,6975.01,5627.52,7756.02,Yes,1,Yes,No,6,Inactive
10293,Layla Nasser,Male,25,Nablus,UAE,45396.21,Premium,C004,New Product Launch,Product,Email,2025-06-28,2025-07-17,481.85,50957,2185,210,12907.05,9964.33,11616.72,Yes,10,Yes,Yes,10,New
10845,Yousef Davis,Male,35,Doha,UAE,53605.85,Regular,C006,Loyalty Rewards,Retention,Website,2025-01-26,2025-02-08,486.82,6013,225,7,358.4,313.95,407.44,Yes,0,Yes,No,29,Returning
13125,Layla Wilson,Male,35,Doha,Qatar,45512.81,Regular,C001,Summer Sale,Discount,Email,2025-11-08,2025-11-16,857.57,20785,972,69,5739.37,4215.51,4646.55,Yes,14,No,No,12,Inactive
11673,Olivia Khalil,Female,34,Ramallah,Palestine,77769.34,Regular,C007,Spring Promotion,Seasonal,SMS,2025-09-22,2025-10-12,103.32,15287,1302,119,12890.69,9068.46,14096.42,Yes,2,No,No,26,Returning
11655,Adam Hassan,Female,24,Ramallah,Qatar,51239.48,Budget,C006,Loyalty Rewards,Retention,Email,2025-06-20,2025-07-14,243.49,27681,1432,194,20842.49,14000.36,23007.27,Yes,11,Yes,Yes,17,New
12681,Michael Hassan,Female,38,Hebron,UAE,55768.55,Corporate,C004,New Product Launch,Product,Website,2025-12-02,2025-12-27,515.1,67239,1529,98,15111.77,11799.43,14913.32,Yes,5,No,No,5,Returning
10773,Michael Wilson,Female,23,Cairo,Palestine,36140.05,Premium,C006,Loyalty Rewards,Retention,Website,2025-05-18,2025-06-07,701.91,56566,1725,120,22083.31,18146.49,18882.7,Yes,15,Yes,No,0,Returning
10053,Lina Davis,Female,43,Hebron,Jordan,29587.45,Corporate,C008,Weekend Flash Sale,Discount,Social Media,2025-09-03,2025-09-22,727.26,56860,2664,196,15757.18,10712.38,13099.49,Yes,7,No,No,10,New
10502,Maya Smith,Male,28,Cairo,UAE,52274.85,Corporate,C007,Spring Promotion,Seasonal,Email,2025-05-03,2025-05-10,576.92,71851,2713,235,29367.29,21952.23,28123.03,Yes,14,No,No,0,Returning
13866,Lina Awwad,Female,59,Hebron,Egypt,46749.6,Budget,C003,Black Friday,Discount,SMS,2025-09-01,2025-09-23,552.46,60253,5289,352,40821.43,26630.73,47723.28,Yes,3,Yes,No,28,Returning
12614,Lina Wilson,Female,42,Hebron,Palestine,36527.64,Budget,C001,Summer Sale,Discount,Email,2025-08-15,2025-08-24,583.06,19692,1179,111,12916.03,7978.38,12057.77,Yes,2,Yes,Yes,27,New
12378,Olivia Saleh,Male,44,Amman,Lebanon,84342.26,Budget,C008,Weekend Flash Sale,Discount,SMS,2025-02-18,2025-03-16,598.38,93798,8175,520,96387.46,74296.79,81321.81,Yes,13,Yes,No,21,Returning
10888,John Smith,Female,18,Amman,Qatar,60394.1,Regular,C008,Weekend Flash Sale,Discount,SMS,2025-06-01,2025-06-09,707.73,80094,6948,667,84464.03,54319.24,81261.06,Yes,12,Yes,No,6,New
10144,Emma Hassan,Male,44,Gaza,Jordan,66175.15,Corporate,C007,Spring Promotion,Seasonal,Display Ads,2025-12-31,2026-01-18,221.25,26226,532,45,4215.62,2506.25,4850.42,Yes,14,Yes,No,30,Returning
10723,Ali Nasser,Male,29,Beirut,Lebanon,47393.77,Premium,C001,Summer Sale,Discount,Google Ads,2025-12-21,2026-01-06,571.56,63183,2179,190,29491.21,19673.62,29692.1,Yes,7,No,No,1,Returning
10937,Ali Smith,Male,36,Ramallah,Palestine,58779.63,Premium,C003,Black Friday,Discount,SMS,2025-01-05,2025-01-12,411.23,66549,6285,317,63487.0,47623.96,53142.63,Yes,1,Yes,No,12,New
11712,Yousef Wilson,Female,30,Beirut,Qatar,41735.78,Budget,C004,New Product Launch,Product,Social Media,2025-06-13,2025-06-29,545.47,67032,2316,179,17426.55,13244.93,19774.95,Yes,6,No,No,15,Inactive
10884,Layla Miller,Female,48,Doha,Egypt,18000.0,Premium,C005,Holiday Offers,Seasonal,SMS,2025-05-05,2025-06-03,873.29,66738,5762,499,37193.5,31283.98,37558.29,Yes,13,No,No,27,New
11277,Ahmed Saleh,Male,42,Doha,Lebanon,25769.48,Premium,C007,Spring Promotion,Seasonal,SMS,2025-07-06,2025-07-17,527.36,68453,6578,708,112756.29,72429.5,121021.19,Yes,4,No,No,12,Returning
11364,Olivia Hassan,Female,53,Nablus,Palestine,59760.65,Budget,C003,Black Friday,Discount,Email,2025-10-07,2025-10-26,591.19,87541,4929,427,29651.37,19625.36,30168.17,Yes,1,Yes,No,12,Returning
10198,Daniel Nasser,Male,26,Jerusalem,Qatar,37270.97,Budget,C007,Spring Promotion,Seasonal,Display Ads,2025-04-14,2025-05-14,536.06,7973,136,12,988.76,836.25,1068.08,Yes,6,Yes,No,10,Inactive
11779,John Miller,Male,46,Nablus,Palestine,48501.63,Corporate,C001,Summer Sale,Discount,Display Ads,2025-01-20,2025-02-14,20.0,7370,180,13,1692.52,998.39,1471.56,Yes,7,Yes,No,17,Returning
10030,Layla Davis,Male,33,Jerusalem,Egypt,94081.47,Regular,C004,New Product Launch,Product,Google Ads,2025-12-24,2026-01-08,585.17,8950,506,15,2040.04,1565.88,1725.29,Yes,10,Yes,No,19,Returning
11886,Omar Nasser,Male,33,Doha,Qatar,61332.68,Regular,C004,New Product Launch,Product,SMS,2025-07-21,2025-08-02,567.92,70464,5919,628,62202.6,48893.28,64769.48,Yes,0,Yes,No,4,Inactive
13516,Ali Smith,Female,23,Doha,Lebanon,43792.95,Corporate,C008,Weekend Flash Sale,Discount,Email,2025-06-27,2025-07-26,779.63,29373,1195,131,16349.95,10988.77,13565.37,Yes,2,No,No,2,New
11738,Noor Awwad,Female,40,Doha,Jordan,27526.98,Regular,C005,Holiday Offers,Seasonal,Social Media,2025-02-18,2025-03-14,644.88,77115,2227,243,6044.62,4607.46,6686.9,Yes,3,No,No,4,Returning
13887,Sophia Smith,Male,28,Ramallah,Qatar,58509.42,Budget,C007,Spring Promotion,Seasonal,SMS,2025-12-20,2025-12-30,241.05,67227,5753,277,52598.07,31234.99,47002.03,Yes,15,No,No,12,Inactive
11776,Sophia Saleh,Female,20,Cairo,Egypt,63105.74,Corporate,C006,Loyalty Rewards,Retention,Email,2025-02-14,2025-03-16,422.38,86318,4728,549,107471.79,74212.64,86400.85,Yes,12,No,No,5,Returning
11302,Maya Brown,Female,18,Dubai,Qatar,83885.23,Regular,C001,Summer Sale,Discount,Website,2025-12-25,2026-01-23,486.41,26021,752,67,9459.05,8478.42,8088.24,Yes,14,No,No,2,Inactive
12662,Maya Hassan,Male,38,Doha,UAE,28996.13,Regular,C004,New Product Launch,Product,Google Ads,2025-10-17,2025-11-10,768.57,14416,590,28,4423.22,3176.29,4924.02,Yes,4,No,No,10,Returning
11248,Sophia Smith,Female,43,Dubai,UAE,21252.42,Premium,C004,New Product Launch,Product,Website,2025-07-09,2025-08-08,457.58,70256,2049,130,10175.55,8867.58,8855.19,Yes,0,No,No,0,Inactive
12384,Sara Wilson,Male,42,Dubai,UAE,55953.3,Regular,C004,New Product Launch,Product,Website,2025-02-05,2025-02-16,607.25,77862,1102,27,5846.33,4308.94,4715.38,Yes,11,No,No,11,Returning
13616,Ali Khalil,Female,43,Cairo,Qatar,60656.81,Premium,C006,Loyalty Rewards,Retention,Email,2025-01-03,2025-02-01,275.98,79597,5053,540,48360.13,42642.17,41575.3,Yes,5,Yes,No,20,New
14025,Emma Wilson,Male,41,Hebron,Lebanon,23204.48,Premium,C003,Black Friday,Discount,Website,2025-04-11,2025-04-18,230.03,16686,513,32,4406.97,2522.25,4130.96,Yes,3,Yes,No,10,Returning
14155,John Awwad,Female,25,Gaza,Jordan,33724.08,Regular,C001,Summer Sale,Discount,SMS,2025-12-05,2026-01-01,243.6,79238,6790,505,93182.37,79004.09,84068.95,Yes,11,Yes,No,5,New
13343,Adam Khalil,Male,51,Dubai,Jordan,34522.4,Budget,C001,Summer Sale,Discount,SMS,2025-11-24,2025-12-07,570.72,3096,301,34,2855.93,1955.49,2968.76,Yes,4,No,No,25,New
13470,Lina Nasser,Female,35,Amman,Jordan,47632.24,Regular,C005,Holiday Offers,Seasonal,Email,2025-12-24,2026-01-10,271.52,65356,2954,29,4357.84,3408.58,4464.49,Yes,2,No,No,9,Returning
13011,Sophia Wilson,Female,37,Nablus,Lebanon,47892.66,Regular,C008,Weekend Flash Sale,Discount,Social Media,2025-07-05,2025-08-01,573.7,40336,792,83,15451.26,12416.54,14889.94,Yes,8,No,No,7,New
12300,John Brown,Female,60,Amman,Egypt,58392.16,Regular,C005,Holiday Offers,Seasonal,Website,2025-04-12,2025-04-28,476.24,74105,1099,119,14611.94,10230.34,13214.43,Yes,7,No,No,20,Returning
11311,Sophia Wilson,Male,33,Dubai,Qatar,73000.67,Budget,C006,Loyalty Rewards,Retention,Social Media,2025-03-20,2025-03-27,725.01,87400,3420,205,22044.79,12159.94,25748.27,Yes,14,No,No,11,Returning
14161,Layla Saleh,Male,32,Dubai,Egypt,58216.06,Regular,C005,Holiday Offers,Seasonal,Google Ads,2025-05-05,2025-06-04,668.06,56942,1024,68,6327.0,5083.24,6890.86,Yes,10,Yes,No,11,New
12504,Daniel Awwad,Female,49,Nablus,Egypt,43258.87,Regular,C005,Holiday Offers,Seasonal,SMS,2025-08-26,2025-09-07,334.45,96551,8405,865,99251.08,60570.49,104129.77,Yes,0,Yes,No,14,New
11607,Omar Wilson,Female,32,Hebron,Lebanon,43911.5,Regular,C003,Black Friday,Discount,Website,2025-06-11,2025-06-26,79.17,83722,1861,196,35898.08,20103.0,34732.24,Yes,11,Yes,No,7,Returning
13455,Lina Smith,Female,23,Ramallah,UAE,88423.19,Premium,C003,Black Friday,Discount,Display Ads,2025-12-23,2026-01-19,672.22,1137,20,1,158.54,140.43,147.34,YES,9,No,No,0,Returning
10772,Layla Saleh,Female,46,Hebron,Palestine,53533.79,Premium,C008,Weekend Flash Sale,Discount,Website,2025-05-16,2025-06-13,611.45,90502,2751,267,42460.83,36111.47,41096.2,Yes,7,Yes,No,24,Returning
12709,Adam Khalil, male ,32,Ramallah,Jordan,72235.32,Regular,C006,Loyalty Rewards,Retention,Website,2025-01-15,2025-01-30,918.41,22371,474,28,3875.31,3239.72,3113.8,Yes,12,No,No,5,Inactive
11221,Sophia Brown,Male,45,Amman,Palestine,18000.0,Budget,C006,Loyalty Rewards,Retention,SMS,2025-04-25,2025-05-18,442.58,25723,2873,359,35221.49,20361.07,41403.44,Yes,11,No,No,9,New
13534,Omar Miller,Male,25,Beirut,Jordan,66805.91,Regular,C002,Back to School,Seasonal,SMS,2025-12-07,2025-12-23,601.88,45591,4130,111,13088.11,10353.0,10858.14,Yes,11,No,No,24,Returning
10257,Sophia Hassan,Female,33,Jerusalem,Egypt,75481.44,Budget,C007,Spring Promotion,Seasonal,SMS,2025-04-13,2025-04-27,785.41,58468,5096,442,58374.22,34974.27,49602.05,Yes,8,No,No,3,Inactive
10712,Daniel Wilson,Female,33,Dubai,Lebanon,64039.78,Budget,C003,Black Friday,Discount,SMS,2025-05-12,2025-05-22,477.06,23280,2070,115,21753.62,12866.94,18408.52,Yes,13,Yes,No,16,New
13622,John Hassan,Male,26,Beirut,Egypt,67228.72,Corporate,C007,Spring Promotion,Seasonal,Website,2025-04-30,2025-05-09,20.0,79602,1796,177,18730.46,11841.49,20387.25,Yes,13,Yes,No,0,Returning
12753,Ali Brown,Female,23,Nablus,UAE,45561.56,Regular,C006,Loyalty Rewards,Retention,Display Ads,2025-11-12,2025-12-07,816.18,71259,963,61,7437.39,5974.09,6901.89,Yes,4,Yes,No,29,Returning
13611,Noor Khalil,Male,39,Hebron,UAE,69561.79,Budget,C001,Summer Sale,Discount,Google Ads,2025-09-15,2025-10-03,911.43,12355,664,77,6592.59,5028.38,7509.65,Yes,9,Yes,No,1,New
11985,John Nasser,Female,40,Nablus,Lebanon,63790.57,Premium,C003,Black Friday,Discount,Display Ads,2025-05-02,2025-05-12,656.71,32785,798,45,5187.67,3526.99,6090.3,Yes,8,Yes,No,15,Returning
13102,Michael Hassan,Male,56,Ramallah,Lebanon,55204.66,Regular,C001,Summer Sale,Discount,Display Ads,2025-05-27,2025-06-23,969.77,34416,736,37,3469.13,2154.65,3819.17,Yes,6,Yes,No,16,Inactive
12451,Noor Brown,Female,30,Hebron,Palestine,44948.44,Budget,C003,Black Friday,Discount,Display Ads,2025-10-27,2025-11-18,861.39,63892,759,44,3419.38,2056.68,3335.29,Yes,3,Yes,No,10,New
10940,Michael Miller,Male,44,Dubai,UAE,71666.28,Budget,C008,Weekend Flash Sale,Discount,Social Media,2025-03-24,2025-04-16,110.29,15120,671,90,6273.44,5083.2,6475.87,Yes,13,Yes,No,21,Returning
14125,Olivia Saleh,Male,27,Jerusalem,Palestine,35957.14,Regular,C004,New Product Launch,Product,SMS,2025-10-18,2025-10-27,68.24,42739,3875,368,33431.32,27490.74,36214.2,Yes,14,Yes,No,21,Returning
10934,Ahmed Smith,Male,33,Beirut,Egypt,34665.99,Budget,C008,Weekend Flash Sale,Discount,Email,2025-08-15,2025-09-11,472.32,38775,1980,91,6755.99,4598.17,7047.2,Yes,11,No,No,26,Returning
11610,Omar Nasser,Female,28,Amman,Palestine,50275.34,Premium,C003,Black Friday,Discount,Email,2025-03-09,2025-04-05,674.55,49951,2867,225,27347.75,22170.05,23033.96,Yes,7,Yes,No,1,Inactive
12537,Emma Awwad,Male,45,Beirut,UAE,62305.3,Regular,C008,Weekend Flash Sale,Discount,SMS,2025-01-25,2025-02-08,583.71,85509,7648,428,68751.93,55110.81,59566.7,Yes,1,No,No,0,Returning
11686,Yousef Brown,Female,44,Amman,UAE,55792.47,Regular,C003,Black Friday,Discount,Social Media,2025-08-06,2025-08-30,234.38,66689,2516,225,29637.54,24911.44,34292.71,Yes,3,Yes,No,2,Inactive
11083,Michael Hassan,Male,37,Nablus,UAE,67161.96,Premium,C004,New Product Launch,Product,Google Ads,2025-07-12,2025-07-20,576.86,13679,528,34,5076.06,3209.38,4317.1,Yes,9,Yes,No,4,New
11385,Emma Saleh,Male,21,Nablus,Egypt,80490.27,Budget,C002,Back to School,Seasonal,Display Ads,2025-07-18,2025-08-10,673.75,16432,305,45,4531.31,2868.98,5252.8,Yes,13,Yes,No,13,Returning
10705,Olivia Saleh,Female,35,Beirut,Palestine,45721.55,Regular,C005,Holiday Offers,Seasonal,Display Ads,2025-09-06,2025-09-26,524.64,63695,901,72,8358.5,4975.74,7129.12,Yes,5,Yes,No,1,New
12106,Sara Awwad,FEMALE,55,Nablus,Qatar,18708.74,Premium,C004,New Product Launch,Product,Google Ads,2025-10-15,2025-11-02,620.44,4115,200,23,1731.36,956.14,1572.09,Yes,10,Yes,No,5,New
13042,Ali Khalil,Male,44,Beirut,UAE,80603.61,Budget,C005,Holiday Offers,Seasonal,Google Ads,2025-05-13,2025-05-31,350.23,55591,2525,249,31251.64,20890.19,31182.09,Yes,15,Yes,No,19,Returning
10942,Maya Wilson,Female,44,Doha,Palestine,72752.2,Regular,C008,Weekend Flash Sale,Discount,Display Ads,2025-12-17,2025-12-27,792.61,90690,1673,105,9050.32,6829.63,8813.75,Yes,13,Yes,No,27,Returning
13284,Sara Hassan,Female,21,Dubai,Qatar,77567.23,Regular,C001,Summer Sale,Discount,Google Ads,2025-07-06,2025-07-28,552.33,27693,1076,28,2939.23,2493.13,2970.48,Yes,14,Yes,No,6,Returning
13915,Layla Awwad,Male,45,Jerusalem,Jordan,50976.8,Budget,C005,Holiday Offers,Seasonal,Display Ads,2025-07-14,2025-07-23,477.23,40074,1716,125,10882.0,7867.51,8786.3,Yes,9,No,No,28,Returning
11678,Adam Awwad,Female,20,Ramallah,Palestine,29423.91,Budget,C007,Spring Promotion,Seasonal,Email,2025-12-17,2026-01-02,687.22,23321,1244,93,16286.92,11219.63,13160.03,Yes,3,Yes,Yes,7,New
13453,Adam Brown,Female,27,Doha,Palestine,69078.39,Budget,C007,Spring Promotion,Seasonal,Google Ads,2025-07-13,2025-08-06,539.02,74605,2592,122,16513.03,11263.4,17643.1,Yes,12,No,No,29,New
11896,Ahmed Awwad,Female,41,Cairo,Jordan,18000.0,Regular,C004,New Product Launch,Product,SMS,2025-04-27,2025-05-26,526.04,10822,901,53,3939.11,3241.15,4604.77,Yes,11,Yes,No,23,Inactive
10931,Maya Wilson,Male,28,Dubai,UAE,52296.84,Regular,C005,Holiday Offers,Seasonal,Email,2025-01-23,2025-02-07,400.19,7037,359,27,3532.89,2614.78,3600.13,Yes,12,No,No,18,New
11396,Lina Davis,Male,40,Gaza,Qatar,65279.85,Premium,C004,New Product Launch,Product,Email,2025-02-14,2025-03-10,430.79,15470,755,94,15660.53,8906.14,15844.31,Yes,14,Yes,No,30,Returning
13936,Daniel Wilson,Female,53,Beirut,Qatar,49281.33,Budget,C008,Weekend Flash Sale,Discount,Website,2025-11-04,2025-11-12,722.43,41882,874,70,7804.81,4594.17,7846.9,Yes,5,Yes,No,3,Returning
13353,Daniel Brown,Female,38,Cairo,Lebanon,65979.12,Premium,C002,Back to School,Seasonal,Email,2025-08-10,2025-08-19,246.23,65055,3457,241,25773.37,17002.28,24593.74,Yes,6,Yes,No,30,Inactive
11993,Sara Brown,Male,42,Ramallah,Jordan,54325.17,Regular,C006,Loyalty Rewards,Retention,Google Ads,2025-08-18,2025-08-30,495.59,98128,5533,387,24330.69,18566.28,24598.92,Yes,13,Yes,No,13,Returning
11786,Olivia Davis,Male,18,Ramallah,Egypt,33250.54,Budget,C004,New Product Launch,Product,Website,2025-12-20,2026-01-18,581.67,77829,1829,216,21830.42,13280.35,24977.83,Yes,1,No,No,16,Inactive
10388,Sara Saleh,Male,53,Doha,Palestine,53775.59,Regular,C008,Weekend Flash Sale,Discount,Google Ads,2025-04-07,2025-05-05,616.0,91674,4374,210,20991.67,18772.52,21401.73,Yes,5,Yes,No,12,New
11594,Sophia Khalil,Male,46,Ramallah,Qatar,24884.49,Regular,C006,Loyalty Rewards,Retention,Google Ads,2025-10-24,2025-11-01,101.2,99369,4009,217,,10333.68,17112.91,Yes,1,No,No,22,Returning
13902,Maya Miller,Female,50,Gaza,UAE,90755.39,Regular,C006,Loyalty Rewards,Retention,Website,2025-04-26,2025-05-13,576.8,91574,1327,148,17175.97,12969.55,14429.8,Yes,13,Yes,No,21,Returning
11014,Lina Wilson,Female,29,Hebron,Egypt,27820.12,Regular,C003,Black Friday,Discount,Google Ads,2025-06-25,2025-07-05,428.34,57902,4128,312,42261.77,34186.32,37117.61,YES,8,Yes,No,26,Returning
12644,Ali Nasser,Female,35,Dubai,Jordan,42068.38,Corporate,C002,Back to School,Seasonal,Display Ads,2025-04-04,2025-05-03,557.56,25124,414,48,6240.46,4295.36,6150.63,Yes,12,Yes,No,3,Returning
12140,Emma Nasser,Male,48,Hebron,Lebanon,56935.45,Budget,C005,Holiday Offers,Seasonal,Google Ads,2025-04-30,2025-05-10,503.33,41650,1448,62,7123.18,4521.98,7859.82,Yes,12,Yes,No,24,New
13853,John Davis,Female,34,Beirut,Palestine,27720.52,Budget,C007,Spring Promotion,Seasonal,Display Ads,2025-12-05,2025-12-21,811.03,47995,845,52,5191.34,4180.5,5233.33,Yes,14,Yes,No,20,New
11441,Sara Wilson,Female,27,Hebron,UAE,58248.43,Budget,C002,Back to School,Seasonal,SMS,2025-07-25,2025-08-17,777.77,8937,820,97,13419.04,9590.1,10959.78,Yes,2,Yes,No,6,Inactive
13513,Michael Awwad,Female,32,Jerusalem,Palestine,51184.92,Regular,C004,New Product Launch,Product,Display Ads,2025-05-31,2025-06-07,588.72,93082,2347,133,19480.47,15121.11,17670.54,Yes,5,No,No,4,Returning
12215,Sara Miller,Male,56,Nablus,Qatar,57243.94,Budget,C004,New Product Launch,Product,Social Media,2025-05-01,2025-05-21,760.7,41482,1816,126,20405.4,11936.29,19171.26,Yes,9,Yes,No,3,Inactive
12540,Layla Nasser,Male,32,Gaza,Egypt,63949.96,Budget,C005,Holiday Offers,Seasonal,Social Media,2025-12-09,2026-01-06,720.1,4539,206,13,1469.51,1196.0,1486.52,Yes,5,No,No,7,Returning
10060,Layla Wilson,Female,150,Amman,Lebanon,49893.65,Budget,C002,Back to School,Seasonal,Email,2025-12-09,2026-01-08,230.99,67969,4454,44,4060.11,2244.52,3649.93,Yes,13,Yes,No,13,Inactive
12335,Sara Nasser,Female,29,Amman,Jordan,65302.6,Regular,C002,Back to School,Seasonal,Social Media,2025-08-28,2025-09-05,371.01,42432,1773,227,19892.04,17834.04,19625.24,Yes,9,Yes,No,9,Returning
10458,Maya Brown,Male,46,Ramallah,Palestine,80111.83,Regular,C006,Loyalty Rewards,Retention,SMS,2025-06-13,2025-07-09,637.71,35518,3639,311,59027.23,36070.05,50676.02,Yes,5,Yes,No,1,Returning
13935,John Brown,Female,44,Beirut,Lebanon,48833.39,Corporate,C007,Spring Promotion,Seasonal,Website,2025-03-30,2025-04-11,174.82,75191,2577,238,31362.04,18272.93,29393.72,Yes,11,Yes,No,7,Returning
12049,Ali Khalil,Male,51,Beirut,Lebanon,37944.45,Premium,C004,New Product Launch,Product,Google Ads,2025-03-06,2025-03-21,758.72,86182,4742,366,53051.12,41680.76,56626.39,Yes,4,No,No,0,Returning
14198,Adam Nasser,Female,28,Hebron,Jordan,74629.32,Budget,C004,New Product Launch,Product,Social Media,2025-05-12,2025-05-25,245.27,62449,1626,135,17267.4,12680.89,16119.45,Yes,11,Yes,No,30,Inactive
13574,Yousef Awwad,Female,22,Amman,UAE,83888.82,Regular,C004,New Product Launch,Product,Display Ads,2025-10-15,2025-10-27,540.65,50794,1348,107,10447.11,6729.46,11376.55,Yes,4,No,No,10,New
12786,Ahmed Miller,Female,30,Jerusalem,Egypt,80688.7,Regular,C006,Loyalty Rewards,Retention,Website,2025-05-20,2025-06-11,545.08,83279,2129,239,23092.84,20010.12,25176.41,Yes,0,Yes,No,18,Returning
13457,Layla Smith,Male,49,Amman,Egypt,,Premium,C008,Weekend Flash Sale,Discount,SMS,2025-06-18,2025-06-26,404.11,34397,3059,287,44181.03,27414.03,37669.1,Yes,14,Yes,No,25,Returning
10309,Daniel Nasser,Male,24,Cairo,Egypt,64992.53,Corporate,C004,New Product Launch,Product,Google Ads,2025-05-26,2025-06-25,225.29,96146,3752,255,27605.66,19334.86,24923.87,Yes,12,No,No,16,Inactive
12116,Michael Awwad,Female,61,Ramallah,Qatar,78326.7,Budget,C001,Summer Sale,Discount,SMS,2025-10-27,2025-11-04,139.9,11641,1048,111,21610.55,12084.86,22568.31,Yes,8,No,No,29,New
11761,Yousef Wilson,Male,34,Amman,Qatar,43954.64,Regular,C006,Loyalty Rewards,Retention,SMS,2025-08-10,2025-09-09,573.22,43202,3913,237,10322.67,7502.66,11422.44,Yes,0,No,No,2,Returning
10164,Sara Brown,Female,30,Gaza,UAE,35600.61,Regular,C003,Black Friday,Discount,Social Media,2025-05-26,2025-06-24,218.07,27695,791,68,7343.25,4086.71,6037.83,Yes,11,No,No,18,Returning
12280,Daniel Awwad,Female,38,Dubai,Qatar,75001.46,Budget,C004,New Product Launch,Product,SMS,2025-06-25,2025-07-11,601.09,6471,622,50,7870.82,5874.36,9180.01,Yes,4,No,No,28,New
10591,Olivia Davis,Male,32,Amman,Qatar,71255.05,Premium,C001,Summer Sale,Discount,Social Media,2025-06-19,2025-06-27,430.82,89955,3304,354,51154.52,36916.98,57132.95,Yes,7,No,No,27,Returning
11413,John Nasser,Male,19,Dubai,Jordan,18000.0,Regular,C005,Holiday Offers,Seasonal,Website,2025-05-06,2025-06-05,527.61,53873,937,78,5448.37,3665.54,5116.4,Yes,1,No,No,6,New
10156,Ali Awwad,Male,52,Jerusalem,Qatar,49048.14,Regular,C007,Spring Promotion,Seasonal,Website,2025-06-20,2025-06-29,715.0,80505,3575,325,33780.35,29464.28,39419.03,Yes,6,Yes,No,24,New
13022,Lina Wilson,Female,43,Amman,Egypt,52122.56,Regular,C008,Weekend Flash Sale,Discount,Email,2025-04-21,2025-05-10,481.72,43432,2183,37,5991.2,3827.21,5675.19,Yes,13,Yes,No,23,Returning
12305,Adam Miller,Female,41,Dubai,Egypt,67919.3,Budget,C007,Spring Promotion,Seasonal,Display Ads,2025-05-06,2025-05-20,545.74,14256,387,30,4610.13,3245.12,4485.25,Yes,2,Yes,No,6,New
13455,Ali Wilson,Male,44,Doha,Jordan,,Budget,C008,Weekend Flash Sale,Discount,Google Ads,2025-05-24,2025-06-11,482.07,60922,2320,191,27066.4,23319.52,27193.3,Yes,14,No,No,5,Returning
13180,Noor Brown,Female,52,Cairo,UAE,74665.68,Budget,C008,Weekend Flash Sale,Discount,SMS,2025-05-16,2025-06-07,306.0,49564,4667,310,29602.5,19236.92,29235.31,Yes,8,No,No,20,New
14116,Daniel Hassan,Female,18,Hebron,Qatar,63714.3,Budget,C005,Holiday Offers,Seasonal,Email,2025-05-03,2025-05-25,572.13,51525,3043,332,0.0,0.0,0.0,Yes,14,Yes,Yes,0,New
13933,Sophia Wilson,Female,21,Ramallah,UAE,92891.56,Regular,C006,Loyalty Rewards,Retention,Social Media,2025-06-02,2025-06-11,503.67,10465,193,10,1005.95,826.83,1022.2,Yes,10,No,No,24,New
10487,Omar Awwad,Male,27,Beirut,UAE,27656.1,Budget,C007,Spring Promotion,Seasonal,Google Ads,2025-07-23,2025-08-10,715.84,95654,4322,202,39225.46,25190.08,33483.05,Yes,4,Yes,No,23,New
12001,Daniel Brown,Female,48,Hebron,UAE,18000.0,Corporate,C004,New Product Launch,Product,Display Ads,2025-03-08,2025-03-28,374.22,56839,884,105,18869.23,12096.68,18552.09,Yes,1,Yes,No,27,Inactive
10237,Ali Khalil,Male,28,Hebron,UAE,64617.44,Regular,C006,Loyalty Rewards,Retention,SMS,2025-02-09,2025-02-18,225.12,79144,6391,381,37979.1,22241.73,35108.55,Yes,12,No,No,2,New
12608,Adam Wilson,Female,42,Dubai,Qatar,,Premium,C005,Holiday Offers,Seasonal,SMS,2025-08-18,2025-09-07,612.99,12690,973,123,19973.28,16022.4,17372.45,Yes,13,No,No,21,New
13372,John Brown,Male,34,Beirut,Palestine,29868.52,Budget,C003,Black Friday,Discount,Google Ads,2025-07-26,2025-08-12,680.35,79195,3571,407,84471.77,48463.97,71167.52,Yes,11,Yes,No,16,Returning
11345,Noor Saleh,Male,42,Jerusalem,Egypt,24916.02,Budget,C008,Weekend Flash Sale,Discount,SMS,2025-05-27,2025-06-03,313.79,41859,3891,225,35634.52,26271.92,39609.81,Yes,8,No,No,21,New
11432,Lina Khalil,Female,21,Nablus,UAE,,Premium,C002,Back to School,Seasonal,Website,2025-07-18,2025-08-06,687.62,4724,49,1,154.03,97.85,140.95,Yes,9,No,No,9,Returning
10740,Yousef Wilson,Female,30,Jerusalem,UAE,64576.4,Regular,C005,Holiday Offers,Seasonal,Social Media,2025-01-02,2025-01-15,706.0,43401,1161,178,19750.74,17064.98,19270.06,Yes,8,No,No,3,New
11364,Noor Davis,Female,38,Hebron,UAE,64618.78,Corporate,C007,Spring Promotion,Seasonal,SMS,2025-06-08,2025-06-30,514.41,63292,5242,408,33023.7,20515.79,36128.93,Yes,9,Yes,No,6,New
13003,Ali Davis,Male,35,Nablus,Jordan,52886.61,Regular,C006,Loyalty Rewards,Retention,Social Media,2025-05-17,2025-06-06,692.07,42217,1440,110,15459.62,13565.55,14994.59,Yes,2,No,No,6,Inactive
12988,Maya Khalil,Female,30,Cairo,Egypt,55131.09,Regular,C001,Summer Sale,Discount,Website,2025-09-25,2025-10-11,867.07,93021,2246,167,22923.43,15257.89,20992.13,Yes,2,Yes,No,17,Inactive
10907,John Wilson,Female,25,Beirut,Jordan,50287.95,Regular,C004,New Product Launch,Product,Email,2025-10-28,2025-11-11,520.91,41269,2071,242,48646.69,43658.62,42468.95,Yes,2,Yes,No,1,Returning
10533,Yousef Brown,Male,47,Gaza,Jordan,110215.04,Budget,C003,Black Friday,Discount,Google Ads,2025-03-22,2025-04-01,265.25,90826,4218,325,36834.54,32868.43,36003.51,Yes,11,No,No,23,Returning
10427,Sara Hassan,Male,36,Cairo,UAE,35508.87,Regular,C004,New Product Launch,Product,Google Ads,2025-02-16,2025-02-25,627.39,39260,1162,118,15448.68,10293.75,15499.09,Yes,12,Yes,No,6,New
12920,Emma Saleh,Male,35,Ramallah,UAE,83959.99,Regular,C004,New Product Launch,Product,Email,2025-06-07,2025-06-23,302.71,1845,96,6,761.44,431.44,609.49,Yes,14,Yes,Yes,22,New
13337,Emma Miller,Female,35,Amman,UAE,43991.11,Regular,C007,Spring Promotion,Seasonal,Social Media,2025-06-06,2025-06-23,250.0,40290,818,54,7735.16,4637.04,6647.81,Yes,3,Yes,No,19,Returning
12187,Daniel Hassan,Male,46,Dubai,UAE,23978.72,Budget,C002,Back to School,Seasonal,Email,2025-08-03,2025-08-13,579.75,91565,5474,492,76340.34,43560.23,75933.54,Yes,12,No,Yes,19,New
11085,Maya Nasser,Male,53,Ramallah,Qatar,55338.23,Regular,C007,Spring Promotion,Seasonal,Website,2025-03-06,2025-03-17,89.43,90548,3222,204,18293.55,12636.05,18031.57,Yes,2,No,No,11,Inactive
13122,John Hassan,Male,19,Cairo,Jordan,54364.67,Regular,C008,Weekend Flash Sale,Discount,Website,2025-12-29,2026-01-07,643.05,98247,3769,550,50857.37,30448.48,44361.02,Yes,0,Yes,No,11,Returning
12882,Olivia Hassan,Male,27,Cairo,Lebanon,32477.9,Regular,C004,New Product Launch,Product,Social Media,2025-03-16,2025-03-23,642.03,6611,216,27,4211.76,3043.72,3770.25,Yes,14,No,No,17,New
11056,Yousef Saleh,Female,19,Ramallah,Jordan,63125.9,Regular,C002,Back to School,Seasonal,Google Ads,2025-06-21,2025-07-03,267.55,94507,5332,336,38701.09,33267.63,44458.68,Yes,1,No,No,21,Inactive
10189,Lina Davis,Female,23,Nablus,Qatar,69794.59,Premium,C001,Summer Sale,Discount,Social Media,2025-04-04,2025-04-19,320.04,2176,105,8,,632.48,954.45,Yes,13,No,No,27,New
13696,John Miller,Female,28,Nablus,Lebanon,40088.5,Regular,C005,Holiday Offers,Seasonal,Email,2025-11-21,2025-12-14,741.97,96009,5413,895,118920.33,69309.02,99974.97,Yes,10,Yes,No,8,New
13187,Daniel Smith,Female,56,Jerusalem,Jordan,56881.25,Regular,C008,Weekend Flash Sale,Discount,Website,2025-09-18,2025-10-11,668.95,58538,1743,88,7508.53,6524.63,8498.72,Yes,12,No,No,13,Returning
11947,Ali Saleh,Female,32,Nablus,Qatar,58612.49,Regular,C003,Black Friday,Discount,Website,2025-01-12,2025-01-21,461.57,13304,294,29,5506.12,3957.24,5525.34,Yes,6,No,No,0,Inactive
12270,Michael Khalil,Male,41,Hebron,Egypt,57740.85,Premium,C006,Loyalty Rewards,Retention,Email,2025-05-12,2025-06-04,375.95,77421,5021,467,18796.6,12244.99,15696.01,Yes,10,No,No,30,Returning
10602,Sara Nasser,FEMALE,46,Beirut,Lebanon,18000.0,Premium,C006,Loyalty Rewards,Retention,Social Media,2025-06-07,2025-06-28,260.71,17296,793,84,10693.43,8633.83,10400.53,Yes,7,No,No,28,New
13885,Adam Awwad,Female,35,Hebron,Jordan,18000.0,Budget,C007,Spring Promotion,Seasonal,SMS,2025-01-05,2025-01-29,868.64,34034,3154,295,28921.83,19753.59,31922.0,Yes,12,No,No,26,Returning
11223,Maya Smith,Male,23,Jerusalem,Egypt,68339.79,Corporate,C001,Summer Sale,Discount,Email,2025-09-27,2025-10-10,420.32,20719,1086,85,10224.18,6850.17,9073.93,Yes,7,Yes,Yes,28,Returning
12442,Sophia Wilson,Female,36,Doha,Egypt,48999.16,Premium,C007,Spring Promotion,Seasonal,Google Ads,2025-06-15,2025-07-09,508.92,29179,1235,101,12407.22,8237.26,14305.75,Yes,15,No,No,23,New
13891,Daniel Hassan,Male,29,Hebron,UAE,50989.21,Regular,C002,Back to School,Seasonal,SMS,2025-06-15,2025-07-03,20.0,90111,9275,458,38664.31,29691.42,43072.2,Yes,10,Yes,No,29,Returning
12250,Michael Nasser,Male,31,Ramallah,Lebanon,50550.91,Regular,C007,Spring Promotion,Seasonal,Display Ads,2025-03-22,2025-04-11,123.76,58664,900,79,11240.29,6645.66,11952.78,Yes,10,Yes,No,26,Returning
14039,Sophia Nasser,Female,28,Hebron,UAE,93175.14,Regular,C006,Loyalty Rewards,Retention,Google Ads,2025-02-06,2025-02-24,75.44,84559,4855,145,17435.45,12050.61,16239.8,Yes,13,No,No,28,New
13497,Noor Awwad,Male,28,Beirut,Jordan,54042.18,Regular,C003,Black Friday,Discount,Email,2025-02-26,2025-03-17,470.3,25622,1461,59,5744.31,4444.69,5303.08,Yes,1,Yes,No,18,Returning
11414,Yousef Hassan,Male,40,Cairo,UAE,44860.64,Budget,C004,New Product Launch,Product,Google Ads,2025-12-06,2026-01-01,612.13,22440,1084,94,16940.29,12683.26,14026.25,Yes,15,No,No,13,Returning
12082,Sophia Awwad,Male,37,Cairo,Palestine,43989.52,,C004,New Product Launch,Product,Social Media,2025-06-03,2025-06-27,1036.77,1156,35,2,232.64,188.84,251.09,YES,2,No,No,27,New
13070,John Brown,Female,45,Ramallah,UAE,30727.94,Regular,C005,Holiday Offers,Seasonal,SMS,2025-01-09,2025-01-27,223.72,32618,3234,248,26318.01,18504.1,21156.87,Yes,4,No,No,1,Returning
12190,John Hassan,Female,31,Jerusalem,Palestine,59701.32,Regular,C004,New Product Launch,Product,SMS,2025-12-23,2026-01-08,358.96,82295,7927,498,97351.07,77755.18,86184.1,Yes,2,Yes,No,19,Returning
12860,Sophia Wilson,Male,39,Cairo,UAE,43353.54,Budget,C003,Black Friday,Discount,Email,2025-07-02,2025-07-19,252.9,95219,5252,186,29018.57,19415.29,26617.92,Yes,6,Yes,No,21,Returning
12622,Lina Khalil,Male,26,Dubai,Jordan,33385.26,Regular,C004,New Product Launch,Product,Website,2025-07-09,2025-07-28,411.49,63112,2221,22,217.98,153.9,224.85,Yes,8,No,No,23,Returning
10184,Olivia Smith,Male,39,Beirut,Lebanon,31362.36,Regular,C002,Back to School,Seasonal,Website,2025-09-16,2025-09-25,564.53,60279,1240,117,11245.74,8438.86,11568.94,Yes,15,No,No,11,New
12272,Layla Khalil,Female,36,Beirut,Jordan,55676.2,Regular,C002,Back to School,Seasonal,SMS,2025-05-22,2025-06-17,318.48,71475,5745,288,30131.1,20119.15,33588.33,Yes,5,Yes,No,16,Returning
13899,Yousef Wilson,Female,41,Dubai,UAE,43920.71,Regular,C006,Loyalty Rewards,Retention,Website,2025-01-19,2025-02-10,325.55,2956,67,5,938.92,602.94,890.53,Yes,11,No,No,9,Returning
11723,Layla Saleh,Female,38,Cairo,Qatar,28899.71,Budget,C002,Back to School,Seasonal,Google Ads,2025-07-30,2025-08-24,354.07,23401,872,48,3778.66,3093.55,3209.75,Yes,4,Yes,No,26,Returning
10441,Olivia Brown,Male,59,Gaza,Palestine,67040.93,Regular,C006,Loyalty Rewards,Retention,Website,2025-08-26,2025-09-16,488.3,16882,61,6,402.28,268.14,398.11,Yes,1,Yes,No,3,New
12067,Michael Wilson,Male,43,Gaza,Egypt,67971.51,Corporate,C004,New Product Launch,Product,Display Ads,2025-02-06,2025-03-06,1060.13,34895,649,69,14415.23,9771.35,12070.22,Yes,15,Yes,No,5,Returning
14100,Daniel Brown,Female,33,Ramallah,Jordan,48708.88,Regular,C008,Weekend Flash Sale,Discount,Google Ads,2025-02-18,2025-03-09,726.47,70488,3750,270,32100.16,25128.55,26593.62,Yes,10,No,No,14,New
11243,Noor Hassan,Female,40,Amman,UAE,33738.52,Regular,C006,Loyalty Rewards,Retention,SMS,2025-11-03,2025-11-19,477.85,64436,5761,605,49552.55,28022.41,49536.8,Yes,11,Yes,No,20,Returning
12151,Sara Saleh,Female,18,Jerusalem,Jordan,90955.0,Regular,C005,Holiday Offers,Seasonal,SMS,2025-01-01,2025-01-17,613.14,2891,223,35,3234.6,2450.26,3389.39,Yes,14,Yes,No,8,Returning
13643,Sara Nasser,Female,28,Beirut,Qatar,70241.88,Budget,C004,New Product Launch,Product,Google Ads,2025-03-05,2025-03-29,636.05,46283,2089,134,13275.81,8308.84,11998.24,Yes,10,No,No,1,Returning
12322,Emma Brown,Male,41,Ramallah,Qatar,45471.78,Premium,C007,Spring Promotion,Seasonal,Email,2025-01-10,2025-01-19,559.18,60808,4018,461,75191.85,44115.14,72550.9,Yes,11,Yes,Yes,27,New
10289,John Wilson,Female,20,Beirut,Palestine,72086.74,Regular,C007,Spring Promotion,Seasonal,Display Ads,2025-11-02,2025-11-14,472.65,69837,1498,67,6393.94,5539.41,7520.32,Yes,10,No,No,21,New
11279,Sara Smith,Male,18,Cairo,Egypt,77770.26,Regular,C007,Spring Promotion,Seasonal,Display Ads,2025-05-08,2025-05-26,20.0,26444,333,40,4508.36,3542.82,4060.74,Yes,13,No,No,7,Returning
12917,Sophia Awwad,Female,39,Nablus,Qatar,53174.66,Premium,C004,New Product Launch,Product,Google Ads,2025-02-13,2025-02-26,867.68,30709,1357,141,19698.5,10884.51,17456.12,Yes,11,Yes,No,24,New
12230,Adam Awwad,Female,39,Gaza,Jordan,65586.94,Regular,C005,Holiday Offers,Seasonal,Website,2025-04-27,2025-05-17,259.66,53608,1561,165,30162.97,24266.5,25907.85,Yes,7,No,No,15,Returning
13392,Michael Khalil,Female,34,Cairo,Palestine,59310.41,Regular,C001,Summer Sale,Discount,Display Ads,2025-01-27,2025-02-17,497.3,88782,624,79,9290.96,7852.89,9870.06,Yes,7,No,No,24,Returning
11257,John Awwad,Male,52,Amman,Jordan,33663.11,Corporate,C007,Spring Promotion,Seasonal,Social Media,2025-08-30,2025-09-24,312.78,35157,1279,74,8384.6,6852.36,9806.94,Yes,2,Yes,No,28,Returning
13198,Sophia Miller,Male,39,Ramallah,Jordan,48933.53,Budget,C004,New Product Launch,Product,Social Media,2025-02-08,2025-02-23,655.05,82632,3220,400,49894.02,34035.89,57333.59,Yes,5,No,No,27,New
10887,Olivia Davis,Male,33,Amman,Egypt,61255.32,Budget,C007,Spring Promotion,Seasonal,Google Ads,2025-08-20,2025-09-04,346.29,82967,5085,521,72972.32,45620.07,59573.87,Yes,8,No,No,29,Returning
13071,Daniel Nasser,Female,54,Ramallah,Palestine,68068.65,Regular,C006,Loyalty Rewards,Retention,Email,2025-04-20,2025-05-09,322.41,59501,3871,320,40937.06,25468.06,36151.9,Yes,6,Yes,Yes,10,New
10822,Adam Wilson,Female,19,Cairo,UAE,42336.57,Budget,C005,Holiday Offers,Seasonal,SMS,2025-02-11,2025-02-26,173.69,50569,4406,503,70331.52,45107.99,64002.97,Yes,4,Yes,No,0,Inactive
11998,Adam Saleh,Female,35,Gaza,Palestine,49389.26,Budget,C002,Back to School,Seasonal,Social Media,2025-08-15,2025-08-27,795.93,71502,2881,250,25575.18,18615.03,23483.4,Yes,6,No,No,0,New
13235,Layla Wilson,Female,34,Nablus,Lebanon,67639.47,Regular,C007,Spring Promotion,Seasonal,Display Ads,2025-12-07,2025-12-29,474.92,57580,1367,95,11003.8,6608.15,10887.76,Yes,3,Yes,No,24,Returning
13058,Ahmed Wilson,Female,41,Doha,Lebanon,33984.99,Budget,C007,Spring Promotion,Seasonal,Social Media,2025-02-18,2025-03-12,524.47,19804,670,94,11551.39,8440.03,9733.1,Yes,1,No,No,17,Returning
10405,Layla Khalil,Female,44,Beirut,Jordan,64614.31,Premium,C003,Black Friday,Discount,SMS,2025-06-02,2025-06-29,237.08,43558,3995,299,39576.83,25902.19,41629.24,Yes,12,No,No,19,Returning
10683,John Awwad,Female,46,Hebron,Egypt,53570.87,Budget,C007,Spring Promotion,Seasonal,Google Ads,2025-10-19,2025-10-27,697.72,74497,3522,249,28428.14,18981.54,23337.94,Yes,15,Yes,No,7,New
10938,Michael Awwad,Male,18,Cairo,Palestine,36468.56,Budget,C006,Loyalty Rewards,Retention,Website,2025-10-21,2025-10-31,719.99,25119,655,80,12213.66,10797.73,13404.58,Yes,12,Yes,No,18,Returning
13788,Yousef Hassan,Male,31,Amman,Jordan,62813.23,Premium,C004,New Product Launch,Product,Display Ads,2025-07-23,2025-08-22,299.45,18659,329,27,3948.14,2365.76,4040.61,Yes,10,Yes,No,12,Returning
10927,Sophia Miller,Male,47,Cairo,Lebanon,39977.55,Regular,C006,Loyalty Rewards,Retention,Google Ads,2025-09-21,2025-09-28,742.38,19055,1010,85,7467.11,5531.88,6486.49,Yes,7,Yes,No,24,Inactive
14125,Layla Saleh, male ,32,Nablus,Qatar,35361.16,Regular,C004,New Product Launch,Product,Google Ads,2025-02-13,2025-03-07,759.18,41328,1129,81,5737.92,4705.21,6127.99,Yes,10,No,No,12,Returning
12828,Sara Awwad,Male,39,Ramallah,UAE,57920.04,Premium,C002,Back to School,Seasonal,Social Media,2025-10-06,2025-10-20,676.4,25324,1293,149,11593.47,8952.19,9337.19,Yes,2,No,No,11,Returning
13951,Ahmed Saleh,Female,53,Beirut,Qatar,66921.51,Premium,C008,Weekend Flash Sale,Discount,Email,2025-09-06,2025-10-05,483.3,4016,198,15,1865.62,1609.35,1767.17,Yes,6,Yes,Yes,14,Inactive
12486,Ali Hassan,Female,25,Dubai,Palestine,96082.16,Regular,C007,Spring Promotion,Seasonal,Google Ads,2025-10-04,2025-10-18,368.14,83677,3484,61,3095.12,2307.46,3115.17,Yes,10,Yes,No,7,Returning
10945,Michael Brown,Female,19,Doha,Lebanon,61914.88,Regular,C001,Summer Sale,Discount,Email,2025-07-18,2025-08-02,477.0,29917,1645,146,11564.98,8737.26,9665.14,Yes,9,Yes,No,26,Returning
13728,Noor Khalil,Female,22,Hebron,Palestine,58286.13,Regular,C003,Black Friday,Discount,Google Ads,2025-10-25,2025-11-14,688.05,98596,4067,463,49235.33,35693.42,44540.33,Yes,14,No,No,29,Returning
12163,Daniel Khalil,Male,38,Gaza,Egypt,69397.97,Regular,C001,Summer Sale,Discount,Website,2025-06-05,2025-07-04,355.14,58012,1778,169,21557.16,14455.23,20463.76,Yes,6,Yes,No,17,New
10161,Daniel Nasser,Male,38,Doha,Palestine,48602.54,Regular,,Loyalty Rewards,Retention,Website,2025-06-03,2025-06-25,588.65,54705,1632,133,9056.45,8002.98,9689.85,YES,3,Yes,No,3,New
13873,John Nasser,Female,52,Amman,UAE,68659.26,Budget,C006,Loyalty Rewards,Retention,SMS,2025-06-24,2025-07-15,785.63,20142,1946,189,15260.17,11472.83,14541.33,Yes,14,Yes,No,5,Returning
12426,Daniel Nasser,Male,38,Hebron,Egypt,30776.52,Premium,C005,Holiday Offers,Seasonal,Display Ads,2025-07-14,2025-08-06,416.93,46227,200,7,959.65,770.84,1115.12,Yes,13,Yes,No,26,Returning
11491,Sophia Khalil,Male,36,Cairo,Jordan,57289.13,Corporate,C008,Weekend Flash Sale,Discount,Email,2025-11-16,2025-12-07,707.5,58264,3464,259,39116.15,24322.12,33827.52,Yes,14,Yes,Yes,1,Returning
13329,Lina Brown,Male,31,Doha,Qatar,18000.0,Regular,C008,Weekend Flash Sale,Discount,Email,2025-12-10,2025-12-19,568.32,7731,388,20,2796.43,2122.42,2453.47,Yes,14,No,No,3,New
11413,Maya Awwad,Female,26,Cairo,Lebanon,53695.4,Corporate,C005,Holiday Offers,Seasonal,Social Media,2025-03-25,2025-04-08,1006.37,25743,868,55,4140.22,3170.89,4856.02,Yes,7,Yes,No,25,New
11883,Yousef Nasser,Female,37,Nablus,Qatar,76405.51,Budget,C001,Summer Sale,Discount,SMS,2025-10-17,2025-11-01,552.9,93262,8607,596,112866.86,87926.45,106899.59,Yes,7,Yes,No,12,Returning
11563,Daniel Wilson,Female,38,Amman,Jordan,43064.34,Regular,C002,Back to School,Seasonal,Social Media,2025-09-16,2025-10-03,703.71,32277,1246,89,6590.32,5611.79,6194.33,Yes,15,Yes,No,1,Returning
12171,Yousef Davis,Female,19,Gaza,Egypt,86642.32,Regular,C006,Loyalty Rewards,Retention,Social Media,2025-02-24,2025-03-06,688.92,76345,2547,196,31745.49,28160.79,28387.52,Yes,0,No,No,5,Returning
11173,Ahmed Smith,Male,22,Doha,Qatar,67834.47,Budget,C005,Holiday Offers,Seasonal,Social Media,2025-07-06,2025-07-23,744.65,4414,85,6,699.06,619.51,574.18,Yes,15,No,No,17,Returning
13252,Ahmed Hassan,Male,36,Hebron,Lebanon,71135.64,Regular,C003,Black Friday,Discount,Social Media,2025-03-04,2025-03-18,346.99,10351,416,25,2006.0,1539.61,2126.57,Yes,15,Yes,No,28,Inactive
12671,John Brown,Male,18,Beirut,Egypt,58059.0,Budget,C008,Weekend Flash Sale,Discount,Website,2025-09-26,2025-10-18,542.64,21403,507,22,3989.44,2300.71,3320.84,Yes,15,Yes,No,26,Returning
11291,Layla Miller,Female,30,Dubai,Jordan,47203.45,Regular,C002,Back to School,Seasonal,SMS,2025-12-08,2026-01-02,744.31,51919,4188,636,99611.04,62960.07,86578.93,Yes,9,No,No,3,Returning
11498,Ahmed Wilson,Male,34,Nablus,UAE,65922.31,Premium,C001,Summer Sale,Discount,Social Media,2025-09-27,2025-10-19,426.9,41423,1531,57,4976.48,2993.35,5332.96,Yes,10,Yes,No,4,Inactive
11305,Ahmed Khalil,Female,150,,UAE,50684.44,Regular,C005,Holiday Offers,Seasonal,Email,2025-07-23,2025-08-07,837.24,69945,3886,286,45690.57,39017.7,41009.18,Yes,15,Yes,No,22,New
12205,John Brown,Male,32,Doha,UAE,43547.38,Budget,C001,Summer Sale,Discount,Email,2025-07-02,2025-07-14,549.95,53682,2618,260,31756.82,25483.54,29197.28,Yes,14,Yes,Yes,1,New
10454,Olivia Davis,Female,28,Gaza,Lebanon,69697.98,Regular,C004,New Product Launch,Product,Social Media,2025-01-07,2025-02-01,748.64,49319,1978,119,19835.31,14765.14,18519.43,Yes,15,Yes,No,28,New
13260,Ahmed Brown,Male,53,Ramallah,UAE,62938.65,Regular,C003,Black Friday,Discount,Social Media,2025-03-10,2025-03-29,414.78,64125,1814,73,11026.59,7385.44,10319.46,Yes,2,No,No,23,Returning
10817,Michael Awwad,Male,18,Amman,Palestine,24136.45,Budget,C007,Spring Promotion,Seasonal,SMS,2025-11-08,2025-11-30,439.75,88227,8215,764,131149.56,75511.31,133884.06,Yes,4,Yes,No,19,New
11071,Omar Khalil,Male,46,Cairo,Lebanon,59940.43,Budget,C003,Black Friday,Discount,Social Media,2025-04-27,2025-05-26,419.53,20081,510,5,605.3,470.08,562.47,Yes,14,Yes,No,26,New
11620,Olivia Miller,Female,33,Cairo,Jordan,84136.02,Regular,C002,Back to School,Seasonal,Google Ads,2025-10-02,2025-10-29,281.74,49252,2575,193,20280.7,12652.2,16546.5,Yes,10,Yes,No,2,Returning
13635,Ali Nasser,Male,41,Nablus,Qatar,63493.66,Regular,C008,Weekend Flash Sale,Discount,Google Ads,2025-12-23,2026-01-02,339.77,41102,1723,120,19438.06,16315.41,17026.42,Yes,5,No,No,17,Returning
13376,Maya Brown,Male,29,Amman,Egypt,28908.58,Premium,C004,New Product Launch,Product,Display Ads,2025-02-05,2025-02-17,494.34,39871,245,12,963.95,748.04,962.53,Yes,15,No,No,7,Returning
13778,Olivia Hassan,Female,46,Gaza,Jordan,65209.92,,C004,New Product Launch,Product,Display Ads,2025-06-25,2025-07-11,377.64,82110,1152,93,12258.49,10462.05,11179.22,Yes,14,No,No,5,Returning
12965,Olivia Khalil,Female,24,Dubai,Lebanon,66028.71,Budget,C004,New Product Launch,Product,Website,2025-12-13,2026-01-09,675.18,6137,124,13,1536.53,990.41,1570.67,Yes,5,Yes,No,24,Returning
10154,Layla Hassan,Female,44,Doha,Egypt,67057.92,Budget,C001,Summer Sale,Discount,Display Ads,2025-01-16,2025-02-15,618.35,7032,143,10,867.27,689.18,816.5,Yes,9,Yes,No,19,New
13957,Noor Wilson,Female,33,Jerusalem,UAE,46886.1,Budget,C007,Spring Promotion,Seasonal,SMS,2025-12-22,2026-01-20,690.52,18643,1853,152,26551.11,23178.99,25325.04,Yes,4,No,No,8,Returning
11809,Sophia Miller,Male,28,Nablus,Egypt,48500.43,Budget,C005,Holiday Offers,Seasonal,Display Ads,2025-01-31,2025-02-10,427.68,89467,1327,103,6891.59,6067.89,6773.45,Yes,10,Yes,No,14,New
10932,Michael Hassan,Male,37,Dubai,UAE,45387.35,Corporate,C005,Holiday Offers,Seasonal,SMS,2025-06-18,2025-07-08,347.73,75417,6303,522,95747.8,61571.9,83601.6,Yes,0,Yes,No,20,New
11825,Adam Smith,Female,28,Doha,UAE,,Regular,C004,New Product Launch,Product,Display Ads,2025-06-15,2025-07-11,207.95,55190,1781,133,14953.46,13113.94,12962.02,Yes,13,No,No,25,Returning
12892,Noor Miller,Male,37,Jerusalem,Jordan,18000.0,Regular,C003,Black Friday,Discount,Display Ads,2025-06-04,2025-06-25,329.54,95998,705,40,6432.12,5157.89,6298.22,Yes,7,No,No,10,New
11174,Ahmed Miller,Male,53,Nablus,Qatar,42037.23,Regular,C008,Weekend Flash Sale,Discount,SMS,2025-02-04,2025-03-03,832.65,41363,3802,373,45235.65,28828.54,40885.86,Yes,9,Yes,No,14,Returning
12662,Daniel Nasser,Male,35,Gaza,Jordan,45215.52,Regular,C002,Back to School,Seasonal,SMS,2025-11-14,2025-12-06,670.0,78971,6771,730,92843.3,81946.06,78364.56,Yes,4,Yes,No,23,Returning
12193,Noor Miller,Male,22,Gaza,Jordan,70559.05,Budget,C007,Spring Promotion,Seasonal,Website,2025-01-10,2025-01-25,342.49,42372,950,58,6189.11,4155.16,6842.64,Yes,6,Yes,No,25,Inactive
13841,Noor Smith,Female,41,Hebron,Jordan,34749.12,Budget,C002,Back to School,Seasonal,Social Media,2025-05-07,2025-05-14,346.62,63598,2705,390,23485.36,20299.6,26427.36,Yes,7,No,No,10,New
11706,Omar Hassan,Male,39,Dubai,UAE,51171.04,Premium,C003,Black Friday,Discount,Social Media,2025-05-31,2025-06-22,564.81,33726,1242,124,10893.09,7739.79,11452.73,Yes,0,No,No,6,Returning
10451,Noor Saleh,Female,53,Nablus,UAE,33443.25,Corporate,C007,Spring Promotion,Seasonal,Email,2025-03-06,2025-03-20,231.28,17810,754,51,4425.33,3901.03,3586.95,Yes,10,Yes,Yes,22,New
12657,Olivia Awwad,Female,33,Nablus,UAE,80362.83,Regular,C005,Holiday Offers,Seasonal,Google Ads,2025-07-21,2025-08-06,406.62,9833,485,31,3008.84,2556.15,3019.69,Yes,2,Yes,No,11,Returning
11079,Daniel Saleh,Male,35,Doha,Egypt,35945.99,Premium,C002,Back to School,Seasonal,Social Media,2025-06-26,2025-07-03,23.73,46282,1809,54,2834.27,2482.99,3167.53,Yes,7,No,No,19,Inactive
10561,Olivia Khalil,Female,38,Doha,UAE,49804.15,Regular,C002,Back to School,Seasonal,SMS,2025-08-10,2025-08-24,835.77,23264,2039,188,26646.85,22488.97,26670.21,Yes,4,No,No,13,New
13528,Sara Brown,Male,48,Ramallah,Lebanon,72751.64,Budget,C006,Loyalty Rewards,Retention,Display Ads,2025-08-10,2025-08-24,322.86,41911,857,78,8983.21,6381.41,9364.1,Yes,4,Yes,No,27,Returning
10600,Daniel Awwad,Female,41,Jerusalem,Palestine,22992.35,Regular,C007,Spring Promotion,Seasonal,Website,2025-07-03,2025-07-31,297.52,85976,1986,150,23505.2,15445.86,22799.56,Yes,13,No,No,14,Inactive
11768,Sophia Awwad,Male,38,Beirut,Palestine,49320.28,Premium,C002,Back to School,Seasonal,Google Ads,2025-08-02,2025-09-01,655.27,13089,682,57,7892.8,6636.82,6540.56,Yes,1,Yes,No,19,New
14103,Sara Davis,Male,43,Nablus,UAE,57222.24,Budget,C007,Spring Promotion,Seasonal,Display Ads,2025-02-28,2025-03-19,523.43,32360,300,11,1202.61,959.33,1056.06,Yes,3,No,No,30,Returning
12887,Ali Davis,Female,30,Dubai,Egypt,62612.54,Premium,C006,Loyalty Rewards,Retention,Display Ads,2025-01-19,2025-02-16,290.25,77991,605,44,6974.27,5144.96,5755.94,Yes,12,No,No,12,Returning
11314,John Wilson,Male,27,Cairo,Palestine,37370.52,Premium,C003,Black Friday,Discount,Display Ads,2025-09-07,2025-09-19,498.89,732,12,1,87.93,54.31,99.49,Yes,3,No,No,14,New
11727,Emma Brown,Female,36,Nablus,Qatar,59120.92,Regular,C001,Summer Sale,Discount,Website,2025-04-24,2025-05-02,217.27,52973,1502,47,3011.14,2021.49,3484.98,Yes,14,No,No,3,Returning
12327,Adam Brown,Female,41,Ramallah,UAE,92924.92,Regular,C005,Holiday Offers,Seasonal,Website,2025-01-19,2025-02-08,500.7,50165,1610,124,11690.18,8725.73,11982.11,Yes,13,No,No,11,New
14026,Sara Khalil,Female,42,Gaza,UAE,42043.83,Regular,C006,Loyalty Rewards,Retention,Display Ads,2025-11-08,2025-11-26,537.64,53213,1230,61,2887.0,1678.19,2359.53,Yes,6,No,No,7,Inactive
10400,Michael Saleh,Male,36,Nablus,Lebanon,,Premium,C006,Loyalty Rewards,Retention,Website,2025-06-27,2025-07-17,345.31,43921,1192,134,9221.91,6611.06,8218.39,Yes,6,Yes,No,24,Returning
11983,Ahmed Saleh,Male,33,Dubai,Qatar,45733.17,Budget,C008,Weekend Flash Sale,Discount,Email,2025-10-31,2025-11-12,357.78,54984,2685,144,12247.5,10388.82,13574.4,Yes,3,Yes,No,21,New
11177,Yousef Awwad,Male,28,,UAE,41353.05,Regular,C001,Summer Sale,Discount,Display Ads,2025-01-30,2025-02-16,430.41,39269,634,53,7874.4,6862.07,8244.33,Yes,1,Yes,No,21,Returning
11711,Olivia Brown,Female,49,Hebron,Egypt,60292.45,Regular,C003,Black Friday,Discount,Google Ads,2025-07-13,2025-07-23,442.43,51844,2471,215,29341.55,24065.31,24416.12,Yes,6,Yes,No,6,Returning
12038,Noor Awwad,Male,36,Nablus,Egypt,54861.24,Premium,C004,New Product Launch,Product,Google Ads,2025-03-22,2025-04-17,480.74,40767,1468,53,6825.44,5459.36,5662.64,Yes,7,Yes,No,15,Returning
10872,Michael Miller,Female,35,Amman,UAE,48552.44,Regular,C007,Spring Promotion,Seasonal,Social Media,2025-09-20,2025-10-16,382.11,65581,2248,157,17012.48,14111.11,14164.8,Yes,6,No,No,3,Returning
11285,Lina Smith,Male,18,Doha,UAE,46491.54,Regular,C001,Summer Sale,Discount,Email,2025-03-26,2025-04-06,570.14,33243,1543,135,7264.56,4967.39,7687.29,Yes,1,Yes,No,9,New
13835,Michael Khalil,Male,34,Amman,Palestine,91412.96,Budget,C001,Summer Sale,Discount,Google Ads,2025-02-22,2025-03-17,307.95,82948,3511,199,23176.77,16012.63,19739.67,Yes,5,Yes,No,10,New
10356,Sara Hassan,Male,34,Beirut,Jordan,84030.04,Regular,C005,Holiday Offers,Seasonal,Google Ads,2025-09-06,2025-10-03,812.37,81005,3192,261,35069.8,20305.91,32486.14,Yes,1,No,No,25,New
11152,Olivia Brown,Female,45,Cairo,UAE,33263.12,Regular,C003,Black Friday,Discount,Email,2025-03-16,2025-03-28,20.0,34516,2087,34,4110.69,2362.31,3613.63,Yes,4,Yes,No,12,New
13781,Noor Wilson,Male,36,Gaza,UAE,68565.6,Premium,C002,Back to School,Seasonal,Email,2025-09-30,2025-10-08,775.47,91654,5615,523,53323.19,46499.44,57894.05,Yes,4,Yes,Yes,18,Returning
10996,Noor Miller,Female,40,Nablus,Qatar,37508.17,Premium,C005,Holiday Offers,Seasonal,SMS,2025-02-17,2025-03-12,750.06,74930,6975,1015,92366.51,76651.1,86909.24,Yes,3,Yes,No,26,Returning
11026,Daniel Brown,Male,19,Gaza,Lebanon,83029.36,Regular,C004,New Product Launch,Product,Google Ads,2025-02-02,2025-02-10,868.7,29394,1340,126,19474.02,15860.94,16962.96,Yes,8,Yes,No,8,New
10850,Sara Davis,Male,34,Gaza,Palestine,27658.28,Corporate,C006,Loyalty Rewards,Retention,Email,2025-12-24,2026-01-22,395.81,30837,1704,99,10777.7,5936.13,10952.39,Yes,5,Yes,Yes,27,Returning
12555,Michael Awwad,FEMALE,38,Dubai,Palestine,29195.85,Regular,C005,Holiday Offers,Seasonal,Email,2025-07-17,2025-08-07,467.91,13618,959,73,6957.63,3879.74,5928.41,Yes,9,Yes,No,16,New
10857,Yousef Smith,Female,56,Gaza,UAE,55899.9,Regular,C003,Black Friday,Discount,SMS,2025-06-17,2025-07-15,475.24,62417,5191,547,77580.53,43411.15,83056.08,Yes,8,Yes,No,14,Returning
11760,Michael Nasser,Female,33,Beirut,Lebanon,73878.3,Regular,C008,Weekend Flash Sale,Discount,Email,2025-11-06,2025-11-20,763.45,32865,1888,242,25971.33,15973.35,23963.48,Yes,3,No,Yes,19,New
13314,Layla Khalil,Male,26,Dubai,Palestine,50551.27,Regular,C007,Spring Promotion,Seasonal,SMS,2025-06-29,2025-07-13,643.19,9067,789,85,9483.88,6532.52,10414.03,Yes,1,No,No,15,Inactive
10718,Omar Khalil,Male,52,Cairo,Egypt,61878.11,Regular,C006,Loyalty Rewards,Retention,Google Ads,2025-07-28,2025-08-07,795.83,22224,1028,132,21579.81,18900.83,18189.15,Yes,10,Yes,No,12,New
10175,Omar Nasser,Female,28,Gaza,Egypt,77489.23,Regular,C005,Holiday Offers,Seasonal,Website,2025-07-13,2025-08-09,470.34,83881,2059,152,19277.26,10684.25,17129.18,Yes,8,No,No,16,New
12019,John Khalil,Male,41,Nablus,Qatar,25798.23,Budget,C001,Summer Sale,Discount,Email,2025-08-16,2025-09-07,431.66,29587,1600,134,16957.97,10525.75,14601.48,Yes,15,Yes,No,19,New
10303,Michael Davis,Male,37,Ramallah,Palestine,41560.63,Regular,C007,Spring Promotion,Seasonal,Email,2025-01-19,2025-02-03,556.1,81251,3936,219,41145.46,36236.17,34333.5,Yes,0,Yes,Yes,9,New
12922,Daniel Miller,Female,41,Doha,UAE,57809.63,Regular,C004,New Product Launch,Product,Display Ads,2025-12-05,2025-12-28,303.41,40219,945,30,6149.12,3874.46,5116.24,Yes,13,No,No,11,Inactive
10893,Olivia Awwad,Male,35,Hebron,UAE,62301.96,,C001,Summer Sale,Discount,Email,2025-06-09,2025-07-05,587.22,91559,4591,45,5805.57,3977.23,6689.15,Yes,5,Yes,Yes,11,New
10915,Olivia Wilson,Male,32,Ramallah,Qatar,55555.29,Regular,C005,Holiday Offers,Seasonal,SMS,2025-12-22,2026-01-02,813.12,36288,3067,347,33253.54,27516.4,38284.97,Yes,15,Yes,No,29,Inactive
12859,John Smith,Male,32,Beirut,Jordan,34928.47,Budget,C007,Spring Promotion,Seasonal,Website,2025-08-21,2025-09-18,218.18,12622,244,10,753.54,486.57,798.56,Yes,8,Yes,No,29,Inactive
11645,Sara Wilson,Female,41,Doha,Palestine,71900.36,Regular,C006,Loyalty Rewards,Retention,Google Ads,2025-10-14,2025-11-10,1222.51,13773,551,22,3776.97,2880.44,3133.14,Yes,15,Yes,No,26,New
10971,Sara Brown,Male,44,Amman,Palestine,50946.0,Regular,C004,New Product Launch,Product,Google Ads,2025-05-15,2025-06-03,20.0,40117,2320,159,14753.99,11698.24,13335.65,Yes,12,Yes,No,26,Returning
13669,Ahmed Khalil,Female,21,Amman,UAE,51168.52,Regular,C004,New Product Launch,Product,Website,2025-05-02,2025-05-17,651.31,87192,1509,118,17536.83,10253.25,17680.6,Yes,4,No,No,22,Returning
13237,John Miller,Male,57,Amman,UAE,86395.78,Premium,C001,Summer Sale,Discount,Google Ads,2025-01-13,2025-02-08,104.59,23258,1176,34,2856.31,1651.15,3257.38,Yes,12,Yes,No,0,New
10911,Omar Khalil,Female,27,Dubai,Palestine,43660.54,Regular,C008,Weekend Flash Sale,Discount,Social Media,2025-10-15,2025-10-30,159.18,33579,1786,193,32954.28,20789.07,32355.96,Yes,2,Yes,No,30,New
10385,Lina Saleh,Female,35,Dubai,Egypt,77717.63,Regular,C007,Spring Promotion,Seasonal,SMS,2025-03-07,2025-03-20,403.26,88823,7971,699,93311.9,59891.29,83963.72,Yes,6,Yes,No,1,New
11023,Olivia Wilson,Male,20,Dubai,UAE,,Corporate,C007,Spring Promotion,Seasonal,Email,2025-11-07,2025-11-18,117.05,17073,777,67,6135.13,3419.4,6769.18,Yes,2,No,No,4,Inactive
11748,Ali Davis,Female,23,Gaza,Palestine,75198.86,Regular,C002,Back to School,Seasonal,Display Ads,2025-11-19,2025-12-16,678.64,94581,1903,188,30150.78,19345.63,34723.5,Yes,7,Yes,No,4,New
10954,Sophia Miller,Male,38,Dubai,Egypt,66148.29,Regular,C002,Back to School,Seasonal,SMS,2025-08-25,2025-09-14,446.45,36402,3280,281,36883.34,27739.66,33448.38,Yes,0,Yes,No,4,New
10555,Noor Hassan,Female,44,Jerusalem,Egypt,67728.03,Premium,C007,Spring Promotion,Seasonal,SMS,2025-02-22,2025-03-06,721.84,50377,4239,430,32088.64,27146.99,32569.22,Yes,7,No,No,18,New
12629,Maya Hassan,FEMALE,18,Jerusalem,Egypt,53431.33,Regular,C005,Holiday Offers,Seasonal,Google Ads,2025-06-04,2025-07-02,587.95,68688,3717,145,16422.51,12652.36,13220.11,Yes,8,Yes,No,25,Inactive
13564,Sara Khalil,Male,40,Gaza,Jordan,60626.66,Regular,C007,Spring Promotion,Seasonal,Google Ads,2025-01-13,2025-02-08,364.33,93237,3153,146,20765.77,12040.21,16908.26,Yes,0,No,No,17,Returning
12736,Daniel Smith,Male,25,Dubai,Lebanon,72556.04,Budget,C008,Weekend Flash Sale,Discount,Website,2025-09-03,2025-09-29,870.18,7332,209,27,2921.79,1762.37,2781.58,Yes,5,No,No,18,New
12183,John Saleh,Female,18,Jerusalem,Palestine,70123.9,Regular,C007,Spring Promotion,Seasonal,SMS,2025-01-12,2025-01-25,45.05,19604,1795,68,5754.54,4242.91,5142.45,Yes,6,No,No,16,New
10055,Maya Miller,Female,33,Amman,Lebanon,56720.94,Regular,C008,Weekend Flash Sale,Discount,SMS,2025-04-27,2025-05-27,453.72,60186,4954,135,12196.07,8056.07,14007.9,Yes,6,No,No,15,Inactive
12837,Ali Miller,Male,30,Gaza,Lebanon,85778.96,Regular,C002,Back to School,Seasonal,Email,2025-02-02,2025-02-24,886.56,89027,4015,368,51511.65,41140.78,52296.63,Yes,6,No,No,14,New
13488,Lina Smith,Female,51,Doha,Qatar,41989.96,Premium,C003,Black Friday,Discount,Google Ads,2025-10-12,2025-10-28,379.96,96219,4478,444,54726.23,30375.51,58544.28,Yes,5,Yes,No,6,New
10352,Emma Brown,Male,21,Nablus,Lebanon,57328.56,Corporate,C003,Black Friday,Discount,Website,2025-03-27,2025-04-23,629.61,33627,462,49,6825.12,5756.96,6591.04,Yes,4,No,No,7,Inactive
11404,Sara Awwad,Female,41,Cairo,Egypt,35569.47,Regular,C003,Black Friday,Discount,Display Ads,2025-08-14,2025-08-28,586.82,94382,932,57,6931.38,5133.86,7269.81,Yes,13,No,No,24,Inactive
11224,Maya Awwad,Female,23,Jerusalem,Palestine,41560.09,Premium,C008,Weekend Flash Sale,Discount,Email,2025-10-09,2025-10-25,286.87,18552,1021,109,21345.55,12936.64,19362.7,Yes,15,Yes,No,13,Returning
13522,Adam Brown,Female,18,Ramallah,Jordan,34838.47,Regular,C006,Loyalty Rewards,Retention,Google Ads,2025-06-19,2025-06-28,327.92,90209,4917,652,64304.24,37185.05,64469.88,Yes,0,Yes,No,30,Returning
10941,Layla Davis,Female,120,Jerusalem,Jordan,33509.76,Regular,C003,Black Friday,Discount,Social Media,2025-12-20,2025-12-28,20.0,2186,63,3,404.81,241.72,354.59,Yes,6,No,No,0,Inactive
11972,Daniel Awwad,Male,41,Cairo,Jordan,28817.89,Premium,C004,New Product Launch,Product,Display Ads,2025-05-20,2025-06-17,571.96,19157,315,27,3006.57,1869.03,3251.14,Yes,8,Yes,No,14,New
10940,Sophia Miller,Male,50,Cairo,Palestine,68234.35,Budget,C002,Back to School,Seasonal,SMS,2025-12-30,2026-01-18,486.56,29481,2701,264,31747.3,22197.57,32068.91,Yes,3,No,No,26,Inactive
13159,Olivia Nasser,Male,18,Hebron,Jordan,69715.62,Budget,C005,Holiday Offers,Seasonal,Google Ads,2025-05-23,2025-06-07,567.49,8924,460,48,1924.72,1236.37,1936.36,Yes,0,No,No,3,Returning
13804,Ahmed Awwad,Female,36,Gaza,Lebanon,49429.52,Regular,C001,Summer Sale,Discount,Email,2025-06-18,2025-07-18,102.77,86468,4769,464,82661.15,69480.62,69615.66,Yes,3,Yes,Yes,18,Inactive
11393,Ahmed Miller,Male,21,Gaza,Palestine,41122.02,Premium,C001,Summer Sale,Discount,Google Ads,2025-01-10,2025-02-06,490.7,80432,3395,372,44868.55,36814.32,40356.35,Yes,13,No,No,3,Returning
11001,Daniel Hassan,Female,31,Amman,Jordan,26520.62,Budget,C003,Black Friday,Discount,Social Media,2025-12-05,2025-12-29,389.52,6790,244,14,2379.79,1838.59,2337.5,Yes,10,Yes,No,14,Returning
11926,Emma Nasser,Male,35,Gaza,Qatar,33170.67,Corporate,C003,Black Friday,Discount,Google Ads,2025-12-13,2025-12-26,536.38,78594,3944,320,30634.86,18090.93,28884.48,Yes,11,Yes,No,24,New
12701,Maya Smith,Female,47,Cairo,Lebanon,55844.96,Regular,C003,Black Friday,Discount,SMS,2025-08-17,2025-09-15,706.22,71711,5781,688,38861.38,34746.38,42285.01,Yes,5,No,No,1,New
12264,Ahmed Saleh,Male,30,Gaza,UAE,18000.0,Budget,C001,Summer Sale,Discount,Display Ads,2025-10-31,2025-11-22,796.27,15931,343,27,3534.21,2987.07,3457.6,Yes,13,Yes,No,25,Inactive
11076,Maya Miller,Male,47,Amman,Lebanon,52745.0,Regular,C005,Holiday Offers,Seasonal,Display Ads,2025-07-06,2025-08-01,496.07,24230,387,35,2757.29,2060.35,2278.54,Yes,1,No,No,23,Returning
13629,Daniel Wilson,Female,48,Beirut,Egypt,31153.0,Corporate,C002,Back to School,Seasonal,Email,2025-12-15,2025-12-28,55.99,59379,3724,378,75405.9,67114.87,60968.23,Yes,7,Yes,Yes,10,Returning
13623,Yousef Smith,Male,52,Ramallah,Qatar,67964.66,,C006,Loyalty Rewards,Retention,Website,2025-10-20,2025-11-10,310.74,5608,198,8,785.05,477.91,691.13,Yes,3,No,No,21,Inactive
10953,Adam Saleh,Female,57,Cairo,Egypt,59167.51,Budget,C001,Summer Sale,Discount,Email,2025-09-21,2025-10-04,965.9,36190,2179,74,5158.77,3984.98,5338.4,Yes,14,Yes,No,4,Returning
11862,Ahmed Wilson,Female,45,Dubai,Palestine,66160.09,Budget,C004,New Product Launch,Product,Display Ads,2025-10-20,2025-11-15,779.93,99472,1092,52,8926.49,7741.29,7888.1,Yes,15,Yes,No,14,New
12690,John Awwad,Male,25,Hebron,Egypt,83775.66,Budget,C006,Loyalty Rewards,Retention,Social Media,2025-09-20,2025-10-08,605.38,96691,2257,138,10423.07,6674.63,11747.27,Yes,12,Yes,No,17,Returning
11924,Michael Brown,Male,48,Nablus,Lebanon,49708.09,Corporate,C001,Summer Sale,Discount,Display Ads,2025-01-03,2025-01-25,437.97,31591,362,37,5207.45,3979.02,4393.99,Yes,15,No,No,19,Returning
12435,Yousef Smith,Female,41,Gaza,UAE,39187.02,Regular,C001,Summer Sale,Discount,SMS,2025-07-26,2025-08-20,301.06,22828,1820,141,19854.96,17356.97,20116.7,Yes,13,Yes,No,12,Returning
12334,Noor Nasser,Female,18,Amman,Egypt,64617.14,Premium,C007,Spring Promotion,Seasonal,Email,2025-05-13,2025-05-27,324.34,45180,2906,193,10620.43,8482.79,9952.95,Yes,6,No,No,30,Returning
10444,Michael Miller,Female,49,Amman,Egypt,45202.81,Budget,C008,Weekend Flash Sale,Discount,Website,2025-04-25,2025-05-23,839.44,65626,1599,102,9070.31,6741.57,7335.41,Yes,10,No,No,21,Inactive
13100,Olivia Davis,Female,39,Hebron,UAE,55124.55,Budget,C008,Weekend Flash Sale,Discount,Display Ads,2025-04-18,2025-04-26,360.49,58546,886,40,4292.09,2501.74,4195.33,Yes,3,No,No,14,Inactive
11584,Daniel Awwad,Male,27,Doha,Egypt,48702.47,Regular,,Spring Promotion,Seasonal,Website,2025-03-22,2025-04-02,737.25,25501,770,53,4646.59,4026.11,4244.16,Yes,6,No,No,9,New
13349,Daniel Hassan,Female,19,Nablus,Lebanon,47426.59,Regular,C002,Back to School,Seasonal,Social Media,2025-12-16,2026-01-04,241.23,41795,1873,51,4273.04,3388.63,4765.91,Yes,6,Yes,No,14,New
12712,Sara Nasser,Female,34,Jerusalem,UAE,73232.97,Regular,C001,Summer Sale,Discount,Social Media,2025-03-13,2025-03-24,529.43,32700,1097,164,26010.53,18164.67,24954.64,Yes,8,No,No,15,New
12702,Omar Miller,Male,38,,UAE,61771.64,Regular,C008,Weekend Flash Sale,Discount,Email,2025-03-18,2025-03-26,973.46,5867,347,32,6264.04,4123.05,5680.26,Yes,13,Yes,Yes,6,Returning
12953,Yousef Wilson,Female,56,Ramallah,Jordan,43671.26,Premium,C004,New Product Launch,Product,Display Ads,2025-11-02,2025-11-11,302.81,83713,1976,237,23546.1,19425.38,23227.03,Yes,4,No,No,21,Returning
13429,Daniel Awwad,Female,49,Dubai,Palestine,80851.63,Corporate,C003,Black Friday,Discount,Social Media,2025-10-05,2025-11-01,846.18,31545,1475,50,5581.73,3888.99,5224.1,Yes,0,No,No,12,New
12890,Noor Awwad,Female,38,Amman,UAE,94005.27,,C006,Loyalty Rewards,Retention,Website,2025-06-20,2025-06-28,417.93,17024,303,24,1686.21,931.32,1848.48,Yes,13,Yes,No,22,New
14084,Olivia Davis,Female,49,Hebron,Jordan,29860.75,Regular,C008,Weekend Flash Sale,Discount,SMS,2025-04-09,2025-05-04,671.92,95287,9597,809,122910.8,69122.33,116625.94,Yes,1,No,No,21,Returning
11458,Noor Brown,Female,62,Jerusalem,Qatar,64559.53,Budget,C001,Summer Sale,Discount,Social Media,2025-12-18,2025-12-30,562.03,20117,544,34,3973.43,3126.24,4453.23,Yes,1,No,No,11,Inactive
13281,Sara Wilson,Male,57,Dubai,Lebanon,55863.69,Corporate,C008,Weekend Flash Sale,Discount,Email,2025-02-04,2025-02-21,400.24,89395,6347,605,111648.39,71287.27,93864.18,Yes,3,Yes,Yes,18,Returning
10272,Michael Brown,Female,30,Jerusalem,Palestine,41539.87,Regular,C002,Back to School,Seasonal,Website,2025-11-29,2025-12-12,765.82,90397,2169,146,15958.8,13553.95,14361.1,Yes,7,Yes,No,18,Returning
10595,Maya Miller,Female,57,Beirut,Jordan,40431.3,Premium,C006,Loyalty Rewards,Retention,Social Media,2025-01-13,2025-02-04,391.94,11646,543,64,11924.77,10172.57,10469.31,Yes,5,Yes,No,29,Returning
11032,Lina Davis,Male,37,Doha,Qatar,55708.4,Budget,C003,Black Friday,Discount,SMS,2025-01-28,2025-02-14,524.38,37996,3499,127,8169.12,7035.23,8264.37,Yes,10,No,No,23,Returning
11365,Lina Awwad,Female,18,Hebron,Jordan,57726.1,Regular,C001,Summer Sale,Discount,Email,2025-03-27,2025-04-16,273.93,76118,4243,265,25034.17,18178.42,25556.17,Yes,1,No,Yes,22,Returning
12655,Lina Nasser,Female,49,Dubai,Palestine,60897.27,Budget,C007,Spring Promotion,Seasonal,Display Ads,2025-01-10,2025-02-06,1089.52,56413,1409,105,10313.74,6600.53,9853.41,Yes,8,No,No,4,Returning
12807,Maya Smith,Female,41,Hebron,Qatar,84435.37,Regular,C005,Holiday Offers,Seasonal,SMS,2025-09-11,2025-10-05,444.53,70799,5978,398,71265.68,56578.34,80218.89,Yes,8,Yes,No,14,New
12234,Sophia Smith,Female,39,Doha,Qatar,18000.0,Budget,C001,Summer Sale,Discount,SMS,2025-02-14,2025-02-25,207.02,81085,7980,520,91400.08,63030.4,76927.41,Yes,14,Yes,No,17,New
10503,Lina Davis,Male,25,Dubai,Lebanon,18000.0,Budget,C007,Spring Promotion,Seasonal,Google Ads,2025-03-03,2025-03-24,487.01,4018,150,10,1294.13,745.53,1055.22,Yes,0,No,No,6,Inactive
13476,Omar Smith,Female,36,Dubai,Egypt,74608.84,Regular,C004,New Product Launch,Product,Email,2025-12-20,2026-01-16,368.08,53114,2872,231,35985.49,24422.95,30047.53,Yes,12,Yes,Yes,27,Returning
10526,Lina Wilson,Male,22,Ramallah,Jordan,66800.21,Budget,C005,Holiday Offers,Seasonal,Social Media,2025-10-13,2025-11-10,563.54,47812,1823,88,11628.51,6734.33,11752.87,Yes,7,No,No,21,Returning
13268,Ahmed Khalil,Male,18,Beirut,Egypt,69117.13,Budget,C001,Summer Sale,Discount,Website,2025-08-14,2025-08-21,160.19,92571,1377,188,25158.7,20700.72,29201.81,Yes,3,No,No,0,Returning
13280,Olivia Khalil,Female,43,Jerusalem,Palestine,52036.68,Regular,C002,Back to School,Seasonal,Display Ads,2025-01-29,2025-02-20,425.75,37885,465,40,5104.29,4549.27,5387.07,Yes,1,No,No,7,New
13056,Michael Miller,Female,43,Doha,Lebanon,24267.83,Regular,C005,Holiday Offers,Seasonal,SMS,2025-02-12,2025-03-12,287.04,7539,643,110,19848.32,16673.32,17069.04,Yes,10,Yes,No,2,New
10005,Omar Wilson,Male,41,Ramallah,Qatar,44491.55,Regular,C006,Loyalty Rewards,Retention,Email,2025-04-01,2025-04-08,956.71,49288,3206,364,34340.73,27133.54,38938.65,Yes,1,Yes,No,18,Returning
11882,Maya Awwad,Male,38,Nablus,Lebanon,34804.57,Regular,C008,Weekend Flash Sale,Discount,Google Ads,2025-11-16,2025-12-12,404.93,62545,2671,226,51936.45,40628.01,45297.71,Yes,8,No,No,21,Returning
12735,Noor Miller,Female,35,Amman,Egypt,18000.0,Budget,C008,Weekend Flash Sale,Discount,Display Ads,2025-06-08,2025-06-23,332.31,22388,376,33,2700.71,2128.59,2630.93,Yes,11,Yes,No,12,Returning
12113,Maya Awwad,Female,24,Ramallah,Qatar,28315.42,Regular,C006,Loyalty Rewards,Retention,Display Ads,2025-04-19,2025-05-10,672.91,38736,1114,109,12754.47,11458.33,14781.39,Yes,1,No,No,2,Inactive
11953,Michael Miller,Male,62,Doha,Qatar,73690.39,Budget,C007,Spring Promotion,Seasonal,Display Ads,2025-10-21,2025-11-18,500.19,80181,2055,187,28929.41,22756.48,27082.65,Yes,14,No,No,17,New
13087,Ahmed Davis,Female,37,Amman,Qatar,77623.8,Budget,C008,Weekend Flash Sale,Discount,Google Ads,2025-11-03,2025-12-01,528.63,6585,344,27,1998.39,1460.17,1683.58,Yes,11,No,No,19,Returning
10646,Yousef Nasser,Male,38,Cairo,Palestine,50506.31,Regular,C006,Loyalty Rewards,Retention,Website,2025-07-25,2025-08-06,230.25,37625,1087,70,9506.65,6329.01,9146.8,Yes,1,No,No,14,New
13578,Adam Hassan,Female,47,Amman,Jordan,80849.61,Regular,C008,Weekend Flash Sale,Discount,Display Ads,2025-10-30,2025-11-09,729.76,13236,333,25,5140.3,4466.23,5875.3,Yes,3,Yes,No,22,Inactive
13047,Ali Davis,Female,51,Dubai,Lebanon,57353.9,Regular,C006,Loyalty Rewards,Retention,Website,2025-04-24,2025-05-06,673.15,10510,274,9,847.09,500.82,787.45,Yes,7,No,No,26,Returning
11718,Omar Wilson,Male,50,Gaza,Lebanon,70562.53,Corporate,C001,Summer Sale,Discount,Email,2025-03-21,2025-04-01,655.21,86567,3263,351,44234.67,34589.04,43509.28,Yes,13,Yes,Yes,30,Inactive
11100,Ahmed Smith,Female,25,Gaza,Egypt,26774.91,Budget,C008,Weekend Flash Sale,Discount,Website,2025-02-22,2025-03-23,20.0,80422,1521,116,9570.44,6208.06,8817.61,Yes,4,Yes,No,27,Returning
12093,Yousef Wilson,FEMALE,50,Dubai,Palestine,26756.22,Regular,C004,New Product Launch,Product,SMS,2025-02-23,2025-03-17,300.21,95010,8147,675,61383.87,35492.85,67650.51,Yes,8,No,No,25,Inactive
13521,Ali Wilson,Male,37,Doha,UAE,71516.79,Regular,C005,Holiday Offers,Seasonal,Google Ads,2025-03-15,2025-04-10,568.84,24214,1259,120,18307.94,12810.98,14801.45,Yes,13,No,No,27,Inactive
14125,Michael Miller,Female,42,Doha,UAE,53508.03,Regular,C006,Loyalty Rewards,Retention,Website,2025-05-13,2025-06-03,754.5,99917,2241,190,35569.55,21001.73,29339.48,Yes,9,Yes,No,7,New
11116,Adam Brown,Male,49,Amman,Egypt,22412.5,Regular,C008,Weekend Flash Sale,Discount,Google Ads,2025-12-06,2025-12-15,386.12,92026,4167,242,34557.14,25246.63,32571.07,Yes,6,No,No,12,Inactive
10223,Sara Hassan,Female,32,Cairo,UAE,50656.33,Budget,C008,Weekend Flash Sale,Discount,Website,2025-05-05,2025-05-25,405.58,94710,1739,140,14722.16,8457.39,16491.98,Yes,11,No,No,3,Inactive
12951,Sophia Davis,Female,60,Jerusalem,Lebanon,76635.4,Premium,C004,New Product Launch,Product,Email,2025-08-27,2025-09-03,610.89,86644,4812,322,41224.52,36637.47,45679.45,Yes,13,Yes,Yes,0,Inactive
10837,John Awwad,Male,54,Jerusalem,Qatar,71500.72,Regular,C005,Holiday Offers,Seasonal,Social Media,2025-05-08,2025-05-16,816.79,28441,1120,113,20225.57,15729.4,17249.1,Yes,14,Yes,No,25,Inactive
14031,Ali Davis,Female,22,Jerusalem,UAE,76354.18,Regular,C006,Loyalty Rewards,Retention,SMS,2025-04-07,2025-04-16,506.54,14280,1378,99,14487.02,8040.55,11612.24,Yes,4,Yes,No,6,Returning
11524,Olivia Davis,Male,30,Dubai,Qatar,69865.35,Premium,C005,Holiday Offers,Seasonal,Google Ads,2025-11-15,2025-12-08,393.31,43927,1322,84,4856.55,3225.41,4849.27,Yes,12,No,No,7,Returning
12429,Ali Davis,Male,48,Jerusalem,Lebanon,63746.53,Budget,C003,Black Friday,Discount,Google Ads,2025-03-13,2025-03-22,770.42,22959,854,50,9511.52,8311.78,7857.82,Yes,12,No,No,18,New
12233,John Miller,Female,61,Jerusalem,Egypt,62270.93,Regular,C003,Black Friday,Discount,Display Ads,2025-09-30,2025-10-16,336.27,59352,1001,54,4889.38,2824.77,4649.3,Yes,1,No,No,4,New
11805,Maya Miller,Female,42,Ramallah,Lebanon,68683.63,Budget,C003,Black Friday,Discount,Social Media,2025-03-23,2025-03-30,591.68,27761,1196,179,21678.66,14146.26,20183.52,Yes,13,No,No,16,Returning
13626,Olivia Davis,Female,26,Jerusalem,Qatar,41407.76,Corporate,C006,Loyalty Rewards,Retention,Social Media,2025-08-30,2025-09-10,720.73,69861,2718,411,57450.33,34604.64,65469.55,Yes,14,No,No,0,Returning
14144,Olivia Wilson,Male,42,Gaza,Qatar,51727.97,Corporate,C001,Summer Sale,Discount,SMS,2025-04-04,2025-05-02,460.9,70878,6140,622,45120.79,30295.7,45469.44,Yes,7,Yes,No,8,Returning
13017,Olivia Saleh,Female,29,Dubai,Jordan,51843.55,Regular,C003,Black Friday,Discount,SMS,2025-09-13,2025-10-10,496.72,94064,8564,778,75864.78,50744.43,73637.3,Yes,1,Yes,No,8,New
12921,Olivia Saleh,Male,39,Jerusalem,Qatar,53036.32,Regular,C003,Black Friday,Discount,Social Media,2025-10-09,2025-10-27,611.47,59241,2315,256,26133.58,16701.99,22908.02,Yes,0,No,No,22,New
11249,Daniel Smith,Female,44,Gaza,Qatar,52596.54,Regular,C004,New Product Launch,Product,Website,2025-08-19,2025-09-09,168.35,85597,1782,102,13980.92,10022.04,15270.92,Yes,1,No,No,3,New
10567,Emma Miller,Female,18,Gaza,Qatar,49665.31,Budget,C008,Weekend Flash Sale,Discount,Social Media,2025-09-28,2025-10-17,887.16,45493,1798,124,12760.57,8262.32,14764.32,Yes,12,Yes,No,9,Inactive
12168,Sophia Wilson,Male,32,Hebron,Jordan,18000.0,Budget,C002,Back to School,Seasonal,Display Ads,2025-03-25,2025-04-10,450.52,71850,1184,89,10212.41,8081.23,8280.46,Yes,10,No,No,17,Returning
10238,Ahmed Brown,Male,38,Hebron,Lebanon,42927.83,Regular,C006,Loyalty Rewards,Retention,Website,2025-10-31,2025-11-28,548.53,37075,557,42,5565.66,3864.81,4582.02,Yes,5,No,No,8,New
12647,Adam Awwad,Male,51,Jerusalem,Lebanon,65068.4,Premium,C004,New Product Launch,Product,Website,2025-09-19,2025-09-26,615.71,91438,2890,337,52866.65,38306.1,49705.34,Yes,3,Yes,No,23,Inactive
13080,Lina Davis,Male,44,Hebron,UAE,39786.99,Regular,C001,Summer Sale,Discount,Google Ads,2025-10-08,2025-10-17,637.44,5505,165,12,2183.77,1359.06,1782.76,Yes,0,Yes,No,11,Returning
12296,Adam Smith,Female,40,Doha,Palestine,36660.84,Premium,C008,Weekend Flash Sale,Discount,SMS,2025-03-26,2025-04-18,562.14,60898,5656,413,43186.07,32944.65,37024.01,Yes,2,No,No,29,Returning
13016,Michael Miller,Female,40,Amman,Qatar,52609.41,Regular,C006,Loyalty Rewards,Retention,Website,2025-10-19,2025-11-06,628.34,48714,1038,107,13704.12,8688.37,11079.87,Yes,0,No,No,10,Inactive
13169,Lina Miller,Male,35,Doha,Palestine,41105.97,Regular,C006,Loyalty Rewards,Retention,Google Ads,2025-02-08,2025-03-04,168.89,29893,1133,94,7976.57,6450.44,7493.8,Yes,11,Yes,No,22,New
13007,Lina Awwad,Female,49,Cairo,Lebanon,73098.11,Corporate,C003,Black Friday,Discount,Email,2025-07-21,2025-08-17,657.59,41569,2375,167,21754.47,14244.38,21126.29,Yes,3,No,No,22,New
13066,Olivia Nasser,Female,18,Amman,Jordan,35986.45,Premium,C004,New Product Launch,Product,Email,2025-12-07,2025-12-18,299.41,62573,3523,316,37899.3,27647.99,39209.19,Yes,12,No,No,14,New
11160,Layla Awwad,Male,39,Amman,Lebanon,45342.03,Budget,C003,Black Friday,Discount,Display Ads,2025-02-16,2025-02-28,436.81,97208,1041,114,4857.26,2965.38,5656.43,Yes,9,No,No,0,Returning
11641,Sophia Saleh,Female,28,Nablus,Egypt,73731.56,Regular,C003,Black Friday,Discount,Display Ads,2025-02-15,2025-03-11,221.36,5583,116,10,1646.65,1088.34,1558.55,Yes,11,Yes,No,11,Returning
10501,Ahmed Nasser,Female,18,Beirut,UAE,42896.65,Premium,C004,New Product Launch,Product,Social Media,2025-06-16,2025-07-02,564.09,53798,1858,215,47052.42,27310.92,44419.98,Yes,0,Yes,No,17,Inactive
10933,Adam Nasser,Male,43,Gaza,Egypt,38569.52,Budget,C008,Weekend Flash Sale,Discount,Email,2025-04-14,2025-04-27,680.86,79251,4449,247,31410.51,18234.26,29619.34,Yes,13,Yes,No,13,Returning
14044,Noor Nasser,Male,38,Ramallah,Palestine,35644.71,Regular,C003,Black Friday,Discount,Website,2025-02-14,2025-03-15,486.19,93266,2342,151,15732.17,10249.5,12861.72,Yes,6,Yes,No,7,New
12502,Omar Hassan,Male,31,Cairo,Egypt,58658.97,Regular,C002,Back to School,Seasonal,Website,2025-07-14,2025-08-11,557.34,54523,1667,77,13254.78,11115.13,12405.77,Yes,9,No,No,5,New
10883,Omar Davis,Male,31,Ramallah,Lebanon,72461.22,Regular,C006,Loyalty Rewards,Retention,SMS,2025-10-15,2025-11-14,657.81,91751,9809,1077,52126.55,32929.73,55180.1,Yes,6,Yes,No,14,Inactive
13532,John Wilson,Male,32,Gaza,Lebanon,37068.59,Budget,C002,Back to School,Seasonal,SMS,2025-02-13,2025-02-20,964.28,86377,8015,689,57187.19,41584.36,64167.68,Yes,6,Yes,No,19,New
13926,Layla Awwad,FEMALE,37,Nablus,Palestine,70787.98,Regular,C004,New Product Launch,Product,Social Media,2025-01-12,2025-01-26,544.17,36208,1458,144,10013.22,7235.38,8113.18,Yes,8,No,No,13,New
12098,Olivia Brown,Female,38,Nablus,Lebanon,44254.23,Regular,C006,Loyalty Rewards,Retention,Display Ads,2025-03-20,2025-04-07,450.73,93231,1062,109,14462.35,9864.24,12229.48,Yes,14,Yes,No,7,New
11712,Sara Brown,Male,40,Hebron,Lebanon,73139.74,Regular,C002,Back to School,Seasonal,Email,2025-11-30,2025-12-28,682.5,98063,4903,360,64490.16,54585.11,53076.53,Yes,1,Yes,No,24,Returning
10254,Adam Miller,Female,44,Hebron,Palestine,64683.71,Regular,C008,Weekend Flash Sale,Discount,Email,2025-01-07,2025-01-25,694.4,78331,4758,573,69595.14,47952.76,62676.45,Yes,8,Yes,No,26,Inactive
12012,Lina Saleh,Male,27,Doha,Palestine,51653.79,Premium,C002,Back to School,Seasonal,Display Ads,2025-12-15,2026-01-01,301.75,69039,1450,37,3517.88,3059.06,3315.76,Yes,0,Yes,No,18,Returning
12248,Omar Davis,Female,40,Hebron,Jordan,46032.55,Regular,C005,Holiday Offers,Seasonal,Social Media,2025-01-16,2025-02-04,404.26,44755,2529,159,13605.19,10062.38,13416.87,Yes,15,No,No,9,Inactive
11579,Maya Saleh,Female,120,Amman,Egypt,67070.78,Budget,C008,Weekend Flash Sale,Discount,Social Media,2025-03-14,2025-04-06,518.39,43101,1698,68,10439.09,8455.07,9241.72,Yes,4,No,No,17,Inactive
12917,Daniel Khalil,Male,43,Beirut,Palestine,70661.08,Budget,C007,Spring Promotion,Seasonal,Email,2025-04-20,2025-05-06,596.73,68576,4709,547,91693.91,79600.08,80210.0,Yes,5,No,Yes,15,Returning
14007,Adam Brown,Male,29,Jerusalem,Jordan,31492.0,Regular,C001,Summer Sale,Discount,Google Ads,2025-12-22,2026-01-05,518.29,54396,2456,109,13688.44,9508.72,12506.76,Yes,8,No,No,11,Returning
12241,Sophia Wilson,Female,28,Ramallah,Qatar,75000.61,Regular,C002,Back to School,Seasonal,Social Media,2025-01-20,2025-02-08,261.61,30382,1158,131,21203.02,12913.27,19826.0,Yes,3,No,No,10,New
13624,Olivia Brown,Male,48,Ramallah,UAE,86920.03,Regular,C005,Holiday Offers,Seasonal,Email,2025-09-20,2025-09-30,386.33,15036,828,67,3666.64,2161.33,3878.58,Yes,8,Yes,Yes,14,New
12553,Adam Brown,Male,18,Ramallah,Qatar,42334.19,Regular,C002,Back to School,Seasonal,Email,2025-06-07,2025-06-26,511.2,4569,274,26,3253.92,2244.83,3145.06,Yes,6,No,Yes,16,Returning
10182,Daniel Smith,Female,24,Gaza,Qatar,42122.34,Corporate,C005,Holiday Offers,Seasonal,Social Media,2025-07-23,2025-08-15,381.75,32848,1036,40,4398.2,3617.94,3868.77,Yes,12,No,No,29,Returning
11897,Olivia Wilson,Male,29,Gaza,Palestine,18000.0,Regular,C005,Holiday Offers,Seasonal,Display Ads,2025-12-18,2026-01-04,517.42,37306,583,27,1961.7,1370.05,2206.2,Yes,10,No,No,21,Returning
10073,Noor Awwad,Male,39,Ramallah,Egypt,80239.27,Corporate,C003,Black Friday,Discount,Social Media,2025-09-12,2025-09-23,322.46,29407,890,114,12884.35,7653.27,12160.3,Yes,12,No,No,29,New
10811,Michael Saleh,Female,18,Cairo,Jordan,79291.83,Regular,C001,Summer Sale,Discount,Website,2025-06-16,2025-07-14,366.39,83203,2559,244,34846.3,22319.86,31712.36,Yes,14,Yes,No,25,Returning
10697,Sophia Smith,Male,38,Cairo,Palestine,45894.78,Premium,C007,Spring Promotion,Seasonal,Display Ads,2025-05-13,2025-05-20,569.37,32029,328,23,3423.12,2926.98,3451.11,Yes,8,No,No,17,New
13882,Michael Awwad,Male,36,Dubai,Jordan,46189.59,Budget,C006,Loyalty Rewards,Retention,Display Ads,2025-12-05,2025-12-30,800.68,44459,859,87,11618.4,10272.17,10958.52,Yes,3,No,No,25,New
12090,Layla Miller,Female,37,Dubai,Egypt,39992.48,Regular,C003,Black Friday,Discount,Email,2025-12-23,2026-01-14,668.88,91636,6122,622,97764.17,54035.56,87651.17,Yes,11,No,Yes,10,New
10099,Sara Brown,Male,30,Doha,Jordan,30608.45,Regular,C008,Weekend Flash Sale,Discount,Website,2025-12-06,2025-12-22,267.9,91872,2347,130,,7261.27,11672.73,Yes,10,Yes,No,7,New
13353,Adam Davis,Male,42,Jerusalem,Qatar,64545.26,Regular,C008,Weekend Flash Sale,Discount,Display Ads,2025-02-16,2025-03-16,665.25,90089,564,77,4373.58,3117.46,3760.75,Yes,1,Yes,No,2,Returning
10848,Lina Miller,Female,42,Amman,Qatar,68294.19,Regular,C002,Back to School,Seasonal,Display Ads,2025-05-03,2025-05-11,360.78,35965,477,58,,9775.97,9524.65,Yes,9,No,No,2,Returning
11424,Noor Smith,Female,29,Jerusalem,Egypt,39429.88,Regular,C004,New Product Launch,Product,SMS,2025-03-28,2025-04-25,439.93,70607,5279,507,11757.34,8490.92,9859.06,Yes,15,No,No,27,Returning
11022,Adam Awwad,Male,18,Dubai,UAE,61763.44,Regular,C008,Weekend Flash Sale,Discount,Display Ads,2025-08-30,2025-09-09,869.15,11351,155,5,533.46,477.24,593.78,Yes,10,Yes,No,28,Returning
13840,Omar Davis,Female,29,Ramallah,Lebanon,31635.85,Corporate,C008,Weekend Flash Sale,Discount,Display Ads,2025-10-23,2025-11-02,360.73,15703,125,3,479.09,330.79,455.95,Yes,13,Yes,No,2,New
12086,John Khalil,Male,21,Beirut,Egypt,65976.63,Regular,C008,Weekend Flash Sale,Discount,Google Ads,2025-06-05,2025-06-17,795.45,96373,4627,613,62097.3,51830.54,65545.1,Yes,9,No,No,6,Inactive
12757,Maya Saleh,Female,37,Doha,UAE,72902.64,Regular,C008,Weekend Flash Sale,Discount,SMS,2025-01-03,2025-01-11,585.31,61940,6047,534,96791.39,64561.5,84073.21,Yes,3,Yes,No,10,New
10777,Maya Khalil,Male,53,Cairo,Jordan,18000.0,Budget,C007,Spring Promotion,Seasonal,SMS,2025-10-20,2025-11-14,886.4,8417,788,50,9816.47,5908.93,8456.2,Yes,13,No,No,13,Returning
13526,Emma Saleh,Male,72,Beirut,Lebanon,92452.47,Corporate,C008,Weekend Flash Sale,Discount,Email,2025-07-29,2025-08-14,686.41,53257,2924,390,48512.52,29889.49,48004.61,Yes,4,No,No,0,Returning
13870,Ahmed Miller,Male,32,Doha,Palestine,56536.12,Budget,C008,Weekend Flash Sale,Discount,Website,2025-02-01,2025-02-24,127.1,83273,3020,243,36178.89,27243.22,31069.05,Yes,13,No,No,24,Returning
11346,Omar Wilson,Male,46,Beirut,Egypt,38547.15,Regular,C005,Holiday Offers,Seasonal,Website,2025-03-21,2025-04-18,320.81,91627,1453,132,10450.84,7358.34,12214.67,Yes,13,No,No,23,New
13354,Maya Miller,Female,45,Amman,Palestine,74624.4,Budget,C005,Holiday Offers,Seasonal,Display Ads,2025-05-18,2025-06-04,933.06,52269,661,68,6341.14,4364.66,6181.01,Yes,10,No,No,4,Returning
12263,Ali Miller,Male,46,Cairo,Palestine,80624.64,Regular,C005,Holiday Offers,Seasonal,SMS,2025-09-02,2025-09-27,699.14,46378,4269,296,43157.47,35287.7,47319.85,Yes,0,Yes,No,6,New
11222,Omar Hassan,Female,28,Jerusalem,Qatar,28199.4,Regular,C004,New Product Launch,Product,Email,2025-04-21,2025-05-02,614.75,97911,4657,267,44632.18,39019.32,41472.44,Yes,12,Yes,No,11,New
13632,Noor Saleh,Male,36,Beirut,Lebanon,54707.14,Budget,C008,Weekend Flash Sale,Discount,Google Ads,2025-01-21,2025-02-20,-357.59,50451,2491,156,14274.5,9563.78,14568.41,Yes,7,No,No,2,Returning
11217,Yousef Wilson,Female,44,Doha,UAE,44435.39,Premium,C006,Loyalty Rewards,Retention,Display Ads,2025-10-13,2025-10-26,708.24,63701,985,13,1753.41,1480.22,1868.51,Yes,0,Yes,No,23,Returning
11720,John Brown, male ,18,Hebron,Jordan,55263.0,Regular,C004,New Product Launch,Product,Social Media,2025-05-13,2025-05-24,833.41,20088,797,95,9904.91,8119.77,10491.8,Yes,11,No,No,5,Returning
11892,Michael Hassan,Male,42,Doha,Lebanon,62023.1,Regular,C006,Loyalty Rewards,Retention,Website,2025-04-17,2025-04-27,559.83,5132,139,12,1360.69,1113.57,1358.19,Yes,7,Yes,No,22,Returning
10436,Ahmed Davis,Female,24,Jerusalem,Lebanon,62606.21,Regular,C001,Summer Sale,Discount,Social Media,2025-08-17,2025-08-24,233.5,35509,1457,148,23218.14,14368.05,22199.71,Yes,6,Yes,No,7,Inactive
11015,Adam Davis,Female,35,Amman,Qatar,37158.5,Regular,C002,Back to School,Seasonal,Social Media,2025-07-04,2025-07-31,394.98,64314,1874,80,6630.64,3881.31,7529.45,Yes,0,No,No,14,New
13045,Sara Wilson,Female,36,Beirut,Lebanon,69890.05,Regular,C001,Summer Sale,Discount,Display Ads,2025-11-18,2025-12-07,649.23,39270,955,9,1013.61,852.65,1099.98,Yes,11,No,No,9,New
11181,Sara Smith,Female,33,Cairo,Jordan,54014.56,Regular,C003,Black Friday,Discount,SMS,2025-05-29,2025-06-05,491.86,42863,3713,307,26595.46,16472.61,26267.93,Yes,6,Yes,No,20,Returning
13512,Emma Miller,Male,22,Gaza,Lebanon,91993.98,Corporate,C004,New Product Launch,Product,Display Ads,2025-10-20,2025-10-28,639.73,29460,544,55,6290.7,4939.74,6922.38,Yes,14,No,No,29,Inactive
11784,Adam Khalil,Female,32,Nablus,Jordan,50541.27,Regular,C006,Loyalty Rewards,Retention,Website,2025-12-12,2026-01-01,331.29,45778,1159,52,3395.12,1902.79,2731.4,Yes,11,Yes,No,21,Returning
12717,Ahmed Brown,Female,37,Dubai,Lebanon,33284.61,Regular,C007,Spring Promotion,Seasonal,Display Ads,2025-12-10,2025-12-18,646.3,53357,834,50,5859.51,4188.73,5821.72,Yes,14,Yes,No,9,Returning
12440,Sophia Saleh,Male,34,Cairo,Egypt,43591.8,Regular,C002,Back to School,Seasonal,Display Ads,2025-01-01,2025-01-15,359.92,69671,1024,65,8152.92,5824.41,7870.45,Yes,10,Yes,No,9,New
11384,Lina Khalil,FEMALE,21,Amman,Egypt,88575.28,Budget,C004,New Product Launch,Product,Display Ads,2025-08-15,2025-08-31,436.25,27487,770,47,2089.6,1599.13,2078.41,Yes,13,Yes,No,19,Returning
12368,Ahmed Saleh,Female,45,Amman,Lebanon,49706.3,Regular,C006,Loyalty Rewards,Retention,SMS,2025-12-06,2026-01-02,699.4,48734,4066,379,52408.99,37824.1,46379.08,Yes,6,Yes,No,15,New
10257,Omar Hassan,Male,31,Nablus,Lebanon,21764.41,Premium,C008,Weekend Flash Sale,Discount,Social Media,2025-07-14,2025-08-11,20.0,49788,2214,182,37252.36,29052.52,34117.51,Yes,7,Yes,No,11,Returning
13779,Adam Hassan,Male,44,Hebron,UAE,54364.3,Corporate,C008,Weekend Flash Sale,Discount,Google Ads,2025-10-16,2025-10-29,848.85,78932,3044,159,24837.36,20588.48,23604.8,Yes,2,No,No,21,Returning
11015,Omar Miller,Male,26,Gaza,Egypt,64600.56,Regular,C007,Spring Promotion,Seasonal,Display Ads,2025-01-12,2025-02-11,934.85,58481,715,53,8673.22,7575.11,7071.59,Yes,6,Yes,No,13,New
13665,Adam Wilson,Female,39,Beirut,UAE,85152.34,Regular,C005,Holiday Offers,Seasonal,Email,2025-09-05,2025-09-25,951.33,8138,445,45,7334.12,6383.27,7232.92,Yes,0,Yes,Yes,29,Returning
12997,Sara Awwad,Female,31,Amman,Qatar,62384.66,Budget,C005,Holiday Offers,Seasonal,SMS,2025-08-11,2025-09-05,990.78,39840,4132,383,46223.69,40960.68,45870.71,Yes,8,No,No,25,New
11916,Michael Davis,Male,45,Amman,Jordan,53728.59,Regular,C001,Summer Sale,Discount,Display Ads,2025-06-19,2025-07-08,834.59,57744,970,91,11595.95,8578.82,10788.62,Yes,11,Yes,No,17,New
12482,Michael Wilson,Male,35,Beirut,Egypt,58421.91,Corporate,C004,New Product Launch,Product,SMS,2025-05-21,2025-06-04,755.31,35106,3416,341,41655.16,30318.25,38986.1,Yes,11,Yes,No,19,Returning
11756,Omar Brown,Male,25,Amman,Palestine,51304.73,Premium,C001,Summer Sale,Discount,Website,2025-10-20,2025-11-16,466.71,78054,2878,171,21033.65,18579.14,21201.26,Yes,12,No,No,12,Returning
11355,Yousef Saleh,Female,41,Hebron,UAE,39702.31,Regular,C007,Spring Promotion,Seasonal,Website,2025-06-18,2025-06-30,713.0,15192,393,35,5862.03,3290.17,6620.9,Yes,5,Yes,No,21,Returning
11927,Michael Khalil,Male,43,Cairo,Egypt,82294.25,Premium,C006,Loyalty Rewards,Retention,Google Ads,2025-08-03,2025-08-29,646.64,38607,1959,173,29270.04,22116.21,23974.67,Yes,12,No,No,0,Inactive
10481,Adam Wilson,Female,36,Gaza,Qatar,57919.81,Regular,C007,Spring Promotion,Seasonal,Display Ads,2025-10-26,2025-11-05,501.95,86623,1488,75,13205.53,7798.23,13237.84,Yes,2,No,No,2,New
12770,Omar Saleh,Female,39,Amman,UAE,45775.12,Regular,C007,Spring Promotion,Seasonal,Display Ads,2025-09-15,2025-10-14,668.12,92500,810,43,7873.8,5164.77,7913.65,Yes,2,Yes,No,1,Returning
12572,Noor Saleh,Male,21,Amman,Jordan,69908.79,Budget,C007,Spring Promotion,Seasonal,Display Ads,2025-12-05,2025-12-24,597.71,666,8,0,0.0,0.0,0.0,No,3,Yes,No,16,New
10213,Maya Miller,Female,34,Doha,Jordan,53540.73,Budget,C001,Summer Sale,Discount,Email,2025-01-16,2025-01-25,758.77,24664,1448,140,8822.63,5138.52,9806.58,Yes,9,No,No,3,Inactive
13071,Omar Brown,Male,31,Beirut,UAE,55102.85,Regular,C002,Back to School,Seasonal,Social Media,2025-07-25,2025-08-21,20.0,95399,2804,209,18590.5,11010.87,18088.47,Yes,11,Yes,No,28,Returning
10778,Noor Miller,Female,34,Cairo,Qatar,47241.98,Premium,C007,Spring Promotion,Seasonal,Display Ads,2025-09-10,2025-09-19,310.92,63811,803,96,16105.44,14201.33,15800.56,Yes,0,Yes,No,20,New
11672,Maya Davis,Female,42,Nablus,Qatar,56548.4,Corporate,C002,Back to School,Seasonal,Website,2025-08-05,2025-08-14,497.98,20645,606,50,6480.36,5293.43,6247.74,Yes,7,Yes,No,26,New
12290,Emma Hassan,Male,44,Nablus,Egypt,91345.59,Budget,C005,Holiday Offers,Seasonal,Email,2025-12-07,2025-12-15,495.31,28444,1769,158,28429.77,19250.52,27475.13,Yes,15,No,Yes,29,Returning
12858,John Hassan,Female,28,Gaza,Egypt,93023.08,Premium,C007,Spring Promotion,Seasonal,Email,2025-02-04,2025-03-05,489.87,24265,1268,100,8167.52,5148.34,6927.14,Yes,13,No,No,23,New
10488,John Miller,Female,38,,Qatar,22768.28,Regular,C002,Back to School,Seasonal,Social Media,2025-02-26,2025-03-08,545.72,73162,2119,150,14991.14,11089.17,15157.39,Yes,13,Yes,No,26,Returning
10995,Lina Saleh,Male,40,Hebron,Palestine,27644.18,Regular,C006,Loyalty Rewards,Retention,Website,2025-09-18,2025-10-10,433.13,76627,1660,155,22661.83,14218.18,18612.28,Yes,4,Yes,No,13,Returning
12331,Daniel Miller,Female,18,Cairo,Lebanon,45584.12,Budget,C002,Back to School,Seasonal,Email,2025-10-26,2025-11-24,1222.86,51212,2461,222,32656.75,21255.38,30931.44,Yes,3,Yes,Yes,17,New
10253,Emma Hassan,Male,32,Ramallah,Jordan,55858.59,Budget,C004,New Product Launch,Product,SMS,2025-01-04,2025-01-27,539.23,16549,1623,178,15501.34,12264.08,14388.47,Yes,12,No,No,24,New
10110,Yousef Nasser,Female,29,Nablus,Egypt,59557.31,Budget,C008,Weekend Flash Sale,Discount,Email,2025-05-12,2025-05-20,841.74,72826,3172,332,43753.26,37468.04,38642.47,Yes,7,Yes,No,8,New
10245,John Awwad,Female,38,Cairo,Palestine,37715.45,Regular,C003,Black Friday,Discount,Display Ads,2025-08-22,2025-09-06,336.49,45127,975,101,14396.9,11366.21,14916.66,Yes,12,No,No,19,Returning
12854,Omar Wilson,Female,33,Jerusalem,Egypt,68263.07,Corporate,C002,Back to School,Seasonal,Google Ads,2025-03-15,2025-04-12,557.53,81589,3768,228,26096.1,22846.34,23580.13,Yes,0,No,No,19,Returning
13630,Sophia Hassan,Female,39,Hebron,Lebanon,62043.72,,C005,Holiday Offers,Seasonal,SMS,2025-07-27,2025-08-15,405.41,79774,7008,376,76856.06,52781.76,62033.41,Yes,2,No,No,6,New
12341,Olivia Hassan,Female,40,Ramallah,Qatar,43217.83,Corporate,C007,Spring Promotion,Seasonal,Website,2025-06-13,2025-07-08,293.86,2377,61,6,405.54,286.35,410.82,Yes,4,No,No,4,Returning
13180,Ali Khalil,Female,23,Dubai,Jordan,41089.0,Budget,C007,Spring Promotion,Seasonal,SMS,2025-01-05,2025-01-18,292.51,40928,3956,343,38494.74,32976.34,32473.2,Yes,4,No,No,25,Inactive
13384,Olivia Awwad,Male,38,Dubai,UAE,56928.62,Regular,C008,Weekend Flash Sale,Discount,Display Ads,2025-09-09,2025-10-07,991.79,39212,635,46,6870.35,5754.96,6592.99,Yes,1,Yes,No,2,Inactive
14074,Lina Saleh,Male,22,Jerusalem,UAE,61748.79,Premium,C003,Black Friday,Discount,Social Media,2025-06-24,2025-07-05,903.44,45270,2352,168,15741.98,12763.5,15276.41,Yes,12,Yes,No,0,Returning
12531,John Khalil,Female,22,Jerusalem,Palestine,36037.56,Regular,C001,Summer Sale,Discount,Google Ads,2025-03-18,2025-03-25,703.08,82542,3489,272,35281.45,20487.23,35571.33,Yes,11,Yes,No,10,New
10976,Yousef Smith,Female,29,Nablus,UAE,48231.94,Regular,C004,New Product Launch,Product,Google Ads,2025-12-06,2025-12-17,636.16,32245,1804,103,5782.01,3430.19,5689.7,Yes,4,Yes,No,23,Returning
10698,Lina Miller,Female,32,Gaza,Lebanon,41094.85,Regular,C002,Back to School,Seasonal,Google Ads,2025-12-24,2026-01-20,745.88,10344,526,65,8528.73,7455.67,8616.71,Yes,8,Yes,No,25,Inactive
13978,Noor Nasser,Male,23,Doha,Qatar,61146.58,Regular,C003,Black Friday,Discount,Display Ads,2025-06-05,2025-06-13,627.69,99633,1380,168,28943.99,25346.14,24497.71,Yes,4,Yes,No,29,New
11207,Noor Khalil,Male,26,Doha,Egypt,44434.75,Corporate,C002,Back to School,Seasonal,Website,2025-02-25,2025-03-24,527.47,2530,89,5,447.53,271.61,438.06,Yes,1,No,No,4,Inactive
13346,Emma Wilson,Female,29,Hebron,Lebanon,48972.69,Regular,C008,Weekend Flash Sale,Discount,SMS,2025-05-25,2025-06-12,616.43,17211,1367,136,14757.83,10711.14,14233.34,Yes,13,Yes,No,24,Returning
11178,Adam Wilson,Male,52,Amman,UAE,41933.47,Regular,C003,Black Friday,Discount,Social Media,2025-11-24,2025-12-11,738.38,27055,1412,70,7780.63,6920.86,6281.84,Yes,10,Yes,No,2,Inactive
11529,Ahmed Smith, male ,20,Hebron,UAE,51323.51,Regular,C004,New Product Launch,Product,Website,2025-09-27,2025-10-09,628.05,67449,1127,123,11535.52,8126.58,12607.24,YES,15,Yes,No,0,Inactive
13874,Sophia Brown,Female,34,Nablus,Egypt,51217.2,Premium,C008,Weekend Flash Sale,Discount,Google Ads,2025-06-14,2025-07-13,997.77,91765,3431,302,34965.39,19911.58,29395.16,Yes,14,Yes,No,23,Returning
13872,Daniel Saleh,Male,43,Hebron,Lebanon,45041.64,Corporate,C006,Loyalty Rewards,Retention,Website,2025-04-08,2025-04-18,285.82,49182,1522,70,8655.06,6743.97,7620.87,Yes,4,No,No,4,New
13939,Layla Khalil,Female,29,Gaza,Jordan,45751.6,Premium,C002,Back to School,Seasonal,Email,2025-07-18,2025-07-27,353.05,36854,2431,101,8223.44,7203.58,9629.53,Yes,9,Yes,No,27,Returning
12888,Michael Nasser,Female,18,Hebron,Jordan,36801.3,Premium,C008,Weekend Flash Sale,Discount,Email,2025-03-04,2025-04-01,657.62,48003,3178,221,24523.55,21494.72,28721.71,Yes,7,Yes,Yes,8,Returning
11349,Sophia Miller,Female,35,Nablus,Palestine,59149.75,Premium,C001,Summer Sale,Discount,Display Ads,2025-04-16,2025-05-13,721.06,40155,80,5,575.32,416.37,500.9,Yes,7,No,No,9,Returning
12916,Sophia Khalil,Male,26,Doha,Egypt,53582.11,Regular,C003,Black Friday,Discount,Email,2025-07-07,2025-08-01,332.36,77932,4291,353,65035.92,56672.89,60833.18,Yes,4,Yes,Yes,14,Returning
11046,Olivia Nasser,Male,27,Hebron,Jordan,46540.76,Premium,C003,Black Friday,Discount,Social Media,2025-04-28,2025-05-24,20.0,42638,1411,92,10261.5,5693.32,11823.0,Yes,8,Yes,No,29,Inactive
13691,Adam Khalil,Female,46,Cairo,Jordan,38398.17,Budget,C008,Weekend Flash Sale,Discount,Google Ads,2025-08-24,2025-09-15,485.91,95272,3154,294,16375.1,10273.95,16090.38,Yes,15,No,No,0,Returning
13154,Sophia Smith,Female,45,Nablus,Palestine,43988.18,Budget,C008,Weekend Flash Sale,Discount,SMS,2025-03-13,2025-03-25,532.34,72540,7772,561,36889.4,30456.08,37750.47,Yes,4,Yes,No,27,Inactive
11041,Sara Miller,Male,52,Cairo,Qatar,57550.68,Budget,C003,Black Friday,Discount,SMS,2025-10-12,2025-10-27,576.75,58219,4928,576,76288.68,47712.68,69336.47,Yes,4,No,No,8,Returning
11688,Adam Awwad,Female,40,Amman,Lebanon,39424.61,Regular,C007,Spring Promotion,Seasonal,Website,2025-03-27,2025-04-24,466.45,5308,31,2,230.54,129.42,190.33,Yes,12,No,No,21,Inactive
12238,Emma Saleh,Male,35,Jerusalem,Jordan,47678.84,Regular,C005,Holiday Offers,Seasonal,Social Media,2025-06-24,2025-07-17,903.9,95789,3227,323,18808.65,14675.23,18169.54,Yes,8,Yes,No,3,Inactive
13548,Emma Khalil,Male,43,Gaza,Jordan,58395.02,Premium,C007,Spring Promotion,Seasonal,Display Ads,2025-05-01,2025-05-22,756.78,73550,1217,88,8244.85,5420.37,8608.97,Yes,2,No,No,24,Returning
11848,John Nasser,Male,37,Ramallah,Lebanon,67160.11,Regular,C006,Loyalty Rewards,Retention,Website,2025-06-29,2025-07-17,376.39,97245,1494,184,21061.12,13402.46,24220.3,Yes,11,No,No,5,New
11617,Sara Saleh,Female,47,Hebron,Lebanon,49373.61,Regular,C008,Weekend Flash Sale,Discount,Social Media,2025-09-08,2025-09-27,270.59,60952,2186,282,40850.55,30588.26,34436.06,Yes,13,No,No,15,Returning
12957,Sophia Khalil,Male,42,Gaza,Palestine,,Regular,C002,Back to School,Seasonal,Website,2025-06-27,2025-07-11,571.66,73297,2144,169,24459.84,17659.66,24491.18,Yes,0,No,No,5,Returning
11068,Adam Saleh,Male,49,Doha,Qatar,89216.0,Premium,C001,Summer Sale,Discount,Email,2025-02-18,2025-02-27,828.23,11247,475,25,1258.79,827.95,1232.59,Yes,7,Yes,Yes,16,Inactive
11503,Adam Brown,Female,45,Doha,Egypt,40688.33,Regular,C002,Back to School,Seasonal,Google Ads,2025-10-27,2025-11-22,689.07,2173,84,6,723.81,638.96,628.26,Yes,2,Yes,No,27,Returning
10797,John Nasser,Female,40,Beirut,Palestine,51796.25,Regular,C002,Back to School,Seasonal,Google Ads,2025-09-04,2025-09-18,812.46,70009,2055,107,15437.25,11582.62,13005.57,Yes,0,No,No,14,Returning
13783,Noor Brown,Female,20,Jerusalem,Palestine,20055.28,Regular,C007,Spring Promotion,Seasonal,Email,2025-01-24,2025-02-05,562.67,25884,1306,111,18017.27,12203.85,19385.22,Yes,14,Yes,Yes,21,New
13170,Michael Hassan,Female,21,Amman,Egypt,57981.07,Corporate,C002,Back to School,Seasonal,Display Ads,2025-11-27,2025-12-15,242.27,47936,1389,99,12472.16,8993.83,10944.99,Yes,14,Yes,No,5,Returning
10059,Sara Khalil,Female,42,Gaza,Lebanon,40999.92,Regular,C008,Weekend Flash Sale,Discount,Display Ads,2025-09-13,2025-09-26,600.86,82465,164,7,858.18,648.08,994.22,Yes,5,No,No,0,Returning
14162,Daniel Brown,Female,43,Ramallah,Palestine,47921.74,Corporate,C006,Loyalty Rewards,Retention,Display Ads,2025-11-06,2025-11-28,668.62,26775,489,33,6290.58,5287.13,5450.1,Yes,11,No,No,30,Returning
12404,Adam Saleh,Female,46,Gaza,UAE,74830.97,Budget,C001,Summer Sale,Discount,Social Media,2025-07-15,2025-07-28,346.32,20210,786,88,3007.7,2100.89,2646.02,Yes,15,No,No,26,Returning
12873,John Nasser,Female,31,Cairo,Qatar,66023.41,Budget,C007,Spring Promotion,Seasonal,SMS,2025-11-13,2025-11-28,224.99,76963,7265,537,75295.49,50730.65,67500.65,Yes,8,No,No,23,New
11955,Yousef Wilson,Female,27,Amman,Lebanon,67050.74,Premium,C003,Black Friday,Discount,Google Ads,2025-01-13,2025-01-31,428.88,32132,1464,163,20089.37,11088.25,22963.99,Yes,14,No,No,5,Returning
12236,John Smith,Male,18,Beirut,UAE,51719.65,Regular,C001,Summer Sale,Discount,Social Media,2025-08-14,2025-09-01,834.55,37155,1505,135,16956.36,10688.45,14282.44,Yes,1,No,No,16,New
11769,Adam Davis,Female,36,Dubai,Egypt,88413.9,Regular,C002,Back to School,Seasonal,Social Media,2025-07-28,2025-08-23,666.12,50277,2348,252,29114.81,24281.69,23668.08,Yes,9,Yes,No,22,Inactive
10240,Olivia Saleh,FEMALE,56,Hebron,Palestine,49194.12,Corporate,C005,Holiday Offers,Seasonal,Email,2025-06-30,2025-07-07,723.75,95096,5870,685,84203.72,47175.97,81785.27,Yes,12,Yes,No,22,New
10847,Omar Hassan,Female,45,Amman,Egypt,62993.19,Regular,C008,Weekend Flash Sale,Discount,Display Ads,2025-10-25,2025-11-14,344.19,27497,600,56,,5233.08,7225.69,Yes,6,No,No,29,Returning
13499,Yousef Brown,Female,34,Nablus,Jordan,72060.77,Regular,C003,Black Friday,Discount,SMS,2025-04-11,2025-05-06,831.78,81676,6447,110,13611.25,8184.76,14618.95,Yes,15,No,No,3,New
10440,Layla Khalil,Male,49,Ramallah,Palestine,79006.06,Regular,C008,Weekend Flash Sale,Discount,SMS,2025-01-23,2025-02-14,376.24,70403,6525,734,90261.81,80501.23,80514.02,Yes,3,No,No,3,Returning
12150,Michael Wilson,Female,31,Hebron,Egypt,18726.01,Regular,C004,New Product Launch,Product,Email,2025-08-07,2025-08-16,457.3,35048,2094,183,29383.18,18933.26,29233.7,Yes,8,Yes,Yes,27,Returning
13876,Adam Smith,Male,28,Amman,Lebanon,31128.35,Budget,C003,Black Friday,Discount,SMS,2025-01-17,2025-01-29,645.14,61755,5048,434,19723.53,13154.45,18551.9,Yes,0,No,No,27,Returning
13854,Omar Wilson,Male,37,Cairo,Lebanon,41377.95,Corporate,C003,Black Friday,Discount,Website,2025-04-04,2025-04-18,426.35,94711,3485,127,11707.64,6889.07,11510.76,Yes,12,Yes,No,27,New
11537,Olivia Wilson,Female,36,Amman,Egypt,32697.58,Regular,C005,Holiday Offers,Seasonal,Display Ads,2025-02-22,2025-03-23,464.16,97023,468,39,4015.97,2912.35,3302.45,Yes,6,Yes,No,15,Returning
10074,Daniel Davis,Male,45,Doha,Egypt,65544.63,Premium,C001,Summer Sale,Discount,Display Ads,2025-07-27,2025-08-23,253.73,48127,1086,132,14613.76,8246.4,12993.89,Yes,3,Yes,No,26,Returning
10294,Michael Davis,Male,35,Cairo,Lebanon,58209.24,Regular,C008,Weekend Flash Sale,Discount,Website,2025-05-18,2025-06-10,72.04,26226,647,86,5729.06,4692.5,5446.65,Yes,0,Yes,No,8,Returning
13789,Adam Brown,Female,50,Gaza,Lebanon,42153.18,Budget,C005,Holiday Offers,Seasonal,Google Ads,2025-11-14,2025-11-25,216.56,63310,3015,220,19457.06,11502.81,17057.09,Yes,5,Yes,No,19,New
13701,Noor Brown,Female,32,Hebron,Lebanon,52738.02,Corporate,C007,Spring Promotion,Seasonal,SMS,2025-09-23,2025-10-10,741.49,98294,9967,554,39307.06,29196.85,35283.1,Yes,8,No,No,8,Inactive
12585,Adam Awwad,Male,41,Jerusalem,Lebanon,60216.94,Premium,C006,Loyalty Rewards,Retention,SMS,2025-01-03,2025-02-01,349.55,45363,3641,264,15321.24,8716.71,13492.27,Yes,4,No,No,19,Returning
12963,Maya Saleh,Male,43,Jerusalem,Egypt,74959.15,Corporate,C007,Spring Promotion,Seasonal,SMS,2025-04-11,2025-04-25,649.64,3295,317,31,4834.22,3334.85,4712.34,Yes,5,Yes,No,11,Returning
12169,Ahmed Saleh,Male,36,Doha,Egypt,60434.77,Regular,C002,Back to School,Seasonal,Google Ads,2025-05-21,2025-05-29,605.01,24093,959,49,5536.34,3272.62,6008.04,Yes,14,Yes,No,29,New
12927,Adam Khalil,Female,33,Nablus,Palestine,62656.72,Regular,C004,New Product Launch,Product,Email,2025-12-07,2025-12-31,674.56,18854,1265,57,5216.39,3099.63,5841.22,Yes,1,No,No,12,Inactive
10455,Layla Davis,Male,29,Nablus,Egypt,48899.65,Regular,C001,Summer Sale,Discount,Google Ads,2025-06-02,2025-06-25,340.06,38233,2164,100,9513.04,6708.72,8809.32,Yes,14,Yes,No,29,Returning
13977,Michael Saleh,Male,52,Gaza,Lebanon,61118.29,Regular,C006,Loyalty Rewards,Retention,Social Media,2025-09-27,2025-10-07,713.04,49618,2040,233,28318.34,22299.9,25766.63,Yes,2,Yes,No,15,New
11132,Sophia Nasser,Male,34,Beirut,UAE,50175.41,Budget,C002,Back to School,Seasonal,Website,2025-06-25,2025-07-07,819.3,47992,1838,176,21007.1,15435.04,21812.82,Yes,11,No,No,21,Returning
10650,Daniel Smith,Male,55,Hebron,Palestine,67405.72,Corporate,C002,Back to School,Seasonal,Website,2025-08-05,2025-09-04,294.32,95752,3179,104,19198.78,13606.54,17164.24,Yes,10,No,No,8,Returning
10847,Daniel Awwad,Female,38,Cairo,Egypt,59430.12,Regular,C002,Back to School,Seasonal,Display Ads,2025-06-16,2025-07-16,691.58,4491,78,3,492.4,320.88,423.07,Yes,4,No,No,9,Returning
11945,Daniel Awwad,Female,28,Dubai,Egypt,44403.68,Corporate,C006,Loyalty Rewards,Retention,Google Ads,2025-11-04,2025-12-03,350.32,28068,1605,155,18342.12,15601.46,16136.31,Yes,11,No,No,16,Returning
14160,Lina Hassan,Female,26,Doha,UAE,45722.91,Regular,C008,Weekend Flash Sale,Discount,Display Ads,2025-09-12,2025-10-04,116.81,36087,521,28,3722.47,2969.84,4337.21,Yes,11,Yes,No,11,New
11034,Adam Davis,Female,32,Jerusalem,UAE,45108.32,Budget,C004,New Product Launch,Product,SMS,2025-11-02,2025-11-24,277.78,81200,6846,605,68218.04,44325.22,72988.09,Yes,1,Yes,No,15,New
12712,Emma Miller,Female,31,Cairo,UAE,91053.05,Regular,C007,Spring Promotion,Seasonal,SMS,2025-05-16,2025-06-15,332.23,14331,1239,69,10595.49,7917.73,10455.72,Yes,13,No,No,4,New
13456,Olivia Khalil,Male,30,Amman,UAE,50813.09,Regular,C006,Loyalty Rewards,Retention,Email,2025-03-28,2025-04-18,637.45,56982,3169,319,52114.11,30923.14,49364.43,Yes,14,Yes,No,0,Returning
11269,Lina Wilson,Male,38,Doha,Qatar,42252.65,Regular,C002,Back to School,Seasonal,Google Ads,2025-07-08,2025-07-18,776.31,91389,3906,179,27183.96,23788.99,24184.63,Yes,6,No,No,3,Returning
10405,Omar Smith,Female,26,Amman,UAE,62853.91,Regular,C005,Holiday Offers,Seasonal,Google Ads,2025-07-02,2025-07-28,413.53,44567,1877,143,15935.77,9450.85,15319.5,Yes,11,No,No,25,New
11759,Adam Smith,Female,37,Dubai,Qatar,75377.74,Regular,C006,Loyalty Rewards,Retention,Email,2025-06-04,2025-07-04,479.35,76591,4109,347,49592.52,30763.38,49654.13,Yes,2,Yes,Yes,22,New
13881,Ali Smith,Female,49,Doha,Egypt,52383.78,Regular,C003,Black Friday,Discount,Email,2025-11-17,2025-12-16,662.06,76401,3909,333,49748.47,28166.54,53781.48,Yes,14,Yes,Yes,17,Returning
11988,Ali Brown,Male,37,Cairo,Egypt,52735.73,Corporate,C006,Loyalty Rewards,Retention,Display Ads,2025-12-14,2025-12-21,890.51,12033,392,20,2419.08,1797.75,2322.25,Yes,1,No,No,11,Returning
10642,Ali Khalil,Female,26,Hebron,Jordan,29982.75,Premium,C007,Spring Promotion,Seasonal,Google Ads,2025-01-25,2025-02-02,395.06,80596,3561,406,42745.17,32047.44,37929.01,Yes,6,Yes,No,22,New
11991,Olivia Miller,Male,28,Jerusalem,Palestine,68619.56,Budget,C004,New Product Launch,Product,Website,2025-10-14,2025-11-10,240.69,59160,1072,50,5676.61,3541.86,6366.07,Yes,5,Yes,No,17,Returning
12435,Layla Wilson,Male,47,Dubai,Qatar,67452.92,Regular,C004,New Product Launch,Product,Display Ads,2025-05-20,2025-05-31,64.65,97381,194,15,1347.93,785.1,1092.33,Yes,0,Yes,No,9,Returning
12409,Maya Brown,Female,28,Gaza,Qatar,66737.44,Regular,C007,Spring Promotion,Seasonal,Google Ads,2025-05-21,2025-05-28,356.43,34271,1772,24,5525.92,3361.19,4706.71,Yes,14,Yes,No,24,Returning
14055,Sophia Brown,Male,36,Doha,Egypt,83453.09,Budget,C006,Loyalty Rewards,Retention,Website,2025-02-17,2025-03-17,299.54,91340,2600,255,25499.7,16457.99,21151.38,Yes,15,No,No,26,Inactive
11383,Layla Brown,Female,37,Ramallah,UAE,44409.49,Corporate,C005,Holiday Offers,Seasonal,SMS,2025-11-09,2025-11-22,326.06,75084,6765,304,31289.44,20826.2,31956.2,Yes,10,Yes,No,2,Returning
13582,John Nasser,Male,23,Hebron,Egypt,32644.26,Regular,C003,Black Friday,Discount,Display Ads,2025-07-13,2025-08-07,698.82,99984,2148,236,47512.45,35929.03,38675.85,Yes,0,No,No,8,Returning
13199,Sophia Davis,Male,39,Ramallah,Lebanon,76366.92,Corporate,C003,Black Friday,Discount,Social Media,2025-10-23,2025-11-03,509.09,32349,1448,173,23286.53,13927.2,23255.33,Yes,4,No,No,12,Returning
10430,Noor Wilson,Male,37,Hebron,Qatar,83714.1,Budget,C005,Holiday Offers,Seasonal,Email,2025-07-18,2025-08-15,279.26,93862,4604,439,53249.89,45748.99,48794.34,YES,2,Yes,Yes,29,New
12677,Olivia Davis,Male,19,Nablus,UAE,32250.31,Budget,C006,Loyalty Rewards,Retention,Website,2025-07-17,2025-08-14,508.56,43170,1191,143,15265.24,13290.21,17502.96,Yes,14,No,No,20,Returning
13047,Michael Davis,Female,31,Cairo,Lebanon,72646.1,Premium,C006,Loyalty Rewards,Retention,Google Ads,2025-02-04,2025-03-06,482.87,17770,769,116,16314.62,12622.65,13797.85,Yes,12,No,No,20,Returning
12163,Adam Brown,Male,27,Jerusalem,Qatar,57529.16,Premium,C007,Spring Promotion,Seasonal,Email,2025-05-11,2025-05-31,388.31,47047,3208,339,25137.25,16393.1,23074.37,Yes,6,No,No,5,New
10720,Sophia Wilson,Female,20,Doha,Lebanon,29004.02,Premium,C006,Loyalty Rewards,Retention,Social Media,2025-01-26,2025-02-09,285.21,43202,1779,188,41958.68,28181.99,36134.07,Yes,2,Yes,No,18,Inactive
10178,Daniel Brown,Female,23,Ramallah,Jordan,50547.68,Regular,C006,Loyalty Rewards,Retention,Email,2025-10-06,2025-10-15,357.41,82539,4062,378,16849.96,12585.73,18178.97,Yes,8,No,No,26,New
13898,Sophia Brown,Male,22,Jerusalem,Qatar,51850.95,Budget,C001,Summer Sale,Discount,Google Ads,2025-03-07,2025-03-20,377.43,27298,1650,166,17140.53,15316.71,15379.02,Yes,3,Yes,No,12,New
14141,Ali Wilson,Male,35,Nablus,UAE,18000.0,,C002,Back to School,Seasonal,Website,2025-05-17,2025-06-04,283.64,60678,1637,116,14615.97,8145.85,14621.82,Yes,9,No,No,11,Returning
11088,Olivia Awwad,Male,39,Amman,Egypt,78663.95,Regular,C002,Back to School,Seasonal,Email,2025-05-29,2025-06-11,524.25,41988,2217,121,8357.85,5998.41,7039.11,Yes,6,Yes,No,0,Returning
13001,Sara Saleh,Male,18,Dubai,Palestine,22654.15,Premium,C003,Black Friday,Discount,Social Media,2025-02-25,2025-03-16,144.12,72558,2633,278,39729.09,24648.25,36345.7,Yes,14,No,No,10,Returning
13768,Sara Nasser,Female,18,Hebron,Jordan,79902.82,Premium,C004,New Product Launch,Product,Email,2025-11-09,2025-11-20,205.49,58626,3339,430,45721.36,30769.86,47024.16,Yes,9,Yes,Yes,13,Returning
10355,Maya Saleh,Male,33,Dubai,Palestine,82210.12,Corporate,C006,Loyalty Rewards,Retention,Google Ads,2025-09-19,2025-09-26,719.58,55356,3468,290,42094.59,28137.3,33788.52,Yes,4,No,No,14,New
13449,Michael Hassan,Male,40,Hebron,Qatar,40748.96,Regular,C008,Weekend Flash Sale,Discount,Display Ads,2025-01-30,2025-02-10,878.64,60097,1752,100,8149.19,7220.65,7037.64,Yes,10,Yes,No,0,New
13577,Olivia Awwad,Female,56,Beirut,Palestine,95182.23,Regular,C002,Back to School,Seasonal,Email,2025-04-02,2025-04-11,89.86,91965,4929,274,64190.75,53507.32,53036.5,Yes,2,No,Yes,22,Returning
11974,Emma Saleh,Male,51,Hebron,Palestine,40105.05,Regular,C006,Loyalty Rewards,Retention,Google Ads,2025-09-29,2025-10-15,375.94,96716,3279,208,22029.22,14666.98,22416.78,Yes,10,Yes,No,27,Inactive
10460,Michael Miller,Female,42,Hebron,Jordan,54074.89,,C004,New Product Launch,Product,Email,2025-03-17,2025-04-01,353.68,23652,1419,101,10102.29,7777.03,9552.11,Yes,12,Yes,Yes,16,Returning
12711,Sara Miller,Male,32,Jerusalem,Lebanon,57050.2,Premium,C002,Back to School,Seasonal,Display Ads,2025-02-03,2025-02-20,769.08,93573,1506,53,4525.39,2568.01,4291.65,Yes,9,Yes,No,24,New
11814,Adam Nasser,Female,47,Amman,Lebanon,38409.08,Regular,C007,Spring Promotion,Seasonal,Social Media,2025-05-02,2025-05-09,774.19,41880,2276,179,13820.8,9853.01,13348.87,Yes,15,No,No,22,New
10434,Ahmed Miller,Female,48,Ramallah,Qatar,51448.86,Budget,C005,Holiday Offers,Seasonal,Social Media,2025-08-19,2025-09-09,20.0,4826,169,19,2593.22,2178.2,2078.45,Yes,4,Yes,No,25,Returning
12209,Michael Awwad,Male,38,Jerusalem,UAE,38356.41,Budget,C003,Black Friday,Discount,Website,2025-12-15,2025-12-29,636.61,28309,810,69,9734.86,8239.56,10856.02,Yes,15,Yes,No,14,Returning
13065,John Davis,Male,25,Doha,Qatar,48853.6,Regular,C006,Loyalty Rewards,Retention,Email,2025-07-01,2025-07-27,660.47,12872,742,70,11657.62,7386.77,11072.78,Yes,15,No,Yes,22,Returning
10567,Omar Smith,Female,31,Beirut,Palestine,38802.56,Budget,C004,New Product Launch,Product,Social Media,2025-11-30,2025-12-09,609.01,64479,2472,147,14220.57,7960.33,12619.17,Yes,6,No,No,9,Returning
12112,Layla Awwad,Female,23,Amman,Lebanon,52780.64,Budget,C005,Holiday Offers,Seasonal,Google Ads,2025-03-18,2025-04-17,354.42,44284,1591,71,10656.02,7716.15,9018.09,Yes,6,No,No,14,New
13131,Emma Awwad,Female,28,Dubai,Jordan,65378.1,Budget,C008,Weekend Flash Sale,Discount,Website,2025-11-28,2025-12-15,335.61,56255,1828,213,26421.66,20650.46,28938.24,Yes,4,Yes,No,14,New
11312,Sophia Awwad,Male,28,Dubai,Lebanon,31746.82,Budget,C002,Back to School,Seasonal,Email,2025-10-15,2025-11-04,296.27,67678,4082,427,32804.25,27089.15,30694.87,Yes,0,No,Yes,19,Inactive
13572,Ahmed Miller,Male,39,Beirut,UAE,41086.48,Budget,C001,Summer Sale,Discount,Website,2025-02-04,2025-03-03,421.58,61756,2085,76,11860.44,7087.52,9702.99,Yes,1,Yes,No,27,New
13328,Maya Davis,Male,44,Amman,Lebanon,56057.6,Budget,C008,Weekend Flash Sale,Discount,SMS,2025-09-09,2025-10-01,805.91,7021,658,26,2781.71,1660.53,2546.51,Yes,2,No,No,21,Returning
13160,Lina Khalil,Male,45,Beirut,UAE,54791.02,Regular,C007,Spring Promotion,Seasonal,Google Ads,2025-08-11,2025-08-18,849.7,64837,2251,142,23810.83,18051.45,23215.63,Yes,14,Yes,No,20,New
13198,Sara Miller, male ,42,Jerusalem,Palestine,54696.25,Regular,C002,Back to School,Seasonal,Social Media,2025-07-08,2025-07-27,591.33,31978,982,87,10390.44,8152.1,10694.76,Yes,14,No,No,23,Returning
11432,Emma Awwad,Male,45,Doha,UAE,72825.39,Premium,C008,Weekend Flash Sale,Discount,Display Ads,2025-05-17,2025-06-16,424.94,69305,1494,38,8779.12,5199.23,7434.44,Yes,13,No,No,6,Returning
11071,Sara Wilson,Female,38,Gaza,Egypt,59547.81,Regular,C005,Holiday Offers,Seasonal,SMS,2025-08-19,2025-09-14,745.49,31794,2847,348,36777.4,23010.0,35157.33,Yes,11,No,No,20,Returning
11927,Emma Brown,Female,36,Ramallah,Jordan,25362.8,Regular,C001,Summer Sale,Discount,Email,2025-11-10,2025-11-23,232.31,8571,500,27,2855.6,1951.9,2316.72,Yes,12,No,Yes,18,New
14022,Sara Miller,Male,43,,Qatar,66882.37,Corporate,C004,New Product Launch,Product,Social Media,2025-07-09,2025-07-23,620.3,89398,3895,357,72809.77,59531.41,58981.56,Yes,1,Yes,No,20,New
13919,Adam Awwad,Female,43,Dubai,Egypt,18000.0,Premium,C008,Weekend Flash Sale,Discount,Google Ads,2025-04-29,2025-05-13,755.84,43678,2004,97,9979.09,5674.53,10655.41,Yes,10,Yes,No,13,Returning
12268,Olivia Nasser,Female,41,Cairo,Palestine,55119.48,Premium,C003,Black Friday,Discount,SMS,2025-10-30,2025-11-27,384.01,77732,7082,638,95882.39,67905.84,84206.09,Yes,6,No,No,23,Returning
11354,Lina Hassan,Male,27,Ramallah,Qatar,59024.79,Regular,C007,Spring Promotion,Seasonal,Google Ads,2025-01-05,2025-01-19,24.6,74904,2954,274,28718.27,22269.86,26834.45,Yes,8,No,No,11,Returning
10455,Daniel Smith,Female,47,Doha,Lebanon,75615.84,Regular,C002,Back to School,Seasonal,SMS,2025-06-03,2025-06-16,726.0,10220,680,80,8239.74,5452.59,8387.86,Yes,4,No,No,6,New
12866,Noor Davis,Male,45,Ramallah,Lebanon,39411.88,Regular,C006,Loyalty Rewards,Retention,Email,2025-10-28,2025-11-08,766.56,60718,3824,259,17729.0,10918.11,20424.09,Yes,5,Yes,Yes,1,Returning
13057,Michael Smith,Female,18,Jerusalem,Egypt,34352.74,Regular,C004,New Product Launch,Product,Website,2025-02-21,2025-03-13,566.15,70733,2500,188,28700.24,21180.42,33505.83,Yes,12,No,No,0,Returning
12659,Ahmed Brown,Female,38,Hebron,Egypt,52350.91,Regular,C005,Holiday Offers,Seasonal,Google Ads,2025-02-24,2025-03-04,646.82,94459,4265,147,18729.11,13491.98,17836.82,Yes,2,Yes,No,9,New
13883,Yousef Miller,Male,34,Amman,UAE,72660.5,Budget,C003,Black Friday,Discount,Email,2025-01-01,2025-01-11,516.33,69256,4042,296,8555.85,7381.8,8716.72,Yes,2,Yes,No,19,Returning
10931,Adam Hassan,Male,41,Amman,Qatar,43093.22,Corporate,C006,Loyalty Rewards,Retention,Social Media,2025-09-28,2025-10-14,339.49,66402,2363,144,16803.35,12179.4,14501.56,Yes,2,Yes,No,2,New
11546,Layla Wilson,Female,28,Dubai,Palestine,42518.86,Regular,C007,Spring Promotion,Seasonal,Google Ads,2025-12-18,2025-12-30,410.02,50877,2539,81,4893.38,4247.49,4979.07,Yes,5,No,No,26,Inactive
12326,Sophia Hassan,Male,38,Jerusalem,Palestine,60827.59,Budget,C006,Loyalty Rewards,Retention,Display Ads,2025-05-09,2025-05-28,681.55,82155,499,57,8177.32,5311.76,7516.39,Yes,5,Yes,No,21,New
14016,Ali Wilson,Male,43,Gaza,Jordan,69315.94,Regular,C007,Spring Promotion,Seasonal,Email,2025-11-16,2025-12-03,325.56,34472,1404,141,22649.47,18768.19,19495.23,Yes,15,Yes,No,1,Returning
12047,Ali Awwad,Female,41,Beirut,UAE,63579.04,Premium,C004,New Product Launch,Product,Google Ads,2025-03-10,2025-03-19,558.36,34547,1172,89,10691.13,6499.25,8875.96,Yes,2,Yes,No,0,Inactive
10875,Olivia Smith,Female,25,Ramallah,Qatar,62129.64,Regular,C006,Loyalty Rewards,Retention,SMS,2025-05-10,2025-06-07,660.62,11758,1244,47,8429.09,6624.75,6813.51,YES,10,No,No,3,New
13562,John Smith,Male,38,Jerusalem,Egypt,37754.57,Regular,C002,Back to School,Seasonal,Google Ads,2025-08-09,2025-09-07,782.42,99985,5036,452,53824.17,31466.49,52721.62,Yes,10,Yes,No,14,Returning
13058,Olivia Davis,Male,18,Beirut,Palestine,46218.32,Budget,C003,Black Friday,Discount,Display Ads,2025-06-05,2025-06-30,496.97,23867,514,59,4570.78,2699.73,5169.47,Yes,5,Yes,No,26,Returning
10841,Layla Hassan,Female,-5,Cairo,Palestine,48299.38,Regular,C005,Holiday Offers,Seasonal,Email,2025-02-13,2025-02-26,702.88,67770,3551,259,32068.03,24152.7,28608.45,Yes,11,Yes,Yes,18,Returning
12331,Maya Brown,Female,52,Jerusalem,Palestine,70487.22,Corporate,C003,Black Friday,Discount,Display Ads,2025-01-16,2025-01-26,112.24,59511,1456,129,19352.5,16754.62,16099.84,Yes,9,Yes,No,4,New
12480,Layla Brown,Female,45,Dubai,UAE,56646.64,Regular,C002,Back to School,Seasonal,Display Ads,2025-10-05,2025-10-16,536.52,61232,1050,68,11300.18,8022.81,10191.58,Yes,5,Yes,No,7,Returning
12679,Sara Brown,Female,39,Gaza,Lebanon,63195.65,Regular,C002,Back to School,Seasonal,Google Ads,2025-04-08,2025-04-19,22.55,94783,4311,347,33487.0,20652.8,28791.31,Yes,3,Yes,No,28,New
12578,Lina Saleh,Male,28,Amman,Qatar,22668.44,Budget,,Black Friday,Discount,Social Media,2025-05-29,2025-06-10,334.94,71691,2836,88,11266.05,9671.82,11931.77,Yes,8,Yes,No,23,New
12063,John Hassan,Female,31,Doha,Palestine,54079.38,Regular,C003,Black Friday,Discount,Email,2025-03-13,2025-03-30,885.19,32861,2153,106,7482.15,6245.65,7612.54,Yes,8,Yes,No,14,Returning
13884,John Awwad,Female,41,Jerusalem,Egypt,69272.3,Corporate,C004,New Product Launch,Product,Display Ads,2025-11-21,2025-12-19,421.15,87096,2466,136,6946.3,4962.56,6620.59,Yes,15,No,No,22,Returning
10425,Olivia Wilson,Male,18,Ramallah,Palestine,62061.73,Regular,C006,Loyalty Rewards,Retention,Social Media,2025-05-30,2025-06-28,289.46,7284,323,39,4941.87,2779.94,4748.2,Yes,0,Yes,No,26,New
13035,Ali Awwad,Female,34,Jerusalem,UAE,18000.0,Budget,C003,Black Friday,Discount,Google Ads,2025-05-22,2025-06-03,492.13,57157,2554,267,33049.84,26794.48,28049.72,Yes,11,No,No,28,New
11699,Maya Wilson,Female,36,Hebron,Egypt,82349.1,Regular,C003,Black Friday,Discount,Social Media,2025-10-12,2025-11-09,801.05,14052,466,14,2205.82,1361.2,2107.64,Yes,5,Yes,No,29,Returning
11364,Michael Davis,Female,48,Cairo,Palestine,45758.86,Regular,C001,Summer Sale,Discount,Google Ads,2025-04-03,2025-04-30,335.42,30941,1443,115,14516.46,8385.81,12926.14,Yes,11,No,No,24,Returning
13009,Noor Khalil,Male,50,Dubai,Lebanon,40739.18,Regular,C003,Black Friday,Discount,Display Ads,2025-02-11,2025-03-10,205.63,25556,360,28,6032.85,4838.17,4950.1,Yes,10,Yes,No,9,Returning
12836,Ahmed Wilson,Male,56,Doha,Qatar,54929.57,Regular,C005,Holiday Offers,Seasonal,Website,2025-05-25,2025-06-22,610.68,76242,2333,133,14313.47,9765.5,16575.56,Yes,12,Yes,No,25,New
13410,Sophia Hassan,Male,56,Hebron,Egypt,44951.74,Corporate,C006,Loyalty Rewards,Retention,Website,2025-07-03,2025-07-12,478.83,80570,1893,103,17715.8,14383.25,14239.14,Yes,8,No,No,23,Returning
11335,Emma Miller,Female,37,Amman,Palestine,51391.99,Regular,C004,New Product Launch,Product,Display Ads,2025-01-18,2025-02-17,568.56,43413,787,126,16531.35,11484.57,17335.76,Yes,2,No,No,9,New
12904,Sara Khalil,Male,34,Beirut,Qatar,71002.75,Regular,C006,Loyalty Rewards,Retention,Email,2025-12-11,2025-12-25,584.99,56715,2926,339,46008.06,39048.22,50758.07,Yes,7,Yes,Yes,19,New
10250,Yousef Khalil,Female,23,Hebron,Qatar,64641.52,Budget,C003,Black Friday,Discount,Social Media,2025-05-02,2025-05-17,185.02,18104,460,32,7189.32,5991.9,6843.07,Yes,13,No,No,26,Returning
10324,Adam Hassan,Male,44,Cairo,Palestine,35133.95,Premium,C002,Back to School,Seasonal,SMS,2025-02-02,2025-02-25,570.35,82038,6757,818,134296.68,105578.8,118300.58,Yes,7,No,No,30,Inactive
12623,Lina Khalil,Male,38,Jerusalem,Qatar,59330.45,Budget,C007,Spring Promotion,Seasonal,Social Media,2025-09-12,2025-09-25,772.17,9718,316,16,3074.72,1912.62,2574.84,Yes,2,No,No,19,Returning
10862,Ahmed Davis,Female,33,Jerusalem,Jordan,35305.56,Premium,C007,Spring Promotion,Seasonal,Display Ads,2025-06-21,2025-07-16,761.11,34502,559,30,3099.37,2282.35,3546.35,Yes,0,Yes,No,7,Returning
14174,Ahmed Saleh,Female,27,Gaza,Egypt,39765.75,Corporate,C002,Back to School,Seasonal,Display Ads,2025-01-20,2025-01-28,222.13,17406,485,32,2747.69,1754.37,3136.65,Yes,2,Yes,No,9,New
10715,Michael Awwad,Male,37,Cairo,UAE,51756.56,Corporate,C002,Back to School,Seasonal,SMS,2025-11-21,2025-12-15,322.17,62180,6441,435,50961.49,33050.67,56177.26,Yes,14,Yes,No,5,Returning
13918,Ahmed Saleh,Male,45,Nablus,UAE,,Regular,C005,Holiday Offers,Seasonal,Display Ads,2025-09-11,2025-09-26,282.22,28424,355,26,2495.42,1410.38,2798.46,Yes,6,No,No,9,New
12960,Ali Awwad,Male,38,Gaza,Qatar,71102.65,Premium,C001,Summer Sale,Discount,Display Ads,2025-05-30,2025-06-09,269.59,26619,438,42,6313.57,5593.92,5753.54,Yes,3,Yes,No,10,Returning
13730,Layla Hassan,Male,37,Doha,Jordan,68326.0,Budget,C003,Black Friday,Discount,Display Ads,2025-04-29,2025-05-25,288.86,47337,770,74,4757.33,3430.95,4201.04,Yes,13,No,No,4,Returning
10629,Olivia Davis,Female,44,Doha,Qatar,57130.77,,C008,Weekend Flash Sale,Discount,Google Ads,2025-02-02,2025-02-15,873.96,66049,2441,156,33471.86,27662.55,36993.48,Yes,15,No,No,21,New
10689,Noor Miller,Female,31,Jerusalem,Palestine,31367.57,Regular,C008,Weekend Flash Sale,Discount,Social Media,2025-01-20,2025-02-04,542.64,47849,1026,56,7195.28,5219.83,6427.45,Yes,3,No,No,10,New
14177,Ali Wilson,Male,38,Gaza,Palestine,,Regular,C001,Summer Sale,Discount,SMS,2025-10-24,2025-11-21,419.9,53287,4534,353,22382.32,18540.97,24944.67,Yes,9,Yes,No,7,Returning
12850,Olivia Smith,Female,33,Beirut,Jordan,32734.84,Corporate,C002,Back to School,Seasonal,Website,2025-11-23,2025-12-10,920.68,31750,687,12,1208.08,782.38,986.29,Yes,12,Yes,No,1,Returning
12505,Adam Saleh,Male,36,Doha,Palestine,76249.47,Budget,C006,Loyalty Rewards,Retention,Google Ads,2025-01-16,2025-02-05,322.44,30371,1189,119,17929.18,10741.29,14840.59,Yes,10,No,No,28,Returning
10447,Michael Khalil,Female,43,Hebron,Qatar,68945.92,Regular,C005,Holiday Offers,Seasonal,Social Media,2025-01-29,2025-02-26,149.28,45898,1471,96,14263.9,8938.7,12798.02,Yes,11,No,No,23,New
12619,Yousef Nasser,Male,26,Doha,Egypt,59355.45,Budget,C007,Spring Promotion,Seasonal,SMS,2025-08-28,2025-09-26,571.62,66473,6300,545,40449.37,35342.49,40992.68,Yes,5,Yes,No,25,New
10318,Michael Hassan,Male,18,Gaza,Palestine,48869.13,Budget,C005,Holiday Offers,Seasonal,SMS,2025-02-04,2025-02-14,507.88,23278,2053,159,20011.86,13577.47,19053.79,Yes,9,No,No,3,Returning
14029,Ahmed Nasser,Male,44,Nablus,Lebanon,18000.0,Corporate,C007,Spring Promotion,Seasonal,SMS,2025-09-05,2025-09-14,113.86,68895,5364,220,21321.64,18890.44,23124.92,Yes,13,No,No,30,New
11033,Layla Nasser,Female,49,Nablus,Lebanon,58539.48,Regular,C007,Spring Promotion,Seasonal,SMS,2025-02-12,2025-02-22,478.85,2554,236,27,4746.61,2994.28,3817.71,Yes,3,No,No,14,Returning
11287,Daniel Wilson,Male,24,Gaza,Lebanon,40680.77,Regular,C001,Summer Sale,Discount,SMS,2025-05-06,2025-05-17,176.77,40864,3245,405,65907.76,59129.62,60070.84,Yes,12,No,No,24,Returning
13956,Yousef Miller,Male,42,Hebron,Lebanon,88514.47,Budget,C005,Holiday Offers,Seasonal,Social Media,2025-09-20,2025-09-30,634.3,61322,2041,147,13981.09,10496.49,15210.26,Yes,14,Yes,No,8,Returning
12324,Michael Awwad,Female,36,Cairo,Palestine,69650.07,Premium,C004,New Product Launch,Product,Email,2025-02-17,2025-03-12,300.3,56337,2830,254,18520.92,12502.47,19935.57,Yes,9,Yes,Yes,26,New
13105,Emma Khalil,Male,32,Jerusalem,Qatar,46222.5,Regular,C002,Back to School,Seasonal,SMS,2025-01-30,2025-02-06,273.38,32708,2771,396,55699.9,35914.41,47572.33,Yes,8,Yes,No,28,Returning
11267,Emma Brown,Female,28,Gaza,Palestine,51847.63,Corporate,C006,Loyalty Rewards,Retention,Social Media,2025-07-14,2025-07-25,452.14,41814,1688,176,23008.44,19271.1,22283.81,Yes,2,Yes,No,6,New
12113,Sara Khalil,Male,30,Beirut,Palestine,34362.1,Regular,C001,Summer Sale,Discount,SMS,2025-01-06,2025-01-28,578.92,13929,1179,95,19903.79,11314.61,16845.01,Yes,7,No,No,20,Returning
10271,Emma Hassan,Male,41,Ramallah,Lebanon,50112.8,Regular,C003,Black Friday,Discount,Display Ads,2025-08-06,2025-08-27,212.55,86219,1987,192,27089.86,17416.88,24169.76,Yes,7,No,No,26,New
11115,Daniel Brown,Male,18,Ramallah,Qatar,60602.71,Premium,C006,Loyalty Rewards,Retention,Display Ads,2025-11-15,2025-12-10,221.13,94271,1298,65,6734.73,5571.22,7841.22,Yes,9,No,No,23,New
10699,Yousef Smith,Female,45,Hebron,Qatar,48074.39,Budget,C006,Loyalty Rewards,Retention,Website,2025-03-20,2025-04-08,490.97,69963,1700,107,16313.57,10512.45,13261.41,Yes,4,No,No,1,Returning
12548,Omar Hassan,Male,21,Jerusalem,Jordan,68226.6,Regular,C006,Loyalty Rewards,Retention,Website,2025-04-28,2025-05-16,424.87,67500,1096,88,14163.13,12414.45,12870.68,Yes,1,Yes,No,30,Returning
12731,Maya Davis,Male,31,Amman,Palestine,46173.58,Corporate,C008,Weekend Flash Sale,Discount,Google Ads,2025-01-24,2025-02-15,211.35,94356,4254,179,23380.43,14980.69,20450.17,Yes,2,No,No,25,New
12415,Lina Smith,Male,23,Gaza,Lebanon,46078.32,Budget,C008,Weekend Flash Sale,Discount,SMS,2025-09-05,2025-09-20,468.85,37891,3627,84,15761.17,10021.72,14865.69,Yes,8,No,No,8,Returning
12508,Sophia Nasser,Male,38,Nablus,Qatar,63741.03,Premium,C003,Black Friday,Discount,SMS,2025-06-02,2025-06-26,774.04,57436,5182,358,47619.37,39562.86,47013.96,Yes,4,No,No,11,Returning
14071,Michael Miller,Male,31,Cairo,UAE,19734.73,Corporate,C005,Holiday Offers,Seasonal,Display Ads,2025-07-14,2025-07-21,438.14,76890,1143,58,7471.31,6322.64,6144.06,Yes,3,Yes,No,3,New
10200,Michael Hassan,Female,44,Gaza,UAE,77187.66,Budget,C007,Spring Promotion,Seasonal,Email,2025-02-17,2025-03-09,380.3,8422,461,58,3948.81,2780.46,3834.13,Yes,7,Yes,No,8,Returning
11175,John Hassan,Female,37,Ramallah,Lebanon,69303.54,Regular,C004,New Product Launch,Product,Email,2025-12-18,2026-01-06,602.19,7941,429,27,3297.64,2599.0,3026.25,Yes,6,Yes,Yes,26,New
12435,Noor Miller,Female,51,Gaza,Jordan,70959.5,Regular,C006,Loyalty Rewards,Retention,Social Media,2025-12-18,2026-01-01,607.78,56517,2265,267,31415.11,23544.62,27488.44,Yes,2,No,No,18,Inactive
12151,Daniel Nasser,Female,41,Beirut,UAE,63149.73,Budget,C002,Back to School,Seasonal,Social Media,2025-08-18,2025-09-17,705.99,25802,1460,113,12857.38,10136.36,11132.24,Yes,3,No,No,22,Inactive
11178,Michael Khalil,Male,45,Jerusalem,Jordan,38817.58,Corporate,C005,Holiday Offers,Seasonal,Email,2025-03-24,2025-04-06,763.5,79104,3163,301,40933.01,23979.65,38321.84,Yes,6,Yes,No,4,Returning
13348,Yousef Awwad,Female,28,Nablus,UAE,34469.59,Budget,C007,Spring Promotion,Seasonal,Google Ads,2025-12-06,2025-12-24,619.43,13515,641,49,5634.05,4093.84,5588.01,Yes,2,Yes,No,17,Returning
11006,Ahmed Smith,Male,27,Jerusalem,Lebanon,56542.26,Budget,C003,Black Friday,Discount,Website,2025-11-05,2025-11-17,559.05,5462,115,8,1473.23,1113.29,1216.7,Yes,15,No,No,21,Returning
11391,Lina Wilson,Female,60,Doha,Qatar,57892.68,Budget,C003,Black Friday,Discount,Social Media,2025-11-16,2025-11-29,591.0,42226,1291,206,36085.88,30202.87,30828.8,Yes,8,Yes,No,29,Returning
13743,Adam Hassan,Female,29,Cairo,Jordan,65130.6,Regular,C003,Black Friday,Discount,Email,2025-06-26,2025-07-06,885.4,5882,270,26,4669.09,2678.65,3738.58,Yes,0,Yes,Yes,14,Returning
11587,Yousef Davis,Female,34,Beirut,Lebanon,41938.89,Budget,C006,Loyalty Rewards,Retention,Social Media,2025-09-12,2025-09-21,605.85,47842,1811,163,19958.9,11161.44,20384.03,Yes,11,No,No,7,New
11487,Ahmed Davis,Male,41,Ramallah,Egypt,67506.69,Regular,C001,Summer Sale,Discount,Display Ads,2025-10-18,2025-11-05,599.14,7281,71,8,776.52,549.2,886.92,Yes,15,Yes,No,26,New
11866,Sara Hassan,Female,28,,UAE,73813.74,Corporate,C005,Holiday Offers,Seasonal,Website,2025-06-24,2025-07-02,567.61,21459,745,38,7905.82,6825.04,6809.79,Yes,14,No,No,19,Returning
10220,Lina Brown,Male,18,Nablus,Egypt,66319.68,Premium,C003,Black Friday,Discount,Social Media,2025-01-15,2025-02-08,738.06,86379,3432,434,62495.02,50846.64,51945.22,Yes,15,Yes,No,27,New
12288,Emma Hassan,Male,40,Beirut,Lebanon,18000.0,Budget,C007,Spring Promotion,Seasonal,Email,2025-03-09,2025-03-23,538.58,27986,1245,17,1889.56,1451.83,2098.09,Yes,2,No,No,29,Returning
13806,Emma Khalil,Female,50,Amman,Qatar,63118.79,Budget,C001,Summer Sale,Discount,Social Media,2025-03-27,2025-04-09,810.56,2303,68,7,637.56,485.66,607.2,Yes,1,No,No,27,New
10550,Michael Smith,Male,54,Jerusalem,Lebanon,65141.28,Regular,C004,New Product Launch,Product,Email,2025-01-25,2025-02-15,400.47,67770,3331,355,32947.51,21863.63,31288.73,Yes,13,Yes,Yes,22,Returning
12770,Ahmed Miller,Female,45,Beirut,Palestine,20876.57,Regular,C001,Summer Sale,Discount,Google Ads,2025-11-13,2025-12-04,627.34,23565,1063,63,2430.14,1912.53,2384.8,Yes,7,No,No,13,Returning
11049,Michael Hassan,Female,41,Amman,Palestine,49984.03,Regular,C002,Back to School,Seasonal,Google Ads,2025-12-20,2025-12-31,515.92,5659,280,14,2400.45,1963.33,1999.44,Yes,9,Yes,No,20,Returning
12654,Omar Nasser,Female,35,Jerusalem,Palestine,35711.58,Regular,C007,Spring Promotion,Seasonal,Google Ads,2025-12-06,2025-12-19,47.95,39283,1697,134,12559.68,10771.02,11234.87,Yes,6,No,No,3,Returning
13094,Michael Nasser,Male,29,Doha,Egypt,20514.36,Budget,C007,Spring Promotion,Seasonal,Website,2025-09-19,2025-10-19,403.55,91788,3403,247,31697.93,18270.11,27951.29,Yes,11,No,No,14,New
10705,Omar Brown,Female,36,Doha,Lebanon,73385.2,Regular,C007,Spring Promotion,Seasonal,Google Ads,2025-02-16,2025-03-11,345.19,59167,2105,186,16926.94,11188.05,16557.76,Yes,7,No,No,17,Returning
13724,Olivia Awwad,Male,36,Jerusalem,UAE,69102.43,Regular,C002,Back to School,Seasonal,SMS,2025-05-17,2025-06-04,833.51,89076,7579,422,28175.19,19820.93,27460.84,Yes,4,No,No,7,Inactive
10120,Yousef Wilson,Male,49,Gaza,Palestine,18738.32,Regular,C004,New Product Launch,Product,SMS,2025-06-26,2025-07-05,441.47,67210,5947,455,48398.46,29641.73,41752.56,Yes,14,No,No,12,Returning
13540,Lina Awwad,Male,44,Jerusalem,Qatar,82203.81,Corporate,C006,Loyalty Rewards,Retention,SMS,2025-03-02,2025-03-13,446.8,48237,4165,425,63269.55,38215.11,62620.96,Yes,12,No,No,5,Inactive
12042,Ahmed Awwad,Female,26,Doha,Lebanon,51389.69,Regular,C006,Loyalty Rewards,Retention,Website,2025-02-28,2025-03-18,416.75,31187,459,21,2743.51,1881.84,3050.12,Yes,4,No,No,5,New
10162,Ahmed Miller,Male,27,Amman,Qatar,38187.9,Budget,C004,New Product Launch,Product,SMS,2025-12-01,2025-12-27,374.88,6552,505,41,6171.14,3974.42,6101.61,Yes,6,Yes,No,6,Inactive
12015,John Smith,Male,40,Jerusalem,Egypt,49909.47,Regular,C007,Spring Promotion,Seasonal,Display Ads,2025-10-02,2025-10-17,280.6,81310,1360,141,18962.38,15316.45,18518.41,Yes,14,No,No,26,Inactive
10357,Sophia Awwad,Male,21,Doha,UAE,82851.6,Corporate,C002,Back to School,Seasonal,Google Ads,2025-05-03,2025-05-17,126.81,58845,2728,229,36504.7,27631.82,29210.31,Yes,1,Yes,No,25,New
14000,Layla Nasser,Male,54,Dubai,Egypt,,Regular,C007,Spring Promotion,Seasonal,Social Media,2025-09-15,2025-10-14,659.52,60587,2546,239,33753.23,22791.04,30025.94,Yes,13,Yes,No,27,New
13916,Olivia Nasser,Male,18,Amman,UAE,34816.97,Corporate,C007,Spring Promotion,Seasonal,SMS,2025-03-04,2025-03-27,159.31,20061,1948,207,36071.05,21989.6,29564.93,YES,9,No,No,9,New
14145,Emma Saleh,Male,51,Gaza,Palestine,59596.12,Budget,C008,Weekend Flash Sale,Discount,Social Media,2025-08-03,2025-08-16,20.0,93404,2799,127,26893.37,16074.8,23375.54,Yes,8,Yes,No,2,Returning
11793,Maya Khalil,Female,25,Beirut,Palestine,42115.13,Premium,C002,Back to School,Seasonal,Social Media,2025-03-12,2025-04-09,206.12,91731,3303,338,73130.85,53313.1,60727.82,Yes,0,No,No,22,New
12877,Sophia Wilson,Female,42,Ramallah,UAE,81181.33,Budget,C005,Holiday Offers,Seasonal,Email,2025-08-26,2025-09-22,927.69,91690,5585,430,42813.28,36101.82,48778.0,Yes,12,Yes,Yes,13,Returning
10693,Sara Brown,Female,27,Amman,Qatar,76897.51,Budget,C008,Weekend Flash Sale,Discount,Display Ads,2025-08-19,2025-09-07,430.71,49316,558,39,3926.96,2505.78,4001.86,Yes,15,No,No,12,Returning
13229,Omar Davis,FEMALE,32,Jerusalem,Palestine,69870.91,Regular,C006,Loyalty Rewards,Retention,Display Ads,2025-03-13,2025-04-07,388.7,57619,848,73,18490.61,11367.4,14897.57,Yes,9,No,No,28,New
14023,Emma Awwad,Female,34,Beirut,Egypt,76392.55,Regular,C008,Weekend Flash Sale,Discount,Website,2025-03-10,2025-04-04,330.83,73679,1456,142,16708.24,13519.31,16890.05,Yes,15,Yes,No,14,Returning
11162,Maya Awwad,Female,44,Ramallah,Lebanon,38254.39,Budget,C006,Loyalty Rewards,Retention,Display Ads,2025-01-21,2025-02-10,308.73,80103,2504,195,25908.62,20101.83,22644.48,Yes,5,No,No,25,Returning
13538,Yousef Awwad,Male,52,Dubai,Qatar,62866.32,Premium,C007,Spring Promotion,Seasonal,SMS,2025-04-14,2025-05-09,435.63,5405,458,43,2437.73,1559.98,1951.5,Yes,7,Yes,No,25,Inactive
10456,Adam Khalil,Male,54,Beirut,Jordan,45913.32,Regular,C001,Summer Sale,Discount,Email,2025-02-25,2025-03-07,515.73,67125,3162,314,32284.29,21410.43,28567.08,Yes,8,Yes,Yes,8,Returning
14081,Daniel Smith,Male,33,Gaza,UAE,70029.81,Regular,C007,Spring Promotion,Seasonal,Email,2025-06-25,2025-07-04,490.18,36738,2270,293,36742.8,29307.12,31996.99,Yes,6,Yes,Yes,8,New
11730,Daniel Khalil,Female,40,Beirut,Egypt,,Regular,C008,Weekend Flash Sale,Discount,Display Ads,2025-02-15,2025-03-15,636.13,32158,814,49,7191.38,6255.45,6784.75,Yes,10,No,No,12,Inactive
13540,Noor Saleh,Female,45,Cairo,Qatar,44072.61,Budget,C002,Back to School,Seasonal,SMS,2025-12-01,2025-12-25,621.28,18963,1617,86,7736.05,4586.96,6879.58,Yes,10,No,No,28,New
10909,Sophia Hassan,Female,25,Dubai,Egypt,87334.67,Regular,C008,Weekend Flash Sale,Discount,SMS,2025-12-27,2026-01-08,217.42,78082,5414,467,53978.16,47368.57,59775.19,Yes,6,No,No,25,Inactive
12327,Lina Brown,Female,20,Ramallah,Qatar,46268.02,Corporate,C008,Weekend Flash Sale,Discount,Social Media,2025-08-11,2025-09-02,160.18,74501,2862,205,49756.1,29649.2,44196.54,Yes,1,Yes,No,26,Inactive
14051,Ali Miller,Male,39,Beirut,UAE,76351.88,Budget,C003,Black Friday,Discount,Email,2025-04-07,2025-05-01,928.65,87061,4475,252,25943.72,21548.28,27394.45,Yes,14,Yes,No,3,Returning
10617,Omar Nasser,Female,57,Dubai,Jordan,61608.98,Budget,C005,Holiday Offers,Seasonal,SMS,2025-12-19,2025-12-31,480.96,20226,1998,150,28473.21,19726.58,22977.64,Yes,1,Yes,No,12,New
11932,Adam Smith,Male,51,Cairo,Jordan,25388.25,Regular,C003,Black Friday,Discount,SMS,2025-03-07,2025-03-24,489.01,32033,2776,411,55311.47,42873.12,46446.69,Yes,2,No,No,0,New
12572,Daniel Miller,Female,40,Ramallah,Lebanon,69770.38,Regular,C003,Black Friday,Discount,Email,2025-03-14,2025-03-30,427.52,69865,4403,574,43562.03,29586.26,38606.57,Yes,9,Yes,No,1,Returning
11740,Noor Hassan,Male,31,Beirut,Lebanon,55518.74,Corporate,C008,Weekend Flash Sale,Discount,Email,2025-03-13,2025-03-28,20.0,35867,2171,80,9941.43,7624.16,9803.38,Yes,0,Yes,No,2,New
13835,Olivia Khalil,Male,31,Hebron,Lebanon,74753.61,Regular,C004,New Product Launch,Product,Social Media,2025-09-08,2025-09-30,303.98,83022,2837,182,27840.9,17819.27,25113.85,Yes,7,No,No,13,Returning
13260,Ali Wilson,Male,23,Doha,UAE,,Regular,C004,New Product Launch,Product,Google Ads,2025-06-14,2025-06-30,48.16,73561,4272,455,50094.37,30703.02,45637.39,Yes,3,No,No,14,Inactive
13192,Sophia Brown,Male,35,Amman,Lebanon,61535.77,Regular,C004,New Product Launch,Product,Website,2025-03-07,2025-04-02,521.74,35398,669,7,600.67,359.56,612.0,Yes,5,No,No,22,New
10566,Emma Awwad,Male,34,Hebron,UAE,36222.34,Budget,C004,New Product Launch,Product,Display Ads,2025-05-08,2025-06-02,488.54,7124,139,5,266.28,215.5,259.87,Yes,13,Yes,No,15,Returning
12708,Maya Nasser,Female,46,Doha,Jordan,35931.87,Regular,C002,Back to School,Seasonal,Social Media,2025-11-05,2025-12-01,20.0,6188,252,28,3222.06,2449.35,3071.66,Yes,7,No,No,29,New
11213,Michael Smith,Male,18,Beirut,Lebanon,33469.72,Budget,C006,Loyalty Rewards,Retention,SMS,2025-12-08,2025-12-17,743.88,38225,4475,353,53094.85,37033.54,53039.07,Yes,5,Yes,No,25,Returning
11532,Maya Awwad,Female,18,Amman,Egypt,32874.92,Premium,C001,Summer Sale,Discount,Display Ads,2025-05-22,2025-06-06,573.12,25349,50,6,1002.0,644.75,828.47,Yes,12,No,No,28,New
12057,Adam Hassan,Female,39,Beirut,Palestine,56880.76,Regular,C003,Black Friday,Discount,Display Ads,2025-12-29,2026-01-05,197.18,83277,1686,137,14679.25,12799.53,13866.45,Yes,1,No,No,20,New
13617,John Davis,Male,21,Amman,Jordan,74491.15,Regular,C001,Summer Sale,Discount,Display Ads,2025-09-17,2025-10-08,259.73,71982,1118,109,6969.03,6067.24,6914.95,Yes,10,No,No,3,New
11544,Emma Saleh,Male,38,Nablus,Palestine,48595.26,Regular,C001,Summer Sale,Discount,Display Ads,2025-08-05,2025-08-18,20.0,83617,2090,147,20288.91,14170.69,19187.41,Yes,4,No,No,16,Returning
13899,Michael Smith,FEMALE,47,Dubai,UAE,27828.07,Regular,C002,Back to School,Seasonal,SMS,2025-03-26,2025-04-19,971.4,86754,7967,452,76296.44,49688.3,74754.44,Yes,9,No,No,20,New
13451,Adam Saleh,Male,26,Gaza,Qatar,59732.93,Regular,C007,Spring Promotion,Seasonal,Website,2025-05-26,2025-06-04,532.87,44302,771,149,16343.79,9681.74,13929.4,Yes,9,No,No,23,New
12561,Olivia Saleh,Female,27,Ramallah,Egypt,66670.71,Regular,C008,Weekend Flash Sale,Discount,SMS,2025-10-19,2025-11-16,1055.94,51173,4447,474,46083.57,30623.6,48557.07,Yes,11,No,No,29,Returning
13374,Ahmed Awwad,Male,42,Hebron,Qatar,78339.5,Budget,C003,Black Friday,Discount,Social Media,2025-10-19,2025-11-07,189.84,97069,3435,252,35740.56,19766.2,28631.4,Yes,8,No,No,20,New
11309,Maya Hassan,Female,32,Ramallah,Lebanon,65563.33,Regular,C006,Loyalty Rewards,Retention,SMS,2025-10-28,2025-11-24,751.25,48769,3636,338,34239.16,24639.72,32628.52,Yes,6,No,No,20,New
13386,Omar Nasser,Male,42,Gaza,Jordan,52330.02,Corporate,C005,Holiday Offers,Seasonal,Social Media,2025-01-30,2025-02-11,240.5,81610,819,89,12629.72,10438.8,12888.56,Yes,15,Yes,No,17,New
11272,Maya Miller,Male,38,Ramallah,Palestine,63628.38,Regular,C004,New Product Launch,Product,Google Ads,2025-11-23,2025-12-04,602.38,41315,1678,173,,13383.14,20156.77,Yes,6,Yes,No,5,Returning
10713,Layla Miller,Female,36,Jerusalem,Egypt,32629.13,Regular,C008,Weekend Flash Sale,Discount,SMS,2025-12-13,2026-01-09,821.95,88005,7148,494,75350.08,55835.88,63127.61,Yes,10,Yes,No,19,New
11741,Layla Wilson,Female,34,Doha,Lebanon,55876.02,Regular,C001,Summer Sale,Discount,SMS,2025-09-16,2025-09-27,511.1,41224,3247,202,17294.3,11795.58,18027.52,Yes,9,No,No,13,Inactive
12529,Noor Brown,Male,46,Beirut,Lebanon,71429.5,Regular,C007,Spring Promotion,Seasonal,Website,2025-03-23,2025-04-20,949.47,97939,1797,216,32322.24,24330.52,29433.7,Yes,11,Yes,No,16,New
12738,Sophia Hassan,Female,30,Jerusalem,Qatar,59259.64,Regular,C003,Black Friday,Discount,Social Media,2025-03-15,2025-04-01,337.48,59210,1650,35,3045.73,1999.4,3363.33,YES,5,No,No,7,Returning
13383,Maya Wilson,Male,34,Gaza,Qatar,18000.0,Regular,C004,New Product Launch,Product,Google Ads,2025-11-23,2025-12-08,581.63,56916,2915,311,24462.41,14311.62,23036.67,Yes,13,No,No,3,New
12444,John Khalil,Male,48,Dubai,Egypt,59375.86,Regular,C007,Spring Promotion,Seasonal,Display Ads,2025-09-24,2025-10-23,571.85,68890,898,79,7345.37,5592.95,7665.69,Yes,15,Yes,No,8,Inactive
12088,Ahmed Saleh,Female,43,Ramallah,Egypt,58898.09,Corporate,C006,Loyalty Rewards,Retention,SMS,2025-02-14,2025-02-28,97.12,87953,7174,426,43748.77,38991.35,38626.02,Yes,9,No,No,1,Inactive
11867,Noor Khalil,Male,39,Cairo,Palestine,62445.66,Premium,C004,New Product Launch,Product,Google Ads,2025-08-29,2025-09-18,299.88,77257,2890,237,34303.72,29894.01,38793.7,Yes,2,Yes,No,20,Returning
14047,Olivia Miller,Male,31,Beirut,Egypt,72153.67,Budget,C002,Back to School,Seasonal,Display Ads,2025-03-22,2025-04-03,438.05,4144,88,6,830.91,679.3,837.68,Yes,2,No,No,6,New
11478,Ahmed Awwad,Male,53,Hebron,Egypt,64769.94,Premium,C003,Black Friday,Discount,Social Media,2025-02-07,2025-02-20,699.67,32267,1165,70,5702.05,4668.89,6030.66,YES,12,Yes,No,21,New
11454,Ali Hassan,Female,44,Nablus,Jordan,66733.01,Regular,C007,Spring Promotion,Seasonal,SMS,2025-04-06,2025-04-14,388.36,15232,1471,74,10464.31,8861.8,11410.45,Yes,5,No,No,19,New
12007,Sara Wilson,Female,37,Amman,Qatar,39712.94,Corporate,C001,Summer Sale,Discount,Email,2025-12-24,2025-12-31,328.68,90973,6001,60,6079.62,5367.86,5829.91,Yes,3,Yes,No,24,Returning
13082,Daniel Saleh,Male,53,Gaza,UAE,18000.0,Regular,C005,Holiday Offers,Seasonal,Social Media,2025-09-19,2025-10-11,285.49,15407,554,53,8252.37,5962.21,6609.32,Yes,11,Yes,No,10,New
13567,Sara Khalil,Female,40,Nablus,Lebanon,60638.29,Budget,C008,Weekend Flash Sale,Discount,Email,2025-03-10,2025-04-01,193.2,18932,1051,10,1334.34,844.76,1185.24,YES,5,No,No,1,New
10080,Adam Nasser,Male,38,,Jordan,48285.79,Regular,C007,Spring Promotion,Seasonal,Display Ads,2025-12-15,2025-12-22,263.83,3777,91,3,551.45,317.98,468.9,Yes,11,Yes,No,5,New
11913,Lina Smith,Male,47,Doha,Qatar,57623.66,Regular,C003,Black Friday,Discount,Display Ads,2025-01-22,2025-02-03,473.27,12068,266,24,2457.31,1836.59,2037.6,Yes,7,Yes,No,3,Returning
12377,Maya Davis,Male,49,Jerusalem,Qatar,53022.63,Regular,C001,Summer Sale,Discount,Email,2025-02-12,2025-03-03,462.22,58949,2685,112,19202.13,16134.93,16469.7,Yes,3,Yes,Yes,29,Returning
13371,Lina Miller,Male,52,Jerusalem,UAE,62814.29,Premium,C004,New Product Launch,Product,Website,2025-07-23,2025-08-07,480.58,99329,2470,131,14516.93,8064.29,14130.76,YES,5,No,No,14,New
11402,Omar Miller,Female,41,Ramallah,Qatar,41110.22,Budget,C006,Loyalty Rewards,Retention,Social Media,2025-11-25,2025-12-02,449.38,37582,1158,55,11869.81,9055.68,10362.77,Yes,0,No,No,25,New
12303,Ali Awwad,Female,25,Nablus,Qatar,68639.59,Regular,C006,Loyalty Rewards,Retention,Email,2025-09-28,2025-10-13,411.06,66272,3408,264,22512.07,12872.39,22813.34,Yes,10,Yes,Yes,29,Returning
14068,Yousef Brown,Female,38,Beirut,Qatar,63040.81,Premium,C001,Summer Sale,Discount,Website,2025-12-02,2026-01-01,331.44,30282,775,70,5121.17,3343.82,5236.72,Yes,0,No,No,12,New
10331,Daniel Davis,Male,49,Amman,UAE,33465.88,Budget,C001,Summer Sale,Discount,Email,2025-09-12,2025-09-24,433.15,58416,2130,210,26252.48,21101.21,22550.23,Yes,5,Yes,No,14,New
11536,Ahmed Khalil,Male,39,Jerusalem,Palestine,44642.96,Regular,C002,Back to School,Seasonal,Social Media,2025-02-02,2025-02-15,571.84,34004,1005,74,11172.68,7644.05,11831.65,Yes,0,No,No,28,New
10255,Ali Miller,Male,43,Amman,Palestine,41326.27,Regular,C001,Summer Sale,Discount,SMS,2025-06-11,2025-06-20,282.01,9169,750,82,8122.71,6747.46,7688.87,Yes,15,No,No,27,Inactive
10727,Michael Awwad,Female,40,Gaza,Egypt,81813.44,Regular,C008,Weekend Flash Sale,Discount,Website,2025-08-12,2025-09-04,346.75,73395,2755,180,35246.36,21402.81,32656.57,Yes,12,Yes,No,20,Returning
12086,Omar Wilson,Male,45,Gaza,Lebanon,68374.17,Regular,C002,Back to School,Seasonal,Social Media,2025-10-05,2025-11-02,705.54,68816,2333,241,16319.75,14669.46,16058.14,Yes,3,Yes,No,29,New
12248,Daniel Brown,Female,19,Dubai,Qatar,87465.67,Regular,C002,Back to School,Seasonal,Website,2025-06-23,2025-07-04,717.1,35623,860,37,5310.16,3976.7,5070.19,Yes,12,Yes,No,3,Returning
10775,Michael Brown,Female,32,Amman,Palestine,33788.14,Corporate,C008,Weekend Flash Sale,Discount,SMS,2025-01-21,2025-02-01,515.59,20497,1776,215,37152.73,24985.3,39253.2,Yes,6,Yes,No,8,Returning
11885,Layla Wilson,Male,19,Doha,Qatar,57247.97,Budget,C006,Loyalty Rewards,Retention,Social Media,2025-03-18,2025-03-26,913.31,81406,2852,163,21491.36,16062.86,18722.32,Yes,11,Yes,No,17,New
13886,Noor Smith,Female,29,Jerusalem,Qatar,83252.51,Corporate,C004,New Product Launch,Product,Social Media,2025-11-18,2025-12-18,903.29,44992,1970,268,20825.1,13311.98,16946.14,Yes,15,Yes,No,5,Returning
11989,John Brown,Male,34,Beirut,Egypt,49408.36,Regular,C007,Spring Promotion,Seasonal,Google Ads,2025-10-01,2025-10-17,605.01,35439,1838,67,10461.21,6605.01,10123.44,Yes,4,No,No,7,Returning
13219,Emma Hassan,Male,56,Beirut,Palestine,54883.69,Regular,C007,Spring Promotion,Seasonal,Display Ads,2025-08-21,2025-09-09,400.84,22260,748,93,3661.59,3270.6,4155.0,Yes,4,No,No,7,New
11850,Noor Nasser,Male,51,Dubai,Lebanon,36957.66,Regular,C002,Back to School,Seasonal,SMS,2025-08-06,2025-08-19,627.43,32723,3498,395,28578.33,24495.47,32539.59,Yes,8,Yes,No,3,New
10753,Emma Brown,Male,46,Gaza,Lebanon,32960.8,Corporate,C003,Black Friday,Discount,SMS,2025-04-19,2025-05-08,386.86,22956,2014,153,19617.32,13291.77,22413.59,Yes,13,Yes,No,28,New
10264,Layla Nasser,Female,34,Amman,UAE,51144.83,Budget,C002,Back to School,Seasonal,Display Ads,2025-12-01,2025-12-17,724.03,27158,604,37,3202.98,1848.52,3483.25,Yes,8,No,No,29,New
13828,Daniel Nasser,Female,57,Gaza,Egypt,53653.27,Regular,C005,Holiday Offers,Seasonal,Social Media,2025-02-11,2025-03-10,725.98,73141,3210,417,42039.83,27539.84,47709.78,Yes,9,Yes,No,27,Returning
11947,Sara Smith,Male,21,Jerusalem,Egypt,68508.93,Premium,C007,Spring Promotion,Seasonal,Google Ads,2025-09-09,2025-10-06,190.83,80513,3506,137,18240.63,11168.95,18799.41,Yes,5,No,No,21,Returning
14106,Michael Hassan,Female,42,Doha,Lebanon,57567.19,Regular,C004,New Product Launch,Product,Display Ads,2025-11-15,2025-12-11,196.31,69746,1861,186,16646.2,13886.16,16134.62,Yes,15,No,No,24,Returning
12951,Noor Awwad,Male,33,Doha,UAE,79623.45,Budget,C005,Holiday Offers,Seasonal,Google Ads,2025-11-30,2025-12-09,638.21,69841,2949,143,21976.54,13451.79,17738.3,Yes,7,No,No,15,Inactive
11922,Omar Smith,Female,18,Cairo,Jordan,54687.38,Regular,C004,New Product Launch,Product,Email,2025-01-14,2025-02-13,529.19,66451,3342,202,21404.08,13559.79,19338.31,Yes,2,Yes,Yes,9,Inactive
13920,John Hassan,Female,23,Hebron,Lebanon,81564.57,Premium,C002,Back to School,Seasonal,Google Ads,2025-11-20,2025-12-10,529.35,2236,103,12,1607.47,1103.11,1305.58,Yes,13,No,No,23,Returning
10217,John Miller,Female,34,Hebron,Lebanon,44041.18,Regular,C005,Holiday Offers,Seasonal,Website,2025-02-22,2025-03-05,411.1,8870,138,10,1617.92,1130.37,1390.92,Yes,15,Yes,No,12,New
12182,Michael Khalil,Female,46,Beirut,Palestine,85131.25,Premium,C003,Black Friday,Discount,Google Ads,2025-01-02,2025-01-13,721.71,95808,3868,235,23099.62,20060.19,23179.43,Yes,6,Yes,No,13,New
10432,Maya Wilson,Male,31,Cairo,Egypt,83178.18,Regular,C004,New Product Launch,Product,Display Ads,2025-03-10,2025-03-20,755.21,23129,517,35,5076.28,4120.09,4570.61,Yes,1,No,No,28,New
12420,Lina Smith,Male,19,Doha,Egypt,47670.36,Regular,C007,Spring Promotion,Seasonal,Website,2025-11-06,2025-12-03,713.57,99125,2528,144,16181.16,9248.81,13978.27,Yes,14,No,No,5,New
10553,Layla Khalil,Female,30,Gaza,Jordan,70013.81,Regular,C001,Summer Sale,Discount,Display Ads,2025-09-01,2025-09-15,188.26,64507,1631,97,13920.41,12125.72,13128.76,Yes,5,Yes,No,22,Returning
10555,Emma Miller,Female,43,Jerusalem,Egypt,44333.23,Budget,C006,Loyalty Rewards,Retention,Display Ads,2025-11-03,2025-12-02,751.67,79093,2132,146,14410.65,11444.0,14654.99,Yes,8,No,No,10,Returning
11748,Olivia Miller,Male,58,Beirut,Jordan,35775.15,Premium,C006,Loyalty Rewards,Retention,SMS,2025-09-02,2025-09-27,514.65,62002,5725,930,115379.48,82400.13,108961.21,Yes,6,No,No,14,Returning
10817,Omar Smith,Male,38,Beirut,UAE,38383.16,Budget,C002,Back to School,Seasonal,Google Ads,2025-01-03,2025-01-18,293.92,30631,1250,20,1316.75,924.07,1116.78,Yes,1,Yes,No,10,Inactive
10209,Lina Davis,Female,28,Cairo,Lebanon,70826.75,Regular,C007,Spring Promotion,Seasonal,SMS,2025-01-08,2025-02-03,560.39,55438,4611,199,23900.8,20734.44,21610.94,Yes,6,No,No,9,Returning
13218,Ahmed Wilson,Female,28,Ramallah,Jordan,42604.14,Premium,C002,Back to School,Seasonal,Website,2025-05-29,2025-06-09,607.07,51542,1079,36,5756.85,4486.83,4897.09,Yes,5,Yes,No,12,New
10851,Ahmed Hassan,Female,-5,Amman,Egypt,55707.57,Regular,C006,Loyalty Rewards,Retention,Website,2025-11-21,2025-12-05,575.43,42659,755,49,10432.92,8663.35,8753.67,Yes,12,No,No,7,New
12001,Olivia Wilson,Female,46,Nablus,Qatar,31583.2,Budget,C007,Spring Promotion,Seasonal,Display Ads,2025-07-05,2025-07-22,312.68,60628,1144,75,11538.16,8608.0,12324.93,Yes,7,No,No,28,Inactive
12889,Lina Smith,Male,49,Jerusalem,Jordan,57553.8,Corporate,C005,Holiday Offers,Seasonal,SMS,2025-08-23,2025-09-17,654.77,84415,6821,378,51044.27,33873.86,56626.05,Yes,1,Yes,No,21,Returning
11392,Maya Wilson,Male,36,Beirut,UAE,57815.85,Regular,C007,Spring Promotion,Seasonal,Google Ads,2025-03-24,2025-04-06,444.85,82311,2120,170,21091.89,15917.63,21872.58,Yes,12,No,No,8,Returning
10433,Lina Awwad,Male,39,Cairo,UAE,46202.01,Regular,C008,Weekend Flash Sale,Discount,Email,2025-01-31,2025-02-24,639.27,34870,2384,295,25149.14,15095.16,21751.86,Yes,2,Yes,No,30,New
12621,Olivia Smith,Male,48,Cairo,UAE,45216.61,Premium,C004,New Product Launch,Product,Display Ads,2025-11-08,2025-11-30,512.13,49667,1385,80,9646.64,6714.36,7793.31,Yes,7,No,No,5,Returning
12559,Lina Brown,Male,28,Nablus,UAE,53303.61,Premium,C006,Loyalty Rewards,Retention,Social Media,2025-01-12,2025-01-31,305.14,32752,1196,132,17159.86,9852.02,13965.79,Yes,6,No,No,28,Returning
14082,Olivia Saleh,FEMALE,18,Jerusalem,Egypt,59507.97,Regular,C007,Spring Promotion,Seasonal,Google Ads,2025-11-05,2025-11-18,650.55,86877,3006,163,23459.25,20739.31,19669.4,Yes,6,Yes,No,9,New
10541,Olivia Khalil,Female,50,Nablus,Jordan,52193.33,Regular,C004,New Product Launch,Product,Email,2025-09-16,2025-10-04,583.41,38756,1651,108,12740.8,10594.22,10406.39,Yes,9,Yes,No,7,Returning
13522,Omar Hassan,Male,34,Beirut,Jordan,55058.97,Premium,C008,Weekend Flash Sale,Discount,Website,2025-10-04,2025-10-12,800.25,96334,1746,125,12971.91,11356.0,12649.54,Yes,5,Yes,No,1,Returning
13978,Sophia Wilson,Female,54,Doha,Qatar,18641.33,Regular,C007,Spring Promotion,Seasonal,Google Ads,2025-08-22,2025-09-10,703.28,41283,2218,194,19990.6,17191.29,18572.18,Yes,11,No,No,9,New
11705,Yousef Davis,Male,24,Beirut,UAE,36226.56,Budget,C005,Holiday Offers,Seasonal,Social Media,2025-07-03,2025-08-02,515.36,95123,4333,152,18620.95,12729.96,17242.18,Yes,3,Yes,No,28,New
11674,Daniel Smith,Male,43,Hebron,Palestine,47423.2,Regular,C003,Black Friday,Discount,Social Media,2025-12-20,2026-01-03,453.73,25219,868,56,5387.31,4817.27,4544.18,Yes,2,Yes,No,11,Returning
12551,Daniel Smith,Male,51,Doha,Palestine,68158.08,Premium,C005,Holiday Offers,Seasonal,Email,2025-08-10,2025-08-21,361.75,55889,3286,246,43648.91,39269.88,42768.48,Yes,0,Yes,Yes,3,New
12433,Layla Davis,Female,37,Dubai,Jordan,69215.18,Premium,C007,Spring Promotion,Seasonal,Google Ads,2025-10-15,2025-10-29,661.69,96806,3836,499,45387.63,38232.16,41520.82,Yes,8,Yes,No,14,Returning
13716,Noor Awwad,Male,61,Beirut,UAE,55460.22,Premium,C006,Loyalty Rewards,Retention,SMS,2025-03-28,2025-04-15,304.77,22484,2134,131,8607.19,7068.6,7335.5,Yes,1,Yes,No,7,Returning
12960,Adam Wilson,Female,48,Ramallah,Jordan,94981.66,Regular,C003,Black Friday,Discount,Website,2025-05-16,2025-06-08,370.1,73813,1884,195,19799.29,17484.64,22556.44,Yes,2,No,No,26,Returning
13147,Daniel Miller,Male,26,Beirut,UAE,18000.0,Regular,C007,Spring Promotion,Seasonal,Display Ads,2025-05-31,2025-06-16,159.59,57196,1186,133,22690.63,17119.23,19171.45,Yes,8,No,No,4,New
10248,Yousef Khalil,Female,29,Jerusalem,UAE,40377.14,Budget,C007,Spring Promotion,Seasonal,SMS,2025-10-03,2025-10-21,648.9,43784,4273,186,12722.35,7305.1,14351.98,Yes,8,No,No,28,New
13850,Olivia Miller,Female,36,Nablus,Palestine,33757.45,Budget,C005,Holiday Offers,Seasonal,SMS,2025-08-20,2025-08-28,733.78,98621,8935,778,143063.31,110815.11,130160.79,Yes,7,No,No,15,New
12816,Omar Hassan,Male,37,Nablus,Lebanon,34141.72,Regular,C002,Back to School,Seasonal,SMS,2025-09-05,2025-10-04,261.59,4753,387,6,,488.78,704.45,Yes,15,Yes,No,8,Returning
12034,Sara Brown,Male,32,Hebron,Lebanon,45281.27,Regular,C008,Weekend Flash Sale,Discount,Website,2025-11-13,2025-11-24,430.98,90314,2226,244,17592.81,12640.45,19627.23,Yes,2,No,No,28,New
11454,Olivia Smith,Female,50,Jerusalem,Lebanon,50130.9,Regular,C004,New Product Launch,Product,Social Media,2025-10-15,2025-11-03,372.55,64710,3181,391,35356.89,20092.62,29759.27,Yes,10,Yes,No,30,Returning
13206,Ali Smith,Female,49,Doha,Palestine,53909.62,Budget,C006,Loyalty Rewards,Retention,SMS,2025-12-13,2026-01-02,672.66,11110,899,37,4852.69,4183.12,5152.25,Yes,13,No,No,17,Inactive
10354,Noor Brown,Male,37,Dubai,UAE,42650.89,Regular,C001,Summer Sale,Discount,Google Ads,2025-10-19,2025-11-06,155.73,41602,1754,136,19731.45,11347.81,19284.46,Yes,3,No,No,3,Inactive
11697,Daniel Brown,Male,27,Jerusalem,Jordan,54646.3,Regular,C006,Loyalty Rewards,Retention,Email,2025-09-19,2025-09-30,702.53,49415,1648,106,15869.68,9535.51,17173.38,Yes,12,Yes,Yes,4,New
13520,Michael Nasser,Female,28,Beirut,Qatar,40969.79,Regular,C008,Weekend Flash Sale,Discount,Website,2025-09-17,2025-10-14,179.4,79997,2325,113,19326.42,16918.35,19821.32,Yes,13,Yes,No,2,Returning
10479,Emma Hassan,Female,18,Nablus,UAE,54484.58,Budget,C007,Spring Promotion,Seasonal,Website,2025-04-04,2025-04-16,645.91,46053,971,88,10638.42,5867.23,11820.97,Yes,2,No,No,8,New
10988,Lina Wilson,Female,35,Dubai,Egypt,68240.2,Corporate,C001,Summer Sale,Discount,Email,2025-09-07,2025-09-26,201.28,27212,1602,55,5722.59,3999.16,5613.3,Yes,3,No,Yes,26,Returning
13824,Ahmed Davis,Female,30,Amman,Jordan,58741.88,Budget,C001,Summer Sale,Discount,SMS,2025-03-18,2025-03-30,513.84,25750,2468,293,35131.56,25107.03,30271.55,Yes,0,No,No,6,New
12891,Olivia Wilson,Female,27,Dubai,Egypt,104558.13,Budget,C003,Black Friday,Discount,Website,2025-09-24,2025-10-10,810.66,9004,230,14,1396.11,1243.96,1380.16,Yes,0,No,No,28,New
10290,Adam Hassan,Female,28,Hebron,Palestine,60440.03,Regular,C003,Black Friday,Discount,Google Ads,2025-09-26,2025-10-08,605.51,93488,4247,263,45358.51,30994.74,41999.32,Yes,14,No,No,27,Returning
12662,Lina Saleh,Female,23,Dubai,Palestine,77963.89,Premium,C003,Black Friday,Discount,Email,2025-05-05,2025-05-29,323.25,933,40,1,113.43,82.46,132.63,Yes,13,No,No,23,Returning
13384,Lina Khalil,Female,42,Hebron,Lebanon,57410.93,Corporate,C002,Back to School,Seasonal,Display Ads,2025-02-22,2025-03-04,493.27,86465,2468,235,50019.53,38065.55,43978.74,Yes,5,Yes,No,14,Returning
11713,John Brown,Female,30,Dubai,Jordan,66043.65,Regular,C005,Holiday Offers,Seasonal,SMS,2025-03-31,2025-04-23,719.86,10151,820,48,5248.16,3485.98,5311.46,Yes,7,Yes,No,13,Inactive
12293,Daniel Awwad,Male,46,Hebron,Lebanon,48843.92,Regular,C001,Summer Sale,Discount,Display Ads,2025-03-30,2025-04-27,493.41,87534,3631,429,74624.65,50478.31,66473.47,Yes,8,Yes,No,26,New
12827,Adam Khalil,Male,34,Jerusalem,Lebanon,18000.0,Regular,C006,Loyalty Rewards,Retention,Social Media,2025-12-19,2026-01-09,844.07,90764,2851,300,22085.56,16646.25,25782.54,Yes,10,No,No,14,Returning
12805,Omar Saleh,Male,38,Amman,Qatar,50194.61,Regular,C001,Summer Sale,Discount,SMS,2025-02-04,2025-02-15,701.81,92382,7346,896,113667.31,96504.77,103087.33,Yes,12,No,No,4,New
12393,Ali Davis,Female,25,Jerusalem,Lebanon,50425.22,Regular,C004,New Product Launch,Product,Website,2025-09-15,2025-09-27,725.94,1021,16,0,0.0,0.0,0.0,No,2,No,No,3,New
14069,Sophia Nasser,Male,26,Hebron,Qatar,83089.95,Budget,C007,Spring Promotion,Seasonal,Google Ads,2025-08-14,2025-09-03,276.9,45900,2386,224,28127.63,24789.96,27946.33,Yes,4,Yes,No,30,New
13169,Sara Miller,Female,35,Gaza,Lebanon,58693.33,Corporate,C001,Summer Sale,Discount,Social Media,2025-10-16,2025-11-01,598.42,74149,1882,75,6616.25,5363.39,7558.31,Yes,8,No,No,6,Returning
12098,Daniel Wilson,Female,46,Dubai,Qatar,82048.56,Premium,C004,New Product Launch,Product,Website,2025-10-02,2025-10-22,648.38,45491,670,83,8163.12,7008.5,6950.61,Yes,10,Yes,No,24,Returning
10279,Ali Smith,Female,35,Dubai,Lebanon,34523.2,Regular,C004,New Product Launch,Product,Social Media,2025-04-17,2025-05-12,560.94,91852,2713,174,28455.42,24849.8,30385.7,Yes,11,Yes,No,12,Returning
12333,Ali Hassan,Female,60,Nablus,Qatar,42161.82,Regular,C006,Loyalty Rewards,Retention,Display Ads,2025-04-28,2025-05-18,845.34,5000,62,4,220.62,121.4,228.66,Yes,15,Yes,No,29,Returning
11146,Ahmed Saleh,Male,34,,Egypt,58072.7,Premium,C002,Back to School,Seasonal,Social Media,2025-01-06,2025-01-31,392.95,81476,2264,159,16998.82,15171.03,17725.2,Yes,13,No,No,27,Returning
13629,Maya Awwad,Male,30,Doha,Jordan,18000.0,Regular,C005,Holiday Offers,Seasonal,Website,2025-04-25,2025-05-14,777.69,47895,533,48,10688.56,6255.2,10946.11,Yes,13,No,No,0,Returning
10021,Emma Brown,Female,37,Doha,UAE,77706.98,Budget,C004,New Product Launch,Product,Website,2025-07-28,2025-08-19,291.09,63193,1781,134,21595.36,15283.19,22440.37,Yes,1,No,No,8,Returning
11999,Ali Brown,Female,45,Beirut,Palestine,60295.69,Regular,C006,Loyalty Rewards,Retention,Google Ads,2025-08-06,2025-08-30,546.69,86195,3238,93,14646.96,11926.56,11787.69,Yes,15,Yes,No,22,Returning
14118,Sophia Davis,Male,32,Nablus,Jordan,81981.25,Regular,C002,Back to School,Seasonal,Social Media,2025-10-29,2025-11-10,141.57,55867,2372,194,25243.37,18260.25,24645.76,Yes,13,Yes,No,10,New
14165,Omar Awwad,Female,25,Cairo,Palestine,55673.48,Regular,C002,Back to School,Seasonal,Google Ads,2025-07-17,2025-07-27,781.46,41851,1720,153,16028.94,13956.84,15456.61,Yes,14,Yes,No,1,New
10456,Omar Wilson,Male,31,Cairo,Egypt,72380.32,Corporate,C005,Holiday Offers,Seasonal,SMS,2025-08-14,2025-09-12,500.36,30881,2580,265,41514.62,28672.48,33740.03,Yes,9,No,No,9,New
11901,Omar Davis,Female,18,Ramallah,Jordan,65719.69,Premium,C006,Loyalty Rewards,Retention,Website,2025-07-13,2025-08-04,20.0,9371,86,5,754.23,418.33,872.25,Yes,7,Yes,No,3,New
12407,Lina Davis,Female,26,Jerusalem,UAE,42551.89,Regular,C002,Back to School,Seasonal,Email,2025-10-26,2025-11-22,289.14,5985,342,37,3550.05,2670.48,3510.3,Yes,6,No,No,27,Returning
11361,Layla Khalil, male ,46,Amman,Egypt,53722.55,Regular,C001,Summer Sale,Discount,Display Ads,2025-12-16,2025-12-30,508.99,18787,73,6,957.81,683.77,1046.96,Yes,7,No,No,21,Returning
13525,Omar Brown,Male,45,Cairo,Egypt,57787.31,Corporate,C002,Back to School,Seasonal,Social Media,2025-06-08,2025-06-15,337.39,85390,3186,364,40536.28,28837.41,39057.58,Yes,6,No,No,17,New
12378,Adam Awwad,Male,28,Cairo,Jordan,78370.19,Regular,C003,Black Friday,Discount,Display Ads,2025-10-19,2025-11-16,553.95,27307,594,67,5147.13,3518.88,5743.12,Yes,14,Yes,No,5,Returning
14177,Maya Awwad,Female,27,Ramallah,UAE,18000.0,Corporate,C002,Back to School,Seasonal,Website,2025-06-16,2025-06-26,613.91,29658,814,68,6999.04,5097.22,6218.29,Yes,7,Yes,No,2,Returning
10463,Daniel Wilson,Female,36,Dubai,Qatar,34961.98,Regular,C003,Black Friday,Discount,Display Ads,2025-12-07,2025-12-31,617.44,72939,917,91,14258.19,12442.46,14607.61,Yes,4,Yes,No,27,New
13637,Daniel Wilson,Female,45,Nablus,UAE,67793.93,Regular,C003,Black Friday,Discount,Social Media,2025-12-14,2025-12-21,696.63,27922,936,91,16564.01,12182.04,15625.21,Yes,13,Yes,No,12,Returning
10908,Maya Nasser,Female,39,Jerusalem,Qatar,22981.93,Regular,C008,Weekend Flash Sale,Discount,Email,2025-04-07,2025-04-26,454.44,37436,1961,284,49218.54,39905.66,45850.32,Yes,13,Yes,Yes,11,New
12592,Noor Wilson,Female,40,Jerusalem,UAE,40626.63,Regular,C005,Holiday Offers,Seasonal,Google Ads,2025-12-14,2026-01-06,179.42,70209,2088,154,20545.26,16007.7,16839.9,Yes,4,No,No,4,Returning
10398,Sara Davis,Female,62,Ramallah,Palestine,59094.41,Budget,C006,Loyalty Rewards,Retention,Display Ads,2025-08-10,2025-09-01,556.71,33222,771,24,3138.45,2196.1,2776.04,Yes,7,No,No,2,New
13445,Olivia Awwad,Female,31,Nablus,Lebanon,31019.6,Regular,C001,Summer Sale,Discount,Website,2025-10-06,2025-10-19,605.12,66560,1015,41,5913.36,3788.76,6834.38,Yes,6,Yes,No,27,Returning
12652,Omar Hassan,Female,31,Amman,Egypt,67435.97,Corporate,C001,Summer Sale,Discount,Social Media,2025-11-17,2025-12-03,338.33,98352,3580,124,11601.76,9849.18,10601.21,Yes,11,No,No,6,Returning
11235,Noor Nasser,Female,33,Jerusalem,UAE,67886.51,Budget,C008,Weekend Flash Sale,Discount,Email,2025-06-23,2025-07-02,577.81,42022,1324,158,21275.71,12695.58,22133.5,Yes,10,No,No,30,Inactive
11576,Ahmed Saleh,Male,18,Gaza,Lebanon,26636.96,Budget,C003,Black Friday,Discount,SMS,2025-02-15,2025-03-06,337.81,14931,1598,134,17325.04,12628.86,15918.86,Yes,12,Yes,No,22,Inactive
13096,Michael Nasser,Female,33,Dubai,Lebanon,62481.94,Budget,C004,New Product Launch,Product,Display Ads,2025-08-29,2025-09-05,501.88,27909,729,26,5358.3,3779.56,4454.68,Yes,11,No,No,15,Returning
11519,Sophia Davis,Male,38,Beirut,Jordan,51789.44,Corporate,C003,Black Friday,Discount,Social Media,2025-10-20,2025-11-04,283.51,12332,545,37,6000.95,4764.89,4930.05,YES,5,Yes,No,4,Returning
13210,Maya Smith,Male,27,Beirut,UAE,40502.77,Budget,C002,Back to School,Seasonal,Website,2025-07-04,2025-07-19,440.66,45290,1139,38,5031.38,3846.59,4706.33,Yes,11,No,No,2,Returning
12608,Noor Khalil,Female,44,Nablus,Palestine,62705.93,Budget,C006,Loyalty Rewards,Retention,SMS,2025-04-26,2025-05-03,574.18,27110,2258,310,36020.88,23926.3,28883.83,Yes,5,Yes,No,13,Returning
12481,Ahmed Nasser,FEMALE,62,Beirut,Egypt,53575.8,Corporate,C006,Loyalty Rewards,Retention,SMS,2025-02-21,2025-03-13,174.81,66526,6581,716,110567.2,90975.93,90120.61,Yes,13,Yes,No,2,New
13004,Omar Davis,Female,24,Jerusalem,Egypt,68966.16,Regular,C006,Loyalty Rewards,Retention,SMS,2025-05-30,2025-06-26,450.28,28067,2648,193,24602.06,19387.14,28431.07,Yes,9,No,No,12,New
11433,Adam Awwad,Male,49,Amman,Egypt,87711.59,Regular,C005,Holiday Offers,Seasonal,SMS,2025-08-28,2025-09-25,279.05,28479,2881,304,26940.14,17118.59,30609.34,Yes,12,Yes,No,2,Returning
12405,John Awwad,Male,48,Doha,Jordan,63935.22,Budget,C003,Black Friday,Discount,Website,2025-01-08,2025-01-22,767.2,27695,851,82,11395.76,9559.67,11886.54,Yes,12,No,No,19,New
12327,Olivia Nasser,Male,28,Ramallah,Qatar,38063.15,Budget,C004,New Product Launch,Product,Google Ads,2025-11-30,2025-12-29,607.36,29672,1461,170,22196.92,17750.11,19673.78,Yes,1,Yes,No,30,New
10803,John Brown,Male,34,Dubai,Qatar,61536.2,Regular,C003,Black Friday,Discount,Website,2025-05-21,2025-06-08,675.45,42201,1357,91,10348.9,7624.01,10509.52,Yes,9,Yes,No,9,Returning
12714,Michael Miller,Female,34,Jerusalem,Jordan,87820.46,Budget,C006,Loyalty Rewards,Retention,Email,2025-02-23,2025-03-22,577.44,740,41,6,624.24,512.47,645.13,Yes,9,Yes,Yes,12,Returning
10359,Omar Hassan,Female,27,Nablus,UAE,50323.3,Regular,C001,Summer Sale,Discount,Display Ads,2025-02-23,2025-03-16,567.73,34820,544,52,6633.07,5097.45,5658.6,Yes,10,Yes,No,16,Returning
13111,Lina Nasser,Female,40,Ramallah,Palestine,45529.02,Regular,C008,Weekend Flash Sale,Discount,Website,2025-10-06,2025-10-22,480.68,42370,1122,132,27986.06,24297.84,24785.7,Yes,15,Yes,No,27,Returning
13528,Emma Awwad,Male,35,Gaza,Jordan,45902.44,Budget,C004,New Product Launch,Product,Google Ads,2025-05-17,2025-06-16,397.01,33824,1603,112,5547.58,4298.17,5430.82,Yes,0,No,No,2,Returning
10126,Michael Hassan,Female,34,Nablus,Jordan,82924.8,Regular,C001,Summer Sale,Discount,Google Ads,2025-11-24,2025-12-24,236.62,4488,210,8,1638.67,1211.49,1388.44,Yes,13,No,No,14,New
11917,Noor Saleh,Male,46,Doha,Palestine,28707.93,Regular,C006,Loyalty Rewards,Retention,Google Ads,2025-05-11,2025-06-10,464.0,9149,356,32,4758.69,3581.61,4191.69,Yes,5,Yes,No,9,Returning
11283,Ahmed Hassan,Male,19,Amman,Lebanon,57397.0,Regular,C006,Loyalty Rewards,Retention,Social Media,2025-02-26,2025-03-19,825.2,51942,1957,177,9163.69,6987.74,9614.31,Yes,0,Yes,No,26,New
11362,Daniel Awwad,Female,23,Nablus,Qatar,74966.1,Budget,C003,Black Friday,Discount,Google Ads,2025-11-04,2025-11-13,508.18,30867,1282,122,7553.21,6703.29,8108.81,Yes,9,Yes,No,1,New
11383,Emma Awwad,Male,27,Doha,UAE,69153.37,Regular,C003,Black Friday,Discount,Social Media,2025-10-15,2025-10-29,580.59,66799,2680,350,46841.98,41036.68,46628.3,Yes,9,No,No,1,Returning
11901,Olivia Brown,Female,36,Gaza,Jordan,47410.21,Regular,C005,Holiday Offers,Seasonal,Social Media,2025-10-15,2025-11-02,1039.37,97149,3632,131,10797.07,7913.8,10087.09,Yes,0,Yes,No,7,Inactive
12087,Sara Nasser,Female,36,Hebron,Jordan,64910.32,Regular,C001,Summer Sale,Discount,Website,2025-06-13,2025-06-20,232.58,44107,940,100,2499.08,2122.29,2599.17,Yes,1,No,No,29,Returning
10867,Daniel Miller,Male,51,Amman,Palestine,24901.32,Regular,C004,New Product Launch,Product,SMS,2025-09-07,2025-09-19,203.28,14232,1491,167,14079.49,9010.94,12862.13,Yes,1,Yes,No,15,New
11897,Sara Khalil,Female,31,Ramallah,Qatar,44557.05,Corporate,C001,Summer Sale,Discount,Email,2025-04-13,2025-05-12,478.25,34080,2078,89,9841.42,8565.72,8098.31,Yes,11,Yes,No,16,Returning
13246,Daniel Wilson,Male,28,Doha,UAE,72857.93,Budget,C007,Spring Promotion,Seasonal,SMS,2025-07-13,2025-07-20,478.02,58497,5161,498,85061.37,48512.02,76182.28,Yes,4,Yes,No,12,Returning
12394,Olivia Nasser,Male,24,Jerusalem,Palestine,65501.8,Regular,C001,Summer Sale,Discount,Social Media,2025-08-12,2025-09-04,990.93,78384,2653,99,11431.11,6818.26,10163.66,Yes,6,Yes,No,11,Returning
12311,Ahmed Nasser,Male,34,Beirut,Jordan,43382.92,Budget,C002,Back to School,Seasonal,SMS,2025-01-10,2025-01-21,585.09,52394,4426,371,33312.12,26365.85,31466.45,Yes,10,No,No,14,Returning
13528,Sophia Davis,Female,37,Cairo,Palestine,32763.99,Regular,C002,Back to School,Seasonal,SMS,2025-04-11,2025-04-30,792.78,62088,5280,455,45171.59,38033.56,46921.08,Yes,2,No,No,10,New
10550,Noor Smith,Male,22,Doha,Qatar,86909.02,Budget,C003,Black Friday,Discount,Website,2025-09-21,2025-10-05,610.71,99572,2557,82,12744.42,10412.26,10722.14,Yes,7,Yes,No,6,Inactive
12932,Noor Miller,Female,48,Jerusalem,Lebanon,44016.03,Budget,C007,Spring Promotion,Seasonal,Email,2025-09-25,2025-10-22,936.32,70924,4291,236,23212.09,19913.24,20528.77,Yes,11,Yes,No,17,Returning
12378,Ahmed Khalil,Male,23,Gaza,Egypt,61845.43,Budget,C008,Weekend Flash Sale,Discount,Display Ads,2025-06-05,2025-06-26,299.94,43628,1446,175,34671.27,27007.92,29900.38,Yes,8,No,No,6,Returning
13795,Omar Nasser,Male,40,Beirut,Qatar,58552.63,,C002,Back to School,Seasonal,Website,2025-06-08,2025-06-26,542.47,51534,1753,201,13369.04,10205.39,12436.21,Yes,10,No,No,30,Returning
10771,Omar Saleh,Female,37,Nablus,UAE,49935.33,Regular,C007,Spring Promotion,Seasonal,Website,2025-10-25,2025-11-04,394.94,7208,199,10,,341.03,463.38,Yes,0,No,No,25,New
12571,Sophia Miller,Female,38,Hebron,Palestine,,,C003,Black Friday,Discount,Email,2025-12-17,2026-01-09,493.8,87038,4861,481,68227.06,60279.33,54773.15,Yes,14,Yes,No,21,Returning
10827,John Smith,Female,28,Jerusalem,Jordan,84797.8,Regular,C005,Holiday Offers,Seasonal,Email,2025-03-02,2025-03-10,277.01,35062,1691,111,7763.51,6805.23,8490.63,Yes,10,Yes,No,22,Returning
10905,Lina Brown,Female,32,Doha,Lebanon,55092.58,Regular,C002,Back to School,Seasonal,Website,2025-03-15,2025-04-09,273.48,15923,448,33,2265.83,1754.81,2180.22,Yes,5,No,No,24,Returning
14169,Emma Hassan,Female,50,Beirut,Lebanon,59798.5,Regular,C007,Spring Promotion,Seasonal,Email,2025-11-23,2025-12-16,678.4,38799,2220,162,21187.7,18146.92,23948.43,Yes,3,No,Yes,17,Returning
11584,Michael Saleh,Male,36,,Jordan,49381.64,Regular,C007,Spring Promotion,Seasonal,Social Media,2025-03-05,2025-03-28,495.12,42556,1573,175,22630.41,18954.17,20029.77,Yes,11,No,No,15,New
13566,Yousef Nasser,Male,27,Gaza,Lebanon,64774.69,Regular,C001,Summer Sale,Discount,Email,2025-05-20,2025-05-28,867.93,58769,3196,218,35446.93,21022.26,30193.86,Yes,11,Yes,Yes,24,Inactive
13464,Layla Awwad,Female,26,Beirut,Qatar,59528.58,Regular,C007,Spring Promotion,Seasonal,Website,2025-03-24,2025-04-05,597.36,96572,3226,177,24471.17,15224.65,25753.04,Yes,10,No,No,4,Returning
12191,Yousef Miller,Female,35,Beirut,Lebanon,65798.95,Regular,C006,Loyalty Rewards,Retention,Email,2025-11-25,2025-12-21,554.45,63472,3069,426,50022.77,44876.71,42764.37,Yes,6,No,Yes,26,Inactive
13649,Emma Davis,Female,26,Cairo,Lebanon,66739.02,Corporate,C004,New Product Launch,Product,Display Ads,2025-09-05,2025-09-14,419.23,8343,94,2,263.71,158.23,308.61,Yes,10,Yes,No,18,Returning
10452,Sophia Wilson,Female,35,Ramallah,Egypt,18000.0,Regular,C007,Spring Promotion,Seasonal,Email,2025-11-22,2025-12-02,599.13,62820,3221,212,17461.19,15255.03,20484.53,Yes,9,No,No,8,New
12869,John Awwad,Male,37,Gaza,Palestine,35768.13,Regular,C002,Back to School,Seasonal,SMS,2025-12-16,2026-01-04,202.76,65276,5693,418,37752.7,33972.95,35803.5,Yes,14,No,No,4,Returning
13587,Sara Hassan,Female,42,Beirut,Lebanon,51709.55,Budget,C008,Weekend Flash Sale,Discount,Email,2025-08-13,2025-09-02,382.12,28417,1502,163,22950.75,20652.31,20220.63,Yes,10,Yes,No,24,New
13757,Maya Miller,Male,36,Gaza,Jordan,63236.98,Regular,C002,Back to School,Seasonal,SMS,2025-07-28,2025-08-18,761.96,52619,4158,331,64949.13,36509.59,58472.0,Yes,4,Yes,No,27,Inactive
12849,Layla Saleh,Male,36,Dubai,Lebanon,47128.1,Corporate,C004,New Product Launch,Product,Website,2025-02-04,2025-02-21,351.47,67382,969,90,8598.78,5108.87,7578.1,Yes,9,No,No,8,Inactive
13429,Omar Nasser,Female,47,Doha,Egypt,61017.4,Regular,C001,Summer Sale,Discount,Display Ads,2025-04-15,2025-05-05,361.44,81811,1811,130,19184.9,12702.23,21602.07,Yes,0,No,No,22,Inactive
12875,Omar Hassan,Female,23,Ramallah,Jordan,32993.25,Regular,C008,Weekend Flash Sale,Discount,Social Media,2025-02-17,2025-02-28,298.68,20780,813,52,3838.16,2656.32,3778.69,Yes,1,No,No,12,Returning
12646,Layla Awwad,Female,18,Hebron,Lebanon,28533.16,Regular,C005,Holiday Offers,Seasonal,Social Media,2025-11-18,2025-12-15,610.27,15431,708,56,6670.82,5306.28,7491.52,Yes,13,No,No,7,New
14101,Sophia Khalil,Female,32,Cairo,Lebanon,59053.46,Premium,C002,Back to School,Seasonal,Social Media,2025-09-23,2025-10-01,837.22,44137,1620,192,37057.94,25286.76,32174.75,Yes,14,Yes,No,5,New
13634,John Nasser,Female,29,Amman,UAE,46051.59,Premium,C002,Back to School,Seasonal,Google Ads,2025-03-03,2025-03-10,410.89,58232,2281,265,22918.17,16597.43,23069.16,Yes,0,No,No,21,Returning
12984,Maya Miller,Female,41,Nablus,Egypt,55589.18,Regular,C008,Weekend Flash Sale,Discount,Google Ads,2025-05-29,2025-06-07,456.91,17107,773,83,11265.71,8493.09,11957.22,Yes,6,No,No,29,Returning
13556,Maya Smith,Female,43,Beirut,Jordan,33921.26,Budget,C004,New Product Launch,Product,Google Ads,2025-08-09,2025-08-16,510.75,5086,315,25,2123.05,1214.42,2291.69,Yes,12,Yes,No,10,Returning
10716,Olivia Miller,Female,45,Amman,Palestine,92535.9,Budget,C004,New Product Launch,Product,SMS,2025-09-24,2025-10-09,734.16,77565,5936,605,98864.74,60350.04,79140.64,Yes,10,Yes,No,2,Returning
11622,Yousef Nasser,Female,38,Cairo,Lebanon,76763.56,Premium,C002,Back to School,Seasonal,Website,2025-09-10,2025-09-30,356.98,90640,2696,134,15213.39,10587.1,13290.42,Yes,5,Yes,No,6,Inactive
10731,John Nasser,Female,28,Ramallah,UAE,52486.41,Premium,C007,Spring Promotion,Seasonal,Google Ads,2025-05-08,2025-05-19,236.87,18999,879,97,6529.81,4619.05,6758.93,Yes,4,No,No,28,Inactive
14179,Sara Awwad,Male,18,Gaza,Egypt,45117.02,Budget,C003,Black Friday,Discount,Website,2025-08-15,2025-08-24,236.36,81164,3010,264,42203.44,32090.73,39758.44,Yes,8,Yes,No,24,Returning
12057,Noor Wilson,Female,37,Cairo,Lebanon,40658.68,Budget,C002,Back to School,Seasonal,Social Media,2025-07-25,2025-08-17,668.71,14913,378,36,7023.22,5143.94,5759.97,Yes,15,Yes,No,0,Returning
10149,Daniel Davis,Male,41,Amman,Lebanon,42677.46,Corporate,C001,Summer Sale,Discount,Website,2025-03-03,2025-03-18,27.63,2607,67,3,534.31,298.58,449.82,Yes,6,Yes,No,9,Returning
10274,Sara Awwad,Female,36,Dubai,Lebanon,51792.48,Regular,C007,Spring Promotion,Seasonal,Website,2025-10-30,2025-11-07,570.69,83699,2564,142,,9387.21,17952.1,Yes,5,Yes,No,24,New
13367,Sophia Miller,Female,41,Dubai,Palestine,68229.37,Budget,C002,Back to School,Seasonal,Social Media,2025-05-29,2025-06-18,514.09,59222,2894,251,20199.48,12163.35,20899.39,Yes,13,No,No,4,Returning
12841,Adam Brown,Male,38,Nablus,Qatar,57096.53,Budget,C005,Holiday Offers,Seasonal,Website,2025-09-18,2025-10-12,758.81,35032,1080,77,7411.02,4087.73,6474.96,Yes,10,Yes,No,27,New
11218,Ahmed Saleh,Male,37,Ramallah,Lebanon,36280.57,Budget,C007,Spring Promotion,Seasonal,Google Ads,2025-08-02,2025-08-30,1038.74,46893,1880,183,17242.03,11621.96,18862.68,Yes,15,Yes,No,24,Returning
14197,Sara Saleh,Male,28,Gaza,Egypt,72910.95,Regular,C001,Summer Sale,Discount,Google Ads,2025-05-01,2025-05-24,667.44,75186,3556,132,17344.81,11182.8,14429.66,Yes,12,No,No,20,New
10324,John Hassan,Female,18,Hebron,Jordan,50251.09,Budget,C004,New Product Launch,Product,Email,2025-08-30,2025-09-10,802.83,36048,1642,87,10344.41,8921.12,10617.25,Yes,15,Yes,Yes,5,Returning
12983,Emma Wilson,Female,34,Amman,Egypt,30260.26,Regular,C001,Summer Sale,Discount,Display Ads,2025-06-15,2025-07-08,345.5,26724,521,35,8131.7,5946.93,8381.66,Yes,7,No,No,28,Inactive
13023,Yousef Nasser,Male,32,Doha,Egypt,72037.87,Regular,C002,Back to School,Seasonal,Website,2025-03-30,2025-04-06,575.92,57302,1595,155,14237.89,8716.76,12768.95,Yes,12,No,No,12,Returning
13398,Lina Wilson,Female,45,Jerusalem,Jordan,72266.81,Regular,C004,New Product Launch,Product,Email,2025-03-31,2025-04-22,151.21,45124,2909,294,47298.96,36068.66,38930.77,Yes,7,No,Yes,6,Returning
12822,Daniel Wilson,Male,35,Jerusalem,Jordan,54570.81,Budget,C001,Summer Sale,Discount,Email,2025-08-21,2025-09-12,565.18,11073,563,72,9121.4,5073.37,8518.74,Yes,0,Yes,No,11,Inactive
13167,Layla Nasser,Female,18,Hebron,UAE,56345.98,Budget,C005,Holiday Offers,Seasonal,Email,2025-11-25,2025-12-11,624.12,91793,4767,137,21123.34,13379.88,17247.64,Yes,7,Yes,Yes,6,New
11014,Sophia Brown,Female,30,Beirut,Lebanon,57563.29,Premium,C007,Spring Promotion,Seasonal,SMS,2025-11-24,2025-12-16,745.13,98107,8435,753,119095.6,71160.83,104438.14,Yes,8,No,No,15,Returning
10424,Sara Khalil,Male,24,Gaza,Palestine,70849.26,Regular,C005,Holiday Offers,Seasonal,Social Media,2025-08-28,2025-09-21,533.43,23230,760,74,6862.84,5086.67,8064.46,Yes,12,Yes,No,25,New
13841,Olivia Miller,Female,30,Hebron,Jordan,68170.1,Budget,C005,Holiday Offers,Seasonal,Social Media,2025-03-10,2025-03-27,244.73,28253,1067,107,15436.65,10435.63,17666.9,Yes,7,Yes,No,4,New
14035,Olivia Wilson,Male,31,Doha,Qatar,61754.59,Regular,C008,Weekend Flash Sale,Discount,Display Ads,2025-06-23,2025-07-01,187.97,22107,629,18,1828.24,1604.26,2017.38,Yes,3,No,No,5,New
12310,Layla Brown,Male,33,Hebron,Lebanon,52324.83,Regular,C004,New Product Launch,Product,Website,2025-07-22,2025-08-20,736.63,70522,1322,111,12156.07,6753.12,13986.01,Yes,15,No,No,5,Returning
12338,Michael Smith,Male,31,Amman,Lebanon,77853.33,Regular,C005,Holiday Offers,Seasonal,SMS,2025-09-01,2025-09-09,528.99,50742,4427,306,40587.68,24181.36,46888.43,Yes,7,Yes,No,16,New
10448,Lina Smith,Female,50,Dubai,Palestine,52320.11,Budget,C008,Weekend Flash Sale,Discount,Website,2025-05-29,2025-06-18,692.77,98296,2388,318,45860.41,26318.69,42959.52,Yes,14,No,No,16,Returning
13560,Adam Brown,Male,43,Hebron,Egypt,88891.58,Regular,C005,Holiday Offers,Seasonal,Display Ads,2025-06-17,2025-07-12,412.36,18203,461,10,561.75,456.09,583.75,Yes,2,Yes,No,22,Returning
11417,Noor Smith,Male,31,Ramallah,Egypt,41137.86,Regular,C004,New Product Launch,Product,SMS,2025-09-07,2025-10-02,342.93,55880,4873,540,73834.4,64261.42,72403.16,Yes,4,No,No,21,New
13106,Emma Nasser,Female,51,Doha,Egypt,83410.06,Premium,C008,Weekend Flash Sale,Discount,Website,2025-11-18,2025-12-15,454.2,20645,494,17,1795.24,1392.53,2093.13,Yes,4,Yes,No,1,Returning
10191,Ahmed Khalil,Female,30,Jerusalem,Egypt,57802.16,Budget,C007,Spring Promotion,Seasonal,Website,2025-01-30,2025-02-18,20.0,24381,620,54,4521.31,3414.32,4189.39,Yes,10,Yes,No,10,Returning
10883,Yousef Miller,Male,23,Beirut,Lebanon,63257.01,Regular,C002,Back to School,Seasonal,Display Ads,2025-12-24,2026-01-21,502.35,2337,22,1,126.05,110.8,113.62,Yes,0,Yes,No,22,New
13963,Maya Nasser,Male,22,Jerusalem,Qatar,60988.7,Budget,C005,Holiday Offers,Seasonal,Display Ads,2025-12-21,2026-01-15,731.73,52152,690,58,12226.57,9374.17,10994.11,Yes,13,No,No,22,Returning
11626,Omar Smith,Male,40,Doha,Palestine,66692.91,Regular,C003,Black Friday,Discount,Display Ads,2025-06-19,2025-06-28,374.4,24098,426,50,7497.39,4740.27,7430.07,Yes,6,No,No,6,Returning
11901,Sophia Wilson,Female,41,Doha,Lebanon,59451.19,Regular,C008,Weekend Flash Sale,Discount,Social Media,2025-05-09,2025-06-08,407.21,17549,523,57,5383.01,3568.58,6286.39,Yes,12,No,No,17,Inactive
11695,Ali Awwad,Female,25,Beirut,Qatar,54062.65,Regular,C005,Holiday Offers,Seasonal,Email,2025-08-29,2025-09-20,924.74,10332,602,41,5723.44,5031.65,6187.56,Yes,5,No,Yes,25,Returning
10289,Olivia Nasser,Female,37,Dubai,Lebanon,57767.75,Corporate,C008,Weekend Flash Sale,Discount,Display Ads,2025-05-20,2025-06-11,605.65,20365,508,41,6567.03,4003.24,5742.27,Yes,2,No,No,3,Returning
11887,Emma Brown,Female,32,Cairo,Lebanon,45587.91,Budget,C001,Summer Sale,Discount,Social Media,2025-03-20,2025-04-07,165.92,99743,2352,225,32025.98,27894.75,25752.86,Yes,6,No,No,29,Inactive
13046,Lina Smith,Female,36,Cairo,Qatar,56143.68,Budget,C007,Spring Promotion,Seasonal,SMS,2025-04-16,2025-05-03,237.0,96090,8834,549,86661.21,70294.48,75136.82,Yes,0,No,No,17,Returning
14090,Maya Davis,Male,35,Beirut,UAE,39272.25,Budget,C007,Spring Promotion,Seasonal,Google Ads,2025-08-01,2025-08-31,285.67,89423,3556,335,38397.3,24616.81,33197.08,Yes,2,Yes,No,21,Returning
11677,John Saleh,Male,37,Beirut,Qatar,62388.28,Regular,C008,Weekend Flash Sale,Discount,Google Ads,2025-07-21,2025-08-19,1033.74,39574,1595,69,7442.8,4193.18,6660.43,Yes,8,Yes,No,18,Inactive
12609,Ali Miller,Female,18,Dubai,Qatar,68226.96,Regular,C001,Summer Sale,Discount,Email,2025-11-30,2025-12-19,532.79,26826,1802,134,16390.52,11072.55,13915.22,Yes,12,Yes,No,25,Inactive
10633,John Nasser,Male,30,Doha,Egypt,36240.85,Regular,C001,Summer Sale,Discount,Google Ads,2025-09-14,2025-09-24,526.48,12349,425,46,5432.34,4420.88,5636.13,Yes,6,No,No,24,Inactive
13903,Noor Miller,FEMALE,22,Amman,Jordan,46139.03,Regular,C003,Black Friday,Discount,Website,2025-06-12,2025-07-07,435.79,98712,2481,234,39505.9,22574.31,33077.69,Yes,12,No,No,14,Returning
12954,Layla Davis,Male,33,Doha,Palestine,67839.37,,C007,Spring Promotion,Seasonal,Website,2025-11-04,2025-11-14,435.06,43184,1332,138,19520.36,10800.87,18838.26,Yes,9,Yes,No,26,Inactive
11043,Noor Saleh,Male,39,Hebron,Jordan,63353.16,Regular,C004,New Product Launch,Product,SMS,2025-05-15,2025-06-04,353.25,3083,304,21,1825.2,1352.03,1742.79,Yes,5,Yes,No,7,Returning
12353,Ali Smith,Female,48,Doha,Palestine,18000.0,Budget,C002,Back to School,Seasonal,Website,2025-05-17,2025-05-29,615.96,92300,842,80,7488.86,6206.57,7414.78,Yes,11,Yes,No,23,Returning
10697,Olivia Brown,Female,60,Amman,Egypt,56616.33,Regular,C003,Black Friday,Discount,Social Media,2025-12-21,2026-01-08,496.51,47886,1777,169,26121.98,14603.26,21102.94,Yes,4,No,No,17,Returning
13582,Adam Awwad,Male,18,Jerusalem,Egypt,94533.98,Budget,C003,Black Friday,Discount,Website,2025-04-25,2025-05-09,424.07,47268,1635,67,6156.69,3610.0,7151.5,Yes,4,No,No,16,Returning
11589,Emma Miller,Female,27,Gaza,Qatar,26831.89,Corporate,C007,Spring Promotion,Seasonal,Website,2025-12-07,2025-12-23,295.67,97168,1039,97,10197.01,6892.95,10685.88,Yes,15,No,No,13,New
10278,Michael Hassan,Male,36,Ramallah,Palestine,44112.26,Corporate,C002,Back to School,Seasonal,Website,2025-06-30,2025-07-30,600.03,90191,1712,168,19748.75,13046.66,22562.22,Yes,1,Yes,No,29,Returning
12544,Emma Awwad,Female,40,Cairo,Palestine,52676.15,Budget,C006,Loyalty Rewards,Retention,Website,2025-01-06,2025-01-16,750.24,697,20,0,0.0,0.0,0.0,No,13,No,No,19,Returning
12078,Olivia Brown,Male,34,Beirut,Jordan,18000.0,Regular,C007,Spring Promotion,Seasonal,SMS,2025-04-10,2025-04-29,502.84,83599,7229,966,125228.29,109901.34,100700.53,Yes,9,No,No,24,New
11917,Layla Wilson,Female,21,Gaza,Lebanon,56751.5,Regular,C004,New Product Launch,Product,Social Media,2025-09-03,2025-09-28,958.92,19885,693,54,9310.91,6756.92,8737.74,Yes,4,No,No,29,Inactive
10609,Emma Awwad,Male,28,Hebron,Qatar,85171.41,Regular,C008,Weekend Flash Sale,Discount,Social Media,2025-05-28,2025-06-14,661.14,7090,203,18,2117.96,1171.31,1748.21,Yes,10,Yes,No,3,Returning
10032,Yousef Wilson,Male,30,Dubai,Palestine,55743.43,Regular,C007,Spring Promotion,Seasonal,Social Media,2025-11-01,2025-11-10,883.82,35847,1313,122,7684.58,6836.08,7519.82,Yes,11,No,No,14,New
13094,Ahmed Miller,Female,47,Beirut,Palestine,53384.94,Regular,C002,Back to School,Seasonal,SMS,2025-06-02,2025-06-24,470.12,94963,8240,533,66016.37,50495.87,60390.31,Yes,7,No,No,13,Returning
12868,Michael Nasser,Female,26,Amman,Qatar,57719.0,Premium,C002,Back to School,Seasonal,Display Ads,2025-11-10,2025-12-04,464.0,33682,451,51,5128.66,3899.45,5240.31,Yes,8,No,No,30,Returning
13198,Ali Brown,Male,59,Beirut,UAE,60447.04,Regular,C008,Weekend Flash Sale,Discount,Google Ads,2025-09-02,2025-09-24,240.76,63856,2447,255,19447.23,11236.14,19543.09,Yes,8,Yes,No,14,Returning
11821,Yousef Davis,Female,18,Doha,UAE,29036.66,Regular,C002,Back to School,Seasonal,Website,2025-02-11,2025-03-07,469.96,99584,380,26,4023.82,3439.02,4155.78,Yes,15,No,No,11,Returning
11810,Lina Hassan,Male,41,Nablus,Palestine,62272.88,Regular,C001,Summer Sale,Discount,Google Ads,2025-05-27,2025-06-14,510.28,97419,5785,314,24669.85,18321.93,28421.73,Yes,3,No,No,7,Returning
12330,Omar Smith,Male,36,Beirut,Jordan,48719.41,Regular,C003,Black Friday,Discount,Google Ads,2025-07-29,2025-08-09,525.37,86707,4641,250,39691.53,25085.15,44355.63,Yes,15,Yes,No,4,New
10454,Sophia Smith,Male,48,Hebron,UAE,83945.39,Budget,C004,New Product Launch,Product,Display Ads,2025-07-08,2025-08-03,559.35,62405,1520,122,14835.46,12368.22,14079.51,Yes,10,Yes,No,18,Returning
14127,Maya Khalil,Female,35,,Egypt,36675.2,Regular,C008,Weekend Flash Sale,Discount,Display Ads,2025-06-16,2025-07-13,431.26,62194,1305,56,9057.01,7959.37,10186.93,Yes,4,No,No,6,Returning
12028,Omar Miller,Female,26,Doha,Jordan,53874.75,Regular,C004,New Product Launch,Product,SMS,2025-07-17,2025-08-06,1046.51,4068,400,39,7451.36,6523.49,6112.73,Yes,15,No,No,16,Returning
10092,Omar Nasser,Female,24,Amman,Lebanon,61475.01,Premium,C003,Black Friday,Discount,Website,2025-07-24,2025-08-05,666.68,80427,3255,182,21756.83,16627.74,23592.24,Yes,0,Yes,No,0,Inactive
11491,Lina Brown,Female,49,Jerusalem,Qatar,70234.33,Regular,C006,Loyalty Rewards,Retention,Google Ads,2025-07-17,2025-07-31,463.12,2557,85,7,1215.85,818.18,1077.69,Yes,10,No,No,21,New
14095,Sara Khalil,Female,21,Doha,UAE,75167.49,Regular,C008,Weekend Flash Sale,Discount,Social Media,2025-05-23,2025-06-19,-585.26,41883,1216,53,8150.57,5926.34,8566.78,Yes,2,No,No,21,New
14103,Layla Awwad,Female,29,Amman,Lebanon,87216.23,Regular,C004,New Product Launch,Product,Display Ads,2025-10-09,2025-10-16,418.77,48284,983,83,12896.93,9247.44,14166.38,Yes,6,No,No,10,Returning
13584,Adam Miller,Female,34,Nablus,Qatar,79783.08,Budget,C001,Summer Sale,Discount,Google Ads,2025-02-12,2025-02-25,468.07,6456,300,20,2728.77,2245.28,2253.13,Yes,13,No,No,14,New
10875,Daniel Brown,Male,18,Cairo,Qatar,52488.75,Budget,C003,Black Friday,Discount,SMS,2025-09-24,2025-10-11,342.2,29911,2837,256,36976.97,32766.76,35355.92,Yes,14,Yes,No,3,New
11398,Layla Khalil,Male,38,Doha,Palestine,48629.04,Regular,C001,Summer Sale,Discount,SMS,2025-12-19,2026-01-01,790.2,74733,7057,701,46393.0,32141.02,54578.76,Yes,1,No,No,16,New
12137,Adam Brown,Male,36,Dubai,Qatar,68373.92,Regular,C007,Spring Promotion,Seasonal,SMS,2025-06-22,2025-07-20,746.43,54732,5595,635,84564.98,75980.69,77307.31,Yes,1,No,No,15,Returning
12867,Emma Wilson,Male,37,Amman,UAE,70134.74,Premium,C001,Summer Sale,Discount,Google Ads,2025-11-24,2025-12-22,167.36,58423,3171,354,39218.32,25601.03,35582.8,Yes,15,Yes,No,11,Inactive
11466,Daniel Davis,Male,52,Nablus,Lebanon,50834.47,Regular,C006,Loyalty Rewards,Retention,Google Ads,2025-09-28,2025-10-19,629.95,20324,954,92,7481.2,6094.37,6043.07,Yes,6,No,No,15,Returning
13872,Lina Awwad,Male,34,Jerusalem,UAE,59159.04,Corporate,C001,Summer Sale,Discount,Google Ads,2025-02-13,2025-03-03,893.55,8268,353,24,1557.96,1078.3,1427.32,Yes,14,No,No,18,New
10113,Sara Brown,Male,40,Ramallah,UAE,50978.83,Regular,C007,Spring Promotion,Seasonal,SMS,2025-02-15,2025-03-01,886.72,85422,7553,776,82243.67,64334.93,73748.02,Yes,9,Yes,No,22,New
12919,Omar Awwad,Male,21,Gaza,UAE,22684.09,Regular,C001,Summer Sale,Discount,Display Ads,2025-10-11,2025-11-05,-921.06,18558,153,9,1031.68,889.46,899.63,Yes,4,No,No,0,Returning
10305,John Nasser,Female,29,Beirut,Jordan,78033.05,Regular,C006,Loyalty Rewards,Retention,Display Ads,2025-12-23,2026-01-19,400.85,66849,1978,151,32467.96,20257.02,29307.0,Yes,1,Yes,No,25,Returning
11783,John Nasser,Female,37,Jerusalem,Jordan,70600.92,Regular,C006,Loyalty Rewards,Retention,Website,2025-02-19,2025-03-13,476.27,5530,165,21,2284.59,1866.77,2122.88,Yes,7,Yes,No,11,New
12432,Maya Nasser,Female,32,Beirut,Lebanon,79895.03,Budget,C007,Spring Promotion,Seasonal,SMS,2025-12-26,2026-01-09,811.24,88474,7600,960,104788.47,70725.73,108198.22,Yes,1,Yes,No,23,New
10149,Yousef Davis,Female,36,Doha,Lebanon,38369.47,Regular,C006,Loyalty Rewards,Retention,Email,2025-06-04,2025-06-11,872.63,90602,6019,506,91285.77,80407.0,73361.94,Yes,12,Yes,Yes,18,Returning
11727,Ali Wilson,Male,37,Beirut,Egypt,59388.88,Corporate,C007,Spring Promotion,Seasonal,SMS,2025-10-01,2025-10-25,790.93,13954,1117,92,5456.5,4043.0,4786.07,Yes,7,Yes,No,7,Inactive
13111,Sara Hassan,Male,51,Amman,Palestine,70864.56,Premium,C005,Holiday Offers,Seasonal,Google Ads,2025-05-14,2025-06-03,458.5,50969,2963,191,18882.44,11408.31,20633.55,Yes,4,No,No,14,New
12861,Noor Brown,Male,29,Jerusalem,Qatar,67574.36,Regular,C008,Weekend Flash Sale,Discount,SMS,2025-03-30,2025-04-11,200.81,99579,9638,752,93560.81,70594.09,97091.44,Yes,11,No,No,25,Returning
12532,Olivia Nasser,Female,34,Nablus,Egypt,69121.81,Premium,C008,Weekend Flash Sale,Discount,Email,2025-08-27,2025-09-10,214.19,85962,3988,598,63898.48,44633.45,56825.09,Yes,7,Yes,Yes,15,New
12276,Maya Brown,Male,25,Gaza,UAE,,Regular,C007,Spring Promotion,Seasonal,Google Ads,2025-01-19,2025-02-03,671.91,34905,1699,155,14422.99,9365.93,15518.33,Yes,3,No,No,5,Returning
12827,Lina Miller,Female,26,Beirut,UAE,23532.62,Budget,C006,Loyalty Rewards,Retention,Google Ads,2025-02-14,2025-03-14,664.58,88733,4822,359,41020.08,29207.02,37400.61,Yes,3,Yes,No,29,Returning
10365,Yousef Miller,Female,18,Dubai,Jordan,60678.94,Premium,C004,New Product Launch,Product,Website,2025-04-09,2025-04-30,689.65,32813,991,39,4534.93,3921.05,4332.78,Yes,12,No,No,23,New
13894,Sophia Awwad,Female,18,Gaza,Lebanon,61740.26,Budget,C005,Holiday Offers,Seasonal,SMS,2025-05-14,2025-05-29,644.93,945,82,9,982.9,661.79,902.79,Yes,5,No,No,22,New
12314,Lina Smith,Female,54,Amman,Qatar,80594.08,Premium,C004,New Product Launch,Product,Social Media,2025-08-09,2025-09-08,586.08,20480,558,63,5122.38,3037.61,5801.6,Yes,2,Yes,No,17,New
12950,Emma Khalil,Male,29,Beirut,Lebanon,51945.76,Regular,C003,Black Friday,Discount,Display Ads,2025-07-05,2025-07-16,405.43,63577,2234,199,18602.44,13754.8,15221.75,Yes,10,Yes,No,11,Returning
10506,Yousef Davis,Male,51,Nablus,Qatar,50312.25,Regular,C002,Back to School,Seasonal,Social Media,2025-07-20,2025-08-02,470.87,27438,893,89,9900.98,7720.8,10499.14,Yes,9,Yes,No,22,Returning
11736,Olivia Davis,Male,36,Hebron,Jordan,65084.87,Regular,C003,Black Friday,Discount,SMS,2025-05-07,2025-05-21,463.98,20770,2055,143,12377.13,9930.79,12373.66,Yes,13,Yes,No,14,Returning
13597,Layla Brown,Female,21,Cairo,Egypt,36233.5,Budget,C005,Holiday Offers,Seasonal,SMS,2025-10-03,2025-10-24,646.14,84407,7226,472,61056.74,54430.3,57953.85,Yes,14,No,No,18,Returning
12372,Yousef Miller,Male,26,Ramallah,Jordan,46146.17,Regular,C006,Loyalty Rewards,Retention,Display Ads,2025-09-11,2025-09-23,801.39,95879,713,36,4929.9,4117.67,4776.29,Yes,12,No,No,16,New
10038,Daniel Saleh,Female,51,Dubai,Qatar,70316.86,Regular,C004,New Product Launch,Product,Social Media,2025-01-17,2025-01-30,921.93,10414,409,53,5904.17,4853.01,5855.56,Yes,12,Yes,No,28,Returning
10880,Olivia Wilson,Male,35,Amman,Jordan,35615.09,Regular,C004,New Product Launch,Product,Website,2025-12-15,2026-01-08,252.83,29546,400,33,3675.78,3045.09,3453.65,Yes,6,Yes,No,3,Returning
10786,Ahmed Khalil,Female,34,Dubai,UAE,19898.29,Regular,C001,Summer Sale,Discount,Social Media,2025-05-08,2025-05-28,415.53,18217,727,84,11080.34,8036.09,9262.72,Yes,1,Yes,No,27,Returning
12994,Adam Khalil,Male,18,Amman,UAE,49906.99,Budget,C004,New Product Launch,Product,Website,2025-09-05,2025-09-29,225.7,12853,378,34,1882.5,1092.42,1839.7,Yes,11,No,No,7,New
12602,Ali Awwad,Female,38,Dubai,Palestine,63934.24,Regular,C003,Black Friday,Discount,Social Media,2025-07-14,2025-08-01,332.76,8312,242,15,1196.3,829.8,1269.86,Yes,9,No,No,1,Inactive
11431,Lina Nasser,Female,27,Cairo,Lebanon,60909.53,Regular,C003,Black Friday,Discount,Google Ads,2025-02-23,2025-03-22,424.98,72623,4168,158,15238.38,13409.28,17262.79,Yes,4,No,No,30,Returning
12005,Daniel Awwad,Female,30,Jerusalem,Palestine,58391.92,Premium,C005,Holiday Offers,Seasonal,Email,2025-02-09,2025-02-26,666.34,63423,2723,157,33642.0,28915.17,32272.06,Yes,15,No,Yes,4,Returning
10527,Omar Miller,Female,27,Amman,Jordan,47552.94,Budget,C007,Spring Promotion,Seasonal,Website,2025-07-22,2025-08-11,694.75,49543,1454,131,23795.37,19440.34,19364.03,Yes,1,Yes,No,13,Returning
11344,Sara Nasser,Male,45,Doha,Jordan,39398.81,Regular,C004,New Product Launch,Product,Email,2025-09-27,2025-10-25,768.27,59925,3369,216,23579.73,18078.4,19726.68,Yes,2,No,No,18,New
11271,Ahmed Awwad,Female,40,Dubai,Jordan,18000.0,Regular,C001,Summer Sale,Discount,SMS,2025-01-04,2025-01-31,255.67,23735,2096,106,12536.84,8327.32,10379.97,Yes,9,No,No,9,Returning
13678,Maya Khalil,Male,40,Jerusalem,Qatar,37167.44,Regular,C002,Back to School,Seasonal,Google Ads,2025-03-31,2025-04-11,372.58,78626,3195,302,52936.28,41540.02,43427.44,Yes,6,Yes,No,4,Returning
11431,Daniel Nasser,Male,46,Ramallah,UAE,67521.87,Regular,C004,New Product Launch,Product,Website,2025-12-17,2026-01-02,560.06,64633,1698,95,10105.84,7347.46,11731.16,Yes,11,No,No,7,Returning
13292,Layla Smith,Female,52,Doha,Egypt,71402.72,Premium,C008,Weekend Flash Sale,Discount,Display Ads,2025-10-21,2025-11-02,558.05,97027,1340,159,19140.06,17138.9,16088.61,Yes,8,No,No,6,Returning
11984,Olivia Smith,Female,23,Amman,Lebanon,60373.44,Premium,C006,Loyalty Rewards,Retention,Website,2025-05-05,2025-05-29,439.59,65097,2685,269,38912.17,28208.62,43245.06,Yes,11,Yes,No,0,Inactive
13808,Omar Miller,Male,36,Hebron,Palestine,67539.37,Regular,C003,Black Friday,Discount,Email,2025-11-19,2025-11-28,526.48,30256,1818,154,20924.83,13042.81,21593.26,Yes,11,No,No,0,New
10902,Emma Brown,Female,50,Gaza,Palestine,18000.0,Premium,C002,Back to School,Seasonal,Google Ads,2025-07-27,2025-08-03,789.4,12379,649,47,6271.88,5313.68,5287.95,Yes,6,Yes,No,10,New
13562,Maya Hassan,Female,42,Nablus,Lebanon,69562.98,Regular,C002,Back to School,Seasonal,SMS,2025-05-22,2025-06-02,261.42,51136,4467,496,51032.04,29755.35,56947.46,Yes,12,Yes,No,7,New
10430,Lina Saleh,Male,41,Nablus,Palestine,43163.37,Regular,C008,Weekend Flash Sale,Discount,Email,2025-11-05,2025-11-30,395.54,39179,1866,185,30524.38,17965.03,26151.93,Yes,10,Yes,No,1,New
12966,Ahmed Davis,Male,55,Beirut,Lebanon,53475.92,Premium,C006,Loyalty Rewards,Retention,SMS,2025-08-14,2025-08-28,509.6,84082,6531,288,35323.39,22219.86,34529.44,Yes,11,Yes,No,25,Returning
13024,Ali Wilson,Female,26,Hebron,UAE,60514.89,Regular,C002,Back to School,Seasonal,Social Media,2025-11-30,2025-12-07,671.9,20170,761,61,5148.85,2929.76,5028.23,Yes,5,No,No,15,Inactive
13394,Daniel Brown,Male,23,Jerusalem,UAE,65566.76,Regular,C004,New Product Launch,Product,Google Ads,2025-08-17,2025-09-07,614.28,58669,2824,223,17922.29,10132.29,16591.04,Yes,9,Yes,No,21,New
13857,Ali Wilson,Female,58,Hebron,Jordan,75424.98,Premium,C008,Weekend Flash Sale,Discount,Display Ads,2025-11-16,2025-12-12,428.96,65144,979,78,6553.32,4328.91,5658.1,Yes,11,Yes,No,12,Inactive
13806,Sara Brown,Male,20,Ramallah,Qatar,25989.09,Corporate,C006,Loyalty Rewards,Retention,Email,2025-02-17,2025-02-26,459.14,34324,2453,157,11496.19,8337.76,11940.36,Yes,5,No,Yes,9,Returning
12985,Layla Brown,Female,31,Hebron,Palestine,59644.02,Corporate,C004,New Product Launch,Product,SMS,2025-02-08,2025-03-10,467.29,62098,5705,524,38753.61,21321.89,42937.33,Yes,8,Yes,No,18,Inactive
13358,John Miller,Female,51,Gaza,UAE,62708.58,Budget,C006,Loyalty Rewards,Retention,SMS,2025-01-03,2025-01-16,414.39,33814,3078,266,53706.08,31244.4,49174.18,Yes,0,Yes,No,20,Inactive
14039,John Khalil,Female,29,Nablus,Qatar,55959.9,Premium,C001,Summer Sale,Discount,Email,2025-02-23,2025-03-23,614.94,16978,930,97,,8829.05,9960.36,Yes,14,Yes,Yes,2,Returning
10720,Michael Hassan,Male,18,Hebron,UAE,26398.19,Regular,C007,Spring Promotion,Seasonal,Google Ads,2025-08-05,2025-08-20,236.16,2101,84,5,865.43,710.61,706.18,Yes,0,Yes,No,18,New
12599,Layla Hassan,Female,18,Nablus,Lebanon,81038.38,Budget,C008,Weekend Flash Sale,Discount,Website,2025-03-18,2025-04-03,702.49,10346,256,10,919.51,593.02,1077.09,Yes,3,No,No,27,New
11414,Layla Khalil,Male,36,Gaza,Qatar,59354.47,Regular,C005,Holiday Offers,Seasonal,Display Ads,2025-07-22,2025-08-11,270.89,19439,106,9,864.82,730.8,779.07,Yes,8,Yes,No,4,New
13486,Layla Hassan,Male,27,Ramallah,Qatar,56820.78,Corporate,C005,Holiday Offers,Seasonal,SMS,2025-01-29,2025-02-12,629.4,68463,6960,584,62965.24,48148.48,69249.15,Yes,11,Yes,No,20,Returning
11951,Yousef Brown,Female,42,Amman,Jordan,104376.03,Premium,C008,Weekend Flash Sale,Discount,Google Ads,2025-08-06,2025-08-21,840.76,43065,1691,148,25950.93,21103.87,24718.3,Yes,6,Yes,No,3,Inactive
12215,Daniel Awwad,Female,39,Nablus,UAE,20606.13,Regular,C005,Holiday Offers,Seasonal,Email,2025-02-19,2025-03-20,469.07,28443,1474,118,16078.52,12455.25,13287.35,Yes,15,No,No,3,Inactive
12381,Sophia Saleh,Male,43,Nablus,Qatar,48378.46,Regular,C001,Summer Sale,Discount,Display Ads,2025-09-05,2025-09-29,660.32,56629,562,82,8476.81,4992.98,6996.05,Yes,10,No,No,23,Returning
11864,Ahmed Nasser,Male,28,Amman,Lebanon,45425.89,Budget,C005,Holiday Offers,Seasonal,Display Ads,2025-05-26,2025-06-17,92.54,40665,458,50,4176.65,2622.99,3507.32,Yes,15,Yes,No,7,New
13841,Noor Brown,Female,41,Nablus,Palestine,80600.65,Budget,C006,Loyalty Rewards,Retention,Social Media,2025-07-05,2025-07-19,542.66,10527,386,29,3678.03,2028.19,3399.14,Yes,15,No,No,1,New
11756,Olivia Awwad,Male,41,Ramallah,Egypt,63494.39,Regular,C007,Spring Promotion,Seasonal,Website,2025-10-21,2025-11-19,482.48,59179,1595,123,16789.38,10228.14,15135.87,Yes,8,Yes,No,23,Returning
10175,Daniel Smith,Male,52,Beirut,UAE,61564.81,Regular,C003,Black Friday,Discount,Website,2025-02-04,2025-02-27,375.27,35483,967,106,14808.72,8402.02,15729.95,Yes,14,Yes,No,12,Returning
11684,Maya Nasser,Male,56,Dubai,Lebanon,42158.2,Premium,C006,Loyalty Rewards,Retention,Google Ads,2025-01-19,2025-02-17,782.54,95010,4708,236,20182.03,15663.84,23339.0,Yes,12,Yes,No,23,Returning
10213,Omar Brown,Male,49,Ramallah,Palestine,79001.9,Regular,C002,Back to School,Seasonal,SMS,2025-10-26,2025-11-12,237.38,79493,7233,634,113809.12,68975.92,95006.44,Yes,4,Yes,No,24,Returning
11978,Ali Hassan,Female,30,Dubai,Qatar,82937.71,Regular,C006,Loyalty Rewards,Retention,Email,2025-12-20,2026-01-18,323.63,28574,1733,159,7448.51,5893.06,8333.4,Yes,11,No,No,3,Returning
10952,Yousef Khalil,Male,41,Gaza,Jordan,49142.42,Regular,C008,Weekend Flash Sale,Discount,Social Media,2025-03-15,2025-03-28,747.01,41859,1903,65,8288.88,5296.87,8979.2,Yes,15,Yes,No,22,Returning
10830,Layla Hassan,Male,30,Beirut,UAE,21859.99,Regular,C008,Weekend Flash Sale,Discount,Website,2025-05-03,2025-05-25,426.37,34697,846,99,16617.48,9520.6,14272.12,Yes,3,No,No,20,Returning
12356,Lina Smith,Male,43,Amman,Egypt,42085.03,Premium,C006,Loyalty Rewards,Retention,Social Media,2025-11-25,2025-12-02,353.71,75824,2068,158,11081.19,8747.0,9638.19,Yes,11,No,No,22,Returning
14028,Olivia Miller,Male,38,Dubai,UAE,44746.61,Budget,C003,Black Friday,Discount,SMS,2025-04-18,2025-05-09,351.6,77173,7516,893,129932.34,104281.24,119770.82,Yes,11,No,No,4,New
10816,Sophia Khalil,Male,37,Beirut,Jordan,65742.29,Premium,C006,Loyalty Rewards,Retention,Email,2025-02-22,2025-03-22,772.88,83945,5595,562,53927.89,35854.53,44330.6,Yes,2,Yes,Yes,3,New
13056,Omar Hassan,Female,33,Dubai,Egypt,28318.75,Regular,C005,Holiday Offers,Seasonal,Display Ads,2025-02-23,2025-03-07,938.84,28173,570,50,4598.59,2803.05,4570.29,Yes,4,Yes,No,5,New
10274,Olivia Saleh,Female,26,Doha,Palestine,20465.39,Corporate,C005,Holiday Offers,Seasonal,Social Media,2025-10-27,2025-11-06,629.02,33078,1160,151,18309.09,13670.48,21334.51,Yes,15,Yes,No,16,Inactive
13602,Adam Wilson,Male,25,Ramallah,Jordan,91023.72,Corporate,C002,Back to School,Seasonal,SMS,2025-10-11,2025-10-23,719.3,18923,1902,141,19095.38,17155.86,16822.31,Yes,12,Yes,No,16,New
11714,Michael Khalil,Female,53,Ramallah,Egypt,60917.8,Regular,C008,Weekend Flash Sale,Discount,Website,2025-06-04,2025-06-19,944.89,94133,2260,125,16036.99,10382.46,16678.65,Yes,7,Yes,No,6,Returning
13586,Noor Davis,Male,23,Ramallah,Jordan,32503.53,Budget,C008,Weekend Flash Sale,Discount,Email,2025-12-10,2025-12-25,1059.16,75848,4019,550,84098.85,47171.95,72654.05,Yes,8,Yes,Yes,11,New
14000,Ahmed Awwad,Female,37,Hebron,UAE,51841.75,Regular,C003,Black Friday,Discount,Social Media,2025-05-16,2025-06-09,301.3,95336,4778,483,24962.95,19563.77,26486.83,Yes,3,Yes,No,24,Returning
11468,Noor Davis,Female,35,Nablus,Jordan,62400.62,Budget,C005,Holiday Offers,Seasonal,SMS,2025-09-04,2025-09-29,508.9,73026,6570,560,29952.24,20185.93,34593.35,Yes,5,No,No,16,Returning
13806,Ali Smith,Female,43,Gaza,Palestine,81866.98,Regular,C004,New Product Launch,Product,Social Media,2025-01-18,2025-02-08,581.16,2615,110,6,830.62,600.29,703.25,Yes,12,No,No,13,Returning
13290,Adam Saleh,Male,36,Ramallah,Egypt,28892.47,Budget,C002,Back to School,Seasonal,Display Ads,2025-08-09,2025-09-07,500.14,12728,326,33,3514.92,1964.65,3723.06,Yes,3,No,No,10,Returning
12007,Olivia Saleh,Male,22,Hebron,UAE,70544.9,Budget,C004,New Product Launch,Product,SMS,2025-09-10,2025-10-06,427.14,10615,999,74,6986.88,5030.39,7960.31,Yes,14,Yes,No,24,Inactive
11731,Ahmed Brown,Male,60,Cairo,Egypt,56315.48,Premium,C001,Summer Sale,Discount,Email,2025-05-27,2025-06-14,460.03,68311,4417,208,28206.16,23688.77,27934.91,Yes,4,Yes,Yes,3,Returning
13677,Layla Hassan,Female,29,Dubai,Egypt,62122.81,Regular,C008,Weekend Flash Sale,Discount,Social Media,2025-03-17,2025-04-04,968.01,42609,1243,86,4051.15,2418.7,4335.27,Yes,1,No,No,30,New
10198,Daniel Saleh,Female,43,Doha,Egypt,34497.23,Regular,C003,Black Friday,Discount,Email,2025-08-19,2025-08-31,875.49,98546,4888,376,7107.57,5415.03,5963.36,Yes,1,Yes,Yes,26,Returning
11919,Daniel Smith,Male,32,Cairo,Palestine,58462.64,Regular,C007,Spring Promotion,Seasonal,Website,2025-05-15,2025-05-30,475.01,42683,842,41,4059.79,3652.24,3264.22,Yes,13,No,No,30,Returning
10651,Michael Nasser,Female,54,Jerusalem,Palestine,56847.61,Corporate,C005,Holiday Offers,Seasonal,Email,2025-11-22,2025-12-10,652.71,11630,719,67,7073.38,6333.71,5882.02,Yes,11,No,No,13,Returning
10079,Maya Awwad,Male,30,Dubai,Lebanon,36494.78,Regular,C006,Loyalty Rewards,Retention,Website,2025-11-02,2025-11-30,441.08,32315,937,26,660.91,423.06,666.2,Yes,1,Yes,No,2,New
10643,Layla Awwad,Female,46,Cairo,Palestine,33609.13,Regular,C008,Weekend Flash Sale,Discount,Email,2025-10-20,2025-10-29,571.86,33902,1979,177,17319.99,15444.16,18194.79,Yes,8,No,Yes,16,New
10112,Omar Nasser,Male,45,Nablus,UAE,52108.03,Budget,C005,Holiday Offers,Seasonal,Google Ads,2025-05-09,2025-06-04,478.46,61050,2071,152,12617.21,9304.2,10923.34,Yes,12,Yes,No,9,Returning
13611,Emma Hassan,Female,39,Dubai,Palestine,64642.94,Regular,C003,Black Friday,Discount,Google Ads,2025-07-22,2025-08-11,717.67,18135,792,79,14464.9,12847.24,11583.37,Yes,10,No,No,13,New
10324,Olivia Miller,Female,29,Ramallah,Palestine,79088.49,Corporate,C002,Back to School,Seasonal,Social Media,2025-12-08,2025-12-18,363.48,50839,948,100,8331.77,4757.09,8874.87,Yes,11,Yes,No,21,Returning
10963,Emma Miller,Female,45,Beirut,Palestine,56924.46,Regular,C002,Back to School,Seasonal,Google Ads,2025-01-12,2025-02-02,411.97,9758,428,31,3320.29,2620.76,3302.5,Yes,15,No,No,2,Returning
13941,Olivia Brown,Male,53,Ramallah,Lebanon,87346.3,Premium,C004,New Product Launch,Product,Social Media,2025-12-25,2026-01-08,688.91,16443,309,29,3841.48,2599.83,3886.13,Yes,14,No,No,15,New
13079,Sara Brown,Female,33,Gaza,UAE,45891.81,Regular,C007,Spring Promotion,Seasonal,Google Ads,2025-07-07,2025-08-03,471.34,66701,2947,136,9288.68,8169.54,9898.41,Yes,5,No,No,21,New
11868,Maya Davis,Male,22,Ramallah,Jordan,58722.69,Budget,C003,Black Friday,Discount,Google Ads,2025-12-16,2026-01-13,737.95,37075,1466,130,23054.68,18717.13,22181.98,Yes,15,Yes,No,24,Returning
12660,Ali Nasser,Female,46,Cairo,Egypt,51438.56,Corporate,C001,Summer Sale,Discount,Email,2025-10-22,2025-11-19,748.21,41071,2070,76,8332.4,5764.45,6849.0,Yes,12,Yes,No,17,New
11268,Layla Davis,Female,40,Cairo,Palestine,62986.16,Regular,C008,Weekend Flash Sale,Discount,Social Media,2025-09-02,2025-09-21,512.26,87804,3310,284,33486.28,25123.39,39267.75,Yes,15,No,No,25,New
11686,Michael Davis,Male,36,Amman,Jordan,50162.57,Regular,C003,Black Friday,Discount,Google Ads,2025-02-27,2025-03-24,666.94,13556,433,6,647.88,478.38,652.01,Yes,14,Yes,No,13,New
13657,Layla Wilson,Female,18,Doha,Qatar,54493.76,Regular,C007,Spring Promotion,Seasonal,Email,2025-12-21,2026-01-16,346.59,11197,686,75,7490.09,4783.11,7835.31,Yes,3,Yes,No,5,Returning
12806,Adam Khalil,Female,31,Dubai,Egypt,42064.59,Regular,C001,Summer Sale,Discount,Website,2025-07-01,2025-07-21,522.45,99069,3089,123,,14303.96,15220.0,Yes,14,No,No,18,New
13573,Adam Miller,Female,43,Doha,Palestine,70807.85,Budget,C005,Holiday Offers,Seasonal,SMS,2025-09-02,2025-09-24,449.1,15046,1144,62,8263.37,6991.26,7080.79,Yes,8,Yes,No,11,Returning
13835,Omar Hassan,Female,36,Nablus,Lebanon,80228.41,Premium,C006,Loyalty Rewards,Retention,Google Ads,2025-05-12,2025-06-07,553.74,37485,1856,162,35253.44,21020.39,36484.24,Yes,1,No,No,14,Returning
13191,Adam Wilson,Female,46,Gaza,Lebanon,43423.23,Regular,C006,Loyalty Rewards,Retention,Google Ads,2025-06-22,2025-07-21,486.65,88200,3103,230,19823.88,16126.58,19135.35,Yes,15,No,No,30,Returning
13359,Adam Saleh,Female,31,Gaza,Jordan,93162.87,Premium,C006,Loyalty Rewards,Retention,Email,2025-10-17,2025-11-03,680.85,28787,1589,71,14132.18,8419.38,12294.9,Yes,0,Yes,Yes,29,Returning
11171,Olivia Brown,Female,47,Cairo,Egypt,61572.89,Regular,C005,Holiday Offers,Seasonal,Social Media,2025-11-27,2025-12-17,391.89,53332,2218,119,19362.19,16144.87,19293.09,Yes,0,Yes,No,13,Inactive
10255,Maya Wilson,Female,28,Gaza,UAE,59814.77,Regular,C005,Holiday Offers,Seasonal,Social Media,2025-12-21,2026-01-08,571.33,6553,258,12,2092.88,1738.53,1777.21,Yes,1,No,No,19,Returning
13542,Emma Saleh,Female,32,Doha,Qatar,64267.5,Budget,C005,Holiday Offers,Seasonal,Social Media,2025-05-23,2025-06-14,807.22,14416,463,42,2017.41,1523.64,1776.58,Yes,13,No,No,18,Inactive
13192,Adam Brown,Female,18,Nablus,Lebanon,77079.63,Regular,C003,Black Friday,Discount,Google Ads,2025-11-07,2025-11-19,377.11,45623,2293,265,29290.44,19684.32,26588.54,Yes,1,Yes,No,12,Returning
13903,Omar Wilson,Male,22,Hebron,Palestine,51625.33,Regular,C001,Summer Sale,Discount,Email,2025-09-26,2025-10-05,525.44,26278,1192,57,5347.57,2975.57,4628.09,Yes,6,No,No,26,Returning
11709,Olivia Nasser,Male,49,Jerusalem,Qatar,60135.47,Regular,C003,Black Friday,Discount,Google Ads,2025-11-16,2025-12-02,850.69,13301,579,28,4728.92,3556.27,4191.14,Yes,0,Yes,No,22,Returning
12888,Sara Khalil,Male,45,Beirut,UAE,78251.46,Regular,C005,Holiday Offers,Seasonal,Email,2025-05-07,2025-05-16,740.81,14521,831,51,8328.21,5847.45,7887.12,Yes,4,Yes,No,28,New
12927,Emma Khalil,Male,41,Jerusalem,Palestine,78795.86,Budget,C004,New Product Launch,Product,Website,2025-01-31,2025-02-18,713.22,79502,2114,145,18354.22,13818.57,20397.61,Yes,12,No,No,21,Returning
11264,Adam Miller,Female,21,Hebron,Egypt,72729.1,Budget,C008,Weekend Flash Sale,Discount,Google Ads,2025-12-13,2026-01-12,247.15,38116,1476,152,19604.69,15719.57,22967.13,Yes,5,No,No,12,New
11977,Layla Davis,Female,26,Nablus,Lebanon,60257.63,Regular,C003,Black Friday,Discount,SMS,2025-09-01,2025-09-12,384.02,90124,8528,737,137319.76,79112.25,113470.26,Yes,2,No,No,18,New
11298,Emma Awwad,Female,18,Amman,Jordan,37316.51,Regular,C008,Weekend Flash Sale,Discount,Website,2025-11-07,2025-11-18,698.25,36927,796,96,20459.47,14078.19,16496.17,Yes,9,Yes,No,22,Returning
13780,Olivia Miller,Male,34,Cairo,Lebanon,67274.61,Regular,C005,Holiday Offers,Seasonal,Website,2025-02-10,2025-02-22,265.95,69518,2177,209,15834.69,11370.01,15466.91,Yes,13,No,No,5,Returning
14079,John Miller,Male,35,Nablus,UAE,31859.82,Premium,C007,Spring Promotion,Seasonal,Display Ads,2025-03-26,2025-04-21,387.94,49934,885,126,18424.8,11950.22,15348.95,Yes,12,No,No,5,Returning
12595,Olivia Saleh,Male,37,Cairo,Palestine,65723.9,Premium,C005,Holiday Offers,Seasonal,Email,2025-05-16,2025-05-25,125.37,92822,4889,424,38561.53,31676.64,35565.6,Yes,0,Yes,Yes,2,New
12293,Noor Saleh,Female,46,Nablus,Jordan,29733.43,Regular,C008,Weekend Flash Sale,Discount,Website,2025-02-21,2025-03-09,228.99,81807,2675,185,24636.85,13808.65,25025.96,Yes,12,Yes,No,25,Returning
11717,Emma Saleh,Male,32,Ramallah,Palestine,74155.31,,C006,Loyalty Rewards,Retention,Website,2025-06-04,2025-06-22,210.55,52360,2194,208,17520.08,14619.01,16844.58,Yes,14,Yes,No,30,Inactive
13909,Omar Awwad,Male,28,Doha,UAE,38378.79,Regular,C002,Back to School,Seasonal,SMS,2025-07-04,2025-07-24,539.36,4139,367,25,3055.94,1791.63,2814.22,Yes,15,Yes,No,0,New
13648,Adam Wilson,Male,22,Hebron,Egypt,63526.87,Regular,C001,Summer Sale,Discount,Email,2025-01-03,2025-01-13,846.65,87076,5448,54,9354.81,8352.18,7537.17,Yes,9,Yes,Yes,2,Returning
11295,Maya Nasser,Male,29,Nablus,Qatar,70241.0,Premium,C007,Spring Promotion,Seasonal,Google Ads,2025-05-19,2025-06-17,674.45,78299,4140,428,69956.47,54399.19,57744.06,Yes,13,No,No,1,New
10697,Yousef Saleh,Female,28,Cairo,Lebanon,69037.74,Premium,C005,Holiday Offers,Seasonal,SMS,2025-02-12,2025-02-21,456.78,73521,6535,401,54232.68,30826.24,48476.71,Yes,0,Yes,No,30,New
12588,Noor Khalil,Male,28,Beirut,UAE,50749.22,Regular,C007,Spring Promotion,Seasonal,Email,2025-03-19,2025-04-10,203.43,53745,2610,271,30902.57,27608.63,32106.19,Yes,6,No,No,8,Returning
14051,Olivia Miller,Female,55,Dubai,Palestine,57122.09,Budget,C005,Holiday Offers,Seasonal,Website,2025-06-20,2025-07-09,472.53,20117,457,28,4848.88,3130.81,3956.5,Yes,10,No,No,11,New
11471,Layla Brown,Female,36,Nablus,Qatar,59529.77,Regular,C005,Holiday Offers,Seasonal,Display Ads,2025-12-21,2026-01-13,392.9,54898,1395,83,8848.2,7591.17,7601.86,Yes,3,No,No,10,Inactive
11306,Olivia Wilson,Male,20,Ramallah,UAE,49520.78,Regular,C002,Back to School,Seasonal,SMS,2025-01-29,2025-02-16,416.92,73420,7363,773,67309.45,55529.37,71719.43,Yes,0,Yes,No,18,Returning
12706,Emma Wilson,Male,50,Cairo,Jordan,43959.24,Regular,C007,Spring Promotion,Seasonal,Google Ads,2025-01-24,2025-02-08,338.64,35998,1894,222,16913.03,15124.32,18614.99,Yes,9,Yes,No,28,New
11126,Yousef Hassan,Female,27,Doha,Lebanon,52206.33,Premium,C001,Summer Sale,Discount,Display Ads,2025-06-27,2025-07-05,315.49,8993,218,21,3047.14,2221.76,2526.58,Yes,10,Yes,No,7,Returning
13401,Maya Brown,Female,44,Beirut,Qatar,63806.32,Premium,C003,Black Friday,Discount,Google Ads,2025-02-02,2025-02-22,878.98,95608,2798,261,2539.66,2220.72,2513.88,Yes,3,No,No,4,Inactive
13648,John Davis,Male,37,Doha,Lebanon,58379.23,Premium,C007,Spring Promotion,Seasonal,Website,2025-02-09,2025-02-24,322.5,29331,848,30,3868.4,3037.05,3894.22,Yes,13,No,No,18,Returning
11849,Michael Brown,Female,37,Ramallah,Lebanon,70717.05,Premium,C005,Holiday Offers,Seasonal,Email,2025-08-24,2025-09-02,1120.84,42763,2219,158,23743.14,19970.34,24134.95,Yes,1,Yes,Yes,0,New
13746,Emma Khalil,Male,29,Nablus,Qatar,58360.56,Corporate,C005,Holiday Offers,Seasonal,Social Media,2025-09-17,2025-10-03,591.93,48698,1762,80,6836.62,5255.97,6792.59,Yes,11,No,No,13,New
13959,Olivia Awwad,Female,51,Dubai,Qatar,45396.18,Premium,C002,Back to School,Seasonal,Website,2025-03-23,2025-04-04,1069.67,73013,2867,228,31598.11,20242.72,27374.6,YES,7,No,No,18,Inactive
10088,Lina Khalil,Female,53,Jerusalem,Qatar,81304.7,Corporate,C006,Loyalty Rewards,Retention,Website,2025-09-06,2025-09-30,447.92,29604,1019,23,2117.49,1840.22,2086.57,Yes,6,No,No,30,Returning
12297,Omar Davis,Male,36,Jerusalem,Lebanon,77721.0,Budget,C006,Loyalty Rewards,Retention,Website,2025-10-27,2025-11-11,884.34,38061,1233,95,9319.98,6865.95,9032.87,Yes,14,No,No,18,Returning
10240,Ali Hassan,Male,57,Amman,Qatar,46525.65,Budget,C001,Summer Sale,Discount,Website,2025-04-21,2025-05-11,428.1,13087,416,22,1882.86,1578.46,1692.61,Yes,0,Yes,No,4,Returning
10316,Ali Brown,Male,41,Nablus,Lebanon,64701.34,Budget,C004,New Product Launch,Product,SMS,2025-02-01,2025-02-15,436.7,49214,4090,493,59884.39,35149.93,50073.34,Yes,10,No,No,28,Inactive
11010,John Wilson,Female,36,Ramallah,Qatar,40605.0,Budget,C003,Black Friday,Discount,Website,2025-07-27,2025-08-14,772.16,71500,2548,275,37733.19,21471.04,37969.03,Yes,12,Yes,No,12,Inactive
12948,Noor Brown,Female,30,Hebron,Jordan,45196.78,Budget,C003,Black Friday,Discount,Social Media,2025-06-17,2025-07-02,680.87,47631,1563,95,14008.92,7794.84,11813.48,Yes,1,Yes,No,12,Returning
13598,Michael Saleh,Female,29,Ramallah,Egypt,47899.25,Corporate,C005,Holiday Offers,Seasonal,Email,2025-01-29,2025-02-06,424.76,84349,3752,323,60138.58,53962.68,49714.09,Yes,0,Yes,Yes,9,Returning
11974,Noor Awwad,Male,28,Gaza,Qatar,28575.61,Premium,C006,Loyalty Rewards,Retention,Display Ads,2025-08-01,2025-08-08,546.39,93419,2416,194,27608.41,23516.04,29411.0,Yes,15,Yes,No,12,New
12007,Olivia Smith,Male,39,Gaza,UAE,53763.94,Regular,C001,Summer Sale,Discount,Display Ads,2025-06-11,2025-07-11,845.47,73172,2095,199,5877.59,3492.88,5753.42,Yes,7,Yes,No,8,Returning
10194,Maya Wilson,Female,44,Gaza,UAE,63221.87,Premium,C004,New Product Launch,Product,Email,2025-12-18,2025-12-26,274.18,42527,1204,142,16922.95,14939.83,13806.77,Yes,1,No,Yes,19,Returning
14022,Daniel Nasser,Female,47,Hebron,Egypt,43893.1,Regular,C001,Summer Sale,Discount,Website,2025-05-25,2025-06-06,537.22,64032,2068,207,34031.2,20677.82,28144.03,Yes,9,Yes,No,12,New
12667,Ahmed Wilson,Male,40,Amman,UAE,35366.43,Regular,C001,Summer Sale,Discount,Google Ads,2025-12-22,2026-01-02,684.19,70786,2760,294,48786.44,42172.34,41257.9,Yes,11,Yes,No,10,Returning
10960,Adam Smith,Male,48,Gaza,Qatar,34156.08,Premium,C008,Weekend Flash Sale,Discount,Website,2025-09-19,2025-10-11,1014.94,88644,2977,159,13558.58,8445.54,13340.65,Yes,11,Yes,No,23,Returning
10987,Yousef Khalil,Male,32,Amman,Lebanon,48169.37,Premium,C005,Holiday Offers,Seasonal,Email,2025-03-07,2025-03-14,484.09,93978,5315,314,32066.47,25885.39,28003.49,Yes,0,Yes,No,1,Inactive
13062,Ali Smith,Female,30,Beirut,Egypt,41779.8,Corporate,C004,New Product Launch,Product,Social Media,2025-03-20,2025-04-11,357.26,53868,1658,63,5223.0,4549.65,4575.89,Yes,4,No,No,17,Returning
12173,Michael Saleh,Female,27,Beirut,Jordan,58490.6,Premium,C003,Black Friday,Discount,Display Ads,2025-07-09,2025-07-21,464.24,27193,408,59,8527.53,5283.17,7477.23,Yes,1,No,No,1,Returning
10372,Michael Khalil,Male,26,Gaza,Palestine,68070.86,Regular,C004,New Product Launch,Product,Website,2025-06-02,2025-06-28,311.12,11844,294,31,3846.33,2209.07,4035.51,Yes,4,No,No,17,Inactive
11818,Sophia Brown,Female,18,Hebron,Qatar,69789.08,Regular,C007,Spring Promotion,Seasonal,Google Ads,2025-12-14,2026-01-12,454.93,26053,682,54,8896.26,5874.12,10443.53,Yes,2,No,No,28,Returning
12294,Emma Brown,Male,25,Amman,Palestine,88285.68,Budget,C006,Loyalty Rewards,Retention,Email,2025-05-31,2025-06-19,348.31,92412,4571,328,36365.83,27859.11,29707.06,Yes,7,No,No,3,Returning
13924,Sophia Saleh,Male,29,Nablus,Jordan,53542.22,Regular,C005,Holiday Offers,Seasonal,Social Media,2025-04-18,2025-05-02,20.0,29600,737,66,8822.33,4864.84,7530.47,Yes,7,Yes,No,21,Returning
11190,Daniel Awwad,Male,31,Doha,Palestine,19969.32,Regular,C001,Summer Sale,Discount,Google Ads,2025-05-06,2025-05-30,634.53,57584,2357,307,47892.26,27012.99,47221.17,Yes,12,No,No,16,New
14094,Lina Brown,Male,41,Jerusalem,Qatar,55079.89,Regular,C007,Spring Promotion,Seasonal,SMS,2025-04-14,2025-05-04,484.77,66490,6349,560,46599.32,33548.53,38401.88,Yes,0,No,No,6,Inactive
10475,Lina Saleh,Male,27,Nablus,Egypt,53214.39,Regular,C002,Back to School,Seasonal,Website,2025-10-25,2025-11-18,478.67,22746,506,48,3556.74,2811.95,3856.57,Yes,9,No,No,15,New
12965,Sara Davis,Female,30,Jerusalem,Palestine,61053.79,Premium,C007,Spring Promotion,Seasonal,Social Media,2025-07-26,2025-08-16,731.68,69627,2036,125,15841.2,13965.63,15023.39,Yes,5,Yes,No,28,Returning
13173,Ahmed Awwad,Female,37,Dubai,Egypt,42986.27,Budget,C002,Back to School,Seasonal,Social Media,2025-09-07,2025-10-02,623.27,6653,213,18,3217.35,2526.25,3017.48,Yes,9,Yes,No,11,New
13092,Daniel Davis,Male,27,Dubai,Egypt,33725.91,Budget,C008,Weekend Flash Sale,Discount,Website,2025-03-10,2025-03-22,479.89,83245,2198,233,22382.93,18469.57,18206.1,Yes,9,Yes,No,21,Returning
13628,Ahmed Saleh,Male,47,Nablus,Egypt,50726.85,Premium,C004,New Product Launch,Product,Google Ads,2025-10-14,2025-11-13,993.33,1074,52,1,91.1,81.55,107.03,Yes,11,No,No,8,Inactive
10365,Yousef Davis,Male,26,Hebron,UAE,37815.22,Regular,C006,Loyalty Rewards,Retention,Website,2025-07-13,2025-08-11,323.26,60513,1383,90,20067.97,12558.39,16115.98,Yes,4,No,No,1,New
14132,Ahmed Brown,Female,35,Dubai,UAE,33344.63,Premium,C008,Weekend Flash Sale,Discount,Display Ads,2025-12-17,2026-01-02,381.48,29672,418,35,3971.41,3354.46,4382.91,Yes,0,No,No,23,Returning
11734,Michael Davis,Male,48,Amman,Lebanon,78501.62,Corporate,C004,New Product Launch,Product,SMS,2025-02-24,2025-03-07,212.5,55323,4192,395,63329.27,36610.87,69733.11,Yes,15,Yes,No,9,Inactive
12622,Olivia Davis,Male,27,Hebron,Lebanon,62028.94,Budget,C004,New Product Launch,Product,Display Ads,2025-02-09,2025-02-25,761.73,22400,492,32,5400.44,4826.72,5308.7,Yes,3,No,No,21,New
12213,Olivia Miller,Female,53,Gaza,Jordan,39244.18,Regular,C002,Back to School,Seasonal,SMS,2025-10-06,2025-10-18,771.24,59427,5383,706,77773.69,59561.53,72869.08,Yes,7,Yes,No,11,Returning
13347,Sophia Hassan,Male,28,Cairo,UAE,55323.92,Budget,C008,Weekend Flash Sale,Discount,Website,2025-05-21,2025-06-19,648.1,53056,1704,144,18169.25,12805.26,19879.45,Yes,8,Yes,No,24,New
12411,Sophia Brown,Male,22,Ramallah,Egypt,43020.39,Regular,C008,Weekend Flash Sale,Discount,Website,2025-12-06,2025-12-23,698.7,56524,1755,48,2194.22,1716.75,2139.87,Yes,10,Yes,No,10,Inactive
12464,Lina Nasser,Female,30,Cairo,Qatar,49989.6,Regular,C003,Black Friday,Discount,Website,2025-04-02,2025-04-27,442.6,80074,1031,94,13735.71,11009.39,11011.01,Yes,1,No,No,5,New
13869,Yousef Awwad,Female,42,Nablus,Palestine,39323.82,Regular,C005,Holiday Offers,Seasonal,Email,2025-04-27,2025-05-20,518.17,21948,1231,54,6465.45,4772.42,5964.61,Yes,14,No,No,17,Returning
11792,Noor Miller,Male,44,Hebron,Egypt,56617.82,Budget,C007,Spring Promotion,Seasonal,Social Media,2025-03-21,2025-04-08,668.68,85290,2979,266,22612.63,15771.04,23660.46,Yes,8,No,No,20,Returning
13378,Sophia Khalil,Male,44,Hebron,UAE,64141.84,Regular,C008,Weekend Flash Sale,Discount,Google Ads,2025-11-25,2025-12-19,163.37,7290,287,30,1703.63,984.22,1627.92,Yes,9,Yes,No,15,Returning
12502,Maya Brown,Male,34,Doha,Jordan,32531.67,Regular,C001,Summer Sale,Discount,Display Ads,2025-07-24,2025-08-01,515.88,7353,315,35,5330.86,4539.87,5657.2,Yes,2,Yes,No,26,Returning
13198,Omar Miller,Female,48,Ramallah,UAE,65789.94,Regular,C001,Summer Sale,Discount,Website,2025-02-12,2025-02-19,408.92,6654,224,8,802.36,628.33,661.09,Yes,3,No,No,12,Returning
12647,Layla Smith,Female,37,Hebron,Palestine,69972.29,Premium,C008,Weekend Flash Sale,Discount,Website,2025-05-18,2025-06-06,497.15,17577,549,51,7429.38,5882.64,6913.43,Yes,15,No,No,27,Returning
10035,Daniel Hassan,Male,28,Amman,Lebanon,52429.12,Budget,C008,Weekend Flash Sale,Discount,Display Ads,2025-04-12,2025-04-20,527.38,65914,1913,132,13604.41,9371.98,15626.71,Yes,6,Yes,No,3,Returning
13276,Sara Awwad,Female,25,Nablus,Lebanon,56215.72,Regular,C007,Spring Promotion,Seasonal,Email,2025-03-02,2025-03-24,857.28,12716,703,55,5505.16,3092.43,6286.2,Yes,6,Yes,Yes,20,New
10184,Sophia Nasser,Male,55,Jerusalem,Qatar,39872.17,Corporate,C005,Holiday Offers,Seasonal,Social Media,2025-06-08,2025-07-03,541.16,85219,2715,150,17861.65,12518.69,14423.67,Yes,9,No,No,10,New
12918,Omar Smith,Male,37,,Qatar,57363.7,Budget,C005,Holiday Offers,Seasonal,Email,2025-02-11,2025-03-03,770.45,2449,146,23,2171.74,1739.49,2353.36,Yes,5,Yes,No,28,Returning
14084,Daniel Smith,Female,26,Amman,Egypt,76532.7,Corporate,C003,Black Friday,Discount,Email,2025-05-14,2025-06-13,674.51,9642,600,58,6041.99,4883.22,5156.39,Yes,11,No,Yes,25,Inactive
11350,Noor Awwad,Male,29,Dubai,UAE,44498.01,Budget,C001,Summer Sale,Discount,Display Ads,2025-05-07,2025-06-03,695.4,18050,343,24,2402.88,1862.66,2527.04,Yes,15,No,No,22,New
12354,Noor Saleh,Male,59,Beirut,Lebanon,42287.98,Regular,C008,Weekend Flash Sale,Discount,Website,2025-08-08,2025-08-30,709.28,91362,2334,260,26219.69,22662.1,26916.88,Yes,9,Yes,No,9,Inactive
13723,Lina Nasser,Female,34,Gaza,Egypt,40521.26,Regular,C004,New Product Launch,Product,Display Ads,2025-06-01,2025-06-11,459.15,74283,2364,300,36935.15,30555.83,38412.71,Yes,0,No,No,14,Returning
10611,Ahmed Awwad,Female,18,Cairo,UAE,40036.21,Regular,C003,Black Friday,Discount,Website,2025-09-18,2025-09-30,650.82,76382,2394,286,46868.04,27928.53,38441.87,Yes,7,Yes,No,12,Returning
11055,Lina Brown,Female,39,Cairo,UAE,54263.5,Corporate,C008,Weekend Flash Sale,Discount,Email,2025-04-03,2025-04-19,793.57,68096,4127,214,26728.12,20012.86,25682.63,Yes,2,Yes,No,15,Returning
12963,Yousef Saleh,Female,45,Amman,Qatar,68237.98,Regular,C002,Back to School,Seasonal,Display Ads,2025-03-17,2025-03-31,471.95,38094,76,8,835.14,713.38,795.7,Yes,6,No,No,8,New
10220,Ahmed Brown,Male,29,Ramallah,Lebanon,46182.75,Regular,C006,Loyalty Rewards,Retention,Website,2025-11-29,2025-12-15,608.57,31780,1465,128,9850.97,7679.2,8140.38,Yes,10,No,No,17,Returning
12208,Daniel Miller,Male,48,Doha,Jordan,53445.07,Corporate,C002,Back to School,Seasonal,Social Media,2025-09-25,2025-10-07,156.75,10110,349,18,3175.55,2454.97,3238.44,Yes,3,Yes,No,5,Returning
10776,Ali Smith,Female,27,Gaza,Qatar,41284.41,Corporate,C004,New Product Launch,Product,SMS,2025-11-22,2025-12-13,251.75,7295,709,64,12989.74,9162.73,10532.3,Yes,15,Yes,No,11,Inactive
13040,Ahmed Brown,Male,34,Dubai,Lebanon,71862.66,Regular,C008,Weekend Flash Sale,Discount,SMS,2025-04-02,2025-04-17,492.1,94058,8813,724,109393.36,66021.4,92009.15,Yes,6,Yes,No,13,New
14064,Omar Nasser,Female,25,Nablus,Qatar,28806.49,Regular,C004,New Product Launch,Product,SMS,2025-11-06,2025-11-29,532.45,65873,5689,366,65576.63,51026.4,69580.81,Yes,15,No,No,5,Returning
13561,Adam Brown,Male,18,Cairo,UAE,31621.54,Regular,C005,Holiday Offers,Seasonal,Email,2025-12-14,2026-01-08,782.81,71979,4394,324,29181.97,25143.28,23597.41,Yes,7,No,No,14,Inactive
11259,Maya Brown,Male,53,Beirut,Palestine,37573.64,Premium,C006,Loyalty Rewards,Retention,Email,2025-06-11,2025-07-07,575.97,95330,4449,234,28202.32,20875.03,27347.61,Yes,10,Yes,No,14,Inactive
14048,Sara Smith,Female,29,Hebron,Jordan,28362.43,Corporate,C002,Back to School,Seasonal,Display Ads,2025-08-17,2025-09-11,414.86,30347,613,89,16594.18,12002.34,15123.19,Yes,2,Yes,No,20,New
13137,Ali Miller,Female,35,Ramallah,Qatar,39206.76,Regular,C001,Summer Sale,Discount,Social Media,2025-02-27,2025-03-06,272.04,3173,121,2,279.85,184.06,319.48,Yes,1,Yes,No,15,Returning
12923,Michael Awwad,Male,63,,Palestine,57428.33,Regular,C006,Loyalty Rewards,Retention,Social Media,2025-09-20,2025-10-17,98.3,7500,226,10,1226.76,675.92,1277.25,Yes,13,Yes,No,3,Returning
11768,Olivia Brown,Male,42,Jerusalem,Lebanon,54886.41,Regular,C003,Black Friday,Discount,Display Ads,2025-09-12,2025-09-28,423.9,89042,2628,275,34526.2,25220.21,31148.12,Yes,12,Yes,No,5,Returning
13898,Daniel Saleh,Male,26,Ramallah,Lebanon,,Budget,C003,Black Friday,Discount,Display Ads,2025-05-14,2025-05-27,458.54,71155,1763,136,9143.01,6450.99,8838.6,Yes,15,Yes,No,27,Returning
13655,Adam Khalil,Female,41,Gaza,UAE,63135.82,,C005,Holiday Offers,Seasonal,Email,2025-10-31,2025-11-29,454.47,74488,3694,439,46497.01,41394.95,41444.27,Yes,12,Yes,Yes,21,Returning
13149,Maya Nasser,Male,59,Cairo,UAE,41592.29,Premium,C003,Black Friday,Discount,SMS,2025-08-17,2025-09-14,985.84,10259,826,69,,3198.33,3320.02,Yes,11,No,No,27,Inactive
13392,Daniel Awwad,Female,37,Nablus,UAE,54437.99,Budget,C003,Black Friday,Discount,Google Ads,2025-02-15,2025-03-14,420.99,16043,517,45,4834.37,3394.2,4688.22,Yes,0,Yes,No,2,Returning
11070,Ahmed Wilson,Female,35,Beirut,Palestine,48002.58,Regular,C006,Loyalty Rewards,Retention,SMS,2025-08-08,2025-08-17,99.45,81665,7042,631,81522.34,55578.12,67505.55,Yes,13,No,No,23,Returning
10079,Ali Smith,Male,34,Gaza,Jordan,31263.67,Regular,C001,Summer Sale,Discount,Email,2025-01-01,2025-01-13,388.62,51907,3026,477,65311.76,45505.23,65249.35,Yes,11,Yes,Yes,9,Returning
13235,Emma Wilson,Male,37,Jerusalem,Egypt,81161.15,Regular,C008,Weekend Flash Sale,Discount,Google Ads,2025-02-12,2025-02-20,722.28,44744,1874,145,19449.4,10840.2,18404.92,Yes,0,No,No,16,New
11245,Noor Saleh,Male,34,Beirut,UAE,94075.92,Budget,C007,Spring Promotion,Seasonal,Display Ads,2025-04-06,2025-04-16,501.45,41213,971,107,13750.22,8032.7,13469.12,Yes,15,Yes,No,27,Returning
13074,Daniel Saleh,Female,33,Hebron,Palestine,22076.3,Regular,C005,Holiday Offers,Seasonal,Social Media,2025-10-06,2025-11-01,338.88,509,10,1,72.42,50.42,83.24,Yes,15,Yes,No,20,Inactive
11659,Omar Miller,Female,28,Ramallah,UAE,54299.39,Budget,C008,Weekend Flash Sale,Discount,Email,2025-01-26,2025-02-15,545.81,52677,2545,312,25584.57,18187.4,20640.98,Yes,3,Yes,Yes,13,Returning
12717,Omar Nasser,Male,35,Ramallah,Qatar,89872.92,Budget,C008,Weekend Flash Sale,Discount,SMS,2025-11-08,2025-11-28,463.49,88938,8524,899,131662.85,85552.3,110311.87,Yes,6,Yes,No,19,Returning
13631,Omar Miller,FEMALE,39,Nablus,Egypt,52313.74,Regular,C007,Spring Promotion,Seasonal,Email,2025-03-18,2025-03-29,436.19,79809,4620,343,27310.56,17993.28,21893.3,Yes,7,Yes,No,15,Returning
13843,Michael Miller,Male,68,Gaza,Jordan,43000.85,Regular,C007,Spring Promotion,Seasonal,Website,2025-07-20,2025-08-13,369.06,90488,1773,178,20665.14,18024.32,18654.54,Yes,13,Yes,No,14,Inactive
11536,Noor Awwad,Male,29,Beirut,Lebanon,41533.73,Regular,C006,Loyalty Rewards,Retention,Google Ads,2025-09-07,2025-09-24,62.24,77886,3300,336,47380.4,29282.97,53865.08,Yes,11,Yes,No,3,Returning
11771,John Wilson,Male,23,Ramallah,Palestine,23523.17,Budget,C007,Spring Promotion,Seasonal,SMS,2025-09-25,2025-10-04,782.06,36810,3222,324,35823.08,31581.88,31053.76,Yes,0,Yes,No,29,Returning
13324,Layla Miller,Male,31,Hebron,Qatar,78783.85,Premium,C006,Loyalty Rewards,Retention,Email,2025-10-18,2025-11-02,289.38,88332,4883,585,42435.29,36800.37,45166.17,Yes,5,Yes,No,21,New
13345,Noor Wilson,Male,32,Hebron,Palestine,48899.3,Budget,C002,Back to School,Seasonal,Google Ads,2025-02-24,2025-03-19,419.1,95805,4419,446,69573.35,57826.95,57466.84,Yes,2,Yes,No,12,Returning
10216,Yousef Wilson,Male,27,Gaza,Qatar,55200.86,Budget,C005,Holiday Offers,Seasonal,Website,2025-05-15,2025-05-23,482.46,45997,992,55,5206.78,3269.64,5957.6,Yes,2,No,No,3,Returning
12089,Lina Wilson,Male,27,Ramallah,Egypt,39113.25,Corporate,C003,Black Friday,Discount,SMS,2025-10-01,2025-10-27,429.79,7623,733,34,6143.18,4755.88,5118.26,Yes,0,No,No,30,Returning
10595,Layla Nasser,Male,24,Dubai,Lebanon,44669.76,Regular,C007,Spring Promotion,Seasonal,Email,2025-02-22,2025-03-16,817.84,61657,3897,124,8920.47,7608.28,9441.91,Yes,4,No,Yes,0,Returning
10411,Ahmed Smith,Female,25,Cairo,Jordan,78712.91,Regular,C001,Summer Sale,Discount,Google Ads,2025-11-16,2025-12-13,261.35,63364,3970,116,19517.27,12680.47,16478.92,Yes,15,No,No,22,Returning
10056,Omar Saleh,Male,25,Hebron,Palestine,68977.55,Regular,C007,Spring Promotion,Seasonal,Email,2025-08-18,2025-09-05,224.84,77764,3528,264,32191.99,24845.25,31505.28,Yes,13,Yes,Yes,9,Returning
13836,Sophia Nasser,Male,53,Beirut,UAE,43114.04,Regular,C006,Loyalty Rewards,Retention,Website,2025-04-19,2025-05-01,364.61,48065,1390,91,5077.11,4322.18,4380.84,Yes,2,Yes,No,2,New
13306,Noor Saleh,Female,19,Beirut,Jordan,72382.24,Corporate,C008,Weekend Flash Sale,Discount,SMS,2025-12-24,2026-01-15,125.77,7691,597,31,5256.72,3668.8,4610.03,Yes,10,No,No,27,Returning
11412,Noor Miller,Female,23,Amman,UAE,59472.32,Regular,C005,Holiday Offers,Seasonal,Google Ads,2025-10-03,2025-10-15,577.88,12480,457,26,820.59,637.42,779.51,Yes,7,Yes,No,3,New
12777,Olivia Brown,Female,28,Ramallah,Lebanon,65668.57,Corporate,C002,Back to School,Seasonal,Social Media,2025-11-15,2025-12-09,733.13,48013,1620,151,13273.79,8251.97,11323.76,Yes,11,Yes,No,5,Inactive
12963,Ahmed Davis,Male,51,Beirut,Qatar,42710.63,Regular,C008,Weekend Flash Sale,Discount,Google Ads,2025-03-27,2025-04-13,652.96,20115,952,88,15685.32,12462.52,13592.03,Yes,7,Yes,No,8,New
10787,Adam Miller,Female,35,Doha,Egypt,61354.65,Budget,C006,Loyalty Rewards,Retention,SMS,2025-03-26,2025-04-19,488.64,1350,120,6,722.55,402.21,666.1,Yes,15,Yes,No,28,New
13444,Yousef Smith,Female,48,Cairo,Palestine,34494.72,Corporate,C005,Holiday Offers,Seasonal,Website,2025-03-29,2025-04-24,572.16,38852,875,102,12667.72,7673.25,12942.12,Yes,1,No,No,27,Returning
13106,Maya Smith,Female,24,Cairo,Qatar,35318.07,Budget,C004,New Product Launch,Product,Display Ads,2025-08-20,2025-08-27,704.62,56569,1221,113,5641.9,4017.38,6230.2,Yes,5,No,No,27,Returning
11783,John Awwad,Male,36,Amman,UAE,54951.66,Regular,C003,Black Friday,Discount,SMS,2025-03-15,2025-03-28,262.76,93132,7995,500,76923.98,42849.0,65946.64,Yes,2,No,No,14,Returning
10692,Emma Saleh,Male,27,Doha,Lebanon,47587.09,Premium,C004,New Product Launch,Product,Google Ads,2025-02-18,2025-03-06,334.81,58673,2245,168,13331.47,10589.02,11195.9,Yes,15,No,No,24,Returning
14173,Sophia Saleh,Female,32,Ramallah,Jordan,80407.84,Corporate,C008,Weekend Flash Sale,Discount,Email,2025-09-26,2025-10-03,776.99,90978,5373,697,65733.11,53145.95,58512.67,Yes,10,Yes,Yes,29,Returning
10617,Maya Hassan,Male,52,Beirut,Qatar,81739.55,Budget,C006,Loyalty Rewards,Retention,SMS,2025-12-19,2026-01-18,427.83,48179,3959,500,64326.28,41454.44,71472.64,Yes,6,No,No,25,Returning
12361,Daniel Khalil,Male,18,Amman,Qatar,79170.32,Regular,C003,Black Friday,Discount,Social Media,2025-01-07,2025-01-31,229.07,86588,2834,336,47969.89,30688.1,51371.67,Yes,6,No,No,24,Returning
12203,Lina Miller,Female,52,Ramallah,Jordan,26790.4,Regular,C008,Weekend Flash Sale,Discount,Email,2025-10-14,2025-11-11,462.74,49793,3102,418,38283.41,23768.11,42319.15,Yes,1,No,Yes,18,Returning
12155,Daniel Khalil,Male,57,Dubai,Lebanon,103098.82,Budget,C004,New Product Launch,Product,Website,2025-03-19,2025-04-14,425.7,18966,711,67,5555.17,4059.18,5833.25,Yes,2,No,No,4,Inactive
13095,Ahmed Nasser,Male,37,Doha,Egypt,31700.38,Regular,C008,Weekend Flash Sale,Discount,Email,2025-01-30,2025-02-13,721.32,55748,2395,212,26756.89,23645.4,31170.95,Yes,6,Yes,Yes,19,New
13402,Maya Smith,Male,45,,Qatar,50704.89,Regular,C002,Back to School,Seasonal,Social Media,2025-04-20,2025-05-07,314.78,22534,400,35,2700.98,1550.38,3035.13,Yes,0,No,No,24,New
10030,Michael Khalil,Female,35,Beirut,Lebanon,54551.75,Regular,C004,New Product Launch,Product,Display Ads,2025-07-24,2025-07-31,147.68,32545,761,20,1761.12,1573.64,1834.36,Yes,13,Yes,No,16,Returning
14142,Layla Nasser,Female,32,Hebron,Qatar,53049.97,Premium,C002,Back to School,Seasonal,Social Media,2025-03-30,2025-04-19,624.62,94079,4390,386,57927.03,49376.81,48098.98,Yes,15,No,No,27,Returning
11833,Ali Miller,Male,34,Cairo,Palestine,81523.07,Budget,C004,New Product Launch,Product,Website,2025-06-02,2025-07-01,1040.85,32047,819,17,1832.68,1219.3,1982.48,Yes,1,No,No,18,Inactive
13079,Yousef Hassan,Male,29,Cairo,Palestine,91857.73,,C001,Summer Sale,Discount,Email,2025-09-27,2025-10-27,190.41,62434,2757,272,33900.15,29213.5,28247.25,Yes,8,Yes,No,22,Inactive
10859,Sara Hassan,Female,19,Amman,Egypt,53783.72,Budget,C005,Holiday Offers,Seasonal,SMS,2025-01-04,2025-01-17,99.4,8005,726,52,7245.26,5225.73,6509.25,Yes,4,Yes,No,3,New
10929,Michael Awwad,Female,44,Jerusalem,Lebanon,44759.71,Regular,C003,Black Friday,Discount,SMS,2025-06-11,2025-07-04,453.9,71861,7097,638,68922.64,57493.09,60194.72,Yes,2,Yes,No,17,New
10199,Sophia Saleh,Male,23,Gaza,Palestine,65002.63,Regular,C003,Black Friday,Discount,SMS,2025-03-27,2025-04-15,152.58,12221,971,54,8165.71,4767.98,8386.94,Yes,3,Yes,No,18,New
10349,Ahmed Khalil,Female,31,Beirut,Lebanon,30946.03,Budget,C006,Loyalty Rewards,Retention,Email,2025-04-26,2025-05-15,641.34,84023,3318,152,12046.36,9418.77,10715.39,Yes,5,Yes,No,0,New
10263,Maya Awwad,Male,28,Beirut,UAE,54109.48,Premium,C005,Holiday Offers,Seasonal,SMS,2025-11-12,2025-12-01,77.32,11295,1194,52,4408.43,3188.91,5004.31,Yes,7,No,No,1,Inactive
14022,Maya Awwad,Female,50,Amman,Palestine,51728.78,Budget,C001,Summer Sale,Discount,SMS,2025-04-15,2025-05-14,439.54,90310,8162,583,68883.05,46623.28,74605.09,Yes,11,Yes,No,7,Inactive
10918,John Hassan,Female,27,Jerusalem,UAE,69935.21,Corporate,C001,Summer Sale,Discount,Google Ads,2025-10-23,2025-11-07,711.62,50027,2062,91,10517.99,9077.32,9584.66,Yes,3,No,No,7,New
10612,Daniel Khalil,Male,45,Hebron,Lebanon,18000.0,Premium,C007,Spring Promotion,Seasonal,SMS,2025-04-14,2025-04-22,531.62,77372,6811,319,28209.57,16437.07,32020.0,Yes,4,No,No,0,Returning
11651,Daniel Miller,Female,35,Dubai,UAE,42391.46,Regular,C001,Summer Sale,Discount,Social Media,2025-07-16,2025-07-30,20.0,87130,2989,287,38981.62,29694.41,38813.0,Yes,11,No,No,8,New
12623,Ahmed Awwad,Male,36,Cairo,UAE,29733.99,Premium,C003,Black Friday,Discount,Display Ads,2025-07-13,2025-08-04,392.54,47761,222,14,1242.66,909.42,1179.58,Yes,1,Yes,No,22,New
10994,Yousef Brown,Female,36,Nablus,Palestine,66668.44,Regular,C005,Holiday Offers,Seasonal,Display Ads,2025-07-09,2025-07-27,509.05,67460,1308,89,11499.67,8912.15,9999.84,Yes,9,No,No,27,Returning
10481,Sara Davis,Male,50,Beirut,Palestine,70086.64,Premium,C003,Black Friday,Discount,Email,2025-02-18,2025-03-09,414.69,46120,2624,175,18097.99,14667.43,14748.61,Yes,3,Yes,No,19,New
10919,Olivia Smith,Male,41,Doha,UAE,55057.47,Premium,C003,Black Friday,Discount,SMS,2025-08-25,2025-09-16,537.83,83599,7491,401,33499.84,28806.14,38003.96,Yes,11,Yes,No,8,Returning
11307,Lina Davis,Female,29,Hebron,Lebanon,41688.81,Regular,C007,Spring Promotion,Seasonal,Google Ads,2025-08-06,2025-08-30,478.72,97948,3874,368,45699.78,25190.79,36801.93,Yes,15,Yes,No,0,New
13983,Ali Awwad,Male,27,Dubai,Lebanon,74688.13,Regular,C005,Holiday Offers,Seasonal,SMS,2025-07-12,2025-07-28,126.36,12085,1001,99,10701.75,9496.07,10383.89,Yes,8,No,No,25,New
13843,Sara Miller,Female,44,Gaza,UAE,68797.07,Regular,C005,Holiday Offers,Seasonal,Google Ads,2025-10-25,2025-11-12,306.43,47047,2412,195,18583.0,14235.03,16962.68,Yes,0,Yes,No,1,New
10152,Sophia Miller,Female,30,Gaza,Qatar,57337.67,Regular,C006,Loyalty Rewards,Retention,SMS,2025-05-11,2025-05-22,666.41,59361,4584,555,80984.3,47172.76,75625.37,Yes,4,No,No,6,Returning
10204,Maya Nasser,Female,26,Nablus,Lebanon,69926.02,Regular,C005,Holiday Offers,Seasonal,Display Ads,2025-08-09,2025-09-06,281.44,39445,874,68,5695.59,3966.52,6095.83,Yes,14,Yes,No,4,Returning
13602,Layla Khalil,Female,42,Nablus,Qatar,56456.1,Premium,C003,Black Friday,Discount,Google Ads,2025-03-28,2025-04-14,792.46,42836,1391,147,26671.22,15540.18,24496.65,Yes,6,Yes,No,6,New
13451,Maya Hassan,Male,40,Beirut,UAE,36315.13,Regular,C002,Back to School,Seasonal,SMS,2025-07-09,2025-07-24,559.5,89493,7819,614,70364.15,62781.19,71082.38,Yes,1,Yes,No,12,New
10297,Emma Davis,Female,29,Cairo,Jordan,61012.63,Regular,C008,Weekend Flash Sale,Discount,Social Media,2025-11-11,2025-11-24,807.31,28193,1103,33,4755.97,4213.07,4338.9,Yes,12,Yes,No,0,Returning
11341,Sophia Smith,Female,44,Ramallah,Jordan,58262.88,Budget,C007,Spring Promotion,Seasonal,Google Ads,2025-07-17,2025-08-01,426.29,94983,3130,225,19242.27,14321.08,16952.03,Yes,13,No,No,12,New
12914,John Hassan,Female,38,Nablus,Egypt,38660.38,Regular,C006,Loyalty Rewards,Retention,Email,2025-12-15,2025-12-24,818.37,85535,4255,275,35943.28,26873.89,36570.02,Yes,9,Yes,No,30,Returning
12918,Michael Awwad,Male,26,Cairo,Qatar,58074.38,Premium,C003,Black Friday,Discount,Website,2025-06-26,2025-07-23,311.66,44402,1042,99,14130.79,12017.0,11697.14,Yes,3,No,No,7,Returning
12641,Daniel Hassan,Male,41,Hebron,Jordan,98317.47,Corporate,C007,Spring Promotion,Seasonal,Google Ads,2025-10-16,2025-10-26,985.05,70849,1833,168,19965.28,14685.05,16322.45,Yes,3,Yes,No,24,New
11681,Omar Smith,Male,47,,Qatar,60127.95,Regular,C001,Summer Sale,Discount,Display Ads,2025-12-10,2026-01-03,779.13,29988,553,62,4238.0,2760.33,4121.16,Yes,1,Yes,No,17,Inactive
10857,Sophia Wilson,Female,33,Dubai,Egypt,42213.88,Premium,C002,Back to School,Seasonal,Website,2025-11-28,2025-12-08,697.11,96766,3074,290,59756.47,51295.12,52740.8,Yes,0,No,No,0,Returning
13754,Omar Miller,Female,26,Doha,UAE,52347.23,Corporate,C005,Holiday Offers,Seasonal,Google Ads,2025-12-28,2026-01-12,585.4,3711,164,15,2442.51,1779.23,2801.46,Yes,13,Yes,No,28,New
13556,Olivia Saleh,Female,33,Hebron,Palestine,85762.99,Budget,C006,Loyalty Rewards,Retention,Display Ads,2025-07-10,2025-07-30,331.59,65425,725,63,7992.66,6144.17,7484.17,Yes,13,No,No,19,Inactive
13090,Maya Brown,Male,47,Jerusalem,Lebanon,57651.74,Regular,C003,Black Friday,Discount,Google Ads,2025-04-27,2025-05-19,539.53,99596,3736,393,63696.88,48761.86,58301.02,Yes,1,Yes,No,21,Inactive
10331,Daniel Brown,Female,38,Amman,Lebanon,51096.77,Budget,C002,Back to School,Seasonal,Google Ads,2025-02-02,2025-03-02,492.29,31114,1362,122,17300.28,11920.09,18895.7,Yes,9,Yes,No,0,Inactive
11890,Lina Miller,Female,49,Dubai,Lebanon,75266.75,Regular,C007,Spring Promotion,Seasonal,Email,2025-07-01,2025-07-31,405.14,82717,4265,177,17567.21,11309.93,17452.78,Yes,2,Yes,Yes,0,New
11948,Sophia Saleh,Female,39,Gaza,Lebanon,52771.32,Budget,C008,Weekend Flash Sale,Discount,Social Media,2025-10-01,2025-10-09,20.0,9331,278,39,3118.69,1925.7,3306.51,Yes,6,Yes,No,16,Inactive
10615,Adam Smith,Female,42,Ramallah,Qatar,18000.0,Budget,C003,Black Friday,Discount,SMS,2025-03-05,2025-03-14,799.26,14741,1514,128,11624.21,7087.3,10750.85,Yes,9,No,No,12,Inactive
13648,Adam Nasser,Female,34,Cairo,Qatar,62768.95,Budget,C004,New Product Launch,Product,Display Ads,2025-06-26,2025-07-12,533.36,16365,478,56,4510.01,3955.41,4592.55,Yes,8,No,No,29,New
12502,Michael Saleh,Male,57,Ramallah,Qatar,32600.15,Regular,C006,Loyalty Rewards,Retention,Website,2025-04-01,2025-04-20,506.91,53246,1292,137,15127.3,8393.05,16546.65,Yes,7,No,No,20,Returning
12200,Noor Davis,Male,42,Nablus,Palestine,39372.85,Regular,C006,Loyalty Rewards,Retention,SMS,2025-09-17,2025-10-17,452.58,14137,1269,76,6577.63,4812.71,5719.84,Yes,12,No,No,28,Returning
10387,Yousef Khalil,Male,22,Jerusalem,UAE,52274.51,Regular,C007,Spring Promotion,Seasonal,Display Ads,2025-04-05,2025-04-29,530.62,69556,854,34,3349.82,2149.93,3064.76,Yes,5,No,No,2,Returning
13093,Omar Davis,Female,34,Hebron,Qatar,43429.25,Budget,C002,Back to School,Seasonal,Google Ads,2025-10-16,2025-10-29,65.6,90880,2809,147,21055.98,12566.08,20712.9,Yes,2,Yes,No,6,Returning
11243,Adam Davis,Male,30,Gaza,UAE,,Premium,C004,New Product Launch,Product,Email,2025-11-25,2025-12-18,739.12,97288,5438,825,72779.28,52512.37,67987.82,Yes,7,Yes,Yes,2,Returning
12090,Maya Wilson,Male,58,Cairo,Lebanon,49985.77,Corporate,C002,Back to School,Seasonal,Social Media,2025-04-30,2025-05-30,500.5,62767,2654,237,25215.9,20007.72,26944.12,Yes,4,Yes,No,20,Returning
10846,Ali Smith,Female,36,Hebron,Lebanon,38725.5,Regular,C006,Loyalty Rewards,Retention,Display Ads,2025-09-15,2025-10-09,472.46,33146,453,56,10760.25,7751.03,10499.5,Yes,1,Yes,No,2,New
13344,Omar Saleh,Male,26,Cairo,UAE,28115.59,Premium,C008,Weekend Flash Sale,Discount,Website,2025-08-21,2025-09-09,628.21,2248,79,3,568.78,315.69,556.49,Yes,4,No,No,9,Returning
11310,Sophia Nasser,Male,32,Nablus,UAE,34906.78,Budget,C004,New Product Launch,Product,Website,2025-02-15,2025-03-07,429.01,63515,1727,148,19891.45,12634.48,17789.39,Yes,2,Yes,No,16,Returning
11814,Daniel Miller,Male,27,Nablus,Egypt,35293.96,Budget,C003,Black Friday,Discount,SMS,2025-11-27,2025-12-20,763.11,13136,1244,74,14105.56,10688.46,12625.94,Yes,8,No,No,18,New
12008,Sophia Miller,Male,32,Hebron,Jordan,27261.4,Premium,C003,Black Friday,Discount,Display Ads,2025-06-03,2025-06-26,352.17,54806,1602,194,33081.96,28493.03,28564.87,Yes,3,Yes,No,10,Returning
11305,Noor Awwad,Female,56,Doha,Egypt,42945.93,Premium,C005,Holiday Offers,Seasonal,SMS,2025-09-09,2025-09-17,618.06,11595,1102,86,7488.56,6444.52,6929.91,Yes,8,Yes,No,27,New
10008,Yousef Nasser,Female,30,Ramallah,Jordan,62290.53,Premium,C004,New Product Launch,Product,SMS,2025-03-07,2025-03-23,697.79,72392,5953,626,147890.21,90957.92,124508.79,Yes,14,No,No,16,New
13676,Sophia Khalil,Female,44,Hebron,Jordan,64492.27,Budget,C008,Weekend Flash Sale,Discount,SMS,2025-01-13,2025-02-11,756.23,55027,5208,229,28578.79,18120.74,28522.41,Yes,6,No,No,20,New
10404,Sophia Smith,Female,37,Gaza,Palestine,61247.19,Budget,C005,Holiday Offers,Seasonal,Display Ads,2025-04-23,2025-05-13,616.69,53540,339,31,3247.29,2732.52,3132.8,Yes,7,Yes,No,15,Returning
13412,Ali Davis,Female,53,Amman,Jordan,58530.21,Regular,C008,Weekend Flash Sale,Discount,SMS,2025-09-11,2025-10-04,719.61,47973,4555,530,75120.55,47461.14,84263.09,Yes,4,No,No,30,New
10604,Adam Wilson,Female,33,Gaza,Egypt,35312.17,Budget,C003,Black Friday,Discount,Social Media,2025-11-14,2025-12-03,170.47,5419,220,13,1441.36,794.94,1249.7,Yes,9,Yes,No,8,New
12879,John Wilson,Male,46,Jerusalem,Palestine,43995.42,Corporate,C003,Black Friday,Discount,Website,2025-06-20,2025-07-15,514.1,73296,2676,227,12784.5,7046.54,11885.82,Yes,2,No,No,24,New
11919,Michael Brown,Male,45,Jerusalem,Egypt,67483.32,Regular,C004,New Product Launch,Product,Website,2025-01-16,2025-02-01,567.42,28532,388,37,4467.46,3140.47,3918.63,Yes,15,No,No,2,Returning
10079,John Smith,Female,41,Ramallah,Palestine,31824.47,Regular,C002,Back to School,Seasonal,Website,2025-10-31,2025-11-21,106.36,903,13,0,0.0,0.0,0.0,No,15,Yes,No,19,Returning
11925,Lina Miller,Female,62,Nablus,Jordan,39077.4,Budget,C006,Loyalty Rewards,Retention,Website,2025-05-29,2025-06-10,609.84,47550,1144,73,7243.76,4930.96,7061.59,Yes,1,Yes,No,28,Inactive
12986,Emma Smith,Female,46,Gaza,Egypt,43423.56,Regular,C003,Black Friday,Discount,Website,2025-02-06,2025-02-13,769.98,90348,1509,102,3564.11,2034.26,4135.5,Yes,15,Yes,No,25,New
12764,Daniel Wilson,Male,21,Cairo,Lebanon,84267.6,Regular,C005,Holiday Offers,Seasonal,Email,2025-01-27,2025-02-21,586.27,53548,3316,407,17062.86,10079.93,16980.28,Yes,0,No,No,29,Returning
10548,Daniel Saleh,Male,43,Doha,Qatar,85333.01,Regular,C003,Black Friday,Discount,Google Ads,2025-05-30,2025-06-28,278.16,49589,2321,139,27714.07,20192.27,23089.01,Yes,12,No,No,22,Returning
12404,Adam Saleh,Female,32,Beirut,Qatar,,Regular,C006,Loyalty Rewards,Retention,Google Ads,2025-05-15,2025-06-03,682.63,2689,118,12,1713.11,1050.53,1628.36,Yes,12,Yes,No,8,Returning
10176,Emma Saleh,Male,44,Cairo,Egypt,51637.98,Regular,C005,Holiday Offers,Seasonal,Website,2025-12-27,2026-01-21,709.74,57547,1088,59,7386.35,5883.02,6027.14,Yes,12,No,No,23,New
10945,Michael Smith,Male,41,Gaza,Palestine,48586.58,Regular,C001,Summer Sale,Discount,Social Media,2025-08-03,2025-08-17,811.5,40582,1606,96,13497.98,11212.75,14403.58,Yes,14,No,No,10,New
13198,Sara Miller,Male,39,Doha,Egypt,68145.47,Premium,C003,Black Friday,Discount,Social Media,2025-12-02,2026-01-01,99.57,80103,3024,267,45927.88,29941.62,41337.3,Yes,6,Yes,No,19,Returning
11765,Ali Hassan,Male,24,Hebron,UAE,40955.31,Corporate,C006,Loyalty Rewards,Retention,Google Ads,2025-08-14,2025-09-09,632.03,80562,2656,207,28046.64,19362.74,23649.82,Yes,0,Yes,No,15,New
13975,Lina Saleh,Male,48,Dubai,Lebanon,45716.73,Regular,C007,Spring Promotion,Seasonal,Google Ads,2025-08-17,2025-09-09,490.68,26463,970,96,15242.94,8965.98,12787.76,YES,14,Yes,No,20,Returning
10431,Layla Khalil,Male,58,Dubai,Qatar,46939.33,Regular,C007,Spring Promotion,Seasonal,SMS,2025-11-07,2025-11-25,613.85,76523,8110,411,37861.03,24418.79,38022.17,Yes,6,Yes,No,23,Inactive
13138,Olivia Saleh,Female,23,Ramallah,Egypt,73327.97,Regular,C006,Loyalty Rewards,Retention,Google Ads,2025-08-20,2025-09-14,611.24,16001,664,79,8254.04,5506.01,9617.28,Yes,4,Yes,No,26,Returning
10196,Maya Davis,Female,21,Gaza,Jordan,72127.94,Regular,C003,Black Friday,Discount,SMS,2025-10-29,2025-11-19,429.11,53411,4554,363,29671.3,20336.97,25068.31,Yes,8,Yes,No,7,Returning
12209,Sophia Davis,Female,64,Beirut,Palestine,44151.55,Regular,C008,Weekend Flash Sale,Discount,Website,2025-08-06,2025-08-20,667.55,74535,1636,167,20180.65,12789.94,21675.24,Yes,2,No,No,3,Returning
10313,Layla Miller,Male,0,Gaza,UAE,50557.18,Regular,C005,Holiday Offers,Seasonal,Social Media,2025-08-23,2025-08-31,679.93,59840,1519,26,3153.97,2536.49,3211.33,Yes,4,No,No,9,New
13936,Sophia Khalil,Male,36,Beirut,UAE,44355.95,Regular,C003,Black Friday,Discount,Website,2025-09-01,2025-09-16,444.02,7684,182,11,1602.74,1019.33,1415.36,Yes,14,No,No,2,Inactive
11016,Yousef Brown,Male,34,Hebron,Qatar,53737.95,Regular,C001,Summer Sale,Discount,Social Media,2025-06-10,2025-06-30,884.14,69076,3095,266,21832.26,14850.9,18043.05,Yes,3,Yes,No,17,Returning
14054,Olivia Wilson,Male,29,Doha,UAE,65228.39,Premium,C004,New Product Launch,Product,Website,2025-12-01,2025-12-29,491.74,82300,2066,273,42791.68,37742.41,47483.88,Yes,6,Yes,No,10,Returning
13917,Layla Brown,Male,32,Ramallah,Qatar,105098.23,Budget,C002,Back to School,Seasonal,Website,2025-07-26,2025-08-07,475.38,53758,1795,146,22349.04,16418.32,21649.9,Yes,13,No,No,23,Returning
10574,John Saleh,Male,66,Cairo,Qatar,93231.83,Regular,C002,Back to School,Seasonal,Social Media,2025-01-06,2025-01-19,555.2,19166,692,64,3736.12,2859.03,3393.73,Yes,13,Yes,No,9,Returning
13452,Layla Awwad,Female,48,Dubai,Qatar,87474.14,Regular,C005,Holiday Offers,Seasonal,Website,2025-09-07,2025-09-28,644.51,4473,82,1,96.95,86.03,106.33,Yes,10,Yes,No,12,New
12036,Yousef Miller,Female,35,Gaza,Palestine,42534.19,Premium,C008,Weekend Flash Sale,Discount,SMS,2025-03-29,2025-04-06,459.66,71393,6410,485,59683.62,43918.97,67268.58,Yes,1,Yes,No,22,New
12045,Yousef Davis,Male,35,,Palestine,20269.32,Corporate,C003,Black Friday,Discount,Email,2025-07-01,2025-07-15,644.99,51004,2746,108,6482.74,4969.97,6519.26,Yes,10,Yes,No,12,Returning
10324,Omar Khalil,Male,41,Hebron,Jordan,68853.35,Premium,C006,Loyalty Rewards,Retention,Social Media,2025-06-03,2025-06-10,430.29,36201,1339,74,6644.8,4850.11,7213.6,Yes,3,No,No,20,Returning
12187,Lina Wilson,Female,40,Cairo,Qatar,34505.55,Corporate,C002,Back to School,Seasonal,Display Ads,2025-03-31,2025-04-22,494.08,59359,468,40,4298.52,2858.75,4836.17,Yes,6,Yes,No,7,New
12546,Lina Awwad,Male,38,Cairo,UAE,37351.85,Regular,C006,Loyalty Rewards,Retention,SMS,2025-07-21,2025-08-09,482.84,11506,1040,94,13186.2,11089.3,12872.92,Yes,13,Yes,No,28,Returning
12982,Omar Brown,Female,57,Ramallah,Palestine,55001.29,Regular,C005,Holiday Offers,Seasonal,Email,2025-11-22,2025-12-19,487.24,64310,4025,280,29266.92,18267.9,27757.03,Yes,7,Yes,No,11,Returning
13507,Emma Smith,Female,19,Dubai,Lebanon,67992.76,Premium,C001,Summer Sale,Discount,Social Media,2025-10-05,2025-10-20,733.07,97156,2952,29,4660.37,2987.8,4069.73,YES,13,No,No,21,New
10425,Ali Miller,Male,30,Cairo,Egypt,67104.15,Premium,C005,Holiday Offers,Seasonal,Display Ads,2025-04-18,2025-05-05,756.18,28289,372,18,2288.24,1762.76,1970.34,Yes,10,No,No,26,New
13521,Lina Davis,Female,30,Nablus,Qatar,67712.56,Budget,C002,Back to School,Seasonal,Social Media,2025-09-17,2025-10-03,571.59,93771,2088,210,17303.41,13992.23,19073.44,Yes,14,No,No,27,New
12108,Omar Wilson,Female,49,Beirut,Palestine,79213.32,Regular,C006,Loyalty Rewards,Retention,Email,2025-07-11,2025-08-09,598.04,70712,3697,328,50004.0,33019.83,44852.02,Yes,4,Yes,Yes,11,Returning
12208,Sophia Smith,Male,53,Jerusalem,Palestine,45184.83,Regular,C001,Summer Sale,Discount,Display Ads,2025-11-18,2025-12-15,446.53,56960,1398,170,25079.23,20131.26,27912.3,Yes,3,Yes,No,19,Inactive
13722,Adam Wilson,Male,18,Amman,Jordan,62471.31,Budget,C004,New Product Launch,Product,Email,2025-06-11,2025-07-05,764.88,36265,1945,153,16164.05,10426.02,15147.8,Yes,12,Yes,No,19,Returning
11047,Ahmed Smith,Female,35,Nablus,Palestine,50191.67,Regular,C003,Black Friday,Discount,Display Ads,2025-04-18,2025-04-28,650.36,75865,1244,30,2852.14,2064.32,3291.67,Yes,11,Yes,No,30,Returning
10124,Daniel Saleh,Male,45,Nablus,Jordan,63050.8,Budget,C004,New Product Launch,Product,Social Media,2025-11-15,2025-11-27,263.5,51404,1554,126,17160.71,11626.5,14479.67,Yes,4,Yes,No,28,New
13013,Emma Brown,Male,36,Cairo,UAE,36730.68,Regular,C006,Loyalty Rewards,Retention,SMS,2025-06-26,2025-07-26,214.99,58508,5489,442,61955.37,46662.18,65469.81,Yes,7,Yes,No,19,New
12370,Adam Khalil,Male,39,,Lebanon,45551.93,Regular,C006,Loyalty Rewards,Retention,SMS,2025-10-08,2025-10-29,573.18,70067,6812,865,111260.05,74437.09,102555.09,Yes,5,Yes,No,21,Returning
11476,Noor Miller,Female,25,Cairo,Jordan,27778.54,Premium,C002,Back to School,Seasonal,Website,2025-11-05,2025-11-29,296.64,57144,1682,93,11675.77,9016.77,12782.82,Yes,11,No,No,12,Returning
10146,Michael Nasser,Female,28,Dubai,Jordan,33438.63,Budget,C007,Spring Promotion,Seasonal,Display Ads,2025-08-28,2025-09-04,650.27,27920,360,11,1307.85,1088.83,1416.89,Yes,5,No,No,3,Inactive
14159,Michael Smith,Female,24,Amman,Palestine,79350.4,Budget,C001,Summer Sale,Discount,Display Ads,2025-03-09,2025-03-17,734.98,64153,1158,84,12763.72,10563.29,12340.69,Yes,10,Yes,No,1,New
10385,Michael Nasser,Male,40,Beirut,Palestine,90472.21,Regular,C005,Holiday Offers,Seasonal,Website,2025-05-09,2025-05-31,263.62,65371,2297,301,39126.63,30135.03,40864.06,Yes,6,Yes,No,1,New
12093,Yousef Awwad,Female,18,Hebron,Lebanon,18809.59,Premium,C008,Weekend Flash Sale,Discount,Email,2025-10-05,2025-11-01,390.41,82307,4123,486,41538.66,28626.26,44383.96,Yes,0,Yes,Yes,24,New
11473,Ali Brown,Female,33,Jerusalem,Qatar,86154.67,Premium,C007,Spring Promotion,Seasonal,SMS,2025-12-06,2025-12-26,686.74,36490,3089,400,54288.77,40749.09,51547.8,Yes,15,Yes,No,0,Returning
12840,Maya Wilson,Female,38,Dubai,UAE,81888.3,Premium,C001,Summer Sale,Discount,Website,2025-05-07,2025-05-17,115.15,90243,1690,69,11017.03,8899.32,10965.74,Yes,6,Yes,No,20,New
10656,Noor Hassan,Male,19,Amman,Jordan,67042.81,Corporate,C001,Summer Sale,Discount,Email,2025-09-10,2025-09-26,331.56,9604,336,20,2243.87,1263.72,2102.49,Yes,12,No,No,8,New
13095,Ahmed Nasser,Male,47,Cairo,Lebanon,32075.22,Regular,C007,Spring Promotion,Seasonal,SMS,2025-03-13,2025-03-26,402.06,17631,1488,37,4547.76,4069.89,4264.22,Yes,9,No,No,26,Returning
13885,Sara Awwad,Female,39,Nablus,Qatar,63390.65,Premium,C008,Weekend Flash Sale,Discount,Display Ads,2025-05-02,2025-05-24,762.18,59892,711,65,9798.01,5793.15,9080.91,Yes,5,Yes,No,8,New
10492,Michael Hassan,Male,32,Cairo,Lebanon,64983.72,Regular,C001,Summer Sale,Discount,Display Ads,2025-02-23,2025-03-22,706.21,12955,287,19,1660.88,1140.6,1929.18,Yes,14,Yes,No,23,New
13809,Sophia Smith,Female,66,Doha,UAE,72672.79,Regular,C001,Summer Sale,Discount,Social Media,2025-04-26,2025-05-15,1001.27,82869,2124,121,11595.43,9331.66,13007.06,Yes,14,No,No,20,Returning
12290,Olivia Miller,Male,64,Nablus,Egypt,66951.36,Budget,C004,New Product Launch,Product,Display Ads,2025-09-05,2025-09-28,627.8,37508,420,43,2916.75,1648.09,2346.07,Yes,12,No,No,5,New
10037,Layla Smith,Male,45,Hebron,UAE,64845.43,Budget,C001,Summer Sale,Discount,Google Ads,2025-11-10,2025-12-04,464.81,23319,1000,63,7493.3,4182.83,6030.75,Yes,0,No,No,27,New
13217,Michael Smith,Female,37,Gaza,Qatar,38167.39,Regular,C007,Spring Promotion,Seasonal,Google Ads,2025-12-31,2026-01-09,755.19,56125,2379,171,13827.49,9885.09,15490.47,Yes,6,Yes,No,10,New
11156,Adam Awwad,Male,36,Amman,Egypt,62598.13,Regular,C008,Weekend Flash Sale,Discount,Social Media,2025-07-18,2025-08-01,562.81,90304,3809,453,31715.84,18031.28,35139.63,Yes,7,Yes,No,17,Returning
12116,Ahmed Davis,Female,51,Ramallah,Palestine,19786.24,Regular,C006,Loyalty Rewards,Retention,Website,2025-01-11,2025-01-27,412.88,40417,684,57,6290.37,4959.93,6981.81,Yes,7,Yes,No,12,Inactive
13805,Olivia Hassan,Male,38,Ramallah,Jordan,61589.01,Regular,C007,Spring Promotion,Seasonal,Website,2025-02-24,2025-03-03,306.15,74512,910,70,7873.23,7014.75,8739.32,Yes,3,No,No,13,Inactive
13011,Lina Khalil,Female,38,Jerusalem,Qatar,46818.97,Regular,C008,Weekend Flash Sale,Discount,Email,2025-02-07,2025-02-14,577.22,59744,4433,338,46999.15,30358.27,45423.45,Yes,0,No,No,16,Returning
12517,Sara Nasser,Female,35,Hebron,UAE,60970.13,Budget,C005,Holiday Offers,Seasonal,SMS,2025-10-09,2025-11-03,508.03,44498,4019,272,13528.15,9063.55,12602.08,Yes,6,No,No,9,Inactive
12602,Michael Wilson,Female,39,Cairo,Egypt,27065.67,Budget,C008,Weekend Flash Sale,Discount,Display Ads,2025-09-04,2025-09-18,181.6,89696,1029,109,11496.81,7875.44,9757.75,Yes,11,Yes,No,12,Returning
11840,Maya Saleh,Female,43,Nablus,Palestine,62017.57,Regular,C001,Summer Sale,Discount,Website,2025-06-30,2025-07-29,584.4,85235,2457,199,19082.03,11007.21,22053.0,Yes,1,No,No,25,Returning
10800,John Saleh,Male,35,Hebron,Palestine,20339.88,Budget,C008,Weekend Flash Sale,Discount,SMS,2025-03-19,2025-04-05,515.87,94574,9673,456,65555.45,50708.55,57575.78,Yes,13,Yes,No,22,New
12823,Noor Saleh,Female,38,Ramallah,Qatar,41787.91,Premium,C001,Summer Sale,Discount,SMS,2025-04-05,2025-04-29,846.49,96852,9489,725,55044.89,38147.24,58479.91,Yes,2,No,No,23,Returning
10439,Adam Awwad,Male,28,Amman,Palestine,29923.37,Regular,C004,New Product Launch,Product,Google Ads,2025-04-13,2025-04-28,524.52,74873,2731,149,33626.19,24702.04,32132.24,Yes,6,No,No,7,New
14086,Michael Miller,Male,18,Gaza,Qatar,65606.11,Premium,C005,Holiday Offers,Seasonal,Email,2025-12-27,2026-01-16,719.33,61286,3386,485,53870.03,34180.24,47209.34,Yes,12,Yes,No,15,Returning
13335,Layla Wilson,Female,47,Jerusalem,Egypt,49051.98,Regular,C003,Black Friday,Discount,SMS,2025-09-28,2025-10-12,762.56,96099,8704,910,92372.2,81514.27,75757.79,Yes,9,No,No,0,Returning
11412,Daniel Khalil,Female,41,Jerusalem,Egypt,57501.56,Budget,C001,Summer Sale,Discount,Website,2025-06-09,2025-06-27,354.93,35209,997,82,8860.71,7682.44,9441.48,Yes,4,No,No,4,Returning
11829,Sara Hassan,Female,27,Cairo,Palestine,33449.7,Premium,C008,Weekend Flash Sale,Discount,SMS,2025-07-26,2025-08-09,706.44,35358,3764,322,41809.35,29467.79,39391.02,Yes,0,No,No,25,New
12067,Yousef Wilson,Female,38,Amman,Lebanon,59078.51,Regular,C003,Black Friday,Discount,Google Ads,2025-07-25,2025-08-20,357.36,53074,2088,290,16883.13,9678.86,16422.0,Yes,10,Yes,No,13,Returning
13037,Ali Wilson,Male,39,Hebron,UAE,,Budget,C003,Black Friday,Discount,Display Ads,2025-10-11,2025-10-27,182.54,43452,1112,137,17659.32,14867.44,17139.15,Yes,8,No,No,0,Returning
10059,Ahmed Smith,Female,45,Gaza,Lebanon,63940.63,Regular,C001,Summer Sale,Discount,SMS,2025-08-01,2025-08-21,418.44,41447,3766,354,36002.88,28200.03,40966.38,Yes,14,No,No,3,New
10975,Maya Wilson,Female,18,Nablus,Qatar,36652.89,Regular,C004,New Product Launch,Product,Social Media,2025-06-29,2025-07-25,343.53,38006,1501,217,41763.78,24823.52,43454.38,Yes,5,Yes,No,29,New
10973,John Awwad,Male,34,Amman,Jordan,62053.96,Regular,C008,Weekend Flash Sale,Discount,SMS,2025-12-25,2026-01-12,473.35,41316,3391,274,28020.52,16423.4,24436.24,Yes,13,Yes,No,25,New
10895,Omar Khalil,Female,40,Doha,Jordan,25134.95,Regular,C002,Back to School,Seasonal,Display Ads,2025-03-28,2025-04-22,147.34,66880,800,28,3074.91,2293.94,3316.08,Yes,7,No,No,16,New
10068,Sara Hassan,Female,30,Doha,Palestine,75975.86,Premium,C008,Weekend Flash Sale,Discount,SMS,2025-12-24,2026-01-03,721.37,42664,4280,163,25181.59,19151.88,23416.87,Yes,12,No,No,6,Returning
10788,Michael Nasser,Female,42,Doha,Egypt,62362.53,Corporate,C005,Holiday Offers,Seasonal,Email,2025-09-27,2025-10-04,1024.41,86616,6405,459,91247.04,69191.3,75659.69,Yes,6,Yes,No,28,Returning
11311,Maya Miller,Male,23,Dubai,UAE,44543.49,Budget,C007,Spring Promotion,Seasonal,Google Ads,2025-10-12,2025-11-11,703.73,39220,1314,96,12097.06,8620.42,11027.67,Yes,1,Yes,No,22,Returning
12063,Daniel Hassan,Female,33,Amman,Egypt,59157.23,Regular,C003,Black Friday,Discount,Website,2025-01-08,2025-01-20,519.68,31695,846,89,11388.37,7914.0,9254.63,Yes,12,No,No,13,New
10110,Ahmed Smith,Male,37,Ramallah,Egypt,41157.1,Budget,C001,Summer Sale,Discount,Email,2025-12-24,2026-01-07,770.26,506,26,3,165.72,147.53,190.25,Yes,0,Yes,Yes,17,New
13925,Maya Hassan,Male,36,Hebron,Palestine,19893.54,Regular,C001,Summer Sale,Discount,Website,2025-02-02,2025-02-22,514.18,75355,984,50,9183.03,6947.98,7629.22,Yes,5,Yes,No,6,Inactive
13101,John Hassan,Male,34,Amman,UAE,68610.07,Premium,C002,Back to School,Seasonal,Website,2025-10-15,2025-10-23,647.44,58871,1221,87,10646.29,8164.4,9909.4,Yes,0,Yes,No,14,Returning
11366,Layla Hassan,Female,27,Hebron,UAE,60896.5,Regular,C004,New Product Launch,Product,Google Ads,2025-10-26,2025-11-07,469.01,92707,4086,186,29259.69,25265.12,24362.9,Yes,12,Yes,No,17,Returning
13993,Yousef Miller,Female,39,Amman,Egypt,38506.73,Premium,C003,Black Friday,Discount,Display Ads,2025-04-28,2025-05-12,936.15,47614,1252,111,26197.78,15770.49,22059.08,Yes,11,No,No,14,Returning
11811,Yousef Brown,Male,36,Cairo,Egypt,66579.54,Premium,C007,Spring Promotion,Seasonal,Email,2025-12-06,2026-01-01,557.9,4005,225,20,2455.95,1366.72,2198.75,Yes,11,Yes,No,15,Returning
11226,Sophia Khalil,Female,55,Beirut,Egypt,40160.38,Budget,C001,Summer Sale,Discount,Display Ads,2025-11-09,2025-11-25,680.66,8952,94,6,920.66,718.6,806.52,Yes,13,No,No,18,New
10346,Maya Wilson,Male,54,Gaza,UAE,31318.39,Budget,C002,Back to School,Seasonal,Email,2025-10-15,2025-11-10,664.24,16358,881,106,14498.59,9500.9,13993.12,Yes,15,Yes,No,10,Returning
13963,Yousef Miller,Female,34,Nablus,Palestine,81892.09,Regular,C003,Black Friday,Discount,SMS,2025-04-05,2025-04-29,759.07,68232,6436,64,9335.81,5206.97,9404.51,Yes,12,No,No,23,Returning
14041,Maya Awwad,Male,45,Cairo,Lebanon,57646.21,Budget,C006,Loyalty Rewards,Retention,SMS,2025-01-11,2025-01-20,420.34,75190,7119,352,39233.44,32051.48,39680.05,Yes,15,No,No,27,New
12637,Michael Smith,Male,42,Beirut,Jordan,65247.43,Regular,C006,Loyalty Rewards,Retention,Display Ads,2025-08-04,2025-08-27,189.19,3710,7,0,0.0,0.0,0.0,No,8,No,No,26,Returning
10852,Daniel Davis,Male,35,Jerusalem,Jordan,49778.12,Regular,C003,Black Friday,Discount,Google Ads,2025-12-27,2026-01-08,211.8,38956,2142,95,13631.29,8143.29,15982.11,Yes,9,No,No,21,New
12826,Sara Miller,Male,43,Dubai,Lebanon,30961.62,Regular,C003,Black Friday,Discount,Google Ads,2025-12-22,2026-01-06,474.22,56201,3095,314,17017.7,13464.12,13854.85,Yes,1,No,No,25,Inactive
11306,Layla Davis,Female,34,Doha,UAE,60699.0,Regular,C004,New Product Launch,Product,Email,2025-12-18,2026-01-11,495.41,28369,1647,194,29365.73,22502.68,25317.84,Yes,10,Yes,No,19,New
10466,Omar Brown,Male,35,Gaza,Lebanon,83415.08,Regular,C002,Back to School,Seasonal,Website,2025-01-08,2025-01-23,456.3,18144,358,37,3629.22,2397.5,2956.71,Yes,1,Yes,No,5,New
13906,Emma Wilson,Male,61,Hebron,Qatar,55226.6,Corporate,C003,Black Friday,Discount,Website,2025-09-03,2025-09-22,838.54,45617,791,70,7496.44,4487.17,6051.39,Yes,14,No,No,23,Returning
14170,Sophia Davis,Female,32,Dubai,Egypt,33732.45,Regular,C007,Spring Promotion,Seasonal,SMS,2025-05-17,2025-06-09,660.05,63015,5561,387,13780.64,10039.92,14625.61,Yes,5,No,No,9,Inactive
10914,Noor Awwad,Male,43,Nablus,Jordan,42379.04,Regular,,Holiday Offers,Seasonal,SMS,2025-11-25,2025-12-10,256.85,45139,4037,345,61114.9,44516.11,50045.74,Yes,7,Yes,No,9,Returning
11117,Yousef Davis,FEMALE,47,Gaza,Qatar,65724.97,Premium,C002,Back to School,Seasonal,Display Ads,2025-12-24,2026-01-09,92.48,49242,934,59,6966.74,4348.66,7295.23,Yes,1,No,No,21,Returning
11605,Olivia Awwad,Female,54,Beirut,UAE,66740.11,Regular,C002,Back to School,Seasonal,Website,2025-02-23,2025-03-20,448.98,52129,1332,87,10286.76,8737.85,9358.0,Yes,3,Yes,No,17,Returning
12982,Emma Smith,Female,29,Jerusalem,Jordan,21943.2,Regular,C002,Back to School,Seasonal,Display Ads,2025-04-08,2025-04-22,619.3,85393,2477,101,11387.45,8712.43,11491.41,Yes,4,No,No,2,Returning
13785,Ali Khalil,Male,26,Ramallah,Lebanon,70637.12,Budget,C008,Weekend Flash Sale,Discount,Display Ads,2025-08-24,2025-09-09,426.19,25885,1077,102,4305.28,3307.76,4476.69,Yes,12,Yes,No,26,New
10021,Daniel Miller,Male,47,Doha,Palestine,68440.33,Corporate,C004,New Product Launch,Product,Display Ads,2025-08-01,2025-08-26,612.09,36060,457,14,2114.2,1633.33,2267.71,Yes,15,No,No,19,New
13932,John Davis,Male,44,Cairo,Qatar,44603.83,Premium,C002,Back to School,Seasonal,Display Ads,2025-09-27,2025-10-25,656.97,63481,824,38,7159.89,4730.8,6922.13,Yes,14,No,No,9,Inactive
10457,Layla Saleh,Male,34,Beirut,Qatar,59552.07,Regular,C003,Black Friday,Discount,Display Ads,2025-02-04,2025-03-05,711.21,59092,736,69,8946.15,6997.12,8659.01,Yes,1,Yes,No,27,New
11100,Sophia Awwad,Female,44,Amman,Lebanon,65232.55,Budget,C005,Holiday Offers,Seasonal,Email,2025-03-13,2025-04-09,531.35,70167,4092,236,31070.6,27337.57,33609.86,Yes,9,No,No,17,Returning
13469,Daniel Smith,Male,31,Jerusalem,Qatar,44542.41,Regular,C004,New Product Launch,Product,Email,2025-09-11,2025-10-04,250.21,32189,1778,90,2272.06,1441.89,2111.27,Yes,14,No,Yes,16,Returning
12516,Sara Hassan,Male,34,Gaza,UAE,56101.02,Regular,C003,Black Friday,Discount,Social Media,2025-04-01,2025-04-19,319.92,91337,2805,216,37184.19,31340.44,30337.48,Yes,1,Yes,No,9,New
10636,Sara Brown,Male,18,Doha,UAE,41886.48,Budget,C006,Loyalty Rewards,Retention,Email,2025-05-25,2025-06-20,641.3,16957,1029,111,13633.29,7973.73,13380.35,Yes,13,Yes,Yes,1,New
12101,Omar Hassan,Male,30,Nablus,Qatar,76549.82,Premium,C008,Weekend Flash Sale,Discount,SMS,2025-04-29,2025-05-15,718.93,36386,3129,316,21787.96,11999.09,23300.51,Yes,6,Yes,No,8,Returning
13075,Adam Saleh,Female,27,Dubai,UAE,36405.48,Premium,C007,Spring Promotion,Seasonal,Display Ads,2025-04-02,2025-04-27,711.77,72233,1712,153,21711.38,13086.79,20339.97,Yes,15,Yes,No,25,New
12950,Ali Nasser,Male,18,Amman,Palestine,65942.48,Regular,C004,New Product Launch,Product,Display Ads,2025-07-15,2025-08-07,262.16,48453,801,27,5367.96,4190.7,4584.02,Yes,1,No,No,23,Returning
12980,Maya Brown,Male,45,Jerusalem,Lebanon,71244.85,Corporate,C006,Loyalty Rewards,Retention,Google Ads,2025-12-02,2025-12-24,803.02,20654,1086,99,12896.35,11279.92,12696.0,Yes,5,No,No,1,Inactive
12951,Noor Awwad,Female,29,Ramallah,Palestine,57245.7,Corporate,C001,Summer Sale,Discount,Email,2025-05-17,2025-06-04,436.7,86486,5031,516,74168.27,42129.53,77618.74,Yes,4,Yes,No,5,New
14029,Omar Smith,Female,18,Cairo,Lebanon,83055.28,Regular,C006,Loyalty Rewards,Retention,Google Ads,2025-07-03,2025-07-22,676.65,31939,1378,199,24139.36,17978.76,26006.0,Yes,11,Yes,No,16,Returning
11720,Michael Nasser,Female,28,Beirut,Egypt,21053.53,Premium,C006,Loyalty Rewards,Retention,Display Ads,2025-07-04,2025-07-26,838.31,93749,1605,146,10891.36,7746.99,10702.15,Yes,6,Yes,No,29,Returning
11031,John Brown,Male,60,Beirut,Lebanon,58689.8,Regular,C005,Holiday Offers,Seasonal,Google Ads,2025-08-22,2025-09-09,294.41,3937,181,12,1835.96,1223.85,1957.58,Yes,3,No,No,25,New
13209,Emma Smith,Male,34,Dubai,UAE,69650.89,,C007,Spring Promotion,Seasonal,Website,2025-09-12,2025-10-12,775.07,93790,2156,177,18348.85,11258.64,18257.01,Yes,4,Yes,No,6,New
12065,Noor Awwad,Male,21,Dubai,Jordan,63396.45,Budget,C002,Back to School,Seasonal,Email,2025-08-08,2025-09-02,696.47,62016,3772,285,41467.54,31395.38,34247.83,Yes,3,No,Yes,24,New
10745,Layla Hassan,Male,34,Jerusalem,Egypt,46460.25,Regular,C003,Black Friday,Discount,Social Media,2025-04-21,2025-05-03,495.07,73084,1763,229,23320.91,19123.44,22711.07,Yes,13,Yes,No,8,New
12356,Daniel Nasser,Male,27,Jerusalem,UAE,72067.71,Budget,C003,Black Friday,Discount,Social Media,2025-05-28,2025-06-11,679.85,3430,100,5,303.14,241.26,291.87,Yes,4,Yes,No,22,New
10124,Ahmed Khalil,Male,23,Jerusalem,Qatar,28141.26,Regular,C003,Black Friday,Discount,Website,2025-12-04,2026-01-01,645.21,21617,588,45,4875.75,3681.77,4302.32,Yes,8,Yes,No,10,New
14001,Sara Saleh,Female,44,Hebron,Jordan,74957.98,Regular,C007,Spring Promotion,Seasonal,Email,2025-11-22,2025-12-14,599.09,54350,3528,56,6193.15,4290.39,5401.97,Yes,5,Yes,No,22,Returning
14000,John Nasser,Male,32,Cairo,Egypt,32532.01,Budget,C008,Weekend Flash Sale,Discount,Website,2025-07-05,2025-07-18,836.6,49778,1841,122,,9993.98,15601.68,Yes,2,No,No,0,Returning
13809,Omar Miller,Male,36,Dubai,Jordan,33808.22,Budget,C004,New Product Launch,Product,SMS,2025-01-29,2025-02-09,791.98,64090,5550,583,53482.03,37334.48,60382.02,Yes,6,Yes,No,23,Inactive
11343,Sophia Khalil,Female,31,Hebron,Qatar,69537.53,Regular,,Black Friday,Discount,Google Ads,2025-06-14,2025-07-10,506.2,88123,3253,326,47561.78,35212.93,45996.1,Yes,15,No,No,27,Returning
11494,Layla Saleh,Male,55,Ramallah,UAE,43976.8,Regular,C003,Black Friday,Discount,Social Media,2025-04-06,2025-04-18,458.75,69978,1852,140,18452.32,10682.97,20978.04,Yes,7,Yes,No,16,Returning
14097,Daniel Hassan,Male,59,Hebron,UAE,62715.47,Regular,C001,Summer Sale,Discount,SMS,2025-03-16,2025-04-07,759.38,89843,8703,528,86888.17,73682.77,85324.18,Yes,0,No,No,29,Inactive
10786,Yousef Nasser,Male,18,Jerusalem,UAE,67772.82,Regular,C003,Black Friday,Discount,Social Media,2025-10-30,2025-11-10,843.43,33482,660,37,4960.97,3635.6,5331.62,Yes,11,No,No,14,Returning
11807,Noor Smith,Male,18,Gaza,Qatar,80548.23,Corporate,C004,New Product Launch,Product,Social Media,2025-11-26,2025-12-17,336.12,36981,1329,162,15039.87,10072.23,14909.51,Yes,3,No,No,29,New
11920,Adam Davis,Female,39,Cairo,Lebanon,51163.95,Corporate,C006,Loyalty Rewards,Retention,Website,2025-02-10,2025-03-12,607.08,80376,2206,117,8087.61,6088.01,8061.48,Yes,0,No,No,7,Returning
12196,Daniel Davis,Female,38,Amman,Egypt,38986.18,Regular,C003,Black Friday,Discount,Google Ads,2025-09-02,2025-09-13,500.82,29990,1624,186,38295.04,21122.3,36202.91,Yes,5,Yes,No,0,New
13452,Ali Davis,Female,51,Beirut,UAE,73227.43,Regular,C005,Holiday Offers,Seasonal,SMS,2025-12-15,2026-01-05,407.75,37872,3710,494,45975.42,26863.02,48187.74,Yes,14,No,No,5,Returning
12045,Emma Brown,Female,37,Nablus,Egypt,58541.34,Regular,C007,Spring Promotion,Seasonal,Website,2025-03-11,2025-04-08,444.79,18771,227,20,3211.61,2686.73,3278.54,YES,14,Yes,No,23,New
13023,Yousef Khalil,Male,43,Nablus,UAE,80875.84,Regular,C007,Spring Promotion,Seasonal,Social Media,2025-12-01,2025-12-17,506.65,9898,255,11,448.76,312.92,465.9,Yes,4,No,No,21,Returning
14157,Ahmed Miller,Female,18,Nablus,Lebanon,39402.71,Regular,C007,Spring Promotion,Seasonal,Google Ads,2025-09-05,2025-09-13,247.35,33052,1661,207,27662.85,23360.69,28221.61,Yes,6,No,No,26,New
12662,Adam Hassan,Male,33,Dubai,UAE,53116.36,Regular,C004,New Product Launch,Product,Social Media,2025-07-28,2025-08-24,664.21,9301,351,19,2114.85,1677.97,2361.44,Yes,9,Yes,No,9,Inactive
11702,Olivia Khalil,Female,29,Jerusalem,Lebanon,50141.08,Regular,C002,Back to School,Seasonal,Email,2025-11-08,2025-11-17,657.15,44428,2729,203,31635.98,27290.43,29755.13,Yes,13,Yes,No,0,Returning
12992,Noor Khalil,Male,34,Jerusalem,UAE,73082.76,Regular,C007,Spring Promotion,Seasonal,Google Ads,2025-10-28,2025-11-18,473.78,37426,1752,127,12915.12,10043.88,14343.52,Yes,14,No,No,1,Returning
13124,Layla Nasser,Male,52,Cairo,Qatar,82965.41,Regular,C004,New Product Launch,Product,Email,2025-08-27,2025-09-24,808.69,97106,6028,313,46818.12,37763.82,40667.56,Yes,0,Yes,Yes,1,Returning
10895,Lina Nasser,Female,26,Cairo,Palestine,35254.87,Regular,C005,Holiday Offers,Seasonal,Social Media,2025-02-23,2025-03-05,446.78,97347,3104,246,10836.37,6034.9,12131.7,Yes,15,No,No,22,Returning
12290,Yousef Miller,Male,34,Nablus,Lebanon,35830.84,Corporate,C001,Summer Sale,Discount,SMS,2025-03-28,2025-04-26,184.13,25710,2468,235,48865.36,43965.01,48684.63,Yes,2,No,No,29,Returning
12321,Adam Awwad,Female,31,Gaza,Palestine,48946.42,Budget,C002,Back to School,Seasonal,Social Media,2025-02-07,2025-02-15,648.16,60586,2036,251,34580.62,19927.57,37281.34,Yes,1,No,No,21,Inactive
12851,Emma Awwad,Male,18,Ramallah,UAE,64608.74,Budget,C008,Weekend Flash Sale,Discount,Website,2025-06-12,2025-06-20,411.12,51229,1809,19,1206.76,1072.0,1090.29,Yes,13,Yes,No,24,Returning
12931,Sara Nasser,Male,46,Gaza,Egypt,55034.43,Regular,C002,Back to School,Seasonal,Google Ads,2025-07-26,2025-08-02,821.76,74792,3329,383,,31736.33,40833.84,Yes,11,Yes,No,8,Returning
13885,Omar Hassan,Male,39,Amman,Jordan,68825.7,Regular,C002,Back to School,Seasonal,Email,2025-06-21,2025-07-01,390.81,15898,759,61,4467.48,3780.04,5011.64,Yes,2,No,Yes,27,Returning
12098,Adam Smith,Male,29,Gaza,Palestine,71224.78,Premium,C002,Back to School,Seasonal,Display Ads,2025-08-04,2025-08-21,340.84,1865,32,1,3.22,2.16,3.03,Yes,8,No,No,5,Inactive
10996,Omar Wilson,Male,52,Doha,Palestine,,Regular,C001,Summer Sale,Discount,SMS,2025-03-16,2025-04-02,517.73,96662,8265,824,111197.45,90255.11,89595.51,YES,1,No,No,10,Returning
12463,Ahmed Davis,Female,18,Nablus,Lebanon,48436.44,Regular,C003,Black Friday,Discount,Google Ads,2025-04-28,2025-05-12,324.03,53913,2216,125,7189.53,6296.14,6464.46,Yes,1,Yes,No,21,New
11947,Ali Miller,Male,46,Gaza,Palestine,48595.08,Premium,C002,Back to School,Seasonal,Social Media,2025-11-16,2025-12-07,105.92,93206,3665,292,31413.93,25990.59,33875.84,Yes,3,Yes,No,21,Returning
11514,Michael Nasser,Male,39,Amman,Lebanon,89067.77,Regular,C005,Holiday Offers,Seasonal,Website,2025-03-18,2025-04-05,533.32,35193,1282,124,20476.58,11577.12,20340.64,Yes,6,No,No,22,New
13320,Sophia Nasser,Male,61,Doha,Jordan,68669.45,Regular,C007,Spring Promotion,Seasonal,Display Ads,2025-11-01,2025-11-20,233.39,57823,919,42,2546.18,1698.29,2872.06,Yes,8,Yes,No,28,New
11402,Lina Wilson,Male,32,Gaza,Jordan,49795.83,Premium,C007,Spring Promotion,Seasonal,SMS,2025-08-30,2025-09-21,415.38,81440,7867,566,37390.16,21436.8,38362.9,Yes,7,No,No,14,Returning
14041,Ahmed Davis,Male,29,Gaza,Palestine,44069.28,Regular,C004,New Product Launch,Product,Display Ads,2025-07-03,2025-07-12,406.66,94328,1711,143,11995.44,10768.04,13079.34,Yes,7,Yes,No,23,Returning
13723,Maya Awwad,Male,38,Hebron,Qatar,49123.31,Regular,C007,Spring Promotion,Seasonal,Display Ads,2025-03-25,2025-04-01,635.92,11293,412,32,1434.59,952.41,1505.3,Yes,14,Yes,No,18,Returning
10960,Lina Brown,Female,47,Nablus,Lebanon,31176.92,Regular,C007,Spring Promotion,Seasonal,Website,2025-08-05,2025-08-15,757.47,11960,332,16,1013.58,779.11,943.95,Yes,0,No,No,0,Returning
11479,Olivia Brown,Female,37,Hebron,Qatar,71908.54,Premium,C007,Spring Promotion,Seasonal,Social Media,2025-04-16,2025-04-29,243.8,76943,2904,298,34332.09,23742.05,29178.74,Yes,11,Yes,No,12,Returning
14041,Sophia Awwad,Female,18,Amman,Palestine,77017.12,Regular,C001,Summer Sale,Discount,Display Ads,2025-01-19,2025-02-05,354.67,6878,193,14,1801.05,1382.6,1482.94,Yes,1,Yes,No,1,Returning
12955,Omar Miller,Male,18,Amman,UAE,33815.44,Budget,C005,Holiday Offers,Seasonal,Google Ads,2025-02-09,2025-03-06,630.78,75723,3501,267,,14419.52,19222.55,Yes,9,Yes,No,27,New
10540,John Awwad,Female,55,Nablus,Lebanon,37152.16,Regular,C001,Summer Sale,Discount,SMS,2025-07-24,2025-08-02,413.03,76687,7798,400,51775.31,34103.02,51421.12,Yes,3,Yes,No,23,Inactive
11725,Sophia Wilson,Female,30,Beirut,Palestine,64808.73,Regular,C002,Back to School,Seasonal,SMS,2025-08-15,2025-08-30,815.86,74357,6688,759,55106.83,38773.73,55857.79,Yes,2,Yes,No,24,Returning
13043,Ahmed Awwad,Female,50,Hebron,Qatar,39952.04,Regular,C004,New Product Launch,Product,Display Ads,2025-02-23,2025-03-12,617.13,58928,594,36,5051.96,3348.36,4815.82,Yes,11,Yes,No,28,New
12030,John Awwad,Male,56,Beirut,Palestine,59668.92,Regular,C008,Weekend Flash Sale,Discount,Google Ads,2025-10-12,2025-11-01,705.64,58447,1386,123,16999.32,14427.3,15112.04,Yes,11,No,No,15,Inactive
12663,Ali Smith,Male,32,Gaza,Lebanon,,Budget,C008,Weekend Flash Sale,Discount,Google Ads,2025-04-14,2025-05-10,841.37,18408,932,61,4856.46,2767.47,5342.06,Yes,15,Yes,No,16,New
10367,Ahmed Saleh,Female,39,Cairo,Palestine,83551.55,Budget,C002,Back to School,Seasonal,Email,2025-05-08,2025-06-04,642.31,19283,1054,28,4986.35,4160.91,5315.29,Yes,0,Yes,No,8,Inactive
13318,Ahmed Miller,Male,26,Beirut,Qatar,73968.26,Regular,C006,Loyalty Rewards,Retention,Email,2025-07-25,2025-08-13,611.88,11558,614,16,1774.08,1347.82,1956.97,Yes,0,Yes,Yes,9,New
12300,Noor Miller,Female,28,Dubai,Lebanon,52148.14,Premium,C003,Black Friday,Discount,Social Media,2025-12-20,2026-01-01,276.81,61610,2000,254,47159.79,31557.78,39705.92,Yes,14,Yes,No,13,New
10309,Maya Brown,Male,43,Jerusalem,Egypt,55962.14,Regular,C007,Spring Promotion,Seasonal,Google Ads,2025-06-19,2025-07-14,616.19,19127,865,47,6630.56,5522.63,7716.43,Yes,2,No,No,12,Returning
12050,Adam Saleh,Female,34,Gaza,UAE,25174.6,Regular,C002,Back to School,Seasonal,Website,2025-01-22,2025-02-03,244.12,31076,1162,101,4581.84,3544.74,4306.31,Yes,9,No,No,13,New
12488,Yousef Saleh,Male,44,Doha,Jordan,51489.91,Regular,C001,Summer Sale,Discount,Website,2025-02-01,2025-02-24,423.4,43660,1039,119,10523.9,7511.39,11552.73,Yes,14,No,No,7,Returning
12507,Michael Brown,Male,41,Ramallah,Egypt,45711.13,Budget,C005,Holiday Offers,Seasonal,Social Media,2025-12-30,2026-01-24,481.49,2602,102,8,595.21,361.93,479.63,Yes,0,Yes,No,9,Inactive
13992,Daniel Hassan,Male,42,Gaza,Qatar,69043.53,Budget,C002,Back to School,Seasonal,Google Ads,2025-02-05,2025-02-17,593.41,15096,749,44,1964.1,1644.37,1795.89,Yes,13,No,No,12,Returning
13350,Omar Khalil,Male,52,Dubai,Qatar,67973.09,Budget,C008,Weekend Flash Sale,Discount,Website,2025-12-13,2025-12-25,942.93,92995,1927,165,15447.37,10775.17,15951.48,Yes,9,Yes,No,23,Returning
11072,Adam Davis,Female,27,Gaza,Lebanon,48272.28,Regular,C001,Summer Sale,Discount,Display Ads,2025-12-04,2025-12-20,558.25,95120,1882,148,8781.34,7538.3,7653.95,Yes,9,No,No,0,Returning
13272,Adam Davis,Male,46,Gaza,Qatar,49624.02,Corporate,C007,Spring Promotion,Seasonal,Website,2025-01-12,2025-02-04,300.24,16202,257,10,1499.62,1347.79,1271.63,Yes,8,No,No,19,Returning
11126,John Smith,Male,35,Jerusalem,Lebanon,82532.99,Regular,C004,New Product Launch,Product,Email,2025-06-26,2025-07-24,418.14,26898,1602,69,7637.08,4479.47,6938.54,Yes,0,Yes,Yes,19,Returning
10348,Layla Davis,Female,46,Cairo,Qatar,97098.81,Corporate,C002,Back to School,Seasonal,Google Ads,2025-02-01,2025-02-24,430.36,93664,4840,363,43139.85,35947.57,39088.84,Yes,7,Yes,No,29,Inactive
10578,Maya Miller,Male,33,Beirut,Lebanon,41012.32,Budget,C006,Loyalty Rewards,Retention,Google Ads,2025-02-14,2025-03-09,290.27,27859,1561,20,2267.58,1488.69,2074.55,Yes,6,No,No,17,Returning
14026,Layla Hassan,Female,34,Nablus,Qatar,86769.49,Budget,C005,Holiday Offers,Seasonal,Social Media,2025-09-27,2025-10-08,219.53,6506,261,10,1217.91,947.08,1203.14,Yes,6,No,No,26,Returning
10455,Michael Davis,Female,39,Doha,Qatar,54220.86,Budget,C006,Loyalty Rewards,Retention,Email,2025-01-18,2025-02-04,570.38,25418,1492,150,24255.11,20288.13,20023.03,Yes,10,Yes,No,20,Returning
10489,Noor Brown,Female,35,Hebron,Jordan,43080.61,Corporate,C002,Back to School,Seasonal,Google Ads,2025-04-03,2025-04-18,389.73,62334,3062,385,29821.91,17374.35,30520.53,Yes,8,Yes,No,11,Returning
13560,Noor Hassan,Female,26,Dubai,Qatar,32486.67,Budget,C005,Holiday Offers,Seasonal,Website,2025-12-20,2026-01-01,655.49,92178,3166,257,41091.31,27519.17,34144.83,Yes,8,Yes,No,13,New
13635,Maya Wilson,Female,18,Doha,Qatar,37374.75,Regular,C007,Spring Promotion,Seasonal,Email,2025-05-14,2025-06-02,614.32,4364,242,18,2016.42,1325.39,1981.08,Yes,2,Yes,Yes,2,Returning
10494,Omar Miller,Male,29,Amman,Qatar,70246.35,Budget,C004,New Product Launch,Product,Display Ads,2025-06-18,2025-07-14,500.91,86322,2087,65,9478.97,7289.85,7740.95,Yes,13,Yes,No,14,Returning
13882,Olivia Wilson,Female,42,Amman,UAE,66036.2,Premium,C004,New Product Launch,Product,Google Ads,2025-08-30,2025-09-09,275.46,37609,1084,49,5275.02,3404.45,4235.45,Yes,11,Yes,No,28,New
10054,Lina Davis,Male,24,Dubai,UAE,22013.52,Budget,C007,Spring Promotion,Seasonal,Google Ads,2025-04-03,2025-04-28,728.88,29696,1438,109,18026.14,12780.47,15634.09,Yes,12,No,No,11,Returning
12063,Daniel Nasser,Male,18,Hebron,UAE,52254.19,Regular,C004,New Product Launch,Product,Website,2025-08-18,2025-09-05,750.63,81787,2950,197,18652.11,12206.68,20542.01,Yes,11,No,No,7,Returning
11389,Maya Awwad,Female,56,Doha,Palestine,65455.61,Regular,C005,Holiday Offers,Seasonal,SMS,2025-07-23,2025-08-10,505.77,66603,6032,199,26499.62,21332.04,29027.03,Yes,6,Yes,No,2,Inactive
13838,John Miller,Male,49,Doha,Palestine,86371.6,Regular,C004,New Product Launch,Product,Website,2025-10-04,2025-10-21,684.88,95224,2139,64,7381.26,4972.13,6741.84,Yes,4,No,No,2,Inactive
11912,Yousef Nasser,Male,36,Nablus,Jordan,74070.08,Budget,C008,Weekend Flash Sale,Discount,Display Ads,2025-05-03,2025-05-27,395.72,42170,732,39,4579.72,3806.18,5166.15,Yes,9,No,No,27,Returning
10498,Lina Miller,Female,24,Cairo,Palestine,26404.4,Regular,C007,Spring Promotion,Seasonal,Website,2025-09-26,2025-10-15,680.4,92592,1742,117,8903.87,7692.97,8865.12,Yes,1,No,No,12,New
12089,Maya Wilson,Male,42,Gaza,Qatar,94458.44,Budget,,Back to School,Seasonal,Email,2025-06-29,2025-07-20,404.39,72572,3059,273,32299.63,27817.59,31582.78,Yes,14,Yes,No,17,New
11005,John Hassan,Male,21,Doha,Jordan,60238.17,Regular,C008,Weekend Flash Sale,Discount,Email,2025-05-01,2025-05-31,455.19,69645,3371,197,23206.49,14513.92,18691.0,Yes,15,Yes,Yes,22,Returning
10618,Sara Brown,Female,29,Dubai,Lebanon,18000.0,Premium,C003,Black Friday,Discount,Google Ads,2025-12-12,2026-01-09,628.01,52550,2905,347,28495.89,17391.11,23650.42,Yes,13,No,No,28,Inactive
10623,Lina Hassan,Female,38,Doha,Egypt,56052.59,Corporate,C003,Black Friday,Discount,Social Media,2025-05-12,2025-06-03,486.61,53560,1815,95,13437.3,9534.38,11727.21,Yes,13,No,No,1,Inactive
13215,Michael Khalil,Female,34,Cairo,Lebanon,66260.81,Regular,C008,Weekend Flash Sale,Discount,Website,2025-03-14,2025-03-31,617.38,60282,1660,160,19167.1,17227.5,21339.25,Yes,11,Yes,No,6,Inactive
14119,Omar Awwad,Male,47,Gaza,Palestine,42231.54,Regular,C008,Weekend Flash Sale,Discount,Social Media,2025-05-09,2025-05-26,944.66,35808,1424,115,13020.46,10890.32,12354.39,Yes,4,No,No,15,Returning
10786,Ali Smith,Female,34,Cairo,Jordan,65851.07,Budget,C002,Back to School,Seasonal,Website,2025-02-27,2025-03-24,498.48,44179,850,39,6046.6,5374.11,6097.2,Yes,2,No,No,2,Returning
13695,Ahmed Brown,Female,23,Doha,Lebanon,57372.72,Regular,C004,New Product Launch,Product,Email,2025-04-18,2025-04-28,838.06,51774,3490,359,30117.57,19684.71,34229.6,Yes,9,Yes,No,6,Returning
12858,Daniel Awwad,Male,20,Amman,Jordan,50388.41,Regular,,Black Friday,Discount,Display Ads,2025-02-15,2025-02-23,680.1,13637,346,13,585.11,404.44,576.48,Yes,5,No,No,30,New
12683,Ali Nasser,Female,49,Beirut,Qatar,63996.27,Regular,C004,New Product Launch,Product,Email,2025-12-26,2026-01-17,379.35,744,34,1,122.87,76.01,136.88,Yes,11,Yes,No,4,Returning
10337,Ali Nasser,Male,60,Amman,UAE,55305.32,Regular,C004,New Product Launch,Product,SMS,2025-08-30,2025-09-25,476.93,67385,6911,704,61460.75,42824.3,65008.37,Yes,7,No,No,16,Returning
12461,Layla Nasser,Male,41,Nablus,Lebanon,61387.42,Regular,C004,New Product Launch,Product,Social Media,2025-07-31,2025-08-21,401.61,25781,797,57,5873.28,4842.56,5999.46,Yes,4,Yes,No,12,Returning
12251,Lina Miller,Female,40,Jerusalem,Egypt,55652.42,Regular,C003,Black Friday,Discount,Email,2025-02-15,2025-03-13,419.25,23427,1034,67,6329.7,4878.57,6827.87,Yes,8,Yes,No,20,Returning
10411,Sophia Miller,Female,36,Cairo,Jordan,57322.05,Premium,C004,New Product Launch,Product,Website,2025-09-03,2025-09-14,436.2,16053,131,13,2330.87,1699.35,2374.5,Yes,3,Yes,No,29,New
14140,Adam Miller,Male,39,Ramallah,UAE,52084.74,Budget,C006,Loyalty Rewards,Retention,Website,2025-06-28,2025-07-14,352.13,64734,1343,37,3642.23,2961.84,3940.21,Yes,13,Yes,No,13,Returning
13181,Omar Saleh,Male,42,Gaza,Lebanon,37933.77,Corporate,C001,Summer Sale,Discount,Email,2025-06-17,2025-07-15,302.14,91855,6058,402,58936.49,48273.51,54816.14,Yes,8,No,No,2,Returning
10971,Yousef Saleh,Male,44,Dubai,Palestine,79268.01,Corporate,C008,Weekend Flash Sale,Discount,Google Ads,2025-04-11,2025-04-23,500.22,13916,792,78,8597.84,5529.46,8964.84,Yes,3,Yes,No,29,Inactive
12723,Lina Miller,Male,19,Doha,Egypt,62648.25,Budget,C002,Back to School,Seasonal,Website,2025-07-14,2025-08-09,757.9,86738,2118,248,,23167.55,33465.72,Yes,1,Yes,No,7,Returning
13411,Daniel Miller,Male,28,Nablus,UAE,63231.44,Corporate,C005,Holiday Offers,Seasonal,Website,2025-11-21,2025-12-04,658.5,52656,1460,161,18581.95,10704.78,19569.58,Yes,0,Yes,No,28,Inactive
10112,Sara Khalil,Female,36,Hebron,Lebanon,25989.43,Regular,C007,Spring Promotion,Seasonal,Google Ads,2025-04-18,2025-05-14,335.05,39740,1681,215,44463.11,33912.73,40636.94,Yes,11,Yes,No,20,New
11701,Lina Awwad,Male,31,Beirut,Qatar,62958.59,Premium,C002,Back to School,Seasonal,Google Ads,2025-04-11,2025-04-28,79.12,26905,1425,142,11535.44,9457.64,13485.15,Yes,0,No,No,7,New
13540,Maya Nasser,Male,29,Gaza,Egypt,74100.37,Regular,C005,Holiday Offers,Seasonal,SMS,2025-05-22,2025-06-15,918.3,92379,7296,321,42620.98,24892.52,36782.01,Yes,10,No,No,11,Inactive
13314,Adam Hassan,Female,53,Nablus,UAE,35800.38,Budget,C008,Weekend Flash Sale,Discount,Display Ads,2025-05-29,2025-06-08,748.11,11058,113,12,1700.33,1308.18,1946.44,Yes,6,No,No,6,Returning
11921,Ali Brown,Female,38,Doha,Qatar,78161.86,Budget,C006,Loyalty Rewards,Retention,Social Media,2025-02-07,2025-03-02,453.0,44051,1807,62,6019.7,3709.32,5114.54,Yes,12,Yes,No,8,Returning
12134,Lina Miller,Male,30,Nablus,Egypt,53089.55,Budget,,Black Friday,Discount,Google Ads,2025-10-04,2025-10-31,525.63,43027,1530,152,16247.67,14398.62,17291.73,Yes,15,Yes,No,19,Returning
10370,Adam Wilson,Male,18,Hebron,Qatar,77809.28,Regular,C002,Back to School,Seasonal,Social Media,2025-01-27,2025-02-14,778.34,72822,2837,257,19533.46,15473.76,18262.07,Yes,13,No,No,16,Returning
13744,Yousef Davis,Female,25,Cairo,Palestine,38122.32,Budget,C005,Holiday Offers,Seasonal,Email,2025-10-31,2025-11-18,440.47,91118,4139,347,28227.61,20994.1,31460.6,Yes,3,No,Yes,1,Returning
11989,John Khalil,Female,18,Nablus,Palestine,44355.26,Premium,C005,Holiday Offers,Seasonal,Website,2025-07-03,2025-07-19,465.19,95940,1857,179,25563.04,16303.93,24587.51,Yes,3,Yes,No,21,New
10849,Ahmed Miller,Female,18,Amman,Jordan,44415.26,Regular,C004,New Product Launch,Product,Display Ads,2025-10-20,2025-11-08,170.97,19650,305,30,4587.87,2955.16,3924.78,Yes,10,No,No,13,New
11273,Michael Awwad,Male,27,Nablus,Egypt,72838.85,Regular,C003,Black Friday,Discount,Email,2025-06-20,2025-07-01,948.5,77676,4994,554,95315.93,81941.91,88273.32,Yes,8,Yes,No,3,New
12523,Noor Hassan,Female,38,Nablus,Egypt,44346.65,Regular,C006,Loyalty Rewards,Retention,Social Media,2025-12-13,2026-01-02,384.41,10513,155,6,533.63,370.62,617.53,Yes,4,Yes,No,12,Returning
12446,Ali Awwad,Male,45,Ramallah,Palestine,32820.43,Regular,C004,New Product Launch,Product,Social Media,2025-12-23,2025-12-30,128.51,16564,612,31,4943.57,3302.51,4416.22,Yes,13,No,No,18,Returning
13021,John Wilson,Male,32,Jerusalem,Jordan,60733.77,Regular,C004,New Product Launch,Product,SMS,2025-09-16,2025-10-02,656.58,13533,1010,65,6624.15,5708.86,6502.8,Yes,9,Yes,No,9,New
11436,Ahmed Wilson,Female,47,Beirut,Lebanon,25325.78,Premium,C004,New Product Launch,Product,Website,2025-12-12,2026-01-11,20.0,75394,1466,85,11092.43,6129.6,11459.21,Yes,0,No,No,23,Returning
12215,Maya Davis,Male,36,Dubai,Egypt,42906.39,Regular,C003,Black Friday,Discount,Google Ads,2025-08-17,2025-09-08,617.11,23978,1146,102,7970.16,4899.73,6684.4,Yes,2,Yes,No,22,Returning
12349,Sara Awwad,Female,43,Beirut,Palestine,52379.78,Corporate,C006,Loyalty Rewards,Retention,Display Ads,2025-08-24,2025-09-18,334.31,67207,1165,97,8566.02,6365.7,9226.43,Yes,2,No,No,10,New
12927,Emma Hassan,Female,37,Gaza,Jordan,44532.6,Regular,C003,Black Friday,Discount,Social Media,2025-02-19,2025-03-13,611.41,26484,498,57,6291.22,4615.07,6852.42,Yes,4,No,No,4,New
11406,Omar Hassan,Male,20,Jerusalem,Egypt,33567.23,Premium,C008,Weekend Flash Sale,Discount,Social Media,2025-07-16,2025-08-02,370.46,14441,520,5,806.66,620.15,821.24,Yes,7,No,No,4,New
14020,Sara Saleh,Male,39,Gaza,UAE,60121.57,Corporate,C007,Spring Promotion,Seasonal,Social Media,2025-07-10,2025-07-24,374.11,8437,244,11,482.92,409.25,522.17,Yes,6,Yes,No,28,New
11800,Ahmed Awwad,Male,32,Ramallah,Jordan,32308.41,Premium,C007,Spring Promotion,Seasonal,Google Ads,2025-06-07,2025-06-19,653.06,11464,575,54,5073.54,3682.18,4758.35,Yes,9,Yes,No,14,Returning
10228,Emma Smith,Male,24,Jerusalem,Qatar,43755.57,Corporate,C001,Summer Sale,Discount,Display Ads,2025-03-06,2025-03-26,442.47,7456,102,3,535.33,416.31,467.16,Yes,9,No,No,12,Returning
13686,Maya Smith,Female,24,Beirut,Qatar,66734.8,Regular,C005,Holiday Offers,Seasonal,Email,2025-02-02,2025-02-15,645.72,46068,2597,42,8270.8,6351.12,7958.85,Yes,0,No,No,25,New
13701,Maya Wilson,Female,35,Hebron,Jordan,18000.0,Regular,C001,Summer Sale,Discount,Email,2025-08-15,2025-08-25,563.45,14388,958,10,1645.77,1270.94,1444.86,Yes,9,Yes,Yes,30,Returning
11050,Omar Khalil,Male,54,Jerusalem,Qatar,75883.79,Budget,C001,Summer Sale,Discount,Display Ads,2025-05-25,2025-06-05,308.89,17354,256,20,1900.67,1650.59,2138.54,Yes,11,Yes,No,7,Returning
11723,Ali Nasser,Male,32,Hebron,Palestine,79725.66,Regular,C002,Back to School,Seasonal,SMS,2025-07-27,2025-08-26,310.82,81955,6956,733,68745.81,58927.35,62698.06,Yes,15,No,No,21,New
13986,Omar Wilson,Male,33,Ramallah,Egypt,78895.0,Corporate,C006,Loyalty Rewards,Retention,Email,2025-02-26,2025-03-08,492.1,49006,2810,218,17445.01,15172.39,17214.42,Yes,15,Yes,Yes,7,Returning
14053,Sara Smith,Female,32,Cairo,Qatar,46467.26,Premium,C007,Spring Promotion,Seasonal,Google Ads,2025-03-08,2025-03-21,1042.49,53349,2915,269,40651.31,30008.95,35963.73,Yes,5,No,No,10,Returning
12340,John Miller,Male,49,Doha,Palestine,37167.16,Budget,C008,Weekend Flash Sale,Discount,Display Ads,2025-10-10,2025-11-01,204.93,45902,404,38,4874.42,3464.9,3983.81,Yes,0,Yes,No,11,Returning
10537,Ali Wilson,Female,39,Gaza,UAE,45695.29,Premium,C003,Black Friday,Discount,Display Ads,2025-09-07,2025-09-22,296.12,67210,812,70,7647.12,4824.34,7004.14,Yes,8,Yes,No,8,New
11679,John Brown,Female,34,Nablus,UAE,54856.0,Regular,C007,Spring Promotion,Seasonal,Display Ads,2025-08-23,2025-09-02,316.41,16166,287,23,1881.65,1522.14,2059.77,Yes,2,No,No,2,Returning
13609,Noor Nasser,Female,46,Doha,UAE,50421.02,Regular,C008,Weekend Flash Sale,Discount,Website,2025-05-30,2025-06-17,558.0,92284,1329,163,19899.98,17824.12,21144.09,Yes,4,No,No,28,New
10839,Sara Smith,Female,43,Doha,UAE,58913.57,Budget,C002,Back to School,Seasonal,Social Media,2025-06-21,2025-07-06,443.48,82796,4053,321,35277.53,25042.47,32423.05,Yes,11,No,No,21,Returning
10245,Michael Miller,Male,24,Doha,Qatar,18000.0,Regular,C005,Holiday Offers,Seasonal,Display Ads,2025-11-24,2025-12-12,347.72,44722,886,120,14141.4,8747.08,12990.71,Yes,6,Yes,No,0,New
12148,Sara Hassan,Female,40,Jerusalem,UAE,69149.73,Regular,C002,Back to School,Seasonal,Display Ads,2025-04-04,2025-04-29,824.89,82597,861,61,5552.65,3556.01,5474.34,Yes,11,No,No,14,Returning
13005,Emma Smith,Male,49,Amman,Palestine,55152.64,Regular,C005,Holiday Offers,Seasonal,Display Ads,2025-09-30,2025-10-18,359.79,57001,1054,57,4752.21,3126.06,4289.88,Yes,10,Yes,No,29,Returning
11276,Yousef Saleh,Female,36,Gaza,Jordan,48237.08,Regular,C003,Black Friday,Discount,Social Media,2025-01-13,2025-01-25,594.62,17170,731,31,3164.9,2064.78,2855.75,Yes,1,No,No,2,New
13325,Omar Wilson,Male,48,Dubai,UAE,84819.56,Regular,C001,Summer Sale,Discount,Display Ads,2025-02-24,2025-03-26,396.01,37015,907,77,8854.88,6269.22,8533.11,Yes,14,No,No,1,Returning
11900,Michael Hassan,Female,44,Nablus,Palestine,67109.09,Regular,C003,Black Friday,Discount,Email,2025-10-21,2025-11-07,640.47,51581,2456,196,20096.51,16175.7,21337.38,Yes,6,No,Yes,23,New
10342,John Miller,Female,48,Ramallah,Lebanon,40104.84,Budget,C006,Loyalty Rewards,Retention,Website,2025-09-24,2025-10-09,569.46,36221,1022,88,2765.72,2082.95,2667.15,Yes,11,Yes,No,6,Returning
12166,Ali Khalil,Male,34,Nablus,Lebanon,57551.98,Regular,C007,Spring Promotion,Seasonal,SMS,2025-07-26,2025-08-25,266.64,4968,434,52,10372.37,6226.78,8663.52,Yes,9,Yes,No,30,Returning
11528,Sara Smith,Male,25,Doha,UAE,65714.24,Premium,C007,Spring Promotion,Seasonal,SMS,2025-10-30,2025-11-11,472.43,76073,7991,359,64129.52,43208.93,54652.91,Yes,13,Yes,No,10,Returning
10661,Yousef Saleh,Female,31,Jerusalem,Jordan,79985.59,Premium,C001,Summer Sale,Discount,Google Ads,2025-04-22,2025-05-01,334.39,90260,5442,436,77665.31,46614.15,62508.7,Yes,1,No,No,14,New
13824,Yousef Miller,Female,48,Cairo,Egypt,41482.58,Regular,C007,Spring Promotion,Seasonal,SMS,2025-05-31,2025-06-12,393.82,71375,7384,521,41624.27,28602.46,46771.83,Yes,12,Yes,No,2,Returning
13860,Michael Saleh,Male,31,Ramallah,Palestine,68294.95,Premium,C004,New Product Launch,Product,Email,2025-12-01,2025-12-19,476.24,23060,1437,139,19079.71,11591.68,16666.98,Yes,4,No,No,11,Inactive
11724,Michael Wilson,Female,35,Nablus,UAE,27556.23,Regular,C001,Summer Sale,Discount,SMS,2025-12-01,2025-12-15,622.63,82968,7988,603,67783.29,51739.73,65568.91,Yes,5,No,No,8,Returning
12051,Sophia Awwad,Female,24,Ramallah,Lebanon,59680.98,Regular,C002,Back to School,Seasonal,SMS,2025-07-07,2025-07-24,1053.0,83206,8087,289,39916.45,24697.73,45280.81,Yes,9,Yes,No,14,Returning
13841,Omar Hassan,Male,56,Gaza,Lebanon,55106.75,Regular,C007,Spring Promotion,Seasonal,Website,2025-01-18,2025-02-03,623.77,62573,2165,191,16676.44,12736.65,18783.49,Yes,12,Yes,No,1,New
13501,Emma Nasser,Female,21,Ramallah,Egypt,47555.19,Budget,C005,Holiday Offers,Seasonal,Social Media,2025-09-08,2025-09-29,334.29,4841,184,18,1975.33,1109.17,1792.3,Yes,5,No,No,14,Inactive
10087,Adam Smith,Female,41,Jerusalem,Jordan,58040.25,Corporate,C003,Black Friday,Discount,Google Ads,2025-07-23,2025-08-20,447.73,35695,1645,150,40636.2,33159.59,37235.27,Yes,10,No,No,0,New
12927,Ali Khalil,Male,32,Dubai,UAE,45597.52,Budget,C004,New Product Launch,Product,Social Media,2025-04-06,2025-05-04,709.14,53487,2033,186,17186.5,14350.37,15361.34,Yes,15,Yes,No,24,New
14168,Daniel Khalil,Male,20,Amman,Egypt,52725.0,Budget,C008,Weekend Flash Sale,Discount,Social Media,2025-10-25,2025-11-03,615.85,53639,2018,205,20028.94,17187.2,17468.52,Yes,9,Yes,No,24,New
11164,Emma Saleh,Female,33,Ramallah,Egypt,61502.54,Regular,C008,Weekend Flash Sale,Discount,SMS,2025-02-14,2025-03-08,327.48,53612,5542,621,19395.41,12421.28,16077.58,Yes,11,No,No,5,New
12983,Noor Brown,Female,35,Nablus,Qatar,95010.97,Regular,C004,New Product Launch,Product,Social Media,2025-12-06,2025-12-22,325.45,6745,238,18,2071.27,1423.64,1922.79,Yes,6,Yes,No,15,Returning
10921,Emma Miller,Male,46,Dubai,Qatar,32244.62,Regular,C007,Spring Promotion,Seasonal,Display Ads,2025-09-23,2025-09-30,805.75,71553,2023,221,26158.85,17462.75,24190.96,Yes,0,No,No,18,Returning
10417,Ahmed Awwad,Male,18,Jerusalem,Qatar,48275.12,Corporate,C001,Summer Sale,Discount,Website,2025-04-14,2025-05-13,119.81,54130,1508,82,7130.97,5466.44,7295.54,Yes,0,No,No,15,Inactive
10293,Noor Saleh,Female,57,Ramallah,UAE,43709.37,Premium,C002,Back to School,Seasonal,Social Media,2025-08-30,2025-09-15,20.0,59426,2370,201,33415.84,25147.91,35724.89,Yes,5,No,No,26,Returning
11179,Sophia Davis,Female,29,Beirut,UAE,62408.03,Regular,C008,Weekend Flash Sale,Discount,SMS,2025-03-06,2025-04-01,638.25,32793,2243,158,23942.76,21263.38,19487.23,Yes,7,No,No,23,Returning
11756,Lina Nasser,Male,30,Doha,Jordan,41867.9,Budget,C002,Back to School,Seasonal,Website,2025-06-26,2025-07-22,893.66,66342,1701,206,22702.46,16468.66,20813.24,Yes,3,No,No,29,New
14147,Ahmed Miller,Male,36,Gaza,Palestine,62492.31,Regular,C004,New Product Launch,Product,SMS,2025-04-01,2025-04-22,597.83,19714,2141,52,9088.2,5589.13,8196.29,YES,8,No,No,10,Returning
12945,Yousef Hassan,FEMALE,36,Doha,Jordan,60867.34,Budget,C008,Weekend Flash Sale,Discount,Social Media,2025-04-05,2025-04-16,868.21,13857,652,33,3710.38,2105.88,3534.99,Yes,10,No,No,7,New
10790,John Miller,Male,33,Jerusalem,Egypt,81674.97,Corporate,C008,Weekend Flash Sale,Discount,Google Ads,2025-07-05,2025-07-15,43.01,11686,512,27,3453.91,2843.41,3647.55,Yes,12,No,No,26,Returning
10562,Sophia Awwad,Female,24,Jerusalem,UAE,82179.63,Budget,C006,Loyalty Rewards,Retention,Email,2025-04-26,2025-05-09,359.68,76660,4987,487,84838.1,56787.16,78760.96,Yes,13,Yes,No,30,Returning
13804,Daniel Hassan,Female,47,Dubai,Lebanon,52392.84,Regular,C008,Weekend Flash Sale,Discount,Email,2025-12-15,2025-12-24,711.35,67613,3534,370,18690.49,11294.01,16797.2,Yes,2,Yes,No,21,New
10973,Ali Davis,Female,49,Dubai,UAE,32973.95,Corporate,C001,Summer Sale,Discount,SMS,2025-04-22,2025-05-12,559.57,76560,7001,669,53087.07,42899.4,49764.86,Yes,10,Yes,No,12,Returning
13445,Emma Smith,Male,32,Beirut,Qatar,70787.55,Corporate,C007,Spring Promotion,Seasonal,Website,2025-08-15,2025-09-03,895.81,8553,340,12,1268.29,1134.11,1464.27,Yes,5,Yes,No,6,Returning
12847,Sara Nasser,Male,24,Doha,Lebanon,58068.05,Premium,C005,Holiday Offers,Seasonal,Social Media,2025-12-15,2025-12-30,394.41,20826,913,38,3649.25,2556.08,3225.99,Yes,9,Yes,No,27,Returning
10981,Olivia Wilson,Female,28,Gaza,Lebanon,59614.21,Corporate,C003,Black Friday,Discount,Social Media,2025-03-16,2025-03-26,440.67,24870,648,56,2886.45,2405.94,3229.63,Yes,9,Yes,No,30,Returning
13929,Adam Davis,Male,42,Beirut,Palestine,63824.63,Corporate,C005,Holiday Offers,Seasonal,SMS,2025-04-15,2025-04-25,482.06,59967,5393,440,26764.58,20256.04,30622.94,Yes,10,Yes,No,1,Returning
12993,Noor Davis,FEMALE,49,Nablus,Egypt,88152.81,Budget,C004,New Product Launch,Product,Social Media,2025-08-31,2025-09-10,507.17,3697,146,9,885.03,586.7,1004.0,Yes,9,No,No,6,Returning
11783,Daniel Brown,Male,45,Gaza,Jordan,37895.7,Premium,C008,Weekend Flash Sale,Discount,Email,2025-11-06,2025-12-04,837.16,83440,4650,119,9321.54,7605.4,8024.49,Yes,2,No,Yes,29,Returning
12140,Michael Khalil,Female,23,Gaza,Jordan,48620.71,Regular,C003,Black Friday,Discount,Google Ads,2025-06-04,2025-06-14,347.47,64039,3640,251,32393.97,18186.36,35211.36,Yes,13,Yes,No,22,Returning
11090,Yousef Smith,Male,31,Jerusalem,Egypt,51273.57,Corporate,C006,Loyalty Rewards,Retention,SMS,2025-03-02,2025-03-30,892.46,73462,5499,409,31949.0,24777.78,34209.19,Yes,13,Yes,No,24,Returning
10699,Sophia Hassan,Female,49,Gaza,Egypt,44012.33,Regular,C002,Back to School,Seasonal,Google Ads,2025-06-14,2025-06-28,756.83,96136,3268,372,56733.4,49484.34,52192.92,Yes,13,No,No,3,New
13553,Sara Saleh,Female,41,Doha,Lebanon,63611.37,Regular,C007,Spring Promotion,Seasonal,Email,2025-08-09,2025-08-19,771.99,56775,2908,251,31934.6,22974.87,31748.32,Yes,0,Yes,Yes,14,Returning
11941,John Wilson,Male,40,Jerusalem,Qatar,31454.97,Budget,C008,Weekend Flash Sale,Discount,Email,2025-08-02,2025-08-28,865.75,99182,6809,780,133041.12,109932.17,120666.73,Yes,11,No,No,5,New
12479,Ahmed Brown,Female,32,Jerusalem,Egypt,45996.96,Regular,C003,Black Friday,Discount,Email,2025-05-20,2025-05-29,814.82,73194,3934,319,47001.81,27590.06,49702.13,Yes,13,Yes,Yes,19,Returning
13089,Michael Davis,Female,45,Amman,Lebanon,97627.94,Budget,C007,Spring Promotion,Seasonal,Display Ads,2025-05-13,2025-06-04,466.75,34380,547,16,2548.05,1970.57,2312.34,Yes,0,Yes,No,19,Returning
12823,Noor Khalil,Female,22,Amman,UAE,43042.94,Budget,C005,Holiday Offers,Seasonal,SMS,2025-02-22,2025-03-14,407.22,15205,1283,122,7291.42,6313.65,7420.72,Yes,9,Yes,No,17,Returning
12228,Omar Saleh,Female,18,Jerusalem,Qatar,71804.43,Regular,C005,Holiday Offers,Seasonal,Google Ads,2025-08-14,2025-09-03,545.03,77695,4125,293,49525.37,33406.07,44678.1,YES,1,No,No,2,New
10507,Emma Brown,Male,51,Dubai,Lebanon,60194.97,Budget,C004,New Product Launch,Product,Website,2025-06-19,2025-07-16,630.33,42721,734,61,10034.79,6257.13,8517.63,Yes,5,Yes,No,6,New
13503,Olivia Davis,Male,29,Gaza,Jordan,40167.44,Corporate,C006,Loyalty Rewards,Retention,Website,2025-10-24,2025-11-03,432.34,79991,2047,47,3496.78,2366.24,3789.05,Yes,14,No,No,13,New
13210,Lina Hassan,Female,45,Gaza,Jordan,36475.67,Regular,C007,Spring Promotion,Seasonal,Social Media,2025-08-04,2025-08-23,554.32,23651,732,60,6695.53,3954.09,5851.49,Yes,15,Yes,No,2,Returning
13582,Emma Saleh,Female,34,Beirut,UAE,79385.44,Regular,C004,New Product Launch,Product,Website,2025-05-18,2025-06-05,373.67,6746,158,13,1538.53,915.37,1316.09,Yes,13,No,No,16,Returning
12160,Sophia Saleh,Male,29,Beirut,Egypt,46930.83,Budget,C003,Black Friday,Discount,Website,2025-06-20,2025-07-07,189.23,91526,1787,153,18126.13,14415.4,19217.65,Yes,8,Yes,No,14,Returning
12452,Noor Khalil,Female,36,Beirut,Lebanon,79808.23,Premium,C003,Black Friday,Discount,Email,2025-07-02,2025-07-17,267.45,41135,2118,286,35204.8,30572.66,34772.37,Yes,1,Yes,Yes,12,New
12956,Olivia Nasser,Male,23,Gaza,Palestine,43235.21,Corporate,C006,Loyalty Rewards,Retention,Social Media,2025-12-09,2026-01-07,338.78,64054,1956,89,13353.77,11648.71,12289.21,Yes,14,Yes,No,6,Returning
13531,John Saleh,Male,47,Doha,Lebanon,78586.88,Budget,C008,Weekend Flash Sale,Discount,Google Ads,2025-02-09,2025-03-09,479.9,85010,4531,503,75349.9,50768.7,62716.52,Yes,0,Yes,No,12,Returning
10807,Layla Awwad,Female,37,Jerusalem,Jordan,47428.85,Regular,C007,Spring Promotion,Seasonal,Email,2025-07-05,2025-08-04,656.98,5972,317,26,3761.51,2270.18,3375.22,Yes,8,Yes,No,15,New
11242,Lina Awwad,Male,27,Amman,Palestine,80621.88,Budget,C004,New Product Launch,Product,Website,2025-01-15,2025-01-22,414.31,24006,553,10,1203.66,701.47,1351.84,Yes,11,Yes,No,2,Returning
13615,Yousef Wilson,Male,33,Beirut,Egypt,65042.88,Premium,,Loyalty Rewards,Retention,Google Ads,2025-06-14,2025-06-25,554.15,32040,1157,93,14617.47,9331.19,11984.85,Yes,15,Yes,No,22,Returning
14052,Emma Wilson,Female,25,Amman,Qatar,65161.26,Corporate,C005,Holiday Offers,Seasonal,Google Ads,2025-03-11,2025-03-30,652.92,30894,1357,29,3525.02,2897.19,3512.44,Yes,6,Yes,No,26,Inactive
12520,Sophia Smith,Male,53,Beirut,Palestine,45198.49,Regular,C005,Holiday Offers,Seasonal,Website,2025-04-13,2025-04-21,850.48,73789,1255,53,3721.42,2199.84,4169.31,Yes,4,No,No,2,New
10402,John Nasser,Female,18,Beirut,Palestine,44972.98,Regular,,New Product Launch,Product,Google Ads,2025-03-02,2025-03-24,540.86,90002,3549,178,12652.5,10002.36,11313.21,Yes,15,Yes,No,6,New
11915,Omar Wilson,Male,46,Cairo,Lebanon,69843.87,Budget,C002,Back to School,Seasonal,Display Ads,2025-09-30,2025-10-12,554.77,12561,215,14,1846.36,1137.21,1692.54,Yes,12,Yes,No,28,Returning
11352,Noor Khalil,Female,34,Doha,Lebanon,44801.11,Budget,C002,Back to School,Seasonal,Display Ads,2025-02-13,2025-03-13,264.45,4074,77,5,160.43,139.81,158.43,Yes,1,Yes,No,29,Inactive
11975,John Miller,Female,55,Nablus,Lebanon,49425.73,Premium,C006,Loyalty Rewards,Retention,SMS,2025-11-08,2025-11-25,278.18,31927,3071,49,3628.42,2076.7,3312.05,Yes,11,No,No,9,New
10570,Adam Smith,Female,55,Doha,Lebanon,53623.53,Regular,C007,Spring Promotion,Seasonal,Social Media,2025-10-31,2025-11-25,398.66,92434,4239,373,5521.09,4318.85,4938.41,Yes,12,Yes,No,9,Returning
11897,Yousef Miller,Male,30,Nablus,Jordan,31279.4,Premium,C006,Loyalty Rewards,Retention,Website,2025-02-08,2025-02-23,946.81,42544,958,78,6722.48,5238.25,5434.72,Yes,0,Yes,No,19,Returning
12992,Olivia Hassan,Female,31,Beirut,Jordan,66503.95,Regular,C004,New Product Launch,Product,Website,2025-11-24,2025-12-03,669.42,3718,72,5,402.8,351.2,447.89,Yes,12,No,No,7,New
11510,Michael Brown,Female,41,Hebron,UAE,65602.42,Regular,C001,Summer Sale,Discount,Social Media,2025-12-21,2026-01-06,510.06,76060,2903,282,22699.33,18080.27,22087.56,Yes,12,No,No,16,Returning
11929,Emma Davis,Female,45,Amman,Lebanon,45885.14,Regular,C002,Back to School,Seasonal,Email,2025-12-15,2025-12-25,299.78,83660,4129,323,34479.18,22705.06,28613.63,Yes,11,Yes,Yes,9,Returning
11157,Ahmed Wilson,Female,44,Nablus,UAE,90628.01,Premium,C008,Weekend Flash Sale,Discount,Email,2025-04-07,2025-05-05,574.12,18151,1316,109,22739.8,17380.11,18558.34,Yes,5,Yes,No,14,New
11098,Emma Nasser,Male,41,Beirut,Palestine,58556.72,Premium,C004,New Product Launch,Product,Social Media,2025-01-04,2025-02-02,426.83,36453,1582,113,16128.28,9611.39,17654.26,Yes,3,Yes,No,7,Returning
10554,Omar Hassan,Female,48,Jerusalem,Egypt,42072.48,Regular,C008,Weekend Flash Sale,Discount,Google Ads,2025-07-02,2025-07-12,941.27,20915,919,30,5847.43,3330.24,4776.18,Yes,13,Yes,No,14,New
13493,Adam Saleh,Male,48,Jerusalem,Jordan,66454.83,Regular,C008,Weekend Flash Sale,Discount,SMS,2025-08-08,2025-08-28,316.35,70300,6996,620,69013.15,44857.52,56543.68,Yes,5,Yes,No,28,New
11314,Sara Saleh,Male,47,Gaza,UAE,76875.87,Regular,,Loyalty Rewards,Retention,Website,2025-04-01,2025-04-28,275.78,82100,568,35,4342.43,2630.93,4208.25,Yes,11,No,No,29,Returning
11402,Daniel Miller,Male,56,Beirut,Lebanon,18000.0,Regular,C005,Holiday Offers,Seasonal,Email,2025-06-02,2025-06-24,679.06,48273,2816,235,31832.13,25984.42,29679.71,Yes,6,No,Yes,6,Returning
11437,Emma Brown,Female,29,Cairo,UAE,58359.07,Regular,C005,Holiday Offers,Seasonal,SMS,2025-08-12,2025-09-01,780.94,76987,7068,343,36388.24,29220.47,34094.65,Yes,11,No,No,21,Returning
12635,Sara Davis,Female,32,Amman,Palestine,35878.07,Regular,C007,Spring Promotion,Seasonal,Google Ads,2025-06-22,2025-07-01,675.38,13533,473,52,6089.85,5211.25,4902.66,Yes,11,Yes,No,10,Returning
12715,Sophia Davis,Female,37,,UAE,82746.43,Budget,C007,Spring Promotion,Seasonal,Google Ads,2025-07-13,2025-08-08,554.94,65972,3809,40,94.87,53.74,101.86,Yes,11,Yes,No,27,Returning
12453,John Brown,Male,38,Dubai,Jordan,61567.32,Regular,C003,Black Friday,Discount,Website,2025-07-10,2025-07-18,404.5,94350,2603,218,27581.46,19655.65,23365.1,Yes,9,Yes,No,13,New
10001,Maya Awwad, male ,36,Jerusalem,UAE,40880.05,Regular,C003,Black Friday,Discount,Social Media,2025-10-15,2025-10-22,704.66,23379,899,65,6997.35,6246.34,7216.5,Yes,9,No,No,22,Returning
11102,Olivia Brown,Male,42,Amman,Lebanon,52496.83,Premium,C005,Holiday Offers,Seasonal,Website,2025-08-26,2025-09-10,795.14,77847,2165,85,7350.81,4381.4,8152.0,Yes,15,Yes,No,10,Returning
12694,Yousef Smith,Male,55,Cairo,UAE,44869.52,Regular,C004,New Product Launch,Product,Google Ads,2025-09-14,2025-10-12,506.48,38942,1556,118,18257.4,16073.74,21365.59,Yes,2,No,No,18,New
12784,Lina Hassan,Female,43,Amman,Palestine,58489.09,Premium,C001,Summer Sale,Discount,Website,2025-12-21,2025-12-29,435.36,9117,243,12,1241.96,933.09,1445.74,Yes,2,No,No,21,New
12044,Ali Khalil,Male,51,Gaza,Egypt,51792.06,Regular,C004,New Product Launch,Product,SMS,2025-01-14,2025-02-08,216.12,71643,6619,469,77847.95,50495.44,73696.6,Yes,3,Yes,No,10,Returning
12640,John Khalil,Female,61,Gaza,Palestine,54841.57,Premium,C006,Loyalty Rewards,Retention,Website,2025-09-09,2025-09-27,412.86,68634,1490,116,10090.97,6577.29,10016.06,Yes,6,No,No,29,Returning
12233,Maya Khalil,Male,34,Gaza,Jordan,,Premium,C005,Holiday Offers,Seasonal,Email,2025-09-21,2025-10-03,561.85,71979,3012,238,23903.99,16853.01,19126.8,Yes,13,Yes,No,26,Returning
12658,Daniel Awwad,Female,33,Gaza,Palestine,35621.05,Regular,C002,Back to School,Seasonal,Website,2025-01-25,2025-02-19,365.03,27377,570,49,5845.68,4168.3,4819.45,Yes,14,No,No,26,Returning
10019,Michael Miller,Female,18,Nablus,Lebanon,73157.54,Regular,C007,Spring Promotion,Seasonal,Website,2025-05-22,2025-06-01,631.49,28189,489,35,5789.53,3716.26,5814.61,Yes,11,Yes,No,5,Returning
11680,John Miller,Female,39,Amman,Egypt,33616.89,Budget,C003,Black Friday,Discount,SMS,2025-08-26,2025-09-25,461.41,8572,723,80,8127.84,6174.46,8028.56,Yes,13,Yes,No,28,New
10905,Emma Brown,Female,30,Beirut,Palestine,79377.19,Regular,C001,Summer Sale,Discount,Website,2025-11-27,2025-12-09,539.38,65686,1673,202,21407.24,17105.98,17823.52,Yes,13,Yes,No,0,New
12901,Ali Hassan,Male,37,Beirut,UAE,40467.04,Regular,C007,Spring Promotion,Seasonal,Website,2025-02-26,2025-03-15,735.59,62016,1076,117,20009.86,12368.8,17708.05,Yes,6,No,No,19,New
12836,Sophia Saleh,Male,39,Doha,UAE,40475.4,Regular,C005,Holiday Offers,Seasonal,Website,2025-12-21,2025-12-30,551.61,32316,796,78,10343.87,7720.73,10610.96,Yes,15,No,No,27,New
10726,Ali Khalil,Male,35,Hebron,Qatar,81247.6,Regular,C003,Black Friday,Discount,Social Media,2025-04-14,2025-04-24,500.14,35358,1596,78,4560.44,3953.14,3876.27,Yes,7,Yes,No,8,New
10103,Michael Khalil,Male,36,Doha,Egypt,41184.16,Regular,C007,Spring Promotion,Seasonal,Social Media,2025-05-06,2025-06-05,817.45,67332,2064,139,16793.96,9639.85,15635.35,Yes,15,Yes,No,26,Returning
11411,Maya Awwad,Male,35,Jerusalem,Palestine,30320.29,Regular,C005,Holiday Offers,Seasonal,Display Ads,2025-05-03,2025-05-20,298.03,15208,297,30,4399.26,3322.08,4753.93,Yes,15,Yes,No,13,Inactive
13898,Sara Awwad,Female,38,Jerusalem,Lebanon,25008.59,Budget,C001,Summer Sale,Discount,Email,2025-12-27,2026-01-23,725.16,24928,1438,39,5241.94,4179.27,5723.43,YES,9,Yes,Yes,3,Returning
11829,Sara Saleh,Female,44,Doha,Lebanon,75891.97,Regular,C005,Holiday Offers,Seasonal,Email,2025-04-25,2025-05-03,546.96,45247,2041,258,55812.69,40425.43,45501.35,Yes,15,Yes,Yes,25,Returning
11827,Noor Smith,Male,51,Hebron,Qatar,68784.05,Regular,C003,Black Friday,Discount,Email,2025-02-11,2025-03-10,437.27,44366,2673,84,5637.97,4192.18,6530.75,Yes,4,Yes,No,15,Returning
12358,John Hassan,Male,47,Ramallah,Qatar,48609.59,Corporate,C001,Summer Sale,Discount,Display Ads,2025-01-28,2025-02-17,528.8,22012,590,39,7009.62,4180.9,7419.5,Yes,1,Yes,No,30,New
10081,Michael Brown,Female,46,Gaza,Lebanon,82113.33,Regular,C006,Loyalty Rewards,Retention,Display Ads,2025-04-20,2025-05-09,727.53,20470,114,7,897.88,773.09,757.89,Yes,4,Yes,No,24,Returning
12726,Omar Khalil,Male,34,Hebron,UAE,61423.72,Regular,C007,Spring Promotion,Seasonal,Website,2025-12-19,2026-01-13,463.94,43258,1009,79,10381.32,8768.56,10261.61,Yes,0,Yes,No,26,Returning
12338,Yousef Smith,Female,36,Beirut,UAE,71133.58,Budget,C008,Weekend Flash Sale,Discount,Social Media,2025-06-30,2025-07-16,685.96,61605,1534,134,16528.81,13643.03,15397.3,Yes,4,Yes,No,9,Returning
12512,Lina Khalil,Female,45,Amman,Qatar,21652.11,Regular,C005,Holiday Offers,Seasonal,Website,2025-01-01,2025-01-16,-829.38,50867,1318,86,8841.51,5663.06,10262.27,Yes,10,Yes,No,27,New
13446,Emma Wilson,Female,37,Cairo,Palestine,82200.54,Budget,C006,Loyalty Rewards,Retention,Social Media,2025-06-12,2025-06-23,532.68,92684,3509,270,19083.15,10610.44,19504.59,Yes,12,No,No,12,New
11879,Ahmed Nasser,Male,64,Ramallah,Qatar,79486.23,Corporate,C005,Holiday Offers,Seasonal,Social Media,2025-02-09,2025-02-23,780.32,78612,2914,175,,16248.57,24019.83,Yes,3,Yes,No,24,Returning
14090,Daniel Nasser,Male,46,Beirut,Jordan,31069.12,Regular,C008,Weekend Flash Sale,Discount,Social Media,2025-08-14,2025-09-13,462.2,16488,630,34,3998.45,2559.35,3363.76,Yes,11,No,No,26,New
11345,Daniel Awwad,Male,43,Cairo,Lebanon,77001.93,Regular,C002,Back to School,Seasonal,Social Media,2025-05-28,2025-06-19,588.58,18515,706,71,9255.23,8050.33,8205.41,Yes,5,Yes,No,27,Inactive
10357,Michael Nasser,Male,19,Beirut,Qatar,85520.98,,C008,Weekend Flash Sale,Discount,Email,2025-12-12,2025-12-20,428.35,56808,2992,290,30947.87,24214.06,26219.2,Yes,7,Yes,No,29,Returning
14011,Michael Saleh,Male,24,Amman,Jordan,63440.62,Premium,C001,Summer Sale,Discount,Website,2025-06-24,2025-07-17,20.0,25297,636,79,11552.3,8561.7,9660.35,Yes,14,No,No,11,Returning
11469,Sophia Saleh,Male,29,Ramallah,Egypt,49962.9,Regular,C006,Loyalty Rewards,Retention,Email,2025-02-01,2025-02-25,265.0,69092,4397,221,26473.15,23577.88,29588.4,Yes,11,No,No,22,Returning
10765,Sara Khalil,Female,49,Jerusalem,Egypt,75859.16,Premium,C004,New Product Launch,Product,Google Ads,2025-03-11,2025-04-07,355.14,771,41,2,319.52,278.42,344.57,Yes,13,No,No,6,New
12615,Daniel Saleh,Female,44,Hebron,Jordan,65710.16,Regular,C008,Weekend Flash Sale,Discount,Display Ads,2025-02-20,2025-03-18,549.25,58802,1590,56,9994.8,8735.03,9234.78,Yes,4,Yes,No,8,New
11768,Maya Nasser,Male,37,Gaza,Jordan,80507.93,Budget,C001,Summer Sale,Discount,Email,2025-11-10,2025-12-07,430.71,11123,643,98,12254.52,9519.06,12823.94,Yes,14,Yes,Yes,7,New
10032,Olivia Hassan,Female,37,Gaza,Qatar,51192.96,Regular,C001,Summer Sale,Discount,SMS,2025-03-02,2025-03-13,429.95,11452,868,42,5044.1,3727.04,5899.1,Yes,5,No,No,15,Returning
13537,Ali Awwad,Male,38,Gaza,Palestine,18000.0,Regular,C003,Black Friday,Discount,SMS,2025-03-25,2025-04-09,403.05,38626,3505,177,27237.36,20419.55,27483.12,Yes,11,Yes,No,1,Returning
10632,Emma Hassan,Male,42,Ramallah,Palestine,50962.32,Corporate,C008,Weekend Flash Sale,Discount,SMS,2025-09-17,2025-10-12,610.75,47271,4226,260,24130.98,20992.68,27161.65,Yes,3,No,No,12,Returning
10874,Omar Awwad,Female,18,Gaza,UAE,26097.09,Corporate,C003,Black Friday,Discount,SMS,2025-08-13,2025-09-01,299.55,8245,726,64,10060.71,6017.97,8168.88,Yes,3,Yes,No,7,New
13862,Emma Khalil,Male,55,Nablus,Palestine,77992.73,Regular,C007,Spring Promotion,Seasonal,Website,2025-06-28,2025-07-20,605.08,41427,402,22,1864.75,1201.92,1513.81,Yes,7,No,No,20,New
13695,Ali Davis,Female,45,Amman,Egypt,49421.55,Premium,C007,Spring Promotion,Seasonal,Social Media,2025-01-25,2025-02-06,891.51,14545,366,12,1425.44,987.07,1252.74,Yes,5,Yes,No,17,New
13888,Lina Smith,Male,63,Ramallah,Jordan,18000.0,Regular,C001,Summer Sale,Discount,Display Ads,2025-04-16,2025-05-16,886.43,11828,283,5,750.73,528.69,660.38,Yes,1,Yes,No,12,New
12974,Omar Brown,Female,44,Gaza,Egypt,41692.65,Budget,C003,Black Friday,Discount,Display Ads,2025-06-29,2025-07-11,20.0,20476,416,26,4514.68,3749.58,4008.54,Yes,5,No,No,9,Returning
12758,Yousef Wilson,Female,47,Hebron,Palestine,61387.12,Regular,C002,Back to School,Seasonal,Google Ads,2025-07-09,2025-07-27,1013.95,78509,2645,156,20252.8,13655.45,19893.89,Yes,1,Yes,No,12,New
12312,Maya Saleh,Female,36,Jerusalem,UAE,74053.3,Regular,C008,Weekend Flash Sale,Discount,SMS,2025-03-06,2025-03-18,577.45,54153,5670,375,14847.28,11512.66,17312.86,Yes,15,No,No,2,Returning
10098,Yousef Smith,Female,38,Jerusalem,Jordan,60634.9,Regular,C003,Black Friday,Discount,Display Ads,2025-01-23,2025-02-10,625.46,78798,2141,100,17212.01,13106.96,14142.6,YES,13,No,No,4,Returning
10431,John Nasser,Male,29,Doha,Palestine,38373.36,Regular,C007,Spring Promotion,Seasonal,Email,2025-12-22,2026-01-18,326.39,25278,1664,172,23929.55,21080.11,20165.84,Yes,9,No,No,19,Returning
10567,Sara Brown,Male,34,Ramallah,UAE,63702.9,Regular,C006,Loyalty Rewards,Retention,Social Media,2025-10-17,2025-11-12,903.44,49064,2023,99,12598.38,9747.54,13115.77,Yes,5,Yes,No,3,Returning
12605,Yousef Hassan,Female,54,Nablus,Palestine,64899.29,Regular,C005,Holiday Offers,Seasonal,Social Media,2025-11-24,2025-12-15,314.73,80593,2709,316,44878.22,33027.15,47986.87,Yes,1,No,No,26,Returning
14193,Noor Smith,Female,30,Amman,Egypt,34860.76,Regular,C004,New Product Launch,Product,SMS,2025-05-14,2025-05-31,456.93,34960,3507,420,45835.97,34425.61,42526.43,Yes,14,No,No,24,Returning
13958,Yousef Hassan,Female,27,Gaza,Jordan,23522.93,Regular,C001,Summer Sale,Discount,Display Ads,2025-06-05,2025-06-18,610.61,50909,631,42,1672.14,1069.39,1462.26,Yes,5,No,No,10,Returning
14053,Daniel Awwad,Female,38,Cairo,Lebanon,58227.73,Budget,C008,Weekend Flash Sale,Discount,Social Media,2025-06-12,2025-06-26,322.24,7935,187,6,809.58,688.54,902.71,Yes,3,No,No,16,New
13597,Yousef Smith,Male,28,Ramallah,Egypt,29168.38,Corporate,C003,Black Friday,Discount,Google Ads,2025-07-31,2025-08-22,521.53,9809,438,26,3993.88,2810.44,4544.91,Yes,4,No,No,10,New
10865,Ahmed Awwad,Male,55,Beirut,UAE,45949.16,Budget,C007,Spring Promotion,Seasonal,Social Media,2025-06-12,2025-06-21,528.33,73833,1886,122,16373.7,10174.1,16968.79,Yes,15,No,No,14,New
11484,Omar Miller,Male,26,Dubai,Palestine,81324.57,Regular,C001,Summer Sale,Discount,Email,2025-05-28,2025-06-13,396.27,53892,2804,180,20760.34,16577.45,21646.2,Yes,8,No,Yes,30,Returning
12368,Ali Awwad,Male,29,Dubai,Qatar,44330.61,Regular,,Summer Sale,Discount,SMS,2025-10-18,2025-11-17,698.82,29615,2888,276,54346.64,31629.08,44671.63,Yes,4,No,No,1,New
10636,Adam Awwad,Male,18,Doha,Palestine,33207.12,Regular,C002,Back to School,Seasonal,Website,2025-05-16,2025-06-05,506.87,60645,858,58,5192.75,3281.53,4252.1,Yes,1,No,No,15,Returning
11771,Sara Brown,Male,30,Doha,UAE,52912.02,Regular,C008,Weekend Flash Sale,Discount,Google Ads,2025-07-31,2025-08-08,327.1,11554,423,46,3936.73,3421.95,3454.71,Yes,1,Yes,No,12,Returning
13626,Olivia Nasser,Male,39,Nablus,Egypt,77306.6,Budget,C001,Summer Sale,Discount,Email,2025-09-20,2025-10-03,449.07,17836,812,38,4972.56,4243.05,4459.91,Yes,11,Yes,No,12,Returning
10072,John Khalil,Male,40,Cairo,UAE,54103.27,Budget,C008,Weekend Flash Sale,Discount,Email,2025-01-04,2025-01-26,473.95,8673,447,41,6756.42,5430.24,7305.68,Yes,0,Yes,No,24,New
11387,John Davis,Male,40,Beirut,Palestine,88128.18,Regular,C001,Summer Sale,Discount,Email,2025-02-09,2025-03-05,285.15,9434,524,38,4812.01,2655.35,4862.61,Yes,12,Yes,No,23,Returning
13130,Michael Brown,Female,24,Ramallah,Palestine,59543.72,Budget,C002,Back to School,Seasonal,Google Ads,2025-11-11,2025-11-27,149.34,10901,691,66,6940.17,5174.07,5912.93,Yes,2,No,No,7,Returning
11244,Emma Khalil,Female,34,Gaza,Jordan,49288.87,Corporate,C006,Loyalty Rewards,Retention,Website,2025-11-20,2025-12-09,672.47,16430,262,16,1393.97,1204.93,1523.15,Yes,13,No,No,4,New
13971,Ahmed Hassan,Female,43,Gaza,UAE,74651.74,Budget,C007,Spring Promotion,Seasonal,Google Ads,2025-06-17,2025-06-25,267.39,21084,1037,22,2920.93,2469.85,2408.27,Yes,8,Yes,No,28,Returning
11163,Daniel Nasser,Male,46,Amman,Lebanon,58288.84,Regular,C006,Loyalty Rewards,Retention,Website,2025-06-18,2025-06-25,544.54,22864,490,33,4253.68,3481.95,4008.41,Yes,9,Yes,No,30,New
13432,Adam Saleh,Female,35,Jerusalem,Jordan,54456.17,Premium,C008,Weekend Flash Sale,Discount,Display Ads,2025-06-14,2025-06-30,256.23,66453,1178,140,24509.07,19367.16,24801.65,Yes,14,No,No,30,New
11592,Lina Awwad,Male,43,Nablus,Qatar,41996.33,,C004,New Product Launch,Product,Website,2025-11-23,2025-12-04,537.35,2380,40,4,396.82,280.7,375.83,Yes,7,Yes,No,24,Returning
13787,Yousef Nasser,Male,49,Jerusalem,Egypt,50534.25,Budget,C001,Summer Sale,Discount,SMS,2025-04-10,2025-05-06,579.71,8597,607,50,,3079.2,5080.28,Yes,1,No,No,19,Returning
13168,Sophia Brown,Female,38,Dubai,Jordan,42266.08,Regular,C001,Summer Sale,Discount,Display Ads,2025-03-22,2025-04-20,539.61,80281,2278,160,25828.08,14838.87,22603.76,Yes,13,No,No,27,Returning
10341,Yousef Wilson,Male,36,Dubai,UAE,43117.05,Budget,C006,Loyalty Rewards,Retention,Google Ads,2025-06-14,2025-07-11,691.1,66315,2973,384,43579.14,31103.35,46897.62,Yes,8,No,No,29,Returning
10967,Noor Wilson,Male,39,Amman,Jordan,43864.34,Regular,C008,Weekend Flash Sale,Discount,Website,2025-10-25,2025-11-07,730.05,83810,2311,205,30250.87,26561.75,26764.39,Yes,5,No,No,24,New
11422,Michael Brown,Female,37,Amman,UAE,50425.74,Budget,C005,Holiday Offers,Seasonal,Social Media,2025-09-13,2025-09-29,146.86,78362,2399,143,11627.21,8950.67,11880.74,Yes,9,No,No,22,New
10481,Adam Awwad,Male,30,Jerusalem,Lebanon,39748.68,Premium,C005,Holiday Offers,Seasonal,Social Media,2025-07-16,2025-08-05,613.56,43276,1507,102,15429.73,11478.87,13096.34,Yes,9,No,No,28,Inactive
11411,Adam Hassan,Male,53,Gaza,UAE,44639.46,Budget,C004,New Product Launch,Product,Google Ads,2025-07-18,2025-08-07,750.04,67962,2937,225,42681.76,32418.28,36459.83,Yes,5,Yes,No,24,Returning
13403,Emma Wilson,FEMALE,24,Gaza,Egypt,61551.65,Corporate,C003,Black Friday,Discount,Display Ads,2025-01-03,2025-01-17,628.78,92229,1927,212,28351.61,21900.08,29254.23,Yes,0,Yes,No,6,New
13250,Ali Miller,Male,33,Amman,Lebanon,49045.18,Regular,C001,Summer Sale,Discount,Email,2025-06-09,2025-06-18,585.57,15599,969,74,8789.37,7411.24,10224.42,Yes,2,Yes,No,3,Returning
11736,Ali Smith,Male,50,Beirut,UAE,,Regular,C002,Back to School,Seasonal,Email,2025-07-03,2025-07-27,447.54,61140,3494,244,38325.32,33129.42,33846.21,Yes,12,Yes,No,2,Returning
13675,Emma Awwad,Female,40,Doha,Lebanon,40069.58,Regular,C003,Black Friday,Discount,Email,2025-07-09,2025-07-18,422.05,5542,350,38,8185.6,5135.12,7308.81,Yes,2,Yes,No,27,New
10291,Lina Wilson,Female,38,Hebron,Jordan,59539.4,Budget,C007,Spring Promotion,Seasonal,Google Ads,2025-07-23,2025-08-17,607.1,38392,1932,255,37161.29,22892.98,33912.98,Yes,4,No,No,20,Returning
10070,Maya Brown,Male,31,Jerusalem,Qatar,54020.36,Budget,C007,Spring Promotion,Seasonal,Display Ads,2025-04-26,2025-05-25,671.37,84562,966,25,2548.64,2067.74,2852.48,Yes,3,Yes,No,9,New
13759,Daniel Saleh,Female,18,Ramallah,UAE,60851.38,Premium,C003,Black Friday,Discount,SMS,2025-05-30,2025-06-10,171.16,78084,6232,508,70516.89,63337.61,63843.63,Yes,7,Yes,No,25,Returning
12108,John Khalil,Female,25,Hebron,Egypt,36114.13,Budget,C002,Back to School,Seasonal,SMS,2025-09-12,2025-09-28,499.73,93387,8273,574,54200.12,30779.66,47823.4,Yes,4,No,No,29,New
12330,Olivia Nasser,Male,22,Cairo,Egypt,37733.5,Regular,C006,Loyalty Rewards,Retention,Social Media,2025-09-18,2025-10-13,708.93,63981,2097,117,9208.56,6541.64,7652.62,Yes,5,No,No,10,Returning
11463,Maya Nasser,Female,53,Amman,Lebanon,49614.49,Regular,C005,Holiday Offers,Seasonal,Social Media,2025-03-04,2025-03-11,429.78,1735,55,3,295.26,203.67,275.7,Yes,3,No,No,20,Returning
10898,Olivia Wilson,Female,49,Gaza,UAE,20854.23,Regular,C001,Summer Sale,Discount,Display Ads,2025-06-27,2025-07-18,604.09,92704,2511,233,44664.21,36196.93,39961.78,Yes,12,No,No,29,New
11448,Adam Saleh,Female,29,Hebron,Lebanon,62060.91,Budget,C001,Summer Sale,Discount,Display Ads,2025-12-10,2026-01-06,437.32,17257,397,19,3622.49,2416.69,2916.76,Yes,11,No,No,30,New
11502,Emma Brown,Male,31,Doha,Qatar,29980.02,Budget,C004,New Product Launch,Product,Email,2025-03-31,2025-04-18,445.73,21224,1276,95,4530.35,2686.74,4898.24,Yes,9,Yes,No,15,Returning
10779,Sara Khalil,Female,48,Amman,Palestine,56235.73,Regular,C004,New Product Launch,Product,Google Ads,2025-10-13,2025-10-26,321.82,54404,2856,177,23568.03,14417.16,25613.77,Yes,4,No,No,26,Returning
12760,Ali Smith,Female,53,Beirut,UAE,69035.25,Regular,C008,Weekend Flash Sale,Discount,Website,2025-09-01,2025-09-10,554.41,60479,1288,98,12244.7,10523.15,12772.63,Yes,2,Yes,No,10,Inactive
11768,Emma Davis,Male,30,Nablus,UAE,54942.83,Budget,C005,Holiday Offers,Seasonal,Website,2025-03-31,2025-04-17,178.2,57282,1567,26,3561.67,2938.8,3068.56,Yes,5,No,No,6,Returning
11632,Adam Khalil,Female,43,Ramallah,Jordan,24427.13,Premium,C003,Black Friday,Discount,Website,2025-08-04,2025-09-01,621.12,70431,1460,45,3334.32,2384.84,3268.19,Yes,15,No,No,4,Returning
12708,Sara Smith,Male,21,Dubai,Lebanon,52802.93,Regular,C003,Black Friday,Discount,Email,2025-12-21,2026-01-15,588.28,58117,2393,306,38911.18,30717.41,36656.98,Yes,11,Yes,Yes,19,Returning
11053,Daniel Brown,Female,43,Beirut,UAE,68956.49,Regular,C007,Spring Promotion,Seasonal,Google Ads,2025-10-20,2025-11-03,529.89,27430,884,46,6078.45,4953.17,6064.68,Yes,3,Yes,No,2,New
12603,Layla Awwad,Male,28,Dubai,Lebanon,72770.27,Budget,C002,Back to School,Seasonal,Website,2025-01-22,2025-02-10,775.5,94422,2493,102,13053.4,8320.73,12638.71,Yes,0,Yes,No,24,Inactive
11892,Emma Khalil,Female,29,Jerusalem,Jordan,72181.34,Regular,C002,Back to School,Seasonal,SMS,2025-07-01,2025-07-20,724.28,12725,1004,91,8825.22,7361.47,9424.67,Yes,6,Yes,No,26,Returning
13587,Ali Nasser,Female,29,Amman,UAE,70549.16,Regular,C004,New Product Launch,Product,Email,2025-01-03,2025-01-24,788.15,85137,4099,436,64822.24,45878.27,65606.41,Yes,9,No,No,24,Inactive
14004,Olivia Nasser,Male,18,Gaza,Qatar,43461.85,Budget,C006,Loyalty Rewards,Retention,Email,2025-09-14,2025-09-27,394.88,13225,712,64,5408.28,4601.24,4838.3,Yes,12,Yes,No,28,Returning
11985,Sophia Saleh,Male,41,Amman,Qatar,58923.25,Budget,C008,Weekend Flash Sale,Discount,Display Ads,2025-09-16,2025-10-05,859.09,53435,809,80,10184.62,8832.18,8371.28,Yes,1,No,No,1,New
12758,Ahmed Wilson,Female,28,Dubai,Qatar,19808.87,Premium,C007,Spring Promotion,Seasonal,Website,2025-11-25,2025-12-23,701.78,47308,1079,111,14745.51,8532.6,12593.34,Yes,0,No,No,22,New
10388,Sophia Davis,Female,27,Amman,UAE,34492.39,Budget,C004,New Product Launch,Product,Social Media,2025-07-17,2025-08-01,437.74,65571,2654,192,24859.5,14230.55,22019.14,Yes,8,Yes,No,20,Returning
12229,Ahmed Nasser,Male,53,Beirut,Qatar,31280.0,Regular,C004,New Product Launch,Product,Google Ads,2025-10-26,2025-11-14,348.55,7064,293,44,8578.14,6699.79,7554.4,Yes,0,Yes,No,28,New
11273,Ahmed Davis,Female,26,Ramallah,Qatar,44172.79,Regular,C002,Back to School,Seasonal,Website,2025-04-21,2025-05-20,465.82,89236,2604,148,8275.77,6017.18,8722.39,YES,4,No,No,2,Returning
11806,Sara Miller,Female,53,Beirut,Jordan,65701.72,Premium,C006,Loyalty Rewards,Retention,Email,2025-02-19,2025-03-14,281.3,10200,642,19,2672.42,1948.18,2972.46,Yes,14,No,Yes,23,New
13532,Michael Smith,Male,19,Jerusalem,Qatar,59544.07,Premium,C002,Back to School,Seasonal,Google Ads,2025-03-07,2025-04-04,845.11,68438,3106,161,20919.47,17333.84,21934.96,Yes,7,Yes,No,16,New
13308,Sophia Smith,Male,53,Doha,Qatar,54892.82,Regular,C004,New Product Launch,Product,Email,2025-11-11,2025-12-02,365.18,38464,1879,152,20060.56,16255.9,16105.76,Yes,7,Yes,Yes,22,Inactive
13496,Maya Smith,Female,42,Beirut,Jordan,32236.35,Corporate,C007,Spring Promotion,Seasonal,Display Ads,2025-07-09,2025-07-18,640.49,12667,321,13,1073.23,749.49,1200.04,Yes,4,No,No,13,Returning
12766,Sara Brown,Male,30,Beirut,Palestine,58531.91,Regular,C008,Weekend Flash Sale,Discount,Email,2025-06-18,2025-07-03,119.5,70597,4127,286,34045.29,29986.09,36263.52,Yes,6,Yes,No,27,Returning
12354,Sara Saleh,Female,18,Nablus,Jordan,75294.6,Regular,C007,Spring Promotion,Seasonal,Email,2025-08-31,2025-09-16,820.25,78193,4369,200,16120.66,10567.62,18090.7,Yes,13,No,No,14,New
12423,Sophia Smith,Female,24,Gaza,Egypt,91314.79,Premium,C008,Weekend Flash Sale,Discount,Social Media,2025-11-11,2025-12-05,763.8,86945,2054,133,12222.1,8133.47,9944.47,Yes,5,Yes,No,24,New
12671,Olivia Wilson,Female,18,Nablus,UAE,77861.55,Premium,C002,Back to School,Seasonal,Google Ads,2025-02-03,2025-02-16,749.13,41177,1926,147,23800.64,18611.24,23323.37,Yes,12,No,No,1,Returning
12648,Sophia Miller,Female,41,Hebron,Egypt,68979.74,Regular,C005,Holiday Offers,Seasonal,Google Ads,2025-09-03,2025-09-25,474.75,10751,545,18,2416.21,1958.32,2059.77,Yes,7,No,No,2,New
12040,Yousef Khalil,Male,36,Dubai,UAE,35904.08,Budget,C003,Black Friday,Discount,Website,2025-11-14,2025-12-05,530.88,55757,844,35,4070.81,3591.41,4017.17,Yes,12,No,No,13,Returning
10350,Sophia Wilson,Male,40,Hebron,Egypt,33738.47,Regular,,Spring Promotion,Seasonal,SMS,2025-12-15,2026-01-06,93.84,60025,5219,377,18918.99,16115.52,20470.26,Yes,8,No,No,27,New
12064,Adam Miller,Female,31,Ramallah,Lebanon,60719.08,Budget,C002,Back to School,Seasonal,Website,2025-04-06,2025-05-05,393.39,7704,202,20,961.5,621.49,997.71,Yes,0,Yes,No,21,Inactive
12012,Daniel Davis, male ,34,Doha,Lebanon,86761.63,Budget,C008,Weekend Flash Sale,Discount,Social Media,2025-12-18,2026-01-17,499.61,18222,503,52,4582.81,3221.72,3913.23,YES,1,Yes,No,2,Returning
13233,Layla Brown,Female,25,Ramallah,Egypt,37759.9,Corporate,C008,Weekend Flash Sale,Discount,Website,2025-09-18,2025-10-10,606.48,94366,2169,188,26621.93,20472.37,22436.96,Yes,14,No,No,11,Inactive
14028,Emma Wilson,Female,34,Ramallah,Palestine,47267.32,Regular,C002,Back to School,Seasonal,SMS,2025-11-05,2025-11-21,351.27,55122,5371,504,40836.37,32586.03,47790.66,Yes,2,Yes,No,29,Returning
11450,Noor Miller,Female,45,Ramallah,Palestine,51527.52,Regular,C004,New Product Launch,Product,Social Media,2025-09-10,2025-10-08,615.64,68230,2163,87,14799.39,10947.1,14020.68,Yes,12,No,No,16,Inactive
12472,Lina Awwad,Male,26,Hebron,Jordan,58468.91,Corporate,C006,Loyalty Rewards,Retention,Email,2025-11-25,2025-12-09,509.04,7014,399,31,2528.42,1539.66,2611.3,Yes,10,No,Yes,3,New
13629,Sophia Smith,Male,61,Hebron,Jordan,77874.62,Regular,C005,Holiday Offers,Seasonal,Website,2025-07-11,2025-08-02,579.1,57810,1961,171,4407.59,3586.0,5158.87,Yes,1,Yes,No,22,Inactive
13421,Ali Awwad,Female,28,Beirut,Jordan,69755.9,Budget,C008,Weekend Flash Sale,Discount,Email,2025-06-04,2025-06-21,490.75,27501,1384,143,17251.79,12916.92,16358.68,Yes,13,Yes,Yes,4,Returning
13369,Olivia Brown,Male,37,Ramallah,Lebanon,28230.8,Corporate,C004,New Product Launch,Product,Google Ads,2025-06-03,2025-06-30,358.88,42556,1842,86,10419.68,9330.82,10321.63,Yes,12,Yes,No,8,Returning
10988,Emma Saleh,Male,24,Gaza,Egypt,40757.65,Budget,C006,Loyalty Rewards,Retention,Social Media,2025-02-03,2025-02-15,269.8,7122,333,43,5350.2,3526.5,5548.37,Yes,1,No,No,18,Inactive
10242,Maya Nasser,Male,38,Doha,Palestine,,Regular,C005,Holiday Offers,Seasonal,Social Media,2025-05-05,2025-05-27,470.51,95243,1807,119,17456.5,14594.29,14078.29,Yes,7,Yes,No,2,New
11222,Layla Khalil,Female,39,Doha,Palestine,47800.33,Budget,C008,Weekend Flash Sale,Discount,SMS,2025-03-25,2025-04-03,457.15,63457,6191,431,38951.7,34326.48,39577.93,Yes,15,No,No,23,New
11456,Sara Awwad,Male,41,Doha,Jordan,34090.35,Regular,C005,Holiday Offers,Seasonal,Website,2025-03-10,2025-03-19,268.23,93369,1437,120,12392.51,8277.95,13241.05,Yes,10,Yes,No,28,Returning
10163,Olivia Miller,Female,36,Hebron,Palestine,23480.77,Regular,C005,Holiday Offers,Seasonal,Display Ads,2025-01-31,2025-02-28,391.61,95732,1303,26,1867.85,1615.91,2127.08,Yes,8,No,No,26,New
12614,Ali Miller,Female,34,Dubai,Jordan,58485.31,Regular,C005,Holiday Offers,Seasonal,Google Ads,2025-09-05,2025-09-13,93.57,56089,2197,257,31054.83,18850.84,27516.81,Yes,10,No,No,24,Returning
11755,Michael Davis,Female,30,Doha,Qatar,69005.75,Premium,C008,Weekend Flash Sale,Discount,Email,2025-04-02,2025-04-11,615.93,75895,4648,216,14342.49,10361.43,16155.61,Yes,6,No,No,19,Returning
13919,Ahmed Wilson,Male,38,Nablus,Jordan,97631.08,Regular,C008,Weekend Flash Sale,Discount,Website,2025-08-06,2025-08-18,178.77,97042,2669,148,15456.27,11237.02,15591.08,Yes,8,No,No,10,New
12378,Adam Awwad,Male,26,Hebron,Egypt,54687.15,Regular,C001,Summer Sale,Discount,SMS,2025-05-27,2025-06-16,700.53,45128,4101,366,19876.01,14691.96,20685.71,Yes,9,Yes,No,21,Returning
12491,Olivia Nasser,Male,46,Jerusalem,Palestine,72216.94,Regular,C003,Black Friday,Discount,Social Media,2025-07-13,2025-08-06,352.87,53277,1197,107,6391.45,4567.67,7039.0,Yes,15,Yes,No,20,Returning
13049,Olivia Davis,Female,49,Gaza,UAE,34942.54,Regular,C007,Spring Promotion,Seasonal,Google Ads,2025-04-20,2025-04-27,-637.27,76520,3141,343,40345.19,26254.81,33445.91,Yes,4,No,No,23,Inactive
10148,Sara Saleh,Male,31,Jerusalem,Jordan,53696.71,Regular,C008,Weekend Flash Sale,Discount,Google Ads,2025-01-10,2025-01-25,511.31,10464,555,55,6320.25,5140.66,5823.25,Yes,4,Yes,No,13,Returning
13060,Ahmed Miller,Female,51,Amman,UAE,42938.93,Corporate,C008,Weekend Flash Sale,Discount,Social Media,2025-02-20,2025-03-08,136.75,75225,3727,215,27938.36,23266.58,25570.52,Yes,4,No,No,13,New
12075,Olivia Wilson,Female,29,Nablus,Jordan,51955.57,Corporate,C003,Black Friday,Discount,Display Ads,2025-09-15,2025-09-23,199.27,63583,700,48,4981.34,3290.89,5529.61,Yes,2,Yes,No,1,New
13511,Yousef Khalil,Female,38,Beirut,Jordan,102265.45,Regular,C007,Spring Promotion,Seasonal,Website,2025-09-02,2025-09-28,434.22,32561,529,59,7285.39,5854.22,6659.06,Yes,7,Yes,No,7,Returning
13655,Sophia Davis,Male,44,Cairo,Lebanon,52419.34,Budget,C003,Black Friday,Discount,Google Ads,2025-09-20,2025-09-30,595.84,59143,2096,272,24719.53,21478.0,28860.89,Yes,6,No,No,30,Returning
13104,Emma Hassan,Male,40,Hebron,UAE,52102.4,Premium,C004,New Product Launch,Product,SMS,2025-10-06,2025-10-28,611.01,31019,2902,415,38391.7,28139.94,41206.98,Yes,11,Yes,No,3,Returning
13088,Yousef Miller,Female,27,Nablus,Lebanon,44115.37,Regular,C004,New Product Launch,Product,Google Ads,2025-04-01,2025-04-27,20.0,81345,4742,554,75350.8,45503.48,86139.61,Yes,11,Yes,No,17,Returning
11264,Sophia Brown,Male,18,Cairo,Palestine,48107.56,Budget,C008,Weekend Flash Sale,Discount,SMS,2025-08-14,2025-09-04,239.13,97624,8084,469,30899.15,24694.65,31739.93,Yes,14,No,No,30,Returning
13950,Ali Davis,Male,39,Beirut,Palestine,55901.62,Regular,C008,Weekend Flash Sale,Discount,Google Ads,2025-08-09,2025-09-01,212.53,75756,3745,292,43491.4,34456.18,38633.19,Yes,7,Yes,No,1,Returning
12299,Omar Brown,Male,29,Gaza,Jordan,35022.29,Regular,C001,Summer Sale,Discount,Display Ads,2025-05-01,2025-05-15,387.85,20347,245,13,1221.55,821.57,1380.6,Yes,8,No,No,15,New
12243,Sara Miller,Female,37,Dubai,Palestine,55360.02,Regular,C005,Holiday Offers,Seasonal,Email,2025-07-24,2025-08-07,271.56,48253,3381,84,6609.58,4909.31,6481.31,Yes,15,Yes,Yes,27,New
13898,Lina Brown,Female,42,Nablus,Palestine,50485.28,Regular,C005,Holiday Offers,Seasonal,Social Media,2025-09-18,2025-10-15,259.24,93829,3623,335,51037.35,42571.69,49434.91,Yes,11,Yes,No,0,Returning
14186,Sophia Brown,Male,27,Gaza,Lebanon,46689.42,Budget,C006,Loyalty Rewards,Retention,Display Ads,2025-01-09,2025-01-26,399.9,8992,208,6,908.28,648.07,918.23,Yes,8,Yes,No,9,Returning
11831,Emma Miller,Female,59,Amman,UAE,46416.4,Regular,C005,Holiday Offers,Seasonal,Google Ads,2025-05-01,2025-05-20,109.04,38992,1506,172,31971.2,23173.18,28129.8,Yes,12,Yes,No,22,New
13643,Michael Hassan,Male,30,Jerusalem,Jordan,42350.01,Budget,C005,Holiday Offers,Seasonal,SMS,2025-12-12,2025-12-21,605.98,99616,9720,725,76029.72,42095.16,85300.99,Yes,10,Yes,No,7,Inactive
14070,Ahmed Hassan,Female,18,Amman,Lebanon,34196.66,,C008,Weekend Flash Sale,Discount,SMS,2025-11-10,2025-12-02,602.08,91316,9122,838,136858.17,77125.79,123672.85,Yes,13,Yes,No,27,Returning
12615,Sara Nasser,Female,34,Hebron,Egypt,64547.1,Regular,C001,Summer Sale,Discount,Email,2025-08-11,2025-09-03,265.38,9723,672,52,5726.99,3162.67,5280.27,Yes,4,No,No,15,New
10208,John Miller,Male,33,Amman,UAE,30055.84,Regular,C006,Loyalty Rewards,Retention,Website,2025-04-23,2025-05-18,309.76,87229,2240,153,8161.41,5399.48,8062.37,Yes,5,Yes,No,27,New
13573,Daniel Hassan,Male,34,Jerusalem,Jordan,59532.13,Premium,C005,Holiday Offers,Seasonal,Google Ads,2025-02-12,2025-02-25,887.21,82013,3967,309,40927.68,30589.47,36239.8,Yes,11,Yes,No,29,Returning
11631,Adam Awwad,Male,33,Cairo,Palestine,83370.27,Regular,C006,Loyalty Rewards,Retention,Website,2025-01-22,2025-02-13,760.75,2238,53,2,301.22,172.54,342.99,Yes,11,No,No,19,Returning
13534,Adam Brown,Male,30,Ramallah,Jordan,40713.32,Regular,C008,Weekend Flash Sale,Discount,Google Ads,2025-01-22,2025-02-20,469.94,66362,2729,335,24734.04,22100.5,22953.32,Yes,3,Yes,No,14,Returning
13079,Noor Davis,Male,45,Ramallah,UAE,53334.38,Regular,C008,Weekend Flash Sale,Discount,Website,2025-10-26,2025-11-21,445.11,99814,3249,137,13124.93,11533.02,11448.85,Yes,12,Yes,No,16,Returning
10061,Maya Davis,Female,41,Nablus,UAE,29696.57,Premium,C006,Loyalty Rewards,Retention,Email,2025-06-14,2025-07-03,409.19,7340,522,45,4381.52,2491.69,4705.85,Yes,6,No,No,4,Returning
12900,Sophia Smith,Female,35,Beirut,Egypt,80905.64,Premium,C005,Holiday Offers,Seasonal,Google Ads,2025-01-08,2025-02-03,261.99,32194,1584,120,11553.86,8870.73,12040.07,Yes,13,No,No,9,Returning
11530,Olivia Awwad,Female,35,Gaza,Egypt,25977.37,Regular,C008,Weekend Flash Sale,Discount,Email,2025-06-22,2025-07-11,746.58,50381,2828,68,10715.26,9019.99,9448.56,Yes,4,Yes,No,29,Returning
13216,Ahmed Miller,Female,32,Gaza,Lebanon,51044.47,Regular,C002,Back to School,Seasonal,Google Ads,2025-01-06,2025-01-16,512.3,18657,631,54,4503.27,3467.21,4591.81,Yes,7,No,No,1,Returning
13082,Sophia Awwad,Female,27,Nablus,UAE,74709.45,Regular,C006,Loyalty Rewards,Retention,Display Ads,2025-07-10,2025-08-08,895.52,60500,1095,64,9076.18,6816.85,8651.24,Yes,13,No,No,15,Returning
13902,Noor Miller,Male,18,Beirut,UAE,49848.01,Regular,C004,New Product Launch,Product,SMS,2025-03-19,2025-04-13,549.75,78301,6775,505,58954.2,34130.19,54353.03,Yes,1,Yes,No,10,Inactive
13176,Ahmed Miller,Male,43,Nablus,Jordan,65345.44,Regular,C005,Holiday Offers,Seasonal,SMS,2025-02-06,2025-02-22,-430.42,25048,2294,272,30786.03,17732.58,28516.31,Yes,8,Yes,No,5,New
10403,Lina Brown,Female,45,Jerusalem,Jordan,18326.55,Regular,C004,New Product Launch,Product,Display Ads,2025-10-10,2025-10-20,311.8,29231,1115,87,13203.89,9744.93,11885.98,Yes,7,Yes,No,19,Inactive
10801,Yousef Smith,Male,39,Hebron,Qatar,55623.91,Regular,C001,Summer Sale,Discount,Social Media,2025-06-08,2025-06-27,301.18,28925,942,108,13520.43,10432.04,13459.13,Yes,6,Yes,No,16,Returning
12986,Sophia Smith,Female,44,Cairo,Qatar,80470.1,Regular,C001,Summer Sale,Discount,Display Ads,2025-12-04,2025-12-21,360.99,73087,545,42,7153.19,6206.08,6071.33,Yes,1,Yes,No,1,Returning
12865,Adam Davis,Male,18,Amman,Qatar,79702.55,Budget,C001,Summer Sale,Discount,Email,2025-06-10,2025-06-25,392.35,29450,1359,208,43699.82,31390.02,39450.17,Yes,10,Yes,Yes,20,New
12243,Sara Nasser,Male,45,Amman,Lebanon,46100.87,Budget,C002,Back to School,Seasonal,Google Ads,2025-05-19,2025-06-08,489.19,53760,1976,230,33837.98,19714.72,36786.19,Yes,2,No,No,8,New
10031,Sophia Smith,Female,38,Jerusalem,Qatar,46506.8,Regular,C006,Loyalty Rewards,Retention,Google Ads,2025-06-10,2025-07-08,299.79,44085,2081,187,21382.79,17767.72,24090.09,Yes,7,No,No,7,Returning
13487,Sophia Smith,Female,46,Beirut,Egypt,47718.46,Premium,C004,New Product Launch,Product,Google Ads,2025-05-25,2025-06-05,509.96,31038,1501,187,21420.67,14997.99,18271.16,Yes,3,No,No,5,New
12207,Layla Miller,Male,41,Cairo,Lebanon,49642.43,Regular,C005,Holiday Offers,Seasonal,SMS,2025-03-24,2025-04-17,564.53,68228,6097,478,50864.89,37544.58,50018.46,Yes,7,No,No,6,Returning
10490,Emma Saleh,Male,37,Ramallah,Lebanon,80707.05,Regular,C004,New Product Launch,Product,Email,2025-12-13,2025-12-26,793.34,45786,3027,234,21494.26,13054.52,24143.67,Yes,13,Yes,Yes,14,Inactive
14152,Layla Wilson,Male,51,Gaza,UAE,72013.86,Regular,C004,New Product Launch,Product,SMS,2025-03-29,2025-04-28,219.61,23530,2080,184,34082.17,19653.49,33976.55,Yes,7,Yes,No,15,Returning
13337,Maya Hassan,Female,41,Cairo,Egypt,67122.16,Regular,C005,Holiday Offers,Seasonal,Display Ads,2025-04-11,2025-04-21,545.9,28741,777,52,5632.12,3979.65,4704.13,Yes,10,No,No,9,New
13662,Yousef Awwad,Female,31,Hebron,Egypt,74156.97,Regular,C007,Spring Promotion,Seasonal,Email,2025-09-07,2025-09-25,524.47,53889,2763,351,64123.47,43905.53,55472.87,Yes,10,Yes,No,25,Returning
14152,Noor Nasser,Female,37,Jerusalem,UAE,41426.56,Premium,C001,Summer Sale,Discount,Website,2025-06-11,2025-06-26,612.63,44244,1873,205,29448.88,23025.62,25293.8,Yes,10,Yes,No,18,Inactive
12371,Sara Smith,Male,42,Cairo,Qatar,,Regular,C005,Holiday Offers,Seasonal,Email,2025-02-04,2025-02-24,582.67,11920,683,35,4799.16,3658.85,4564.06,Yes,14,Yes,No,21,Returning
10961,Layla Nasser,Female,26,Hebron,Jordan,25212.22,Regular,C006,Loyalty Rewards,Retention,Social Media,2025-01-11,2025-01-21,652.8,47608,1363,115,9933.68,7804.04,10229.94,Yes,12,Yes,No,8,Returning
13110,Layla Khalil,Female,36,Doha,Jordan,61117.82,Regular,C007,Spring Promotion,Seasonal,Website,2025-05-19,2025-05-26,20.0,95374,1967,158,23219.37,16764.13,22848.45,Yes,2,Yes,No,8,New
10564,Ahmed Miller,Male,51,Doha,Palestine,76824.12,Regular,C008,Weekend Flash Sale,Discount,Display Ads,2025-02-22,2025-03-22,438.94,39702,714,31,4679.89,2735.5,5107.26,Yes,11,Yes,No,9,Returning
12943,Daniel Davis,Male,24,Cairo,Qatar,42960.77,Budget,C007,Spring Promotion,Seasonal,Website,2025-01-19,2025-02-09,328.86,23416,528,27,3466.08,2960.48,3175.43,Yes,12,No,No,23,New
10407,Yousef Saleh,Male,30,Dubai,Egypt,68580.28,Regular,C003,Black Friday,Discount,SMS,2025-03-28,2025-04-10,605.88,85977,6842,584,91040.58,75169.92,79007.17,YES,0,Yes,No,14,Inactive
13156,Yousef Nasser,Female,30,Nablus,Jordan,66054.66,Premium,C001,Summer Sale,Discount,SMS,2025-12-10,2025-12-17,324.19,34803,2899,347,50032.47,28351.02,44189.14,Yes,11,Yes,No,21,Returning
10686,Olivia Saleh,Male,18,Nablus,Palestine,44738.02,Regular,C007,Spring Promotion,Seasonal,Social Media,2025-03-13,2025-04-03,900.33,24531,835,101,11098.57,9338.94,11156.72,Yes,5,Yes,No,25,Returning
12655,Omar Nasser,Male,49,Jerusalem,Lebanon,42065.23,Regular,C001,Summer Sale,Discount,Google Ads,2025-10-27,2025-11-04,206.64,34626,1454,96,8773.8,7415.38,7851.92,Yes,14,Yes,No,11,New
11346,Sophia Smith,Female,31,Beirut,Jordan,63522.86,Premium,C006,Loyalty Rewards,Retention,Social Media,2025-10-16,2025-11-06,1023.66,25381,482,52,7470.77,5830.99,6187.28,Yes,9,No,No,3,New
13559,Layla Hassan,Female,21,Nablus,Lebanon,84095.66,Regular,C001,Summer Sale,Discount,Display Ads,2025-01-14,2025-02-09,622.14,74118,269,25,1696.66,939.74,1790.29,Yes,14,Yes,No,14,New
12575,Ali Nasser,Male,18,Ramallah,Qatar,33973.59,Regular,C002,Back to School,Seasonal,Website,2025-11-11,2025-11-20,540.46,92408,3355,246,31706.45,25397.34,27180.0,Yes,6,No,No,11,Returning
11282,Emma Nasser,Male,24,Dubai,Palestine,45459.8,Premium,C003,Black Friday,Discount,Website,2025-11-27,2025-12-22,369.39,86861,1525,65,9293.78,5774.0,7644.52,Yes,5,Yes,No,6,Returning
13789,Adam Davis,Female,32,Beirut,UAE,45658.77,Regular,C003,Black Friday,Discount,Social Media,2025-06-16,2025-06-25,582.52,84512,2752,179,25851.59,15810.3,27474.53,Yes,15,No,No,27,Returning
12219,Michael Wilson,Female,38,Dubai,UAE,60915.87,Regular,C003,Black Friday,Discount,Website,2025-09-20,2025-10-18,506.32,81492,2445,229,45483.11,31831.59,45502.49,Yes,10,No,No,6,Returning
13342,Sophia Smith,Female,39,Nablus,Jordan,28337.76,Premium,C001,Summer Sale,Discount,Email,2025-03-27,2025-04-07,450.75,82735,4696,504,78446.48,57308.49,69541.35,Yes,2,Yes,No,29,Returning
12920,Adam Nasser,Male,50,Ramallah,UAE,76077.94,Regular,C004,New Product Launch,Product,Google Ads,2025-05-28,2025-06-25,490.53,99832,3525,348,33285.51,24439.29,32631.83,Yes,10,No,No,9,Returning
11893,Sophia Davis,Male,49,Cairo,Lebanon,44112.58,Premium,C003,Black Friday,Discount,Google Ads,2025-05-27,2025-06-09,772.95,5207,250,21,1122.46,914.17,930.02,Yes,6,No,No,22,New
11417,Ali Smith,Male,28,Doha,Jordan,62938.97,Budget,C005,Holiday Offers,Seasonal,SMS,2025-08-04,2025-08-11,690.39,57195,5370,538,35369.24,23884.08,36220.44,Yes,4,No,No,15,New
12629,Sophia Khalil,Male,18,Cairo,Palestine,38711.44,Budget,C002,Back to School,Seasonal,Email,2025-04-20,2025-04-27,89.02,21777,1173,101,17064.87,15126.5,15301.68,Yes,5,No,No,6,Returning
10874,Maya Khalil,Female,44,Beirut,Egypt,57123.1,Regular,C004,New Product Launch,Product,Social Media,2025-10-12,2025-10-30,359.63,34495,1155,83,12193.88,8453.4,13307.54,Yes,3,No,No,4,Inactive
11890,Lina Brown,Male,59,Ramallah,UAE,55856.93,Regular,C004,New Product Launch,Product,SMS,2025-02-24,2025-03-13,243.8,85172,7726,937,148127.62,113503.39,125430.2,Yes,1,No,No,10,New
14002,Michael Wilson,Male,32,Ramallah,Lebanon,91028.36,Premium,C006,Loyalty Rewards,Retention,Website,2025-02-21,2025-03-06,658.16,23910,560,57,4534.05,2771.27,4200.85,Yes,13,No,No,5,New
13222,Adam Smith,Female,22,Gaza,Qatar,31802.1,Regular,C001,Summer Sale,Discount,Social Media,2025-04-09,2025-05-08,708.46,51211,1147,65,10744.79,9116.57,10469.33,Yes,6,Yes,No,1,Inactive
13641,Ali Miller,Female,18,Hebron,Jordan,32386.85,Regular,C002,Back to School,Seasonal,Google Ads,2025-05-31,2025-06-17,303.38,44873,1854,134,10664.98,7953.04,9975.91,Yes,4,No,No,30,Inactive
13845,Sophia Hassan,Female,30,Nablus,Jordan,79595.22,Budget,C006,Loyalty Rewards,Retention,SMS,2025-05-26,2025-06-02,586.52,89092,9019,1171,117528.76,89977.1,107816.37,Yes,7,Yes,No,19,Returning
13552,Ali Miller,Female,57,Nablus,Qatar,56257.48,Budget,C007,Spring Promotion,Seasonal,SMS,2025-10-19,2025-11-07,841.5,75145,7447,74,7960.22,4721.73,6629.96,Yes,6,Yes,No,18,Inactive
12379,Michael Nasser,Female,40,Ramallah,Jordan,64417.88,Regular,C002,Back to School,Seasonal,Website,2025-12-23,2026-01-20,440.37,1650,48,3,232.38,155.21,202.11,Yes,1,Yes,No,9,New
14051,Daniel Davis,Female,24,Hebron,Qatar,87642.35,Regular,C004,New Product Launch,Product,Social Media,2025-03-26,2025-04-17,690.0,4990,195,26,1663.58,1207.04,1785.53,Yes,4,No,No,13,Inactive
13023,Yousef Saleh,Male,18,,Qatar,74569.77,Regular,C002,Back to School,Seasonal,Email,2025-12-31,2026-01-28,566.9,91470,5143,114,15960.41,12217.91,13488.9,Yes,12,Yes,No,2,New
13782,Adam Miller,Female,34,Amman,Lebanon,87632.02,Budget,C004,New Product Launch,Product,Email,2025-01-10,2025-01-27,717.98,46855,2428,187,18950.34,10787.7,18882.18,Yes,14,Yes,No,29,New
11179,Michael Smith,Female,18,Nablus,Egypt,49753.29,Corporate,C006,Loyalty Rewards,Retention,Website,2025-07-16,2025-08-11,284.99,59661,1390,106,21996.12,13666.93,20135.88,Yes,6,No,No,27,Returning
11320,Adam Khalil,Female,150,Beirut,UAE,58955.55,Budget,C003,Black Friday,Discount,Display Ads,2025-02-21,2025-03-05,20.0,45800,1120,114,15982.04,14210.06,13063.9,Yes,13,Yes,No,13,New
10041,Sara Davis,Male,56,Gaza,Palestine,31549.28,Budget,C002,Back to School,Seasonal,Google Ads,2025-03-05,2025-03-21,647.55,98168,3842,631,13182.9,7525.52,14412.04,Yes,3,No,No,0,Returning
12857,Ahmed Khalil,Male,32,Gaza,Qatar,44097.81,Regular,C003,Black Friday,Discount,Website,2025-12-19,2026-01-07,1085.49,29227,891,115,11003.3,6713.29,10247.99,Yes,13,No,No,2,Inactive
13375,Layla Wilson,Male,29,Amman,Lebanon,49760.08,Regular,C004,New Product Launch,Product,Display Ads,2025-10-22,2025-11-21,424.76,23870,471,49,10207.83,8200.61,8856.41,Yes,9,No,No,6,Returning
10108,Layla Hassan,Female,29,Nablus,Egypt,57077.85,Corporate,C008,Weekend Flash Sale,Discount,Google Ads,2025-12-29,2026-01-25,713.35,36734,1555,155,26568.79,19924.45,23510.85,Yes,4,No,No,21,New
13279,Daniel Hassan,Female,33,Dubai,Egypt,66843.48,Budget,C001,Summer Sale,Discount,Website,2025-02-20,2025-03-16,643.44,85371,3528,392,73961.33,66033.25,62851.75,Yes,3,Yes,No,4,New
13148,John Khalil,Female,37,Jerusalem,Egypt,42444.7,Premium,C008,Weekend Flash Sale,Discount,Email,2025-03-24,2025-03-31,333.79,80189,4933,425,44853.0,30288.42,48032.16,Yes,14,Yes,Yes,13,Returning
10832,Daniel Miller,Male,32,Ramallah,Qatar,54020.01,Regular,C004,New Product Launch,Product,Social Media,2025-03-02,2025-03-23,581.1,7692,298,10,1014.13,734.84,908.0,Yes,4,No,No,28,New
13883,Ahmed Davis,Female,44,Nablus,UAE,44425.88,Budget,C004,New Product Launch,Product,SMS,2025-09-03,2025-09-21,929.8,72634,5922,377,49254.64,35143.93,47071.98,Yes,14,Yes,No,24,Returning
14034,Lina Awwad,Male,22,Amman,Jordan,80670.85,Regular,C001,Summer Sale,Discount,Email,2025-04-13,2025-04-25,572.07,44627,3199,180,13305.69,8489.01,12511.7,Yes,12,Yes,No,8,Returning
10551,Adam Saleh,Male,31,Ramallah,UAE,48652.2,Premium,C007,Spring Promotion,Seasonal,Website,2025-04-27,2025-05-23,679.3,38599,726,82,7911.66,5548.65,6913.2,Yes,9,Yes,No,4,Returning
10712,Emma Nasser,Male,43,Nablus,Egypt,48059.12,Budget,C001,Summer Sale,Discount,Social Media,2025-11-25,2025-12-22,861.06,41287,1089,130,11740.56,8022.83,12561.67,Yes,3,Yes,No,2,Returning
12807,Adam Brown,Female,59,Doha,Palestine,47269.65,Regular,C005,Holiday Offers,Seasonal,SMS,2025-12-28,2026-01-10,193.53,43583,4715,494,61362.77,44810.98,60510.65,Yes,2,No,No,10,New
11112,Adam Hassan,Female,52,Hebron,UAE,58092.48,Regular,C006,Loyalty Rewards,Retention,Display Ads,2025-04-06,2025-05-05,366.66,78564,852,116,8278.6,7012.78,8793.65,Yes,14,Yes,No,22,New
12911,Michael Wilson,Female,31,Cairo,Jordan,57042.9,Corporate,C004,New Product Launch,Product,Google Ads,2025-04-01,2025-04-11,667.15,88190,3575,192,28732.7,15868.51,24570.53,Yes,15,Yes,No,21,Returning
13549,Layla Khalil,Male,38,Hebron,Lebanon,31821.51,Corporate,C002,Back to School,Seasonal,Google Ads,2025-05-24,2025-06-01,455.56,20890,907,109,7567.87,4184.43,8144.39,Yes,9,No,No,14,Returning
13708,Daniel Awwad,Male,32,Dubai,Jordan,18000.0,Premium,C001,Summer Sale,Discount,Social Media,2025-11-30,2025-12-15,760.02,75358,2957,220,31119.23,24475.79,26959.6,Yes,3,No,No,3,Inactive
11028,John Miller,Female,35,Hebron,Qatar,93294.99,Corporate,C003,Black Friday,Discount,SMS,2025-03-20,2025-04-19,864.9,10217,850,59,7383.12,5828.78,5979.83,Yes,5,No,No,30,Inactive
12334,Adam Brown,Female,44,Dubai,Egypt,18000.0,Regular,C008,Weekend Flash Sale,Discount,Website,2025-08-10,2025-09-01,403.7,86891,1873,200,21742.9,19013.06,17974.55,Yes,9,No,No,15,Returning
13166,Sophia Saleh, male ,30,Ramallah,Lebanon,38224.0,Regular,C004,New Product Launch,Product,Social Media,2025-09-07,2025-10-03,474.65,74023,3297,251,42599.06,25979.27,34837.83,Yes,4,Yes,No,26,Returning
13417,Olivia Khalil,FEMALE,33,Ramallah,UAE,50163.96,Budget,C005,Holiday Offers,Seasonal,Website,2025-02-18,2025-03-14,488.55,46615,1170,116,9087.3,6341.7,7811.76,Yes,3,No,No,23,Returning
11010,Sophia Awwad,Male,38,Cairo,UAE,58549.08,Regular,C006,Loyalty Rewards,Retention,Display Ads,2025-03-18,2025-04-06,1043.09,4333,114,9,1277.89,927.24,1107.85,Yes,13,Yes,No,26,New
12568,John Khalil,Female,27,Ramallah,Palestine,52645.86,Regular,C007,Spring Promotion,Seasonal,SMS,2025-02-05,2025-03-05,413.77,48814,4877,171,17035.24,15052.58,17612.36,Yes,5,Yes,No,5,Returning
13702,Omar Davis,Female,29,Nablus,Qatar,48460.23,Regular,C004,New Product Launch,Product,Email,2025-12-27,2026-01-10,468.2,37934,2339,221,36460.53,20961.78,29753.09,Yes,15,No,No,30,Returning
11508,Omar Hassan,Female,26,Hebron,Palestine,42167.47,Budget,C003,Black Friday,Discount,Social Media,2025-09-28,2025-10-25,392.91,48031,1848,199,26814.82,20309.25,26677.03,Yes,10,Yes,No,22,Returning
11263,Omar Wilson,Male,45,Jerusalem,Jordan,60970.08,Premium,C004,New Product Launch,Product,Social Media,2025-07-10,2025-08-09,897.09,73041,3122,292,38959.56,29844.99,31368.6,Yes,4,Yes,No,7,Returning
12944,Ali Khalil,Male,60,Hebron,Lebanon,61180.4,Budget,C008,Weekend Flash Sale,Discount,Display Ads,2025-08-29,2025-09-12,685.26,71419,1152,125,2877.48,2053.72,3355.11,Yes,14,Yes,No,14,Returning
13585,Maya Saleh,Female,18,Nablus,Lebanon,54463.43,Regular,C005,Holiday Offers,Seasonal,Social Media,2025-03-08,2025-04-02,564.93,50725,2039,159,23404.52,18494.36,21556.2,Yes,13,No,No,3,New
14170,John Smith,Female,26,Gaza,Jordan,29853.01,Premium,C007,Spring Promotion,Seasonal,Social Media,2025-01-12,2025-01-31,757.61,69684,2450,193,13795.07,11664.12,13891.79,Yes,2,No,No,21,Returning
12448,Sara Miller,Female,62,Jerusalem,Palestine,27079.84,Regular,C002,Back to School,Seasonal,Email,2025-04-17,2025-04-24,281.44,1117,56,5,464.29,302.42,527.42,Yes,8,Yes,No,18,New
10690,Sara Khalil,Female,22,Beirut,Qatar,62456.8,Regular,C004,New Product Launch,Product,Email,2025-11-17,2025-12-04,949.45,670,30,2,227.58,194.31,205.67,Yes,14,No,Yes,30,New
12318,Noor Hassan,Female,40,Ramallah,Egypt,37327.74,Regular,C001,Summer Sale,Discount,Social Media,2025-12-28,2026-01-20,369.73,37327,1044,10,1384.06,803.12,1522.95,Yes,8,Yes,No,25,Returning
13095,Adam Brown,Male,32,Gaza,Palestine,61904.21,Regular,C006,Loyalty Rewards,Retention,Email,2025-12-02,2025-12-29,722.4,56578,3582,175,22080.45,19709.58,23908.32,Yes,7,Yes,No,6,Returning
12623,Olivia Nasser,Male,26,Nablus,Jordan,48832.62,Regular,C003,Black Friday,Discount,Social Media,2025-08-01,2025-08-31,477.36,44357,906,82,9251.49,6254.41,7501.57,Yes,8,Yes,No,22,New
11724,Emma Khalil,Female,29,Hebron,UAE,53149.03,Regular,C002,Back to School,Seasonal,Email,2025-07-30,2025-08-15,409.33,36943,2351,103,7969.95,6679.5,9134.96,Yes,13,Yes,No,25,Returning
11398,Omar Khalil,Male,19,Jerusalem,Egypt,52738.88,Regular,C006,Loyalty Rewards,Retention,Website,2025-12-12,2025-12-29,616.94,90303,2128,117,5545.19,3207.48,4823.52,Yes,3,Yes,No,17,Returning
10990,Omar Khalil,Female,38,Dubai,Palestine,49912.98,Premium,C006,Loyalty Rewards,Retention,Social Media,2025-06-22,2025-07-19,615.92,78100,2701,181,23160.67,13527.71,21453.62,Yes,12,Yes,No,16,Returning
12218,Omar Davis,Male,36,Jerusalem,Lebanon,32817.82,Regular,C007,Spring Promotion,Seasonal,Social Media,2025-02-11,2025-03-02,500.85,65404,2036,20,1191.1,694.74,1308.88,Yes,12,No,No,1,New
11476,Michael Davis,Female,42,,Egypt,82050.89,Budget,C008,Weekend Flash Sale,Discount,Email,2025-10-07,2025-10-16,528.85,81199,3464,378,37484.27,32399.75,37507.67,Yes,6,No,No,9,Returning
10375,Emma Khalil,Male,25,Gaza,Qatar,68047.02,Regular,C001,Summer Sale,Discount,Display Ads,2025-10-12,2025-10-19,447.77,24716,589,54,4748.97,2742.62,5524.43,Yes,5,Yes,No,6,New
12442,Maya Nasser,Male,29,Gaza,Lebanon,71984.8,Regular,C005,Holiday Offers,Seasonal,Google Ads,2025-06-08,2025-06-27,20.0,74829,4256,336,31022.34,23171.13,36299.18,Yes,14,No,No,4,Returning
11811,Layla Miller,Male,-5,Nablus,Palestine,58342.37,Regular,C007,Spring Promotion,Seasonal,Website,2025-11-08,2025-11-22,751.09,32841,616,64,11411.4,6691.62,10405.5,Yes,8,No,No,0,New
12983,Ali Khalil,Male,25,Nablus,Jordan,38555.2,Premium,C007,Spring Promotion,Seasonal,SMS,2025-02-06,2025-02-28,391.63,1044,97,4,682.77,471.57,614.35,Yes,12,Yes,No,12,Returning
12193,Sophia Nasser, male ,28,Nablus,Egypt,56687.02,Regular,C003,Black Friday,Discount,Website,2025-06-08,2025-07-01,291.37,9787,336,31,4689.98,2808.78,5492.33,Yes,3,No,No,18,Returning
12301,Yousef Nasser, male ,25,Amman,UAE,60079.92,Regular,C005,Holiday Offers,Seasonal,SMS,2025-08-25,2025-09-06,473.85,11371,895,52,1855.81,1647.54,1867.61,Yes,7,No,No,27,New
11252,Ahmed Miller,Male,18,Dubai,Palestine,60646.02,Corporate,C005,Holiday Offers,Seasonal,Website,2025-12-13,2025-12-29,509.68,14854,488,44,2981.25,2572.81,2687.08,Yes,15,Yes,No,27,New
10235,Ali Wilson,Male,18,Dubai,Qatar,72166.51,Corporate,C007,Spring Promotion,Seasonal,Social Media,2025-08-13,2025-08-24,622.73,13590,450,36,1146.63,1008.13,1336.02,Yes,11,Yes,No,26,New
10418,Layla Wilson,Male,59,Amman,Lebanon,56932.43,Regular,C003,Black Friday,Discount,SMS,2025-06-12,2025-07-01,211.07,45911,3968,352,34163.94,22563.05,31657.94,Yes,12,No,No,3,Returning
13193,Sophia Wilson,Male,36,Amman,Qatar,73626.87,Budget,C002,Back to School,Seasonal,Email,2025-03-02,2025-03-13,167.22,5609,254,30,2965.61,1981.5,2619.21,Yes,15,Yes,No,21,New
11571,Emma Miller,Female,23,Doha,Lebanon,45730.28,Regular,C003,Black Friday,Discount,SMS,2025-04-04,2025-04-22,314.85,95060,9313,642,122578.8,70772.52,101077.28,Yes,10,Yes,No,11,Returning
10232,Noor Saleh,Female,38,Beirut,Lebanon,43295.8,Regular,C005,Holiday Offers,Seasonal,Website,2025-01-25,2025-02-17,738.25,55260,2121,242,32236.43,25528.65,34556.16,Yes,2,No,No,21,Returning
11567,Ahmed Nasser,Male,49,Gaza,Jordan,88404.37,Regular,C008,Weekend Flash Sale,Discount,Website,2025-07-11,2025-07-24,305.49,17641,465,30,4829.24,3026.24,4478.4,Yes,3,Yes,No,2,Returning
11780,Ahmed Miller,Male,35,Gaza,Palestine,44957.94,Premium,C008,Weekend Flash Sale,Discount,SMS,2025-06-26,2025-07-20,439.29,41037,3776,255,36814.51,31530.65,33421.88,Yes,0,Yes,No,28,New
13545,Daniel Awwad,Male,34,Amman,Qatar,46536.39,Regular,C001,Summer Sale,Discount,Display Ads,2025-11-03,2025-11-11,303.3,80544,816,46,6990.61,4972.65,5853.39,Yes,10,Yes,No,4,Returning
10057,Yousef Brown,Male,49,Dubai,Egypt,72539.19,Budget,C002,Back to School,Seasonal,Website,2025-04-09,2025-05-02,773.48,55547,1269,215,18729.46,14147.53,17581.67,Yes,8,Yes,No,12,New
13397,Ali Brown,Male,23,Dubai,Qatar,34356.53,Budget,C008,Weekend Flash Sale,Discount,Email,2025-08-22,2025-09-20,466.71,60490,2227,85,8042.83,6412.64,7621.0,Yes,10,Yes,Yes,29,Returning
11474,John Miller,Male,36,Amman,UAE,41569.82,Budget,C008,Weekend Flash Sale,Discount,Website,2025-10-06,2025-11-05,420.96,12025,435,73,3400.19,2260.31,3994.71,Yes,8,Yes,No,22,New
11343,Michael Wilson, male ,29,Amman,Palestine,51301.49,Budget,C008,Weekend Flash Sale,Discount,Google Ads,2025-06-23,2025-07-01,127.9,42719,2059,264,41915.02,35127.82,35643.28,Yes,13,Yes,No,8,New
10659,John Wilson,Female,43,Nablus,Palestine,59770.11,Regular,C002,Back to School,Seasonal,Website,2025-04-13,2025-05-06,733.59,60963,1641,54,5581.3,4467.02,6413.76,Yes,1,No,No,29,New
12448,Maya Awwad,Male,22,Hebron,UAE,49559.82,Budget,C005,Holiday Offers,Seasonal,Social Media,2025-10-10,2025-11-09,544.18,23364,855,82,6557.33,4012.53,6708.91,Yes,2,No,No,0,New
13890,Sophia Saleh,Female,24,Doha,Jordan,18000.0,Regular,C003,Black Friday,Discount,SMS,2025-04-27,2025-05-11,341.12,6715,702,38,7170.81,4688.64,5878.94,Yes,0,Yes,No,9,New
13251,Layla Saleh,Male,35,Ramallah,Lebanon,50163.45,Corporate,C001,Summer Sale,Discount,Website,2025-06-14,2025-06-30,687.59,79314,975,96,7825.52,6501.14,7174.89,Yes,12,No,No,3,Returning
11542,Omar Wilson,Male,24,Beirut,Egypt,80465.42,Premium,C005,Holiday Offers,Seasonal,SMS,2025-08-17,2025-09-06,220.28,9432,795,71,6812.99,4028.76,7862.0,Yes,14,Yes,No,19,Returning
10325,Adam Smith,Female,25,Jerusalem,UAE,47263.66,Regular,C007,Spring Promotion,Seasonal,Social Media,2025-02-05,2025-02-13,483.54,95686,4451,503,23415.88,16596.5,19886.83,Yes,1,Yes,No,16,New
12814,Emma Awwad,Male,-5,Nablus,UAE,68645.44,Regular,C002,Back to School,Seasonal,Google Ads,2025-08-07,2025-08-26,329.06,89618,4628,237,23013.25,18513.57,21530.83,Yes,7,Yes,No,30,Inactive
11282,Olivia Smith,Female,32,Jerusalem,Jordan,57603.73,Premium,C002,Back to School,Seasonal,SMS,2025-06-13,2025-07-07,754.71,74980,6928,768,93497.63,61909.26,81905.77,Yes,5,Yes,No,18,Returning
13765,Ahmed Khalil,Male,18,Doha,Lebanon,69033.59,Regular,C001,Summer Sale,Discount,Display Ads,2025-08-22,2025-09-03,290.17,1130,17,0,0.0,0.0,0.0,No,6,Yes,No,28,Returning
11584,Lina Saleh,Female,40,Doha,UAE,46497.8,Regular,C008,Weekend Flash Sale,Discount,Website,2025-05-19,2025-06-07,477.5,51351,1258,56,9676.82,5717.69,9731.23,Yes,10,Yes,No,26,New
12405,Layla Hassan,Female,49,Cairo,Egypt,53453.09,Regular,C001,Summer Sale,Discount,SMS,2025-08-14,2025-09-01,95.58,62923,6432,601,85054.09,56864.33,71420.06,Yes,9,No,No,25,New
13597,Emma Brown,Female,52,Amman,Palestine,87759.73,Budget,C003,Black Friday,Discount,Google Ads,2025-03-12,2025-04-02,312.1,74925,3917,361,52021.32,30932.08,50178.3,Yes,7,No,No,12,Returning
12976,Ali Brown,Female,36,Jerusalem,Jordan,61575.23,Budget,C008,Weekend Flash Sale,Discount,Social Media,2025-06-17,2025-06-27,721.19,11835,300,35,2398.57,1537.14,2344.59,Yes,14,No,No,16,Returning
10557,Yousef Nasser,Female,42,Doha,Qatar,68079.15,Regular,C007,Spring Promotion,Seasonal,Social Media,2025-10-27,2025-11-17,51.58,86868,3825,185,21184.88,15632.51,20867.97,Yes,2,Yes,No,6,New
11467,Olivia Wilson,Female,32,Nablus,Qatar,69206.0,Budget,C007,Spring Promotion,Seasonal,SMS,2025-12-08,2026-01-06,550.36,37557,3101,124,7187.81,4029.8,7907.6,Yes,5,Yes,No,10,Returning
12658,Olivia Davis,Female,29,Dubai,Jordan,66401.78,Premium,C002,Back to School,Seasonal,SMS,2025-04-18,2025-05-03,491.73,53841,4425,387,58789.24,49979.37,49869.21,Yes,10,Yes,No,17,Returning
10929,Emma Saleh,Male,44,Jerusalem,Palestine,72277.76,Regular,C002,Back to School,Seasonal,Display Ads,2025-04-30,2025-05-29,186.49,68823,601,63,3796.9,3083.3,4223.85,Yes,4,No,No,19,New
13524,Sophia Smith,Male,33,Gaza,Qatar,40356.0,Budget,C001,Summer Sale,Discount,Email,2025-09-11,2025-09-18,380.13,97226,5364,454,98774.49,88749.97,88592.37,Yes,11,Yes,No,14,New
12743,Emma Hassan,Male,37,Dubai,UAE,64492.39,Premium,C003,Black Friday,Discount,Google Ads,2025-07-17,2025-08-04,302.86,44389,1993,114,12657.35,8965.43,13963.31,Yes,4,No,No,22,Returning
11603,Daniel Khalil,Female,31,Cairo,Jordan,67849.04,Premium,C003,Black Friday,Discount,Social Media,2025-08-26,2025-09-24,385.84,16797,467,15,2704.47,1534.97,2273.07,Yes,2,Yes,No,20,New
11173,Ali Nasser,Male,29,Nablus,Lebanon,62623.96,Budget,C005,Holiday Offers,Seasonal,SMS,2025-12-18,2026-01-04,363.94,44129,3684,221,28377.78,18489.25,23792.95,Yes,11,No,No,21,Returning
11775,Lina Davis,Male,33,Hebron,Egypt,74156.21,Premium,C003,Black Friday,Discount,Display Ads,2025-12-28,2026-01-06,530.29,72562,2224,261,47613.78,38292.92,45168.6,Yes,7,No,No,12,Returning
12152,Noor Smith,Male,51,Cairo,UAE,71662.01,Regular,C008,Weekend Flash Sale,Discount,Social Media,2025-03-12,2025-04-06,579.24,59896,1467,65,3590.43,2152.77,3611.88,Yes,10,No,No,24,New
10877,Adam Wilson,Male,18,Jerusalem,UAE,72871.32,Corporate,C007,Spring Promotion,Seasonal,Website,2025-09-26,2025-10-11,221.52,46072,1818,239,13917.99,11616.81,11895.18,Yes,0,Yes,No,12,Returning
12433,Michael Davis,Male,43,Nablus,Qatar,47963.95,Premium,C007,Spring Promotion,Seasonal,Google Ads,2025-07-27,2025-08-26,622.12,43963,2079,213,36565.02,23956.87,34491.93,Yes,15,Yes,No,8,New
11987,Ali Hassan,Female,30,Jerusalem,Lebanon,40996.45,Corporate,C003,Black Friday,Discount,SMS,2025-06-06,2025-07-01,460.5,32700,2631,244,41774.81,24999.54,35105.32,Yes,1,Yes,No,21,New
11489,Ali Smith,Male,26,Jerusalem,Lebanon,35222.96,Budget,C006,Loyalty Rewards,Retention,Email,2025-04-18,2025-05-07,849.53,67297,4064,323,,18310.13,22865.93,Yes,8,Yes,Yes,3,Returning
11354,Noor Wilson,Male,36,Nablus,Egypt,43717.56,Budget,C008,Weekend Flash Sale,Discount,SMS,2025-09-01,2025-09-19,318.54,10632,900,109,15463.6,13722.3,13672.24,Yes,1,Yes,No,6,New
13531,Ahmed Wilson,Male,40,Gaza,Qatar,62763.98,Regular,C005,Holiday Offers,Seasonal,Social Media,2025-03-24,2025-04-13,612.56,61802,1675,88,12416.1,9591.91,10192.09,YES,8,No,No,13,New
10636,Omar Saleh,Male,49,Hebron,Jordan,43955.46,Regular,C006,Loyalty Rewards,Retention,Google Ads,2025-05-05,2025-05-26,382.98,94249,4108,366,51128.97,34483.1,51785.99,Yes,13,No,No,7,New
12809,Maya Khalil,Female,36,Gaza,UAE,29383.12,Regular,C007,Spring Promotion,Seasonal,Website,2025-03-18,2025-03-29,422.24,36077,930,108,11174.14,8747.74,10393.15,Yes,6,Yes,No,29,New
10655,Lina Smith,Female,54,Cairo,Egypt,87209.26,Regular,C004,New Product Launch,Product,Display Ads,2025-11-12,2025-11-24,505.05,90850,1722,127,21129.21,13597.33,18574.61,Yes,6,Yes,No,15,Returning
11046,Daniel Wilson,Male,38,Dubai,Qatar,67395.92,Corporate,C008,Weekend Flash Sale,Discount,SMS,2025-11-14,2025-12-13,618.38,88928,8850,956,68584.35,57359.91,57785.9,Yes,5,No,No,8,Inactive
12462,Olivia Smith,Female,42,Ramallah,Palestine,49466.11,Regular,C002,Back to School,Seasonal,Google Ads,2025-12-22,2026-01-11,205.32,69499,2457,335,69024.22,41116.42,58237.76,Yes,15,Yes,No,3,Returning
11289,John Nasser,Female,46,Beirut,Lebanon,54258.03,Budget,C004,New Product Launch,Product,Website,2025-05-24,2025-06-13,359.09,69748,2930,245,37671.24,22031.69,31775.42,Yes,9,No,No,16,New
10103,Ahmed Saleh,Female,43,Cairo,Lebanon,57547.74,Regular,C008,Weekend Flash Sale,Discount,Social Media,2025-07-13,2025-07-26,218.81,89794,3348,164,17372.45,10693.79,19265.4,Yes,5,No,No,11,New
10582,Lina Brown,Female,29,Jerusalem,Palestine,56542.03,Budget,C003,Black Friday,Discount,Social Media,2025-10-09,2025-10-30,514.78,21782,802,70,8180.31,5685.02,6555.94,Yes,0,No,No,7,Returning
12520,Olivia Awwad,Female,22,Beirut,UAE,31883.26,Regular,C001,Summer Sale,Discount,Display Ads,2025-12-16,2026-01-12,333.29,15835,335,18,2328.65,2091.73,2245.64,Yes,12,No,No,7,Returning
11964,Emma Brown,Male,35,Hebron,Egypt,92649.98,Regular,C001,Summer Sale,Discount,Social Media,2025-02-07,2025-02-16,711.79,16324,701,67,13484.23,7435.79,11317.63,Yes,15,Yes,No,21,New
11147,Maya Hassan,Male,33,Amman,Jordan,69905.21,Premium,C003,Black Friday,Discount,Email,2025-10-05,2025-10-30,810.0,31306,1828,122,16133.28,9044.51,15983.09,YES,11,Yes,No,16,Returning
13479,John Khalil,Female,35,Ramallah,Palestine,67501.82,Budget,C005,Holiday Offers,Seasonal,SMS,2025-10-02,2025-10-14,579.38,35045,3489,395,60998.04,48941.78,56752.47,Yes,14,No,No,28,Returning
10998,Olivia Saleh,Male,46,Dubai,Qatar,70043.87,Regular,C007,Spring Promotion,Seasonal,Website,2025-09-29,2025-10-26,1032.28,95875,2245,134,18761.86,10573.35,15213.79,Yes,11,No,No,22,Returning
13809,Adam Khalil,Female,48,Nablus,Jordan,41498.31,Budget,C006,Loyalty Rewards,Retention,Email,2025-03-20,2025-04-18,583.64,40525,1740,148,15750.6,12753.21,17506.05,Yes,10,Yes,No,30,New
10499,Emma Hassan,Female,28,Ramallah,Lebanon,55192.77,Corporate,C007,Spring Promotion,Seasonal,Website,2025-05-12,2025-06-08,608.65,97909,3251,111,16154.59,11920.49,15606.15,Yes,10,No,No,28,New
13104,Michael Brown,Female,33,Dubai,Egypt,65040.16,Budget,C002,Back to School,Seasonal,Google Ads,2025-03-26,2025-04-24,519.11,66694,2912,375,54056.31,46834.36,44652.94,Yes,9,Yes,No,0,New
10111,Sara Saleh,Female,43,Gaza,Jordan,35113.49,Regular,C005,Holiday Offers,Seasonal,SMS,2025-02-19,2025-02-26,433.67,99842,9692,1028,112934.3,69642.86,118308.79,Yes,15,Yes,No,16,Returning
11479,Lina Smith,Male,45,Hebron,Qatar,47112.74,Regular,C003,Black Friday,Discount,Display Ads,2025-03-14,2025-03-27,590.94,94960,660,44,5928.33,3970.85,5979.69,Yes,7,No,No,10,New
10972,Olivia Wilson,Female,25,Amman,Qatar,65114.52,Regular,C007,Spring Promotion,Seasonal,SMS,2025-02-10,2025-02-18,606.19,92029,7178,264,30566.52,23214.04,27254.1,Yes,1,Yes,No,0,Inactive
11005,John Hassan,Female,25,Doha,Egypt,40433.03,Budget,C004,New Product Launch,Product,Display Ads,2025-04-16,2025-05-02,338.93,67111,252,21,3551.95,3160.11,3637.33,Yes,2,No,No,1,New
13186,Noor Khalil,Female,35,Amman,Lebanon,56392.77,Regular,C001,Summer Sale,Discount,Display Ads,2025-01-10,2025-02-02,332.6,63534,312,11,967.7,643.49,996.65,Yes,11,No,No,24,New
11737,Sara Davis,Male,40,Cairo,Jordan,64256.78,Corporate,C008,Weekend Flash Sale,Discount,Email,2025-12-07,2026-01-06,115.72,70951,3641,502,51685.63,28726.09,58751.94,Yes,8,Yes,Yes,29,Returning
11623,Ali Saleh,Female,35,Gaza,Palestine,18000.0,Regular,C005,Holiday Offers,Seasonal,Social Media,2025-11-12,2025-11-26,296.16,21581,623,24,2390.97,1370.04,2542.7,Yes,12,No,No,10,Returning
13677,Noor Saleh,Female,33,Nablus,Palestine,53044.81,Premium,C006,Loyalty Rewards,Retention,Social Media,2025-07-25,2025-08-02,312.22,45850,1413,104,17169.29,12914.07,17507.16,Yes,9,No,No,2,New
10648,Omar Davis,Male,32,Dubai,Jordan,46936.44,Regular,C008,Weekend Flash Sale,Discount,SMS,2025-06-10,2025-06-30,568.69,95828,7540,756,64126.44,37869.23,71043.03,Yes,0,No,No,22,New
13553,John Awwad,Female,58,Dubai,Qatar,39252.86,Budget,C002,Back to School,Seasonal,Email,2025-10-12,2025-10-24,647.1,72675,4226,343,47438.91,33243.78,47810.0,Yes,4,No,No,15,New
11798,Emma Davis,Male,26,Nablus,Egypt,45424.69,Regular,C004,New Product Launch,Product,Social Media,2025-12-20,2026-01-08,651.14,26482,1230,93,10484.85,9232.18,9817.9,Yes,3,No,No,18,Inactive
14110,Sophia Miller,Male,52,Cairo,Lebanon,51813.47,Regular,C008,Weekend Flash Sale,Discount,Google Ads,2025-11-28,2025-12-17,321.23,71995,3359,238,21176.38,16535.66,19431.77,Yes,13,Yes,No,8,Inactive
13130,Yousef Hassan,Male,37,Nablus,Qatar,70787.82,Budget,C003,Black Friday,Discount,Google Ads,2025-06-25,2025-07-18,661.55,32036,1749,173,16910.41,11370.44,16624.73,Yes,1,Yes,No,6,Returning
10484,Michael Smith,Female,30,Hebron,UAE,36056.33,Budget,C002,Back to School,Seasonal,Display Ads,2025-01-21,2025-02-13,315.14,68360,795,45,4773.44,4153.78,4273.14,Yes,11,Yes,No,9,Inactive
11967,Ali Miller,Male,56,Doha,Lebanon,72804.7,Corporate,C008,Weekend Flash Sale,Discount,SMS,2025-09-17,2025-09-30,544.07,38321,3813,226,17034.29,13102.92,17740.7,Yes,1,No,No,18,Returning
11540,Lina Davis,Male,18,Cairo,Palestine,60650.83,Regular,C008,Weekend Flash Sale,Discount,Email,2025-09-09,2025-09-30,338.32,87724,5005,429,55279.63,49060.35,57586.14,Yes,3,Yes,Yes,1,New
14026,Noor Brown,Male,34,Doha,UAE,69453.38,Regular,C005,Holiday Offers,Seasonal,Email,2025-08-31,2025-09-27,674.7,80892,4353,426,55531.15,31750.45,46120.53,Yes,2,Yes,No,0,New
10126,Ali Saleh,Male,31,Nablus,Lebanon,32790.94,Regular,C002,Back to School,Seasonal,Google Ads,2025-10-08,2025-11-02,565.81,2915,137,15,2295.01,1921.69,1892.02,Yes,8,Yes,No,2,New
12026,Maya Khalil,Female,27,Cairo,Lebanon,54244.11,Budget,C003,Black Friday,Discount,SMS,2025-09-09,2025-09-20,633.51,35439,2871,113,18181.14,12675.48,16150.18,YES,9,Yes,No,20,Returning
12368,Daniel Brown,Male,42,,Lebanon,32513.76,Corporate,C005,Holiday Offers,Seasonal,SMS,2025-10-15,2025-11-09,390.88,13431,1211,89,10318.63,9084.56,10679.67,Yes,11,Yes,No,6,Inactive
13631,Layla Wilson,Male,31,Beirut,Palestine,29600.79,Regular,C008,Weekend Flash Sale,Discount,Display Ads,2025-12-19,2025-12-29,294.96,79570,1124,112,13220.54,8308.85,11782.18,Yes,5,Yes,No,27,Returning
11076,John Smith,Female,43,Ramallah,Egypt,,Regular,C007,Spring Promotion,Seasonal,Website,2025-02-06,2025-02-17,595.61,49913,1032,41,5148.32,3044.53,5646.1,Yes,12,No,No,21,Returning
11293,Michael Wilson,Male,53,Cairo,Lebanon,79150.2,Regular,C007,Spring Promotion,Seasonal,Google Ads,2025-08-22,2025-09-07,448.94,71151,3159,169,10957.28,7722.81,9439.19,Yes,13,No,No,26,Returning
12620,Michael Wilson,Female,19,Doha,Jordan,44066.63,Budget,C001,Summer Sale,Discount,Email,2025-08-25,2025-09-11,866.45,4955,247,35,5807.18,4159.31,4920.4,Yes,13,Yes,Yes,23,New
11835,Noor Nasser,Female,54,Gaza,Lebanon,40010.74,Premium,C003,Black Friday,Discount,SMS,2025-09-13,2025-10-07,318.81,66050,5635,149,28996.92,18443.77,24614.9,Yes,12,No,No,14,New
13016,Yousef Brown,Male,22,Amman,Jordan,72603.37,Premium,C008,Weekend Flash Sale,Discount,Social Media,2025-03-11,2025-03-20,900.6,33077,1135,111,11522.88,9556.57,9959.04,Yes,6,Yes,No,20,New
11372,Ahmed Hassan,Male,19,Beirut,Lebanon,52716.4,Budget,C006,Loyalty Rewards,Retention,SMS,2025-07-23,2025-08-18,598.47,99668,8399,946,63996.95,40020.54,72216.53,Yes,6,Yes,No,16,Returning
10262,Michael Miller,Male,36,Beirut,Lebanon,60026.28,Premium,C003,Black Friday,Discount,Social Media,2025-12-17,2026-01-14,47.75,85595,2420,188,22218.63,18230.95,22574.14,Yes,2,No,No,23,New
12406,Ali Miller,Female,24,Gaza,Qatar,62601.1,Premium,C005,Holiday Offers,Seasonal,Website,2025-07-23,2025-08-14,449.74,16758,479,59,10234.84,6679.27,8233.41,Yes,3,No,No,24,Returning
12591,John Saleh,Female,40,Hebron,Qatar,56166.83,Regular,C001,Summer Sale,Discount,Website,2025-05-09,2025-05-19,344.81,55229,1967,177,23637.23,15201.07,20966.54,Yes,4,No,No,30,Returning
14141,John Hassan,Female,45,Nablus,Palestine,30067.78,Budget,C004,New Product Launch,Product,Social Media,2025-02-21,2025-03-11,473.27,52684,1692,85,13195.33,11255.89,13483.28,Yes,13,No,No,1,New
10628,Michael Khalil,Female,18,Ramallah,Palestine,62482.1,Regular,C006,Loyalty Rewards,Retention,Display Ads,2025-11-09,2025-12-04,420.29,78957,363,18,3200.1,2779.35,3042.69,Yes,5,Yes,No,15,Returning
10184,Lina Hassan,Male,39,Hebron,Palestine,45127.66,Corporate,C007,Spring Promotion,Seasonal,Email,2025-06-10,2025-06-18,638.97,25508,1575,135,13581.3,8600.67,12084.42,Yes,9,Yes,No,20,New
10737,Olivia Nasser,Male,45,Gaza,Qatar,,Budget,,Loyalty Rewards,Retention,Google Ads,2025-06-03,2025-06-20,289.57,11757,562,59,5009.36,4481.19,5587.8,Yes,5,Yes,No,27,New
12984,Ali Brown,Female,31,Beirut,Palestine,18000.0,Regular,C007,Spring Promotion,Seasonal,SMS,2025-04-10,2025-04-17,523.77,90973,8606,430,33713.03,23404.4,37105.81,Yes,6,No,No,6,New
12521,John Smith,Male,31,Nablus,Qatar,32512.66,Corporate,C005,Holiday Offers,Seasonal,Social Media,2025-06-16,2025-06-28,454.59,42059,1025,45,6407.46,4344.66,5365.57,Yes,0,Yes,No,18,New
13258,Yousef Wilson,Male,42,Dubai,Lebanon,67028.29,Regular,C007,Spring Promotion,Seasonal,Display Ads,2025-12-14,2026-01-05,456.28,64128,1628,103,9756.06,8086.45,11239.93,Yes,3,Yes,No,8,New
11227,Yousef Nasser,Female,34,Gaza,Egypt,61761.18,Premium,C006,Loyalty Rewards,Retention,Social Media,2025-06-27,2025-07-04,498.37,75308,2506,230,39482.19,31870.22,33001.42,Yes,0,No,No,6,Inactive
10622,Yousef Awwad,Female,34,Hebron,Egypt,61111.14,Regular,C005,Holiday Offers,Seasonal,Display Ads,2025-07-26,2025-08-13,728.67,13387,416,25,1899.5,1077.41,2159.61,Yes,6,Yes,No,29,Returning
12452,Sara Hassan,Female,24,Gaza,Jordan,56179.97,Corporate,C005,Holiday Offers,Seasonal,SMS,2025-12-31,2026-01-07,411.45,96560,7900,424,64964.42,36837.74,55365.24,Yes,3,Yes,No,20,New
10779,John Saleh,Male,35,Beirut,Lebanon,81236.77,Budget,C003,Black Friday,Discount,Display Ads,2025-05-05,2025-05-24,445.83,17156,206,11,1336.92,935.81,1258.23,Yes,10,Yes,No,4,Inactive
14011,Sara Khalil,Male,41,Gaza,Egypt,56462.45,Budget,C003,Black Friday,Discount,Website,2025-04-19,2025-04-26,20.0,3985,82,8,916.16,674.48,902.01,Yes,13,Yes,No,27,New
14198,Adam Miller,Male,23,Gaza,UAE,43492.24,Premium,C008,Weekend Flash Sale,Discount,Website,2025-02-15,2025-03-09,299.92,59501,1997,281,36800.62,25865.3,31486.97,Yes,12,Yes,No,21,Returning
14026,Ali Khalil,Female,21,Jerusalem,Egypt,84709.38,Corporate,C003,Black Friday,Discount,Social Media,2025-04-27,2025-05-26,624.69,43264,1454,93,14972.1,9315.5,15045.61,Yes,3,Yes,No,23,New
13059,Noor Smith,Female,41,Jerusalem,Lebanon,34068.04,Budget,C008,Weekend Flash Sale,Discount,Display Ads,2025-03-12,2025-04-10,520.62,41276,844,88,16280.83,14251.36,14316.74,Yes,11,Yes,No,24,New
10230,Yousef Khalil,Female,38,Doha,Lebanon,60790.98,Regular,C007,Spring Promotion,Seasonal,Website,2025-03-26,2025-04-19,552.15,87819,2095,220,37580.66,24486.76,31368.99,Yes,5,Yes,No,17,Returning
13164,Maya Khalil,Female,37,Hebron,Qatar,49455.32,Premium,C008,Weekend Flash Sale,Discount,Email,2025-04-19,2025-05-12,722.88,57037,3000,268,34313.36,26578.29,35551.26,Yes,9,Yes,No,28,Returning
11890,Lina Hassan,Male,51,Jerusalem,Jordan,20072.26,Regular,C007,Spring Promotion,Seasonal,Social Media,2025-08-20,2025-09-13,306.56,95532,2909,234,23136.83,14009.27,20173.56,Yes,6,No,No,16,Returning
12060,Sara Nasser,Female,52,Jerusalem,Egypt,62421.58,Budget,C005,Holiday Offers,Seasonal,SMS,2025-06-27,2025-07-23,694.06,1473,132,7,788.84,458.79,696.17,Yes,8,No,No,14,New
13476,Layla Saleh,Female,39,Gaza,Palestine,86705.25,Premium,C008,Weekend Flash Sale,Discount,Website,2025-06-03,2025-07-01,357.8,96461,2433,290,37923.22,30887.76,33938.53,Yes,1,No,No,22,New
11778,Maya Miller,Male,45,Jerusalem,UAE,48401.05,Regular,C005,Holiday Offers,Seasonal,Display Ads,2025-10-03,2025-10-17,457.73,36906,435,28,4825.34,3277.2,5424.79,Yes,11,Yes,No,18,Inactive
10043,Michael Wilson,Female,43,Gaza,Qatar,88532.12,Premium,C002,Back to School,Seasonal,Display Ads,2025-06-14,2025-07-12,145.17,59543,1216,134,25723.39,21275.72,24850.76,Yes,0,No,No,13,New
10005,Sara Brown,Male,57,Jerusalem,Palestine,42628.2,Regular,C008,Weekend Flash Sale,Discount,SMS,2025-03-05,2025-03-20,287.13,80798,6173,396,34399.63,21933.64,34832.91,Yes,9,No,No,5,New
11060,Sophia Khalil,Female,36,Jerusalem,Egypt,74600.39,Budget,C004,New Product Launch,Product,Email,2025-06-15,2025-07-05,564.21,72529,3634,141,15764.66,11477.46,15939.75,Yes,4,No,No,17,Inactive
10175,Olivia Davis,Male,30,Beirut,Egypt,67560.1,Regular,C003,Black Friday,Discount,Social Media,2025-01-19,2025-02-13,785.76,17457,388,41,4162.06,3231.26,4384.61,Yes,11,Yes,No,20,New
12243,Lina Saleh,Female,45,Gaza,Qatar,46519.97,Regular,C004,New Product Launch,Product,Email,2025-03-22,2025-04-13,205.67,76658,5013,396,20755.73,12047.03,22637.96,Yes,4,Yes,No,0,New
10127,Maya Hassan,Female,35,Beirut,Egypt,58895.11,Corporate,C003,Black Friday,Discount,Google Ads,2025-08-26,2025-09-20,777.72,75293,3187,374,37502.42,31249.34,40721.6,Yes,7,No,No,25,Returning
12054,Adam Hassan,Female,28,Nablus,Jordan,36041.59,Regular,C003,Black Friday,Discount,Google Ads,2025-01-26,2025-02-19,193.54,1082,43,5,508.64,321.23,462.7,Yes,14,No,No,20,New
10853,Olivia Khalil,Female,31,Nablus,Qatar,56838.86,Regular,C003,Black Friday,Discount,Google Ads,2025-07-15,2025-07-22,428.59,66855,2108,180,10601.78,7839.74,8683.98,Yes,11,Yes,No,30,Returning
10960,Emma Khalil,Male,39,Jerusalem,Lebanon,57730.12,Budget,C007,Spring Promotion,Seasonal,SMS,2025-01-24,2025-01-31,394.04,75543,7065,511,43960.45,25864.45,44183.71,Yes,14,No,No,18,New
13622,Sara Smith, male ,23,Hebron,Qatar,40381.15,Regular,C008,Weekend Flash Sale,Discount,Social Media,2025-08-30,2025-09-10,385.21,91843,4700,262,31714.45,20951.54,27981.37,Yes,11,Yes,No,24,New
13491,Yousef Davis,Male,60,Gaza,Jordan,25331.51,Budget,C008,Weekend Flash Sale,Discount,Website,2025-12-05,2025-12-25,672.71,82906,2719,208,26053.38,22896.79,24713.18,Yes,15,Yes,No,10,New
11509,Daniel Miller,Female,25,Doha,Palestine,30610.49,Budget,C005,Holiday Offers,Seasonal,SMS,2025-12-10,2026-01-06,268.17,65601,7264,998,155671.37,118320.71,139798.99,Yes,1,Yes,No,14,Inactive
10684,Omar Saleh,Female,43,Hebron,Jordan,74611.08,Regular,C004,New Product Launch,Product,Google Ads,2025-11-16,2025-11-27,303.41,15495,728,58,7343.98,6500.76,6231.1,Yes,15,Yes,No,6,New
10710,Emma Smith,Female,43,Dubai,Jordan,38297.73,Budget,C002,Back to School,Seasonal,Display Ads,2025-11-29,2025-12-14,476.37,87886,1309,62,7890.7,4517.47,6826.75,Yes,7,No,No,1,Returning
12490,Lina Khalil,Male,43,Cairo,Egypt,64953.89,Regular,C006,Loyalty Rewards,Retention,Website,2025-05-12,2025-06-07,517.11,93491,2134,245,39065.83,25933.25,37627.02,Yes,3,Yes,No,23,Returning
12751,Sara Wilson,Male,25,Hebron,Qatar,67518.4,Budget,C007,Spring Promotion,Seasonal,Google Ads,2025-10-08,2025-10-18,288.43,37016,1564,190,20197.36,17479.71,17123.28,Yes,7,Yes,No,6,Returning
10191,Ahmed Khalil,Male,43,Ramallah,Palestine,60389.41,Premium,C007,Spring Promotion,Seasonal,Social Media,2025-10-12,2025-10-24,745.13,24246,1207,115,17578.74,11805.29,14842.59,Yes,8,No,No,7,New
12176,Daniel Khalil,Male,55,Beirut,Qatar,76553.25,Regular,C006,Loyalty Rewards,Retention,Google Ads,2025-02-03,2025-02-24,129.59,78896,3877,147,18714.42,12917.57,20057.37,Yes,3,No,No,9,Inactive
10335,Adam Nasser,Female,48,Beirut,Lebanon,64603.36,Regular,C004,New Product Launch,Product,Email,2025-05-26,2025-06-21,447.04,36255,2190,234,26441.44,14595.92,29612.45,Yes,1,Yes,No,2,New
12670,John Miller,Male,48,Beirut,Egypt,62468.47,Budget,C004,New Product Launch,Product,Social Media,2025-02-13,2025-03-04,643.32,62187,2419,199,25841.93,14368.71,29563.95,Yes,5,No,No,25,Returning
11947,Omar Wilson,Female,38,Nablus,UAE,49876.04,Regular,C001,Summer Sale,Discount,Display Ads,2025-08-09,2025-08-24,793.18,3197,74,4,467.8,266.69,547.67,Yes,3,Yes,No,12,Returning
10857,Michael Miller,Female,24,Amman,Palestine,43130.93,Premium,C006,Loyalty Rewards,Retention,Website,2025-03-25,2025-04-01,872.32,71319,1366,102,18750.95,12211.67,15937.06,Yes,12,No,No,6,Returning
12225,Emma Smith,Male,18,Beirut,Jordan,45538.11,Premium,C006,Loyalty Rewards,Retention,Display Ads,2025-08-11,2025-08-30,518.72,96565,1953,29,3777.93,2402.83,3495.35,Yes,10,No,No,28,Returning
13787,Sara Hassan,Female,33,Cairo,Egypt,50866.56,Regular,C002,Back to School,Seasonal,Email,2025-08-29,2025-09-25,323.27,83102,5746,462,57875.71,33025.27,65025.98,Yes,12,No,No,21,New
13804,Omar Saleh,Male,43,Doha,Lebanon,51388.06,Budget,C002,Back to School,Seasonal,SMS,2025-08-05,2025-08-16,321.08,33212,2476,234,24649.03,18252.49,23717.19,Yes,5,No,No,10,Inactive
10696,Sara Hassan,Female,21,Doha,Qatar,55110.09,Premium,C006,Loyalty Rewards,Retention,Email,2025-10-07,2025-10-14,476.47,59462,3796,393,67497.32,53658.06,62836.78,Yes,8,Yes,Yes,14,Returning
10160,Omar Nasser,Male,46,Amman,Egypt,76300.76,Regular,C007,Spring Promotion,Seasonal,Google Ads,2025-09-12,2025-09-21,866.23,24568,1202,72,3194.64,2366.5,2756.2,Yes,10,No,No,9,Inactive
13609,Emma Khalil,Female,49,Ramallah,UAE,40936.88,Regular,C001,Summer Sale,Discount,Email,2025-12-04,2026-01-02,545.45,35186,1353,68,8857.15,7757.06,7643.45,Yes,0,Yes,No,0,New
12464,Layla Miller,Female,30,Jerusalem,Lebanon,62513.19,Budget,C006,Loyalty Rewards,Retention,Social Media,2025-02-26,2025-03-18,812.49,46291,1537,100,16130.89,13458.8,16797.06,Yes,7,No,No,26,Returning
11779,Omar Wilson,Female,20,Dubai,Lebanon,50126.44,Regular,C006,Loyalty Rewards,Retention,Display Ads,2025-03-19,2025-04-03,627.13,84945,1545,93,4894.29,3104.02,3983.62,Yes,9,Yes,No,0,Inactive
12628,Olivia Miller,Female,35,Nablus,Qatar,40518.23,Corporate,C006,Loyalty Rewards,Retention,Website,2025-02-03,2025-02-13,20.0,17665,534,69,7546.31,5399.23,7747.83,Yes,8,No,No,24,New
11916,Sophia Saleh,Female,51,Nablus,Lebanon,26983.66,Budget,C007,Spring Promotion,Seasonal,Display Ads,2025-09-19,2025-09-27,144.45,13991,307,18,2523.12,2073.37,2401.92,Yes,4,Yes,No,14,New
13401,Maya Saleh,Male,33,Amman,Jordan,30045.18,Corporate,C001,Summer Sale,Discount,Email,2025-08-25,2025-09-21,542.72,59146,2682,261,42493.31,36717.01,35382.41,Yes,5,No,Yes,16,New
11042,Sophia Khalil,Male,46,Amman,Lebanon,45926.44,Budget,C003,Black Friday,Discount,SMS,2025-01-03,2025-01-12,485.97,88516,6985,415,71848.81,60837.03,57615.01,Yes,4,Yes,No,6,Returning
10471,Omar Hassan,Female,53,Hebron,Palestine,59417.88,Regular,C007,Spring Promotion,Seasonal,SMS,2025-06-08,2025-06-15,685.5,59897,5389,392,50037.64,40833.77,54792.57,Yes,3,No,No,7,New
12787,John Nasser,Male,18,Amman,Qatar,24076.77,Regular,C008,Weekend Flash Sale,Discount,Google Ads,2025-04-09,2025-05-07,366.19,14458,635,33,4986.92,3724.98,4874.66,Yes,8,Yes,No,7,Returning
10908,Emma Hassan,Female,52,Gaza,UAE,65242.51,Corporate,,Weekend Flash Sale,Discount,Email,2025-07-13,2025-08-01,463.76,25941,1591,173,21706.21,15235.92,20407.2,Yes,6,No,Yes,4,New
10380,Michael Awwad,Male,34,Cairo,Jordan,57099.24,Budget,C002,Back to School,Seasonal,Display Ads,2025-06-21,2025-07-08,859.67,64641,814,104,12878.93,10712.92,11522.95,Yes,8,Yes,No,28,New
13013,Sara Hassan,Male,42,Cairo,Egypt,65738.9,Regular,C004,New Product Launch,Product,Google Ads,2025-01-08,2025-02-04,671.74,10717,444,27,3009.02,1935.26,2562.4,Yes,15,Yes,No,18,Inactive
12801,Emma Wilson,Female,65,Dubai,Egypt,52201.54,Budget,C007,Spring Promotion,Seasonal,Social Media,2025-06-26,2025-07-09,494.49,54367,1672,180,20201.38,16412.2,16619.99,Yes,14,Yes,No,3,Returning
10354,Noor Nasser,Female,29,Doha,Lebanon,76883.95,Regular,C008,Weekend Flash Sale,Discount,Google Ads,2025-07-14,2025-08-01,605.37,81590,3790,237,36018.54,21454.93,35311.26,Yes,5,Yes,No,0,New
12397,Maya Hassan,Male,26,Doha,Palestine,41728.1,Regular,C007,Spring Promotion,Seasonal,Google Ads,2025-04-27,2025-05-10,577.78,87278,4742,592,37639.81,28597.58,41338.51,Yes,6,No,No,29,New
13700,Maya Khalil,Male,34,Ramallah,UAE,57923.99,Premium,C003,Black Friday,Discount,SMS,2025-01-05,2025-01-31,140.64,89841,9272,1586,284268.99,199027.33,237006.63,Yes,6,Yes,No,13,Returning
12103,Lina Awwad,Male,55,Ramallah,Qatar,45955.39,Corporate,C004,New Product Launch,Product,Email,2025-01-21,2025-01-30,693.61,5758,277,24,5500.66,3117.87,4548.1,Yes,3,Yes,No,8,Returning
12717,Maya Awwad,Female,33,Beirut,UAE,46427.97,Budget,C007,Spring Promotion,Seasonal,Website,2025-07-25,2025-08-23,237.02,45903,1517,194,24959.3,18944.35,26533.06,Yes,2,Yes,No,6,Returning
11725,Olivia Hassan,Male,26,Doha,Lebanon,52288.23,Budget,C004,New Product Launch,Product,Website,2025-04-04,2025-05-04,274.59,79198,767,92,6421.35,3939.4,6883.12,Yes,0,Yes,No,10,Returning
12195,Ahmed Wilson,Female,21,Beirut,Lebanon,47887.48,Budget,C006,Loyalty Rewards,Retention,SMS,2025-08-31,2025-09-19,630.58,41716,3516,320,35968.17,27286.99,39713.66,Yes,9,Yes,No,18,Returning
11346,Sara Nasser,Female,29,Hebron,Palestine,42085.84,Regular,C005,Holiday Offers,Seasonal,Google Ads,2025-12-17,2025-12-31,407.52,34469,1329,63,7415.08,6597.13,7393.57,Yes,14,No,No,18,Returning
10540,Ali Brown,Male,42,Cairo,UAE,29349.78,Budget,C008,Weekend Flash Sale,Discount,Website,2025-12-15,2025-12-25,80.96,73640,1848,166,14954.99,11960.77,12848.15,Yes,5,Yes,No,5,New
12221,Layla Nasser,Female,18,Gaza,Egypt,41241.02,Regular,C006,Loyalty Rewards,Retention,Display Ads,2025-07-22,2025-08-17,259.4,96867,1128,130,14111.98,9058.01,13320.94,Yes,9,No,No,10,New
10968,Emma Wilson,Male,26,Beirut,Lebanon,71781.01,Regular,C005,Holiday Offers,Seasonal,Social Media,2025-07-14,2025-08-12,346.43,7768,283,17,2884.79,2171.58,2324.45,Yes,15,Yes,No,7,New
12211,Noor Davis,Male,56,Doha,Qatar,90327.95,Budget,C007,Spring Promotion,Seasonal,Email,2025-03-09,2025-03-22,536.0,96622,5556,438,38857.0,33890.55,41686.63,Yes,11,Yes,Yes,29,Inactive
12745,Sara Saleh,Female,52,Jerusalem,Palestine,57656.76,Budget,C008,Weekend Flash Sale,Discount,SMS,2025-11-23,2025-12-21,183.2,29039,2474,92,12030.26,10208.01,11792.96,Yes,1,No,No,17,New
11752,Yousef Brown,Female,42,Jerusalem,Palestine,64652.59,Budget,C006,Loyalty Rewards,Retention,Social Media,2025-10-16,2025-10-26,169.95,79061,3247,143,15666.31,11451.27,17771.02,Yes,2,Yes,No,17,Inactive
10687,Adam Smith,Male,35,Doha,Jordan,,Regular,C005,Holiday Offers,Seasonal,Website,2025-11-23,2025-12-10,297.89,45028,1343,151,22122.14,13088.31,23157.02,Yes,0,No,No,1,Returning
10770,Ali Nasser,Female,21,Jerusalem,Qatar,62762.7,Corporate,C006,Loyalty Rewards,Retention,SMS,2025-11-21,2025-12-11,630.92,21607,1961,236,20162.57,16407.06,16418.84,Yes,2,No,No,29,Inactive
11328,Michael Hassan,Female,34,Hebron,Egypt,49049.46,Budget,C005,Holiday Offers,Seasonal,Google Ads,2025-07-05,2025-07-25,692.04,46494,3009,133,17786.56,11917.6,15366.79,Yes,2,No,No,18,Returning
10287,Ali Nasser,Female,35,Dubai,Lebanon,61405.33,Regular,C005,Holiday Offers,Seasonal,Google Ads,2025-06-16,2025-07-02,330.07,44231,1935,190,17782.18,10650.24,16989.01,Yes,0,Yes,No,4,Returning
14119,Layla Davis,Male,41,Hebron,Palestine,37652.3,Premium,C001,Summer Sale,Discount,Google Ads,2025-11-07,2025-11-21,978.71,7828,261,12,498.01,387.85,549.21,Yes,7,Yes,No,18,Returning
11519,Lina Awwad,Male,43,Gaza,Palestine,61370.69,Budget,C007,Spring Promotion,Seasonal,SMS,2025-10-31,2025-11-21,348.57,6480,540,33,3855.47,2866.33,4449.46,Yes,12,Yes,No,22,Returning
13098,Sophia Wilson,Female,21,Nablus,Lebanon,66198.54,Corporate,C001,Summer Sale,Discount,Website,2025-12-06,2025-12-28,597.23,64428,1895,135,14100.22,10619.13,13418.46,Yes,7,No,No,22,Inactive
13355,Maya Smith,Female,38,Beirut,Palestine,48941.1,Budget,C003,Black Friday,Discount, email ,2025-04-22,2025-05-10,681.44,44070,2277,298,38279.52,34396.28,44477.96,Yes,6,Yes,Yes,7,New
13537,Yousef Brown,Female,34,Beirut,Jordan,31264.19,Regular,C007,Spring Promotion,Seasonal,SMS,2025-11-21,2025-12-08,667.75,57474,5083,487,93878.77,54469.11,82628.28,Yes,9,No,No,0,New
11438,Maya Khalil, male ,41,Beirut,Lebanon,41374.25,Regular,C006,Loyalty Rewards,Retention,Display Ads,2025-09-10,2025-09-22,345.03,2965,75,8,816.51,495.58,731.29,Yes,11,No,No,10,Inactive
13250,Daniel Smith,Female,41,Nablus,Jordan,36108.16,Regular,C005,Holiday Offers,Seasonal,Google Ads,2025-01-08,2025-01-26,556.72,69031,1764,132,15428.21,9289.0,14648.37,Yes,6,No,No,1,Returning
14120,Layla Miller,Male,42,Beirut,Jordan,56520.94,Budget,C007,Spring Promotion,Seasonal,SMS,2025-09-16,2025-10-11,730.86,69761,6475,541,61618.47,48521.0,51682.31,Yes,0,Yes,No,0,Returning
11475,Emma Nasser,Female,29,Hebron,Palestine,26842.05,Regular,C004,New Product Launch,Product,Display Ads,2025-08-06,2025-08-16,402.17,33869,473,41,6241.38,5551.23,5133.63,Yes,3,No,No,26,Returning
13647,Ahmed Wilson,Male,42,Doha,UAE,25457.05,Budget,C001,Summer Sale,Discount,Email,2025-12-04,2025-12-31,424.68,46314,2419,151,3355.07,2886.33,3947.01,Yes,1,Yes,No,25,Returning
13626,Noor Miller,Female,34,Doha,Lebanon,82653.72,Regular,C002,Back to School,Seasonal,Email,2025-05-15,2025-06-07,675.47,48923,2119,177,31686.41,27012.61,34603.69,Yes,3,No,No,0,Returning
11399,Layla Davis,Female,43,Cairo,UAE,35641.44,Regular,C005,Holiday Offers,Seasonal,Email,2025-06-07,2025-06-29,547.24,14191,654,26,2010.28,1470.25,2037.05,Yes,8,Yes,No,24,Inactive
13998,Emma Khalil,Female,48,Dubai,Egypt,70223.95,Regular,C003,Black Friday,Discount,Social Media,2025-10-30,2025-11-09,132.01,85146,1886,185,26222.71,14733.35,21650.81,Yes,6,No,No,20,Returning
10517,John Davis,Female,35,,UAE,83548.81,Budget,C007,Spring Promotion,Seasonal,Display Ads,2025-05-01,2025-05-15,354.35,2002,36,3,336.84,197.06,315.54,Yes,9,No,No,24,Returning
10840,Daniel Miller,Male,18,Cairo,UAE,82720.4,Premium,C007,Spring Promotion,Seasonal,SMS,2025-08-22,2025-09-06,351.21,13930,1390,140,4227.19,2739.11,3766.72,Yes,13,No,No,7,Returning
13344,John Wilson,Female,38,Dubai,Jordan,61321.34,Budget,C002,Back to School,Seasonal,SMS,2025-06-01,2025-06-15,800.27,52544,4827,422,26590.25,22117.54,21933.03,Yes,2,Yes,No,3,Inactive
13024,Emma Hassan,Female,36,Ramallah,Qatar,55917.42,,C008,Weekend Flash Sale,Discount,Google Ads,2025-09-09,2025-10-03,593.72,21987,1109,60,5434.12,4381.18,4966.76,Yes,10,No,No,20,New
11672,Maya Smith,Male,39,Nablus,Palestine,81811.06,Budget,C001,Summer Sale,Discount,Social Media,2025-12-03,2025-12-27,160.51,69107,2497,177,17627.43,13809.89,14139.62,Yes,6,Yes,No,25,New
10554,Yousef Khalil,Male,53,Ramallah,Palestine,67532.03,Budget,C001,Summer Sale,Discount,Email,2025-11-28,2025-12-19,667.97,40543,2734,231,45550.7,34118.95,36466.9,Yes,14,Yes,No,10,Returning
10791,Yousef Hassan,Male,56,Cairo,Palestine,48583.96,Regular,C002,Back to School,Seasonal,Social Media,2025-05-12,2025-05-29,606.88,91394,2826,329,32207.79,26163.55,37324.35,Yes,4,No,No,27,Returning
14170,Ahmed Wilson,Male,34,Beirut,Jordan,18000.0,Regular,C006,Loyalty Rewards,Retention,SMS,2025-05-18,2025-06-17,374.9,25806,2117,113,18075.73,11070.7,16239.83,Yes,13,No,No,5,New
12537,Michael Awwad,Male,41,Dubai,Egypt,64967.53,Budget,C006,Loyalty Rewards,Retention,Display Ads,2025-05-30,2025-06-18,448.64,53674,930,76,6387.46,4594.67,7389.65,Yes,13,Yes,No,29,Inactive
11428,Michael Hassan,Male,18,Hebron,Lebanon,55183.56,Premium,C008,Weekend Flash Sale,Discount,Email,2025-09-18,2025-10-08,39.52,91239,3706,353,35606.54,23950.45,38365.68,Yes,7,Yes,No,24,Returning
13601,Emma Awwad,Male,50,Beirut,Lebanon,75766.26,Premium,C004,New Product Launch,Product,Website,2025-06-14,2025-07-03,728.25,92309,2361,193,26038.12,14338.52,29837.3,Yes,1,Yes,No,17,New
11259,Michael Davis,Male,36,Dubai,Lebanon,54774.12,Premium,C007,Spring Promotion,Seasonal,Website,2025-05-22,2025-06-17,425.89,39307,771,32,3760.12,2856.99,3241.02,Yes,3,No,No,25,Inactive
12163,Layla Wilson,Female,32,Ramallah,UAE,25142.75,Regular,,Weekend Flash Sale,Discount,Display Ads,2025-11-07,2025-11-19,319.35,53033,1145,61,11532.41,9451.92,9908.43,YES,0,No,No,0,Inactive
11059,Noor Davis,Male,44,Nablus,Lebanon,35866.53,Premium,C003,Black Friday,Discount,Website,2025-08-30,2025-09-23,373.32,1622,36,2,187.86,112.46,204.67,Yes,13,No,No,23,Returning
12197,Sophia Smith,Female,25,Hebron,Palestine,23292.87,Regular,C003,Black Friday,Discount,Social Media,2025-03-29,2025-04-08,604.93,17248,710,71,1360.28,1126.58,1112.25,Yes,3,No,No,19,New
12624,Adam Hassan,Male,31,Hebron,Jordan,52861.22,Regular,C004,New Product Launch,Product,Google Ads,2025-05-13,2025-05-24,197.93,35617,1721,215,35963.49,22477.09,29689.81,Yes,2,No,No,27,New
10668,Yousef Davis,Female,27,Cairo,Lebanon,34166.34,Regular,C003,Black Friday,Discount,Social Media,2025-12-18,2025-12-31,194.67,17133,470,42,5242.54,4693.5,4397.66,Yes,5,No,No,13,Returning
10979,Michael Khalil,Male,34,Cairo,Lebanon,47601.0,Premium,C007,Spring Promotion,Seasonal,Social Media,2025-03-17,2025-03-27,550.8,31942,1301,113,13284.47,8785.05,13630.26,Yes,7,No,No,29,Returning
11463,Ali Nasser,Female,33,Amman,UAE,,Regular,C003,Black Friday,Discount,SOCIAL MEDIA,2025-09-02,2025-09-09,816.2,94140,2490,340,12470.5,10867.24,12566.37,Yes,1,No,No,16,Inactive
14034,Yousef Nasser,Male,42,Jerusalem,Lebanon,76739.98,Regular,C008,Weekend Flash Sale,Discount,Social Media,2025-01-17,2025-01-30,512.5,64937,1723,176,19753.68,12330.41,21266.17,Yes,8,No,No,20,New
13588,Yousef Saleh,Male,28,Nablus,Palestine,64684.69,Regular,C001,Summer Sale,Discount,Display Ads,2025-10-09,2025-10-23,205.86,758,13,0,0.0,0.0,0.0,No,14,No,No,7,Inactive
13128,Olivia Smith,Female,35,Beirut,Egypt,58280.65,Regular,C008,Weekend Flash Sale,Discount,Email,2025-06-12,2025-07-03,562.81,31219,1983,89,5496.81,4496.68,5472.12,Yes,7,Yes,No,16,New
10306,Maya Saleh,Female,35,Nablus,UAE,64389.55,Regular,C005,Holiday Offers,Seasonal,Display Ads,2025-08-23,2025-09-11,414.19,14230,326,27,4515.24,3312.25,4150.3,Yes,5,No,No,30,Returning
11257,Omar Wilson,Female,21,Jerusalem,UAE,24812.3,Regular,C006,Loyalty Rewards,Retention,Social Media,2025-03-23,2025-04-07,203.37,86617,3205,143,18624.29,15914.95,17459.85,Yes,4,No,No,10,Returning
12011,Michael Hassan,Male,45,Ramallah,Qatar,54297.47,Budget,C001,Summer Sale,Discount,Email,2025-02-27,2025-03-20,211.86,42597,1980,171,24103.08,17305.31,20832.36,Yes,10,Yes,Yes,14,Inactive
13018,Sara Awwad,Female,34,Doha,Lebanon,60497.25,Regular,C005,Holiday Offers,Seasonal,Google Ads,2025-12-21,2026-01-16,700.08,79863,2353,74,7450.24,5136.92,6790.9,Yes,1,No,No,30,New
14028,Omar Saleh,Male,51,Jerusalem,UAE,27784.05,Corporate,C003,Black Friday,Discount,Social Media,2025-12-12,2026-01-09,476.61,96239,3195,197,39239.58,25738.24,32380.13,Yes,0,Yes,No,17,New
13931,Sara Smith,Female,44,Nablus,Jordan,57317.88,Regular,C004,New Product Launch,Product,Email,2025-04-28,2025-05-21,766.99,1780,97,8,925.58,589.83,986.11,YES,6,No,Yes,3,Returning
11803,Sara Hassan,Female,38,Nablus,UAE,73875.86,Regular,C002,Back to School,Seasonal,Website,2025-10-05,2025-10-27,333.63,92482,2028,174,31047.49,19004.02,26488.93,Yes,11,No,No,7,New
11091,Olivia Davis,Male,18,Beirut,Egypt,56303.19,Premium,C004,New Product Launch,Product,Display Ads,2025-12-06,2025-12-31,476.4,71213,1959,250,28160.96,21688.9,29131.39,Yes,12,Yes,No,27,Returning
13437,Maya Awwad,Female,34,Dubai,Qatar,70142.1,Regular,C004,New Product Launch,Product,Email,2025-04-24,2025-05-18,521.82,8834,449,54,8853.55,6087.04,7888.23,Yes,12,Yes,No,24,New
10321,Michael Brown,Female,38,Gaza,UAE,41303.03,Budget,C002,Back to School,Seasonal,Email,2025-10-07,2025-10-25,326.71,11229,608,50,5832.64,5191.97,5238.44,Yes,1,Yes,Yes,5,Returning
12646,Daniel Wilson,Male,35,Nablus,Lebanon,46127.2,Premium,C001,Summer Sale,Discount,Website,2025-09-11,2025-09-22,505.82,44731,1045,28,3345.22,1993.51,3114.62,Yes,9,Yes,No,27,New
13895,Maya Wilson,Female,43,Jerusalem,Palestine,32780.4,Budget,C003,Black Friday,Discount,SMS,2025-12-08,2025-12-19,606.32,32138,2803,274,35386.05,23019.15,40978.45,Yes,2,Yes,No,22,New
13163,John Saleh,Male,37,Dubai,Qatar,18000.0,Regular,C006,Loyalty Rewards,Retention,Website,2025-08-13,2025-08-24,327.89,61464,1083,119,11676.29,8501.8,12656.58,Yes,14,No,No,3,Returning
12254,Sophia Awwad,Female,19,Hebron,Lebanon,18000.0,Corporate,C007,Spring Promotion,Seasonal,Display Ads,2025-06-19,2025-07-16,591.08,58219,1406,150,8936.18,6598.33,10412.11,Yes,9,Yes,No,19,Returning
12127,Sophia Miller,Female,51,Ramallah,Qatar,45258.52,Budget,C007,Spring Promotion,Seasonal,Social Media,2025-11-11,2025-11-22,515.02,74544,3290,229,26118.29,17926.45,28764.58,Yes,2,No,No,15,Returning
10160,Daniel Saleh,Male,49,Cairo,Palestine,61865.95,,C001,Summer Sale,Discount,Email,2025-01-17,2025-02-08,594.46,92631,6014,582,71178.24,52062.98,74402.43,Yes,15,Yes,No,3,Inactive
11282,Sophia Saleh,Female,39,Gaza,Palestine,70532.13,Regular,C008,Weekend Flash Sale,Discount,Display Ads,2025-01-25,2025-02-07,393.69,24541,461,45,6373.12,3702.53,6270.2,Yes,5,No,No,1,Returning
11630,Noor Miller,Male,36,Jerusalem,Qatar,30718.89,Corporate,C005,Holiday Offers,Seasonal,Display Ads,2025-05-30,2025-06-17,331.97,35245,214,16,1778.54,1278.37,2033.37,Yes,11,No,No,24,New
11314,Michael Davis,Female,20,Beirut,Jordan,23577.39,Regular,C008,Weekend Flash Sale,Discount,Display Ads,2025-12-18,2026-01-08,285.42,10438,92,5,498.86,342.81,493.25,Yes,14,No,No,0,Returning
13175,Michael Miller,Female,34,Jerusalem,Palestine,59327.4,Budget,C007,Spring Promotion,Seasonal,Email,2025-04-22,2025-05-14,200.5,56739,2745,254,23666.72,15643.75,19322.74,Yes,5,Yes,Yes,26,Returning
11674,Ahmed Davis,Female,55,Cairo,Qatar,42932.32,Regular,C002,Back to School,Seasonal,Social Media,2025-09-14,2025-09-23,461.23,23592,629,55,6329.04,4181.11,7292.33,Yes,2,Yes,No,28,Returning
10915,Emma Brown,Female,24,Ramallah,Palestine,32432.21,Regular,C007,Spring Promotion,Seasonal,Social Media,2025-03-29,2025-04-27,771.12,43050,1585,89,4843.03,2884.93,5679.67,Yes,3,Yes,No,6,New
14158,Layla Nasser,Male,49,Doha,Lebanon,71875.11,Regular,C003,Black Friday,Discount,Website,2025-05-11,2025-05-18,609.8,95386,2035,124,10315.62,6152.5,10129.91,Yes,3,Yes,No,11,Inactive
10354,Yousef Saleh,Male,29,Nablus,Egypt,55927.94,Corporate,C003,Black Friday,Discount,Website,2025-11-29,2025-12-09,364.76,20617,482,41,4005.03,3125.85,4426.83,Yes,9,No,No,29,Returning
13532,Michael Davis,Male,49,,Jordan,74322.54,Corporate,C008,Weekend Flash Sale,Discount,Social Media,2025-11-02,2025-12-02,502.2,35429,1399,192,27105.52,18231.45,26322.05,Yes,1,Yes,No,28,Inactive
11746,Olivia Brown,Female,31,Cairo,Palestine,50567.06,Regular,C002,Back to School,Seasonal,Display Ads,2025-11-01,2025-12-01,181.31,50411,142,13,1835.84,1219.4,1548.88,Yes,15,Yes,No,17,New
11257,Ahmed Davis,Female,27,Beirut,Lebanon,,Regular,C004,New Product Launch,Product,Website,2025-06-22,2025-07-01,321.48,75208,2760,294,48394.78,35756.43,40685.31,Yes,8,Yes,No,11,Inactive
12843,Adam Nasser,Male,20,Ramallah,Palestine,47968.47,Budget,C006,Loyalty Rewards,Retention,Social Media,2025-10-08,2025-10-29,158.33,93277,4093,343,23230.96,20003.71,25942.64,Yes,15,Yes,No,4,Inactive
13872,Daniel Awwad,Male,39,Jerusalem,UAE,71344.87,Regular,C002,Back to School,Seasonal,Display Ads,2025-03-22,2025-04-03,125.47,62747,865,100,8784.72,6914.52,8567.36,Yes,5,No,No,8,Inactive
12997,Daniel Awwad,Male,34,Nablus,Qatar,99129.26,Regular,C003,Black Friday,Discount,Google Ads,2025-05-09,2025-05-29,788.62,62027,1998,148,18400.45,12965.06,20900.28,Yes,14,Yes,No,7,Returning
13973,Adam Miller,Male,33,Doha,UAE,34986.04,Budget,C007,Spring Promotion,Seasonal,Social Media,2025-10-06,2025-10-13,88.3,53015,1927,144,19445.53,14925.07,22151.34,Yes,13,Yes,No,12,Returning
12449,Ahmed Miller,Male,25,Doha,Jordan,59055.85,Regular,C003,Black Friday,Discount,Social Media,2025-11-13,2025-12-13,242.56,15096,623,61,8535.89,5344.55,7328.55,Yes,15,No,No,8,Returning
10565,Layla Smith,Female,24,Gaza,Palestine,42141.91,Budget,C003,Black Friday,Discount,Website,2025-02-10,2025-03-08,623.15,47956,1510,118,10819.23,7180.87,12415.04,Yes,12,No,No,0,Returning
12301,Layla Khalil,Female,38,Beirut,Jordan,45787.67,Budget,C004,New Product Launch,Product,Google Ads,2025-07-25,2025-08-02,413.16,93440,3767,189,15466.8,13787.76,16074.68,Yes,4,Yes,No,26,Returning
10525,Ali Wilson,Female,45,Cairo,Lebanon,73861.55,Regular,C007,Spring Promotion,Seasonal,Website,2025-05-05,2025-05-29,422.11,96873,3267,368,49365.43,43799.79,50890.26,Yes,1,No,No,17,New
13888,Ahmed Nasser,Male,26,Amman,Lebanon,68534.58,Budget,C008,Weekend Flash Sale,Discount,Google Ads,2025-11-07,2025-11-20,720.62,11036,503,53,4629.31,2652.13,4748.36,Yes,14,Yes,No,13,Inactive
10274,Yousef Smith,Female,27,Hebron,Lebanon,60924.01,Premium,C005,Holiday Offers,Seasonal,SMS,2025-12-16,2026-01-10,429.52,52544,4776,135,15350.01,11276.87,17213.14,Yes,3,Yes,No,13,New
13985,Emma Smith,Female,36,Hebron,Qatar,40550.0,Regular,C008,Weekend Flash Sale,Discount,Website,2025-09-19,2025-09-28,600.08,56317,1712,85,13048.31,7533.02,11209.63,Yes,13,Yes,No,19,Returning
14157,Michael Nasser,Female,32,Doha,Jordan,37195.39,Budget,C002,Back to School,Seasonal,SMS,2025-11-24,2025-12-15,484.94,67197,6891,710,87748.15,75760.21,96986.42,Yes,10,No,No,10,Returning
13786,Ahmed Brown,Male,38,Cairo,Lebanon,56751.2,Budget,C006,Loyalty Rewards,Retention,Website,2025-09-17,2025-10-15,308.51,25510,832,82,8213.73,6681.67,8951.78,Yes,9,No,No,27,Returning
11898,Maya Wilson,Female,35,Gaza,Palestine,61754.16,Corporate,C002,Back to School,Seasonal,Display Ads,2025-06-14,2025-07-04,295.1,48194,1353,107,13954.27,8087.27,12729.35,Yes,4,No,No,14,New
12821,John Hassan,Female,30,Dubai,Egypt,65868.2,Regular,C002,Back to School,Seasonal,Website,2025-01-30,2025-02-17,502.35,16986,205,8,1220.51,810.43,1186.26,Yes,14,Yes,No,0,New
13261,Noor Khalil,Female,38,Gaza,Lebanon,90114.14,Corporate,C001,Summer Sale,Discount,SMS,2025-12-18,2026-01-06,642.24,83676,7528,843,76986.85,55407.32,79554.1,Yes,9,Yes,No,27,New
12695,Adam Davis,Male,35,Hebron,Jordan,31997.56,Budget,C005,Holiday Offers,Seasonal,Website,2025-05-08,2025-06-04,20.0,20772,270,21,1839.25,1383.64,2034.15,Yes,11,No,No,16,New
11349,Maya Awwad,Female,54,,Qatar,66398.26,Regular,C005,Holiday Offers,Seasonal,SMS,2025-11-09,2025-11-30,499.65,91969,7558,970,88085.89,53122.8,73029.25,Yes,2,Yes,No,18,New
10676,Ahmed Awwad,Male,20,Hebron,Jordan,52420.22,Budget,C007,Spring Promotion,Seasonal,SMS,2025-02-16,2025-03-09,633.31,73995,6154,696,66679.5,52871.92,72396.88,Yes,0,No,No,25,New
10570,John Hassan,Female,55,Doha,Qatar,60335.69,Regular,C003,Black Friday,Discount,Display Ads,2025-11-08,2025-11-24,562.82,21708,308,23,2636.75,1573.06,2489.27,Yes,11,Yes,No,24,New
10954,Emma Saleh,Female,38,Hebron,Qatar,78657.07,Regular,C003,Black Friday,Discount,SMS,2025-02-07,2025-03-04,861.85,61317,4538,337,52501.8,31948.77,50033.07,Yes,12,No,No,29,New
11117,Adam Saleh,Male,31,Ramallah,Lebanon,63173.23,Premium,C008,Weekend Flash Sale,Discount,Display Ads,2025-01-23,2025-02-02,417.88,57978,1622,75,5558.24,4106.04,4498.8,Yes,14,No,No,9,Returning
12425,John Nasser,Male,41,Doha,Lebanon,57564.13,Regular,C008,Weekend Flash Sale,Discount,Website,2025-04-14,2025-04-24,265.51,17805,582,63,8302.7,7047.49,7848.39,Yes,6,Yes,No,3,Inactive
11854,Yousef Miller,Female,26,Dubai,Jordan,41279.01,Premium,C008,Weekend Flash Sale,Discount,Google Ads,2025-02-06,2025-03-05,484.15,4408,205,30,4444.61,2610.12,4892.76,Yes,7,No,No,11,New
12296,Sophia Brown,Male,18,Hebron,Egypt,50812.45,Budget,C004,New Product Launch,Product,Display Ads,2025-03-08,2025-03-29,376.95,69859,1010,76,5651.44,3681.66,4729.57,Yes,12,Yes,No,5,Returning
13385,Adam Smith,Female,46,Amman,Lebanon,20039.77,Budget,C001,Summer Sale,Discount,Email,2025-03-14,2025-03-23,407.18,86707,3133,328,54100.44,32201.44,63017.98,Yes,2,Yes,No,22,Returning
11568,Daniel Miller,Female,35,Hebron,Palestine,56251.6,Premium,C007,Spring Promotion,Seasonal,Google Ads,2025-05-20,2025-06-14,343.02,96233,6184,293,57843.07,44437.55,50552.43,Yes,15,Yes,No,10,Returning
12376,Yousef Smith,Male,40,Gaza,UAE,39239.39,Premium,C002,Back to School,Seasonal,Email,2025-03-12,2025-03-20,399.49,84372,3462,354,30244.3,17405.32,28372.04,Yes,6,Yes,No,0,Returning
13519,Ahmed Nasser,Male,51,Ramallah,Jordan,60461.06,Corporate,C002,Back to School,Seasonal,Email,2025-01-18,2025-02-03,216.95,53878,3029,94,10409.53,5945.55,9498.66,Yes,15,Yes,Yes,2,New
12330,Sophia Smith,Female,18,Jerusalem,UAE,65594.06,Budget,C006,Loyalty Rewards,Retention,Display Ads,2025-08-10,2025-09-08,965.97,68292,587,74,8376.22,4768.62,9615.3,Yes,12,Yes,No,5,New
12640,Yousef Nasser,Male,32,Doha,Palestine,22115.61,Premium,C007,Spring Promotion,Seasonal,SMS,2025-04-20,2025-05-16,485.15,96460,9266,394,56529.11,43845.13,47420.35,Yes,4,Yes,No,22,Inactive
10270,Michael Awwad,Female,42,Gaza,Lebanon,55143.14,Regular,C008,Weekend Flash Sale,Discount,Social Media,2025-05-04,2025-05-21,891.17,99949,3975,308,10663.09,7224.48,9098.9,Yes,6,No,No,2,Returning
11137,Omar Nasser,Female,120,Doha,Palestine,81195.92,Premium,C004,New Product Launch,Product,Display Ads,2025-01-04,2025-02-01,728.02,59044,1703,116,15946.38,13668.94,14350.01,Yes,12,Yes,No,14,Inactive
12966,Daniel Saleh,Male,37,Doha,Lebanon,56812.24,Regular,C004,New Product Launch,Product,Social Media,2025-12-23,2026-01-11,574.05,21640,902,98,6759.52,5573.37,5961.7,Yes,4,No,No,1,Returning
12492,Adam Wilson,Male,29,Jerusalem,Jordan,50006.49,Budget,C002,Back to School,Seasonal,Google Ads,2025-07-30,2025-08-14,173.95,56079,2997,173,11511.01,6451.43,11366.84,Yes,15,No,No,29,Returning
10461,Daniel Nasser,Male,52,Cairo,UAE,34789.49,Budget,C001,Summer Sale,Discount,Social Media,2025-10-27,2025-11-18,493.49,14278,331,23,2107.1,1362.64,2259.91,Yes,1,Yes,No,22,Inactive
12216,Adam Saleh,Male,120,Amman,Palestine,48350.49,Regular,C001,Summer Sale,Discount,Website,2025-10-28,2025-11-11,453.84,33814,1403,140,17893.15,14407.06,19520.81,Yes,1,No,No,22,New
13939,John Davis,Female,28,Cairo,Qatar,26685.56,Regular,C005,Holiday Offers,Seasonal,Social Media,2025-03-25,2025-04-12,532.72,24756,952,54,5859.85,4181.86,6000.0,Yes,14,No,No,12,Returning
13001,Sophia Nasser,Female,42,Jerusalem,Egypt,50625.78,Regular,C008,Weekend Flash Sale,Discount,Google Ads,2025-01-12,2025-01-21,796.75,79536,4667,280,52545.03,41920.2,43714.35,Yes,6,Yes,No,25,Returning
13615,Layla Miller,Female,36,Jerusalem,Jordan,36138.39,Budget,C003,Black Friday,Discount,Email,2025-08-06,2025-08-25,425.33,8104,499,60,5965.16,4552.48,6823.71,Yes,11,Yes,No,3,Inactive
13688,Ali Nasser,Male,32,Nablus,Lebanon,40356.23,Corporate,C004,New Product Launch,Product,Display Ads,2025-06-12,2025-07-03,615.75,65870,1085,54,6071.23,3446.96,5065.29,Yes,14,Yes,No,3,New
12011,John Saleh,Female,38,Jerusalem,Jordan,18000.0,Corporate,C008,Weekend Flash Sale,Discount,Google Ads,2025-11-24,2025-12-12,498.07,27249,1236,121,16085.06,13986.08,18723.47,Yes,6,No,No,6,Returning
13834,Sophia Saleh,Male,41,Dubai,UAE,52729.08,Corporate,C006,Loyalty Rewards,Retention,Website,2025-03-15,2025-04-05,367.14,57005,1616,88,9129.25,7561.17,7858.29,Yes,11,No,No,29,Returning
10556,Emma Davis,Female,20,Hebron,Lebanon,46885.18,Premium,C004,New Product Launch,Product,Display Ads,2025-09-09,2025-10-02,392.45,42534,425,41,5787.36,4588.46,5745.92,Yes,3,No,No,21,Returning
12556,Lina Miller,Male,46,Dubai,Egypt,30450.46,Regular,C002,Back to School,Seasonal,Website,2025-01-11,2025-02-01,670.69,41557,1021,52,4723.49,4134.92,5371.48,Yes,0,No,No,12,New
12844,Emma Smith,Male,31,Nablus,Qatar,61508.13,Corporate,C002,Back to School,Seasonal,Website,2025-09-24,2025-10-13,20.0,99488,2527,129,11194.7,8224.91,11355.46,Yes,12,Yes,No,2,Returning
10226,Ali Wilson,Male,43,Cairo,Qatar,49495.25,Budget,C008,Weekend Flash Sale,Discount,Email,2025-02-10,2025-03-12,121.68,24893,1236,46,3689.77,2247.21,4157.84,Yes,13,Yes,No,11,Returning
12137,Maya Awwad,Female,32,Nablus,UAE,43127.62,Regular,C002,Back to School,Seasonal,Email,2025-07-26,2025-08-21,308.16,63605,3373,291,52554.28,31703.92,43672.01,Yes,13,Yes,Yes,7,New
13322,Lina Khalil,Female,22,Doha,Palestine,50158.84,Regular,C001,Summer Sale,Discount,Display Ads,2025-03-09,2025-04-06,607.04,32911,1075,143,18714.62,16454.81,15759.02,Yes,5,No,No,22,New
13882,Noor Hassan,Female,25,Doha,UAE,53251.22,Regular,C003,Black Friday,Discount,Email,2025-04-03,2025-04-17,483.57,5183,260,31,2522.81,1949.57,2067.39,Yes,6,No,No,18,Returning
12660,Sophia Nasser,Male,39,Ramallah,Qatar,49905.72,Premium,C002,Back to School,Seasonal,Display Ads,2025-01-30,2025-02-26,275.06,86226,821,59,4570.05,2620.18,4541.81,Yes,8,No,No,6,Returning
10583,John Wilson,Male,44,Ramallah,Egypt,37379.08,Regular,C004,New Product Launch,Product,Google Ads,2025-01-11,2025-02-08,548.89,42372,1330,68,7968.75,4687.51,8740.68,Yes,9,No,No,11,Returning
10874,Noor Khalil,Male,32,Amman,UAE,,Corporate,C001,Summer Sale,Discount,Website,2025-10-25,2025-11-16,378.98,25808,856,91,13229.93,11196.33,12013.01,Yes,8,Yes,No,7,Returning
10176,Daniel Nasser,Male,28,Doha,Qatar,60068.34,Regular,C008,Weekend Flash Sale,Discount,Email,2025-11-29,2025-12-23,877.86,89855,5334,259,,20167.71,28247.84,Yes,12,Yes,No,8,New
10907,Adam Khalil,Female,24,Amman,Jordan,64078.2,Budget,C005,Holiday Offers,Seasonal,Website,2025-11-29,2025-12-06,391.03,61909,1832,149,22258.44,18197.94,17871.02,Yes,4,Yes,No,26,Returning
12050,Emma Davis,Female,41,Amman,Egypt,41180.9,Regular,C003,Black Friday,Discount,Social Media,2025-03-24,2025-04-14,405.71,94842,1916,170,20283.37,11835.97,16996.86,Yes,15,No,No,21,New
10446,Sophia Brown,Female,34,Jerusalem,UAE,74266.33,Regular,C004,New Product Launch,Product,Display Ads,2025-05-26,2025-06-10,116.68,36021,72,4,310.26,174.8,292.59,Yes,11,Yes,No,22,Returning
13605,Olivia Nasser,Male,27,Ramallah,Lebanon,97202.56,Budget,C004,New Product Launch,Product,Email,2025-08-01,2025-08-14,123.42,95368,5010,501,79862.79,63012.72,69365.08,Yes,8,Yes,No,15,New
12099,Maya Smith,FEMALE,30,Amman,UAE,64092.72,Regular,C004,New Product Launch,Product,SMS,2025-05-03,2025-05-20,200.12,28123,2602,214,24806.74,22202.08,25357.6,Yes,8,No,No,4,Inactive
13436,Adam Hassan,Male,30,Amman,Jordan,74083.34,Regular,C003,Black Friday,Discount,Social Media,2025-08-18,2025-09-08,831.72,34782,1469,149,16768.88,10718.31,17167.84,Yes,12,Yes,No,6,New
10907,Noor Wilson,Male,57,Amman,Egypt,58078.79,Budget,C008,Weekend Flash Sale,Discount,Display Ads,2025-06-21,2025-07-02,787.01,21819,300,17,2843.09,2187.22,2714.63,Yes,5,Yes,No,27,Returning
11313,Omar Awwad,Female,35,Nablus,Lebanon,81007.04,Regular,C005,Holiday Offers,Seasonal,Social Media,2025-01-25,2025-02-07,299.91,30134,1138,110,7211.32,6286.57,6455.54,Yes,15,Yes,No,17,New
11722,Emma Awwad,Male,24,Jerusalem,Palestine,55719.67,Regular,C007,Spring Promotion,Seasonal,Social Media,2025-10-06,2025-10-19,549.94,53311,2273,104,11874.31,9670.62,9810.85,Yes,12,No,No,18,New
13335,Daniel Davis,Female,38,Beirut,UAE,57043.34,Regular,C008,Weekend Flash Sale,Discount,Website,2025-12-22,2026-01-08,510.31,91434,2158,118,14823.35,9759.01,16656.25,Yes,3,Yes,No,22,Returning
12583,Daniel Saleh,Male,18,Beirut,Qatar,44936.3,Regular,C004,New Product Launch,Product,SMS,2025-06-11,2025-07-06,20.0,41343,3832,102,2990.8,2214.0,3378.46,Yes,4,Yes,No,2,Returning
13227,Sara Brown,Female,35,Dubai,Jordan,80439.67,Regular,C005,Holiday Offers,Seasonal,Social Media,2025-09-20,2025-09-28,538.36,79565,3058,283,31492.43,18559.84,35269.8,Yes,2,Yes,No,10,New
14184,Maya Nasser,Female,36,Doha,Palestine,46522.01,Budget,C005,Holiday Offers,Seasonal,Display Ads,2025-10-21,2025-10-31,459.32,9761,198,20,1975.02,1342.89,1977.61,Yes,8,Yes,No,30,Inactive
12215,Olivia Brown,Female,21,Ramallah,Jordan,53670.19,Corporate,C007,Spring Promotion,Seasonal,SMS,2025-12-17,2026-01-13,929.49,85505,6590,912,120511.97,75799.11,133144.95,Yes,8,Yes,No,14,Returning
10831,Adam Davis,Male,38,Gaza,UAE,51673.95,Regular,C004,New Product Launch,Product,Social Media,2025-06-04,2025-07-02,654.76,79221,2184,213,25039.53,16704.61,25341.9,Yes,10,No,No,27,New
11258,Lina Saleh,Male,18,Beirut,UAE,35104.4,Regular,C001,Summer Sale,Discount,Google Ads,2025-10-18,2025-11-07,431.55,59150,2910,205,27184.93,15748.62,31528.07,Yes,13,No,No,21,Returning
12238,Adam Saleh,Female,21,Gaza,Palestine,51084.41,Regular,C008,Weekend Flash Sale,Discount,Website,2025-07-16,2025-08-10,474.05,96442,2171,106,9317.59,7889.19,10182.26,Yes,6,Yes,No,11,Returning
10827,Layla Miller,Male,30,Doha,Jordan,59164.37,Budget,C003,Black Friday,Discount,Website,2025-01-25,2025-02-17,522.69,29950,1111,97,10632.07,8301.06,11948.87,Yes,2,Yes,No,22,Returning
13456,Michael Nasser,Female,38,Doha,Egypt,47493.6,Corporate,C008,Weekend Flash Sale,Discount,Social Media,2025-03-09,2025-03-16,808.61,60467,1986,72,9948.15,6353.29,10012.39,Yes,2,Yes,No,3,Returning
10940,Lina Brown,Female,18,Ramallah,Egypt,66914.01,Budget,C008,Weekend Flash Sale,Discount,Display Ads,2025-01-30,2025-02-28,726.4,15429,298,15,829.7,651.85,772.91,Yes,10,Yes,No,23,Returning
12197,Ahmed Smith,Female,24,Ramallah,Egypt,57111.82,Premium,C005,Holiday Offers,Seasonal,Display Ads,2025-12-24,2026-01-19,375.26,70519,2015,145,7547.43,5421.79,7204.96,Yes,10,Yes,No,27,New
11382,John Khalil,Female,40,Jerusalem,Jordan,71089.1,Budget,C005,Holiday Offers,Seasonal,Email,2025-06-01,2025-06-19,853.0,11231,663,66,7396.22,6259.61,7101.53,Yes,5,No,No,10,Inactive
14108,Adam Wilson,Male,42,Cairo,Palestine,61321.06,Premium,C004,New Product Launch,Product,Google Ads,2025-08-20,2025-09-17,524.86,36687,1617,176,16103.56,9514.03,14498.07,Yes,7,Yes,No,17,Returning
10243,Layla Miller,Male,34,Gaza,Qatar,33407.51,Premium,C002,Back to School,Seasonal,Social Media,2025-10-05,2025-11-01,597.02,47524,1741,96,,10897.74,13254.13,Yes,8,No,No,28,New
11868,Sara Smith,Male,42,Cairo,Palestine,73320.27,Premium,C007,Spring Promotion,Seasonal,SMS,2025-08-15,2025-08-23,685.27,35699,2565,230,44220.9,33588.87,40137.32,Yes,4,No,No,26,Returning
11745,Daniel Nasser,Male,26,Dubai,UAE,21175.58,Premium,C003,Black Friday,Discount,Social Media,2025-07-04,2025-07-29,399.82,66147,2952,254,30343.86,23728.61,32000.81,Yes,8,No,No,12,Inactive
13430,Layla Davis,Female,43,Ramallah,Jordan,,Premium,C004,New Product Launch,Product,Google Ads,2025-10-19,2025-11-07,885.89,5078,219,22,3624.89,2889.47,2944.25,Yes,11,Yes,No,24,Returning
11198,Michael Hassan,Male,52,Amman,Jordan,69913.59,Regular,C004,New Product Launch,Product,SMS,2025-02-15,2025-02-25,647.31,32715,3158,210,25327.57,14840.01,20584.19,Yes,15,Yes,No,22,New
13543,Maya Miller,Female,40,Doha,Lebanon,53622.35,Regular,C005,Holiday Offers,Seasonal,Website,2025-09-10,2025-09-18,362.06,97290,1493,200,28204.84,18147.62,29493.14,Yes,1,No,No,8,Returning
12291,Noor Davis,Female,23,Dubai,Lebanon,83933.79,Premium,C007,Spring Promotion,Seasonal,SMS,2025-09-15,2025-10-02,696.08,73100,6961,780,85492.45,65074.35,84283.6,Yes,13,No,No,25,Returning
11891,Lina Nasser,Female,41,Amman,Jordan,59752.4,Regular,C001,Summer Sale,Discount,Social Media,2025-11-25,2025-12-14,318.48,10438,368,43,8364.42,5326.17,7543.13,Yes,6,Yes,No,12,Returning
13253,Sara Smith,Female,31,Gaza,Jordan,26147.95,Budget,C004,New Product Launch,Product,SMS,2025-10-01,2025-10-14,943.65,59406,5841,511,46024.66,26485.92,50108.96,Yes,0,Yes,No,14,New
13550,Daniel Davis,Male,36,Doha,UAE,42570.5,Corporate,C002,Back to School,Seasonal,Display Ads,2025-03-17,2025-03-25,420.45,33443,956,41,4245.49,2806.83,3989.38,Yes,13,No,No,9,New
13194,Noor Brown,Male,18,Dubai,Jordan,49366.06,Corporate,C002,Back to School,Seasonal,Social Media,2025-11-13,2025-11-24,213.4,86964,3852,333,17456.48,15132.28,17620.83,Yes,4,Yes,No,6,Inactive
11500,Sara Awwad,Male,52,Doha,Egypt,66533.43,Budget,C003,Black Friday,Discount,Email,2025-06-04,2025-07-01,598.31,70900,3714,436,65412.61,37028.97,53690.39,Yes,14,Yes,No,6,Returning
10758,Maya Saleh,Male,46,Amman,Qatar,80197.69,Budget,C004,New Product Launch,Product,Display Ads,2025-09-11,2025-10-08,491.11,62254,454,38,2700.37,1607.92,2955.17,Yes,11,Yes,No,2,New
11064,Lina Awwad,Male,56,Hebron,Jordan,72720.73,Regular,C005,Holiday Offers,Seasonal,Google Ads,2025-08-31,2025-09-15,214.78,94015,3821,309,21819.67,19155.82,25053.97,Yes,0,No,No,1,Inactive
12431,Ali Khalil,Male,51,Beirut,Jordan,77670.78,Regular,C004,New Product Launch,Product,SMS,2025-10-24,2025-11-13,20.0,98626,8389,844,66684.47,54721.39,67398.34,Yes,9,Yes,No,17,Returning
11838,Ali Saleh,Male,18,Nablus,Lebanon,21359.59,Budget,C004,New Product Launch,Product,Website,2025-04-12,2025-04-26,441.6,57347,1951,150,17840.18,10250.17,16260.87,Yes,14,Yes,No,30,Returning
10512,Layla Wilson,Female,20,Ramallah,Egypt,48270.22,Regular,C006,Loyalty Rewards,Retention,SMS,2025-02-14,2025-03-14,528.4,94876,7530,429,31203.69,17978.56,36249.33,Yes,10,Yes,No,16,New
13261,Layla Hassan,Male,35,Jerusalem,Jordan,59153.83,Premium,C008,Weekend Flash Sale,Discount,Display Ads,2025-09-16,2025-10-11,710.01,93825,2396,234,23620.4,13337.65,19967.06,Yes,10,Yes,No,20,Returning
10318,Ali Awwad,Female,28,Jerusalem,Jordan,65514.31,Premium,C003,Black Friday,Discount,Display Ads,2025-12-11,2026-01-02,492.88,39821,969,90,15069.2,11583.83,12167.85,Yes,14,Yes,No,25,New
12532,Yousef Khalil,Male,20,Cairo,Egypt,47186.67,Regular,C005,Holiday Offers,Seasonal,Google Ads,2025-03-19,2025-04-05,1006.1,33026,2062,177,11598.87,9456.85,11409.88,Yes,15,No,No,4,New
10755,Olivia Davis,Female,42,,UAE,55616.02,Regular,C008,Weekend Flash Sale,Discount,Email,2025-03-21,2025-04-03,335.81,77014,3200,255,46984.76,26922.9,39936.63,Yes,4,Yes,No,2,New
13598,Ali Miller,Male,34,Nablus,UAE,47200.2,Regular,C008,Weekend Flash Sale,Discount,Website,2025-12-27,2026-01-08,510.56,31935,508,64,9483.48,8087.29,9795.59,Yes,9,Yes,No,0,Returning
12465,Lina Smith,Male,44,Amman,Egypt,80884.56,Budget,C004,New Product Launch,Product,Email,2025-01-29,2025-02-17,607.96,21165,1257,144,11802.15,8755.52,11724.54,Yes,13,No,Yes,28,New
13835,Sophia Davis,FEMALE,44,Ramallah,Lebanon,53719.33,Regular,C007,Spring Promotion,Seasonal,Display Ads,2025-10-01,2025-10-22,335.14,92501,2600,84,9198.0,5122.78,8917.89,Yes,5,No,No,4,Returning
11394,Olivia Smith,Male,18,Nablus,Palestine,84898.97,Budget,C005,Holiday Offers,Seasonal,Email,2025-01-25,2025-02-24,704.38,4308,277,18,1801.49,1234.77,1937.98,Yes,4,Yes,No,5,New
10793,Sara Wilson,Female,41,Cairo,Jordan,47247.82,Budget,C006,Loyalty Rewards,Retention,Email,2025-06-13,2025-06-24,691.0,66693,3579,312,28697.52,16030.99,27227.33,Yes,0,No,Yes,29,Returning
12988,Yousef Brown,Male,61,Amman,Palestine,33353.86,Regular,C006,Loyalty Rewards,Retention,Display Ads,2025-02-14,2025-03-08,616.7,98561,2136,184,20620.32,16824.01,18260.84,Yes,0,No,No,4,Returning
13927,Adam Awwad,Female,36,Cairo,Egypt,99842.47,Budget,C006,Loyalty Rewards,Retention,Social Media,2025-07-17,2025-07-31,241.64,21610,486,41,6012.09,3792.15,5977.58,Yes,5,No,No,9,New
11574,Daniel Davis, male ,52,Jerusalem,Lebanon,35025.44,Corporate,C001,Summer Sale,Discount,Social Media,2025-09-03,2025-10-03,604.1,62969,2108,159,12677.46,7924.53,11092.68,Yes,0,Yes,No,4,New
11142,Adam Smith,Male,32,Dubai,Jordan,92746.21,Regular,C002,Back to School,Seasonal,Display Ads,2025-07-09,2025-07-31,556.43,7485,164,8,1002.77,850.86,1069.94,Yes,6,Yes,No,16,Inactive
12162,Sara Brown,Male,52,Gaza,Jordan,82171.93,Regular,C005,Holiday Offers,Seasonal,Social Media,2025-06-05,2025-06-30,414.38,15219,602,61,,3691.35,5056.7,Yes,4,No,No,26,New
12346,Sophia Nasser,Male,24,Hebron,Jordan,54798.96,Premium,C001,Summer Sale,Discount,Social Media,2025-01-23,2025-02-20,431.63,87671,3093,242,29639.95,23176.2,25068.27,Yes,10,Yes,No,16,New
12866,Noor Smith,Male,52,Dubai,Jordan,83598.59,Regular,C006,Loyalty Rewards,Retention,Website,2025-12-06,2025-12-14,589.56,96669,4479,251,27840.38,23619.08,29642.99,Yes,8,Yes,No,30,Returning
12061,Noor Wilson,Male,42,Hebron,Jordan,91143.79,Premium,C004,New Product Launch,Product,Display Ads,2025-09-29,2025-10-18,384.29,97638,1530,84,8258.35,5527.78,6711.35,Yes,11,No,No,12,Returning
10486,Maya Hassan,Male,33,Cairo,Palestine,87559.42,Regular,C005,Holiday Offers,Seasonal,SMS,2025-12-12,2026-01-09,276.85,76069,7699,634,96545.99,60275.91,90900.75,Yes,4,No,No,19,Returning
11509,Yousef Brown,Female,18,Ramallah,Egypt,92490.58,Regular,C006,Loyalty Rewards,Retention,Website,2025-02-20,2025-03-07,554.05,57485,1192,73,11034.74,7093.97,9801.28,Yes,3,Yes,No,1,New
13715,Noor Nasser,Male,55,Nablus,Qatar,67210.28,Budget,C002,Back to School,Seasonal,Display Ads,2025-11-30,2025-12-20,300.77,83236,1468,125,24274.28,19511.93,20369.19,Yes,1,Yes,No,23,New
11806,Sara Wilson,Male,34,Gaza,Egypt,,Budget,C007,Spring Promotion,Seasonal,Social Media,2025-03-31,2025-04-10,289.68,48745,1045,82,14409.29,12210.8,12092.83,Yes,11,Yes,No,20,Returning
13803,Daniel Saleh,Male,30,Doha,UAE,,Premium,C007,Spring Promotion,Seasonal,Email,2025-04-05,2025-05-03,719.98,21283,1406,180,26778.34,15036.5,22370.2,YES,8,No,No,20,Returning
12563,Adam Wilson,Female,45,Cairo,Palestine,56744.81,Regular,C006,Loyalty Rewards,Retention,Email,2025-11-24,2025-12-02,176.66,24753,1421,127,16890.57,13256.42,13909.91,Yes,4,Yes,No,8,New
14023,Emma Wilson,Female,25,Jerusalem,Jordan,72668.48,Regular,C001,Summer Sale,Discount,Display Ads,2025-03-23,2025-04-12,315.41,41236,1166,54,5553.66,3325.64,6125.95,Yes,5,Yes,No,20,New
14183,Layla Khalil,Female,26,Hebron,Lebanon,76130.71,Regular,C005,Holiday Offers,Seasonal,SMS,2025-08-28,2025-09-24,350.43,78024,8011,651,76973.53,58826.51,86549.59,Yes,5,No,No,20,Returning
11629,Lina Awwad,Female,52,Amman,Palestine,65327.93,Budget,C006,Loyalty Rewards,Retention,Display Ads,2025-11-29,2025-12-20,321.11,1230,18,0,0.0,0.0,0.0,No,8,No,No,27,Returning
11893,Ahmed Nasser,Male,27,Gaza,Egypt,41091.68,Regular,C002,Back to School,Seasonal,Google Ads,2025-10-18,2025-11-11,800.31,67545,4481,332,71891.16,46865.17,57748.0,Yes,4,No,No,16,Returning
11959,Olivia Saleh,Male,43,Gaza,Lebanon,58425.43,Corporate,C003,Black Friday,Discount,Website,2025-01-11,2025-01-25,868.85,3136,54,3,642.22,354.89,682.78,Yes,1,Yes,No,25,Returning
10744,Ali Khalil,Female,31,Nablus,Qatar,89048.45,Regular,C008,Weekend Flash Sale,Discount,Website,2025-08-12,2025-08-24,395.19,9918,229,31,6648.44,5377.39,5639.74,Yes,13,Yes,No,8,Returning
12359,Noor Awwad,Female,42,Hebron,UAE,65639.37,Corporate,C008,Weekend Flash Sale,Discount,Google Ads,2025-07-01,2025-07-08,317.97,67973,2998,104,13026.63,10060.78,14551.59,Yes,4,Yes,No,17,New
10799,John Khalil,Male,53,Doha,Lebanon,70396.32,Premium,C006,Loyalty Rewards,Retention,Display Ads,2025-09-21,2025-10-15,508.65,4280,126,11,1452.09,871.59,1428.22,Yes,15,Yes,No,25,Returning
13970,Sara Nasser,Female,38,Hebron,UAE,36455.18,Regular,C003,Black Friday,Discount,Website,2025-06-06,2025-06-26,884.05,68626,1806,222,16857.48,13485.68,17595.59,Yes,13,Yes,No,24,Inactive
13637,Maya Awwad,Male,45,Jerusalem,Jordan,60938.07,Regular,C003,Black Friday,Discount,Social Media,2025-09-04,2025-09-12,390.96,41418,1629,184,29023.98,20807.88,26269.69,Yes,8,Yes,No,28,Inactive
12397,Ahmed Hassan,Female,55,Amman,UAE,78350.19,Regular,C003,Black Friday,Discount,Google Ads,2025-07-07,2025-07-31,664.17,7094,289,16,1196.26,708.47,965.49,Yes,5,Yes,No,23,Returning
14160,Sara Davis,Female,48,Gaza,Lebanon,48768.82,Regular,C001,Summer Sale,Discount,Google Ads,2025-12-16,2025-12-25,310.4,33681,1479,127,11277.51,8712.09,11390.95,Yes,7,Yes,No,15,New
12184,Omar Miller,Female,41,Gaza,Qatar,75270.84,Corporate,C002,Back to School,Seasonal,Display Ads,2025-04-14,2025-04-25,315.08,39322,834,101,7655.5,6145.79,8968.48,Yes,1,No,No,4,Inactive
13352,Sara Saleh,Male,41,Amman,UAE,62612.71,Regular,C004,New Product Launch,Product,SMS,2025-01-31,2025-02-12,796.17,42654,3790,196,24503.89,19391.92,21843.16,Yes,10,No,No,24,Returning
11565,Layla Davis,Male,31,Gaza,Palestine,45061.84,Budget,C006,Loyalty Rewards,Retention,SMS,2025-08-21,2025-09-18,721.37,15016,1272,87,6776.15,4047.09,7158.71,Yes,1,No,No,29,New
11545,Sophia Brown,Female,34,Jerusalem,Egypt,77541.04,Regular,C002,Back to School,Seasonal,Display Ads,2025-05-13,2025-05-23,532.73,78281,873,24,3683.74,2384.62,4319.02,Yes,0,Yes,No,24,Inactive
13708,Yousef Smith,Female,38,Amman,Egypt,82762.21,Budget,C003,Black Friday,Discount,Google Ads,2025-01-10,2025-02-01,666.9,56786,2195,176,19112.3,15849.64,15841.06,Yes,6,Yes,No,15,Returning
13404,Layla Saleh,Female,18,Hebron,Qatar,62703.05,Premium,C002,Back to School,Seasonal,Google Ads,2025-07-21,2025-08-04,469.91,7451,345,23,2891.52,2205.41,2590.18,Yes,15,Yes,No,20,Inactive
12693,Adam Awwad,Female,32,Jerusalem,Egypt,54837.61,Corporate,C007,Spring Promotion,Seasonal,Social Media,2025-03-18,2025-04-01,373.7,9182,345,20,2441.28,1615.95,2115.67,Yes,1,Yes,No,12,Returning
14073,Layla Wilson,Female,18,Gaza,Egypt,59379.55,Regular,C007,Spring Promotion,Seasonal,SMS,2025-04-27,2025-05-14,239.86,19338,1692,132,24758.41,16198.44,21801.76,Yes,3,No,No,0,Returning
11368,Michael Nasser,Male,52,Beirut,Jordan,77384.47,Budget,C004,New Product Launch,Product,Google Ads,2025-11-10,2025-12-09,97.05,90696,4476,521,31652.56,24049.63,35254.4,Yes,12,No,No,15,Returning
11609,Emma Saleh,Female,43,Dubai,Jordan,68617.73,Budget,C006,Loyalty Rewards,Retention,Google Ads,2025-03-18,2025-04-16,366.48,55124,2732,185,32296.93,28556.35,37686.1,Yes,4,No,No,14,Returning
11295,Sophia Wilson,Male,52,Ramallah,Jordan,31898.94,Regular,C002,Back to School,Seasonal,SMS,2025-07-18,2025-08-08,873.01,29176,2605,140,24193.18,18749.98,27888.2,Yes,5,Yes,No,3,Returning
13669,Emma Miller,Female,28,Ramallah,UAE,60304.57,Regular,C008,Weekend Flash Sale,Discount,Display Ads,2025-04-02,2025-04-09,178.9,37209,500,32,4275.8,3786.99,3789.53,Yes,10,Yes,No,28,New
13173,Michael Miller,Male,32,Dubai,Jordan,55597.26,Regular,C003,Black Friday,Discount,Google Ads,2025-05-06,2025-05-31,395.41,54159,2106,206,30916.17,27688.99,31372.71,Yes,1,No,No,7,New
11417,Adam Saleh,Male,21,Doha,Egypt,88804.76,Regular,,New Product Launch,Product,Display Ads,2025-11-18,2025-12-06,288.83,55384,1124,70,5231.12,4615.43,5952.54,Yes,7,Yes,No,2,New
10848,John Hassan,Female,40,Beirut,Egypt,64704.16,Regular,C004,New Product Launch,Product,Google Ads,2025-12-11,2025-12-21,20.0,6774,296,23,2473.01,2035.95,2281.13,Yes,11,No,No,6,New
13375,Daniel Awwad,Male,29,Beirut,UAE,78582.6,Regular,C005,Holiday Offers,Seasonal,SMS,2025-12-07,2026-01-01,229.1,21955,2048,134,12569.92,10646.86,10876.22,Yes,7,No,No,24,Inactive
10813,John Brown,Male,36,Beirut,Palestine,34592.02,Regular,C003,Black Friday,Discount,Website,2025-07-21,2025-08-14,345.5,50737,1014,63,8409.55,5958.39,8052.48,Yes,7,No,No,23,Returning
13504,Noor Miller,Female,39,Dubai,Jordan,78049.34,Budget,C003,Black Friday,Discount,SMS,2025-05-03,2025-05-22,518.26,2003,177,13,2268.95,1451.88,2003.78,Yes,0,No,No,11,Returning
12259,Sara Saleh,Male,42,Cairo,Egypt,18000.0,Premium,C002,Back to School,Seasonal,SMS,2025-06-12,2025-06-23,562.44,71807,5909,563,68036.26,52711.52,57286.78,Yes,4,Yes,No,25,Inactive
10099,Olivia Wilson,Female,25,Ramallah,Egypt,63291.49,Regular,C007,Spring Promotion,Seasonal,Display Ads,2025-02-05,2025-02-25,689.82,56388,1142,85,7786.39,6028.83,8074.03,Yes,8,Yes,No,28,New
11075,Ahmed Hassan,Male,30,Jerusalem,Lebanon,44927.86,Regular,,Spring Promotion,Seasonal,SMS,2025-02-12,2025-03-13,-671.98,54663,5945,255,12123.4,8192.89,13202.53,Yes,10,Yes,No,15,Returning
13547,John Brown,Male,36,Dubai,UAE,48366.43,Corporate,C001,Summer Sale,Discount,Google Ads,2025-04-22,2025-05-16,666.24,69958,4243,362,46767.12,28958.22,45238.62,Yes,6,Yes,No,24,Returning
12172,Ahmed Miller,Male,38,Jerusalem,Qatar,91467.34,Budget,C002,Back to School,Seasonal,SMS,2025-07-27,2025-08-11,594.09,75998,6167,713,56141.1,36703.46,59215.91,Yes,11,No,No,14,Inactive
13640,Adam Smith,Female,29,Nablus,Lebanon,18000.0,Budget,C008,Weekend Flash Sale,Discount,Email,2025-06-14,2025-06-30,373.15,61903,4624,290,46620.18,39910.25,50316.86,Yes,4,Yes,No,13,New
12682,Lina Miller,Female,38,Doha,Lebanon,44624.7,Regular,C005,Holiday Offers,Seasonal,SMS,2025-02-26,2025-03-21,794.05,79692,6483,376,22951.49,16560.44,20516.54,Yes,2,No,No,13,Returning
10938,Omar Awwad,Male,46,Doha,Egypt,61617.8,Regular,C007,Spring Promotion,Seasonal,SMS,2025-12-09,2025-12-17,524.55,7365,698,30,2681.65,2337.96,2474.8,Yes,5,Yes,No,0,New
13524,Layla Hassan,Male,30,Cairo,Jordan,31254.0,Premium,C006,Loyalty Rewards,Retention,Google Ads,2025-04-03,2025-04-14,658.75,4380,186,16,1870.71,1665.17,1778.84,Yes,9,Yes,No,5,Inactive
13289,Maya Khalil,Male,44,Nablus,Jordan,64813.17,Regular,C001,Summer Sale,Discount,Website,2025-05-10,2025-05-20,674.99,10949,219,13,1629.67,987.17,1864.46,Yes,6,No,No,10,New
12566,Sara Wilson,Female,25,Amman,Qatar,25444.8,Budget,C004,New Product Launch,Product,SMS,2025-06-05,2025-07-01,646.55,42911,3762,438,68055.76,59527.87,67598.87,Yes,0,Yes,No,13,New
13950,Emma Wilson,Male,37,Nablus,Lebanon,42206.61,Budget,,New Product Launch,Product,Display Ads,2025-02-20,2025-03-08,417.96,91260,627,25,5247.23,3320.01,4559.49,Yes,6,Yes,No,12,New
11453,Emma Davis,Female,24,Doha,Palestine,49313.06,Regular,C001,Summer Sale,Discount,SMS,2025-11-03,2025-11-28,372.83,96067,9128,715,97680.7,69875.27,97047.93,Yes,3,Yes,No,7,Returning
10491,Yousef Nasser,Male,26,Doha,Palestine,39056.53,Budget,C004,New Product Launch,Product,Display Ads,2025-08-05,2025-08-20,546.42,56061,155,19,1537.83,1129.91,1728.62,Yes,1,No,No,22,Returning
12574,Ahmed Saleh,Male,37,Jerusalem,Lebanon,99651.98,Budget,C008,Weekend Flash Sale,Discount,Website,2025-01-20,2025-02-06,289.47,25547,483,38,7050.31,5128.91,6949.94,Yes,15,No,No,2,Returning
12793,Adam Nasser,Male,54,Beirut,Qatar,82034.89,Regular,C001,Summer Sale,Discount,Social Media,2025-10-19,2025-11-18,832.19,61126,2507,116,17384.06,9580.76,15166.12,Yes,15,Yes,No,7,Inactive
10251,Yousef Khalil,Female,32,Hebron,Jordan,73312.09,Budget,C007,Spring Promotion,Seasonal,Display Ads,2025-12-18,2026-01-14,448.72,80510,2102,138,7664.6,6421.84,8261.67,Yes,9,No,No,3,Returning
11093,Adam Hassan,Male,34,Nablus,Lebanon,69269.31,Budget,C007,Spring Promotion,Seasonal,Google Ads,2025-10-07,2025-10-26,818.27,23315,1175,58,4257.34,3122.15,4308.62,Yes,6,Yes,No,8,Returning
11877,Layla Hassan,Male,41,Ramallah,UAE,62280.36,Regular,C005,Holiday Offers,Seasonal,SMS,2025-08-28,2025-09-14,277.05,64245,6268,561,84031.83,67048.82,76824.04,Yes,7,Yes,No,22,New
12051,Sara Smith,Female,38,Ramallah,Qatar,44850.34,Corporate,C002,Back to School,Seasonal,Social Media,2025-05-24,2025-06-07,540.31,20113,525,37,5158.83,3293.61,4578.33,Yes,3,No,No,18,Inactive
13881,John Khalil,Female,27,Gaza,Palestine,60380.36,Regular,C004,New Product Launch,Product,Display Ads,2025-01-20,2025-01-28,73.77,44038,859,71,16140.53,9758.84,13046.24,Yes,12,No,No,3,Inactive
11723,Yousef Awwad,Female,59,Beirut,Qatar,45168.7,Budget,C005,Holiday Offers,Seasonal,Email,2025-04-27,2025-05-09,679.0,50816,3386,133,23209.39,20358.05,21982.23,Yes,6,No,Yes,27,Inactive
12621,Omar Davis,Male,46,Jerusalem,Egypt,30409.8,Regular,C001,Summer Sale,Discount,Website,2025-03-19,2025-03-30,523.11,10400,278,27,3773.09,2409.36,3646.58,Yes,7,Yes,No,28,Returning
12638,Omar Saleh,Female,30,Nablus,Qatar,62814.9,Regular,C005,Holiday Offers,Seasonal,Social Media,2025-01-18,2025-02-07,296.61,18786,560,6,340.16,201.79,386.0,Yes,14,Yes,No,24,New
13025,Sara Miller,Female,29,Jerusalem,Egypt,35660.22,Budget,C006,Loyalty Rewards,Retention,Website,2025-07-16,2025-08-07,382.24,82347,1696,161,18723.07,10557.23,17451.85,Yes,7,Yes,No,12,Inactive
11266,Olivia Davis,Female,46,Hebron,Lebanon,60436.71,Budget,C008,Weekend Flash Sale,Discount,SMS,2025-07-05,2025-08-04,501.75,51883,4432,467,46868.4,42053.86,54056.37,Yes,3,Yes,No,16,Returning
13345,Emma Smith,Male,35,Ramallah,Palestine,34687.99,Premium,C006,Loyalty Rewards,Retention,Social Media,2025-02-10,2025-03-01,922.92,14907,592,37,6079.6,4869.68,5873.27,Yes,10,No,No,25,Returning
12765,Michael Khalil,Male,42,Gaza,Palestine,27650.59,Premium,C003,Black Friday,Discount,Website,2025-03-17,2025-04-13,773.51,70806,1291,158,16616.12,10374.26,18270.06,Yes,2,Yes,No,8,New
12659,Maya Nasser,Female,18,Beirut,Qatar,66040.78,Regular,C006,Loyalty Rewards,Retention,Google Ads,2025-07-01,2025-07-09,529.0,66197,2607,232,27217.53,23406.36,24605.93,Yes,10,No,No,8,Returning
10360,John Miller,Male,36,Gaza,Jordan,72417.0,Regular,C008,Weekend Flash Sale,Discount,Website,2025-09-28,2025-10-22,461.43,79938,3180,279,29609.69,16296.73,31432.18,Yes,9,No,No,24,New
10318,Lina Brown,Male,27,Beirut,Lebanon,33862.39,Regular,C005,Holiday Offers,Seasonal,Email,2025-06-26,2025-07-24,721.29,84879,3666,253,31604.11,19454.36,30497.28,Yes,4,Yes,No,18,Returning
10008,Olivia Wilson,Female,23,Hebron,Palestine,55297.48,Regular,C002,Back to School,Seasonal,Google Ads,2025-04-28,2025-05-05,677.69,21837,658,26,2366.52,1962.16,2708.55,Yes,7,Yes,No,6,Inactive
13809,Michael Awwad,Female,36,Jerusalem,Egypt,66839.7,Regular,C003,Black Friday,Discount,Google Ads,2025-04-30,2025-05-24,679.61,40815,1539,150,17192.39,12156.85,18980.5,Yes,3,Yes,No,29,Returning
10852,Noor Hassan,Female,31,Hebron,Jordan,41812.55,Premium,C006,Loyalty Rewards,Retention,Website,2025-10-15,2025-11-07,690.19,34585,569,56,8022.18,4897.39,7221.92,Yes,0,No,No,24,New
12255,Maya Hassan,Male,38,Jerusalem,Lebanon,,Budget,C002,Back to School,Seasonal,Display Ads,2025-06-16,2025-07-02,607.23,85876,425,19,2349.11,1910.79,2048.04,Yes,8,No,No,20,Inactive
10127,Lina Nasser,Female,35,Ramallah,Palestine,35017.7,Budget,C002,Back to School,Seasonal,SMS,2025-10-01,2025-10-10,173.68,962,95,2,247.91,178.4,222.51,Yes,15,Yes,No,7,Inactive
14012,Noor Awwad,Female,49,Ramallah,Lebanon,31479.95,Regular,C007,Spring Promotion,Seasonal,Email,2025-08-17,2025-08-30,524.1,65173,4375,234,49793.58,39149.82,43991.3,Yes,5,Yes,Yes,20,New
12445,Ahmed Nasser,Female,24,Nablus,Palestine,53145.86,Regular,C008,Weekend Flash Sale,Discount,Website,2025-06-25,2025-07-15,533.19,93260,1908,112,11622.63,7506.63,11658.12,Yes,6,No,No,6,Returning
12988,Omar Khalil,Male,30,,Palestine,89292.83,Regular,C002,Back to School,Seasonal,Social Media,2025-09-28,2025-10-18,720.87,70773,2121,140,14406.4,9856.75,15568.46,Yes,13,No,No,14,Returning
13272,Adam Brown,Male,41,Hebron,Jordan,56388.84,Premium,C005,Holiday Offers,Seasonal,Website,2025-02-18,2025-03-10,682.41,67006,1202,168,24515.67,21194.2,22569.99,Yes,11,Yes,No,2,Inactive
10014,Olivia Awwad,Male,36,Gaza,Qatar,74551.06,Premium,C008,Weekend Flash Sale,Discount,Email,2025-11-18,2025-12-17,791.2,21943,1645,133,20861.68,17309.35,17691.59,Yes,15,Yes,Yes,19,New
13782,Noor Khalil,Female,43,Dubai,UAE,72741.18,Regular,C001,Summer Sale,Discount,Website,2025-09-22,2025-10-22,789.97,23536,832,60,8770.67,5432.8,7620.29,Yes,7,Yes,No,24,New
13367,Sophia Nasser,Female,34,Doha,Jordan,55795.25,Corporate,C004,New Product Launch,Product,SMS,2025-03-22,2025-04-06,703.89,78013,7590,777,112956.72,71239.46,110485.6,Yes,5,Yes,No,20,New
12505,Ahmed Brown,Male,43,Cairo,Qatar,57269.18,Budget,C005,Holiday Offers,Seasonal,SMS,2025-01-11,2025-01-29,242.84,52426,5180,816,74780.11,41835.46,70885.4,Yes,4,No,No,8,Inactive
13002,Sophia Miller,Female,19,Cairo,Jordan,63303.77,Regular,C007,Spring Promotion,Seasonal,Display Ads,2025-10-26,2025-11-05,20.0,26674,502,52,6921.5,5442.54,7926.33,Yes,8,Yes,No,20,Returning
10579,Lina Smith,Male,32,Jerusalem,UAE,68191.57,Budget,C003,Black Friday,Discount,Email,2025-11-03,2025-11-24,668.68,35910,2326,299,56046.32,33711.76,60749.82,Yes,15,Yes,Yes,9,New
10890,Layla Hassan,Female,38,Amman,Qatar,22642.48,Regular,C002,Back to School,Seasonal,SMS,2025-01-29,2025-02-13,310.81,53437,4668,570,91843.77,51384.24,102031.81,Yes,9,Yes,No,0,Inactive
11313,Layla Wilson,Female,24,Dubai,Lebanon,66432.36,Premium,,Loyalty Rewards,Retention,Display Ads,2025-04-22,2025-05-01,614.29,29044,71,5,546.57,372.59,559.16,Yes,15,Yes,No,14,New
11838,Olivia Wilson,FEMALE,20,Jerusalem,UAE,74460.29,Budget,C003,Black Friday,Discount,Google Ads,2025-03-28,2025-04-19,479.01,67340,3180,173,27470.61,21522.92,24962.6,Yes,9,Yes,No,5,Returning
13377,Sara Hassan,Male,20,Dubai,Palestine,87203.6,Regular,C008,Weekend Flash Sale,Discount,SMS,2025-11-08,2025-12-03,284.69,79183,6220,625,31813.41,27007.16,26608.66,Yes,9,Yes,No,18,New
13335,Sara Hassan,Female,49,Amman,Qatar,29490.66,Corporate,C001,Summer Sale,Discount,Google Ads,2025-01-19,2025-02-12,772.45,56256,2221,124,17904.23,13113.47,17301.33,Yes,15,Yes,No,4,New
13218,Yousef Davis,Male,43,Nablus,Qatar,50293.14,Budget,C005,Holiday Offers,Seasonal,SMS,2025-02-08,2025-02-27,745.01,46036,4296,255,48061.88,38184.71,39260.85,Yes,12,Yes,No,20,Inactive
13436,Daniel Khalil,Male,25,Nablus,UAE,74263.43,Regular,C006,Loyalty Rewards,Retention,Social Media,2025-09-15,2025-09-22,545.69,96083,2442,77,8748.73,6234.34,7660.45,Yes,15,No,No,28,Returning
13961,Ahmed Khalil,Female,38,Beirut,Qatar,76429.7,Corporate,C001,Summer Sale,Discount,Display Ads,2025-03-19,2025-04-16,326.11,31878,333,37,,3979.05,5860.4,Yes,6,No,No,4,Returning
13041,Noor Davis,Male,30,Hebron,Qatar,38754.62,Regular,C006,Loyalty Rewards,Retention,SMS,2025-12-20,2025-12-31,326.55,26932,2756,219,27578.0,21439.67,30382.48,Yes,10,No,No,27,New
10556,Maya Miller,Male,34,Gaza,UAE,20347.27,Regular,C007,Spring Promotion,Seasonal,Social Media,2025-12-29,2026-01-22,318.71,46902,754,89,19673.89,11151.34,16014.15,Yes,11,Yes,No,9,Returning
10321,Omar Nasser,Female,44,Ramallah,Lebanon,30124.34,Budget,C001,Summer Sale,Discount,Display Ads,2025-07-24,2025-08-20,108.36,50470,301,31,,1193.75,2297.04,Yes,13,Yes,No,11,Returning
12587,Maya Nasser,Male,18,Beirut,Lebanon,46442.34,Corporate,C002,Back to School,Seasonal,Google Ads,2025-09-27,2025-10-24,271.09,67527,2929,120,11618.0,9750.85,12873.49,Yes,7,Yes,No,4,Inactive
10460,Maya Khalil,Male,50,Dubai,Egypt,72224.41,Budget,C007,Spring Promotion,Seasonal,Display Ads,2025-01-23,2025-02-04,786.36,71142,2569,251,28299.01,21566.34,25161.84,Yes,5,Yes,No,8,Returning
12867,Sophia Miller,Male,35,Doha,Egypt,52047.54,Premium,C006,Loyalty Rewards,Retention,Google Ads,2025-12-12,2026-01-05,254.78,92077,4504,112,8884.2,7314.94,9752.72,Yes,6,No,No,25,New
12589,Noor Davis,Male,46,Hebron,Qatar,27062.17,Regular,C005,Holiday Offers,Seasonal,Google Ads,2025-10-30,2025-11-12,383.32,37559,1706,159,21933.1,14323.57,18492.72,Yes,14,No,No,7,New
11161,Sophia Wilson,Female,22,Amman,Qatar,57651.49,Regular,C002,Back to School,Seasonal,Email,2025-06-18,2025-07-06,261.34,52791,2964,235,17478.44,11493.47,19481.05,Yes,2,No,No,19,Inactive
10472,Emma Wilson,Female,27,Dubai,Qatar,58409.54,Premium,C002,Back to School,Seasonal,SMS,2025-10-06,2025-10-18,302.55,89112,8121,671,86534.46,70278.94,80213.15,Yes,12,Yes,No,27,Inactive
13860,Noor Awwad,Female,37,Gaza,Egypt,79109.13,Budget,C003,Black Friday,Discount,SMS,2025-11-03,2025-11-25,679.79,96274,8865,794,44614.42,37401.37,52305.11,Yes,4,No,No,6,New
13501,Layla Brown,Female,20,Jerusalem,Palestine,44950.58,Regular,C006,Loyalty Rewards,Retention,Display Ads,2025-07-20,2025-08-06,780.41,73361,1237,123,20622.59,15399.16,17789.06,Yes,8,Yes,No,25,Returning
12485,Noor Davis,Male,26,Dubai,Egypt,73159.95,Regular,C005,Holiday Offers,Seasonal,Google Ads,2025-08-27,2025-09-21,542.54,46858,2295,313,33623.57,19265.29,34805.91,Yes,11,No,No,6,Returning
13475,Michael Miller,Female,21,Jerusalem,Egypt,50322.93,Premium,C007,Spring Promotion,Seasonal,Email,2025-04-07,2025-05-04,679.17,3296,172,11,1279.66,919.27,1305.14,Yes,4,No,No,27,New
13299,Adam Miller,Male,43,Dubai,Lebanon,21523.33,Regular,C005,Holiday Offers,Seasonal,Website,2025-09-13,2025-09-26,459.3,76238,2336,169,,4594.86,5448.89,Yes,14,No,No,16,Returning
13003,Sophia Nasser,Female,39,Ramallah,Egypt,80977.55,Budget,C002,Back to School,Seasonal,Display Ads,2025-09-04,2025-09-22,616.67,30251,426,29,5057.57,4526.16,5916.04,Yes,8,Yes,No,18,Returning
13615,Emma Khalil,Male,28,Doha,UAE,65763.08,Regular,C004,New Product Launch,Product,Google Ads,2025-05-24,2025-06-01,485.08,54561,2113,112,7779.69,4554.66,8074.61,Yes,1,Yes,No,3,New
13137,Maya Brown,Female,36,Beirut,Qatar,55829.01,Corporate,C003,Black Friday,Discount,SMS,2025-09-16,2025-10-15,283.53,31813,2494,225,27712.63,18920.75,23993.38,Yes,6,Yes,No,25,Returning
11704,Olivia Saleh,Male,48,Beirut,Qatar,40831.36,Budget,C003,Black Friday,Discount,Google Ads,2025-04-10,2025-04-30,351.22,76729,3787,315,41444.54,29039.59,38871.55,Yes,2,Yes,No,28,New
13677,Maya Brown,Female,40,Ramallah,UAE,47261.22,Corporate,C002,Back to School,Seasonal,Display Ads,2025-06-04,2025-07-04,919.56,94023,1931,189,28106.62,23590.25,24849.85,YES,14,Yes,No,2,New
11732,Yousef Smith,Female,31,Ramallah,Qatar,52762.81,Regular,C001,Summer Sale,Discount,SMS,2025-12-18,2025-12-28,632.94,46531,4714,216,19336.69,15222.63,20616.88,Yes,1,Yes,No,13,Returning
12845,Maya Davis,Female,36,Hebron,Palestine,49884.63,Premium,C006,Loyalty Rewards,Retention,Google Ads,2025-08-29,2025-09-27,413.62,86166,3282,390,61098.9,36844.45,66506.85,Yes,12,No,No,19,New
11033,Omar Awwad,Female,38,Amman,Lebanon,45806.83,Budget,C008,Weekend Flash Sale,Discount,Display Ads,2025-08-20,2025-09-05,42.08,84609,2036,150,19942.6,11360.76,20152.26,Yes,3,No,No,8,New
14159,Ahmed Saleh,Female,38,Jerusalem,Palestine,36750.3,Budget,C008,Weekend Flash Sale,Discount,Social Media,2025-02-04,2025-02-26,358.28,4097,186,16,1177.59,842.46,1324.78,Yes,8,No,No,13,Returning
10226,Sara Wilson,Female,29,Jerusalem,Palestine,23961.81,Premium,C007,Spring Promotion,Seasonal,SMS,2025-02-25,2025-03-08,352.38,31329,2843,252,35017.97,25479.25,38574.32,Yes,1,No,No,12,Returning
13255,Emma Miller,Male,26,Ramallah,Qatar,39454.92,Budget,C006,Loyalty Rewards,Retention,Website,2025-12-17,2025-12-27,784.31,29945,318,34,3043.83,2485.34,2734.81,Yes,13,No,No,22,New
11255,Omar Davis,Female,43,Ramallah,Lebanon,40384.48,Premium,C002,Back to School,Seasonal,Social Media,2025-01-11,2025-02-09,742.64,92007,2299,85,8493.76,5804.07,9373.97,Yes,11,Yes,No,27,Returning
11936,Yousef Wilson,Male,34,Gaza,Egypt,44338.34,Regular,C005,Holiday Offers,Seasonal,SMS,2025-01-04,2025-02-01,626.84,99232,9047,629,93696.54,52041.46,81650.13,Yes,4,No,No,22,Returning
13838,Layla Saleh,Female,37,Gaza,UAE,60438.04,Budget,C008,Weekend Flash Sale,Discount,Google Ads,2025-07-12,2025-08-01,665.74,51029,2386,190,20909.5,12746.14,24252.53,Yes,2,No,No,5,New
11932,Maya Miller,Female,40,Nablus,Palestine,68175.21,Corporate,C008,Weekend Flash Sale,Discount,SMS,2025-02-12,2025-02-20,629.88,25969,2409,178,22568.7,18771.91,21944.16,Yes,4,Yes,No,12,New
10038,Michael Hassan,Female,35,Doha,Lebanon,68029.83,Premium,C006,Loyalty Rewards,Retention,Display Ads,2025-02-08,2025-03-10,632.45,15506,222,15,1649.46,1255.15,1550.82,Yes,7,Yes,No,29,Returning
12217,Daniel Davis,Male,43,Dubai,Lebanon,58758.71,Budget,C003,Black Friday,Discount,Website,2025-02-12,2025-03-10,544.52,32360,1132,92,10428.25,5856.37,9359.18,Yes,0,No,No,4,Returning
12996,Omar Smith,Male,31,Doha,Jordan,32990.8,Premium,C008,Weekend Flash Sale,Discount,SMS,2025-06-29,2025-07-19,866.79,64893,5523,395,65627.23,47823.82,75771.04,Yes,5,Yes,No,8,New
12748,Ahmed Saleh,Female,36,Ramallah,Palestine,34469.49,Premium,C006,Loyalty Rewards,Retention,Website,2025-11-06,2025-12-03,913.25,93748,2753,52,7821.82,4789.74,6952.03,Yes,5,Yes,No,5,New
12223,Yousef Nasser,Male,45,Dubai,Qatar,54148.77,Corporate,C002,Back to School,Seasonal,Google Ads,2025-10-21,2025-11-17,592.91,23670,925,73,4143.34,2990.42,4680.97,Yes,4,Yes,No,1,Inactive
13154,Yousef Davis,Female,18,Ramallah,Egypt,40449.16,Regular,C003,Black Friday,Discount,Google Ads,2025-06-22,2025-07-21,205.76,77570,2957,385,54306.3,31282.01,49645.51,Yes,3,No,No,7,New
10937,Olivia Hassan,Female,30,Amman,Qatar,58711.36,Budget,C006,Loyalty Rewards,Retention,Email,2025-09-20,2025-10-02,533.38,7768,443,38,3824.4,2790.52,3516.35,Yes,1,Yes,Yes,30,Returning
14051,Sara Saleh,Female,36,Hebron,Egypt,63551.9,Budget,C008,Weekend Flash Sale,Discount,Social Media,2025-03-18,2025-04-02,592.8,20813,760,71,11200.16,7035.34,12432.73,Yes,1,No,No,14,New
12981,Emma Miller,Male,49,Amman,Qatar,62989.5,Premium,C003,Black Friday,Discount,SMS,2025-12-01,2025-12-31,426.27,75900,6334,661,109172.25,76492.84,92548.52,Yes,5,Yes,No,22,New
10590,Ali Wilson,Male,31,Ramallah,Lebanon,46693.53,Corporate,C008,Weekend Flash Sale,Discount,Email,2025-04-03,2025-05-02,647.1,57008,3247,367,42471.04,26048.01,36267.22,Yes,2,Yes,Yes,29,Returning
14076,Omar Hassan,Male,39,Gaza,Palestine,41279.5,Premium,C003,Black Friday,Discount,SMS,2025-03-24,2025-04-03,326.59,2669,260,28,3651.81,2247.05,3741.48,Yes,6,Yes,No,17,New
10710,Layla Saleh,Male,32,Beirut,Jordan,72830.88,Regular,C005,Holiday Offers,Seasonal,Email,2025-06-18,2025-07-02,100.97,12347,562,22,1682.48,1209.06,1562.81,Yes,2,No,No,5,New
11895,Ali Saleh,Female,39,Jerusalem,Egypt,69610.3,Regular,C008,Weekend Flash Sale,Discount,Social Media,2025-09-28,2025-10-19,551.23,60965,1990,119,14023.68,11385.36,13692.63,Yes,2,Yes,No,29,Inactive
12480,Lina Saleh,Female,57,Dubai,Egypt,59356.58,Budget,C001,Summer Sale,Discount,Email,2025-09-05,2025-10-03,538.37,97275,3973,345,49021.8,34798.65,46979.33,Yes,14,Yes,Yes,22,Returning
10283,Michael Davis,Female,52,Jerusalem,UAE,63919.09,Regular,C002,Back to School,Seasonal,Social Media,2025-09-26,2025-10-13,681.9,40916,1457,140,18150.88,12908.78,18152.25,Yes,2,Yes,No,3,Inactive
12140,Yousef Davis,Female,55,Ramallah,Egypt,41161.79,Regular,C005,Holiday Offers,Seasonal,Social Media,2025-12-10,2025-12-24,566.25,27393,739,60,11457.33,9179.48,9806.52,Yes,8,No,No,1,New
14148,Emma Smith,Male,37,Nablus,Egypt,33393.44,Regular,C003,Black Friday,Discount,Display Ads,2025-02-22,2025-03-15,401.49,13083,304,19,1661.85,1055.59,1858.79,Yes,0,No,No,8,Returning
12782,Sophia Nasser,Female,31,Nablus,Egypt,44673.28,Budget,C003,Black Friday,Discount,Google Ads,2025-05-09,2025-05-31,780.24,65499,3468,297,9864.59,8044.52,10762.2,Yes,15,No,No,7,Inactive
10970,Michael Brown,Male,29,Amman,Jordan,47733.52,Premium,C008,Weekend Flash Sale,Discount,Website,2025-02-10,2025-03-11,668.44,15176,580,17,2075.75,1224.62,1670.63,Yes,0,Yes,No,25,Returning
13935,Yousef Nasser,Female,29,Beirut,Jordan,65001.86,Premium,C002,Back to School,Seasonal,Display Ads,2025-06-26,2025-07-24,553.07,88956,762,23,2732.4,2184.97,3154.31,Yes,2,No,No,9,Returning
10155,Olivia Awwad,Female,34,Gaza,UAE,18987.62,Premium,C007,Spring Promotion,Seasonal,Google Ads,2025-10-22,2025-11-03,168.54,31792,1305,139,9118.39,5223.2,10682.45,Yes,0,No,No,22,Inactive
10113,Sara Wilson,Female,28,Cairo,UAE,47902.22,Regular,C006,Loyalty Rewards,Retention,Social Media,2025-05-18,2025-06-07,470.19,61322,2520,200,14252.1,12395.57,16592.47,Yes,3,Yes,No,1,Returning
12429,Olivia Saleh,Male,43,Cairo,Qatar,77406.21,Regular,C006,Loyalty Rewards,Retention,Website,2025-12-01,2025-12-26,459.54,73894,1692,231,35117.21,21876.99,33266.46,Yes,6,Yes,No,23,New
12960,Sara Saleh,Male,38,Hebron,Palestine,89611.87,Corporate,C007,Spring Promotion,Seasonal,Display Ads,2025-11-02,2025-11-20,468.68,35680,476,24,2227.32,1548.78,2036.39,Yes,6,Yes,No,7,New
11798,Emma Smith,Male,39,Dubai,Egypt,39201.02,Regular,C004,New Product Launch,Product,Display Ads,2025-09-12,2025-10-04,570.0,63665,989,101,12191.19,9105.92,10819.51,Yes,5,Yes,No,9,New
14078,Sara Davis,Female,33,Jerusalem,Qatar,38920.36,Budget,C007,Spring Promotion,Seasonal,Display Ads,2025-11-16,2025-12-06,747.24,41963,1015,136,29330.96,23665.08,25085.82,Yes,13,No,No,29,Returning
11330,Yousef Awwad,Male,48,Gaza,Qatar,36841.04,Regular,C007,Spring Promotion,Seasonal,Google Ads,2025-07-09,2025-08-07,565.09,35414,1404,144,13604.4,12031.23,15812.17,Yes,9,Yes,No,13,Returning
12457,Lina Smith, male ,34,Jerusalem,Egypt,27897.51,Regular,C004,New Product Launch,Product,Email,2025-11-17,2025-12-11,592.8,4444,304,12,461.63,272.22,429.5,Yes,2,Yes,No,17,Returning
11555,Adam Awwad,Male,47,Nablus,Lebanon,94639.87,Premium,C006,Loyalty Rewards,Retention,SMS,2025-11-18,2025-12-15,304.66,45253,4363,248,38643.81,27054.04,36895.36,Yes,14,Yes,No,21,New
11009,Sophia Awwad,Male,36,Cairo,Qatar,18000.0,Premium,C002,Back to School,Seasonal,Social Media,2025-08-09,2025-09-06,564.75,35981,1635,58,8989.75,6646.5,8352.12,Yes,1,No,No,18,New
12960,Ali Davis,Female,34,Nablus,UAE,105537.71,Regular,C008,Weekend Flash Sale,Discount,Social Media,2025-07-01,2025-07-09,365.57,31374,1151,124,23894.07,15594.4,21287.82,Yes,3,No,No,18,Returning
13178,Noor Hassan,Male,24,Cairo,UAE,62337.62,Regular,C004,New Product Launch,Product,Social Media,2025-08-05,2025-08-25,859.62,87478,1807,150,17146.33,14660.33,19429.2,Yes,0,Yes,No,7,New
10760,Olivia Miller,Male,62,Ramallah,Palestine,60733.88,Budget,C003,Black Friday,Discount,Website,2025-10-21,2025-10-30,204.74,32989,861,67,7061.2,5004.14,7906.26,Yes,0,No,No,2,New
10145,Emma Davis,Male,18,Gaza,Qatar,68175.86,Corporate,C007,Spring Promotion,Seasonal,Display Ads,2025-01-27,2025-02-25,565.27,44124,1495,179,17281.98,10817.24,14041.38,Yes,12,Yes,No,7,Inactive
12094,Michael Miller,Female,29,Dubai,Egypt,65707.14,Regular,C005,Holiday Offers,Seasonal,Social Media,2025-05-14,2025-06-10,727.97,51027,1708,75,9006.39,5975.47,9552.96,Yes,8,No,No,16,New
13301,Adam Wilson,Male,59,Hebron,Jordan,49581.2,Corporate,C001,Summer Sale,Discount,Social Media,2025-01-04,2025-01-19,1054.42,60309,1242,19,858.01,736.62,915.29,Yes,3,No,No,21,Returning
11930,Layla Hassan,Female,18,Hebron,Lebanon,56753.72,Regular,C001,Summer Sale,Discount,Email,2025-03-06,2025-04-02,683.66,69484,3458,186,17201.09,10279.72,19856.2,Yes,2,Yes,Yes,0,New
12818,Lina Awwad,Female,40,Cairo,Palestine,47313.15,Regular,C005,Holiday Offers,Seasonal,Email,2025-06-05,2025-06-24,519.8,46105,2323,261,59464.73,33480.24,49067.6,YES,13,No,No,14,New
12136,Noor Wilson,Male,31,Doha,Lebanon,34313.49,Regular,C005,Holiday Offers,Seasonal,Social Media,2025-07-11,2025-07-25,613.92,42596,1697,88,18133.42,10773.2,16057.72,Yes,11,No,No,13,Returning
12462,Michael Brown,Female,49,Nablus,Palestine,66229.97,Regular,C005,Holiday Offers,Seasonal,Website,2025-01-01,2025-01-26,449.08,12457,270,9,762.34,518.95,674.23,Yes,4,No,No,3,Returning
10805,Emma Khalil,Female,48,Ramallah,Egypt,73281.64,Budget,C006,Loyalty Rewards,Retention,Website,2025-06-02,2025-06-10,615.54,8062,270,11,1189.47,884.05,1204.71,Yes,9,No,No,10,Returning
13168,Emma Nasser,Female,51,Beirut,UAE,65744.09,Corporate,C008,Weekend Flash Sale,Discount,SMS,2025-07-04,2025-07-22,287.16,56653,5038,535,24883.25,14081.18,25404.59,Yes,2,Yes,No,7,New
10671,Daniel Hassan,Male,42,Beirut,Palestine,58516.58,Budget,C001,Summer Sale,Discount,Display Ads,2025-02-15,2025-03-05,746.5,3858,74,3,415.12,346.05,343.02,Yes,15,No,No,5,Returning
11399,Ahmed Khalil,Male,31,Ramallah,Qatar,55244.87,Premium,C003,Black Friday,Discount,Email,2025-10-31,2025-11-16,663.6,29660,1678,88,14964.82,13284.74,12606.1,Yes,8,Yes,Yes,29,New
10694,Emma Wilson,Female,34,Cairo,Qatar,52621.28,Regular,C002,Back to School,Seasonal,Display Ads,2025-05-03,2025-05-24,513.84,20036,444,46,6911.26,4347.62,7093.51,Yes,6,Yes,No,22,Returning
14039,Sara Saleh,Female,57,Ramallah,Egypt,72494.65,Regular,C005,Holiday Offers,Seasonal,Website,2025-09-12,2025-10-05,527.64,78136,2674,157,14709.58,11605.22,17048.67,Yes,11,Yes,No,23,Inactive
11336,Daniel Davis,Female,48,Hebron,UAE,54884.6,Regular,C006,Loyalty Rewards,Retention,Email,2025-06-11,2025-06-26,581.4,14311,791,42,5259.31,3800.25,5692.17,Yes,9,Yes,No,9,New
12351,Noor Awwad,Female,35,Cairo,Qatar,20310.48,Budget,C007,Spring Promotion,Seasonal,Google Ads,2025-11-29,2025-12-09,399.25,39613,2220,206,22179.97,19074.19,21264.65,Yes,9,Yes,No,11,Returning
10409,John Miller,Male,41,Hebron,Qatar,39643.82,Regular,C008,Weekend Flash Sale,Discount,Website,2025-12-16,2025-12-24,439.09,13726,516,48,5038.31,3733.54,5703.7,Yes,10,No,No,30,New
13507,Adam Miller,Female,37,Cairo,UAE,41387.44,Regular,C006,Loyalty Rewards,Retention,Email,2025-11-18,2025-12-05,136.52,93102,5218,564,74425.85,42130.25,86794.35,Yes,5,No,No,11,New
12083,Olivia Brown,Male,41,Beirut,Egypt,38134.25,Regular,C007,Spring Promotion,Seasonal,Website,2025-05-01,2025-05-18,318.97,7604,181,17,2648.24,1712.77,2724.59,Yes,11,Yes,No,26,Returning
10248,Maya Wilson,Female,41,Amman,UAE,46090.67,Regular,C001,Summer Sale,Discount,Email,2025-05-22,2025-06-03,538.45,77764,3733,189,21503.69,14693.13,21552.83,Yes,10,Yes,No,13,Returning
11843,Layla Awwad,Male,47,Ramallah,Palestine,47001.05,Premium,C006,Loyalty Rewards,Retention,Google Ads,2025-10-20,2025-11-12,877.69,5898,214,12,957.53,589.5,1104.04,Yes,9,No,No,0,Returning
12510,Adam Awwad,Female,19,Dubai,Qatar,33079.75,Corporate,C004,New Product Launch,Product,Google Ads,2025-11-05,2025-11-15,672.94,54928,2798,120,7681.58,5550.26,7303.72,Yes,12,Yes,No,11,Returning
11558,Omar Nasser,Female,28,Amman,Lebanon,39540.52,Regular,C007,Spring Promotion,Seasonal,Social Media,2025-04-24,2025-05-07,584.65,11067,523,58,5479.92,3156.67,4409.21,Yes,6,Yes,No,22,New
10384,Sara Khalil,Male,35,Hebron,Egypt,40565.17,Regular,C004,New Product Launch,Product,Display Ads,2025-10-08,2025-10-15,327.22,4905,48,3,363.91,276.75,343.69,Yes,14,No,No,25,Inactive
10771,John Davis,Female,18,Nablus,Lebanon,39129.22,Corporate,C007,Spring Promotion,Seasonal,SMS,2025-09-18,2025-10-16,626.55,66960,5743,260,21218.56,12326.86,22825.23,Yes,9,Yes,No,26,New
12626,Omar Miller,Male,19,Hebron,Egypt,69054.54,Premium,C003,Black Friday,Discount,SMS,2025-03-13,2025-03-29,896.66,79977,7536,1067,94419.96,53730.89,92906.62,Yes,1,Yes,No,27,Inactive
12498,Adam Miller,Male,42,Gaza,Qatar,69224.74,Corporate,C005,Holiday Offers,Seasonal,SMS,2025-12-03,2025-12-17,527.29,68035,6692,557,78117.2,48833.84,89034.72,Yes,9,Yes,No,18,New
13991,Maya Smith,Male,18,Ramallah,UAE,70982.79,Budget,C006,Loyalty Rewards,Retention,Website,2025-05-25,2025-06-19,800.99,54660,2285,222,38590.06,32569.17,34402.96,Yes,4,Yes,No,1,New
10290,Maya Awwad,Male,35,Beirut,Jordan,53079.72,Regular,C007,Spring Promotion,Seasonal,Email,2025-02-26,2025-03-20,393.3,30530,1378,182,21400.1,12482.79,23095.07,Yes,11,Yes,Yes,11,New
10754,Michael Brown,Male,36,Gaza,Jordan,107734.2,Regular,C007,Spring Promotion,Seasonal,Social Media,2025-06-01,2025-06-17,535.99,30202,910,30,3041.13,1675.92,2543.84,Yes,13,No,No,15,Returning
12107,Ali Khalil,Male,44,Cairo,Palestine,63015.91,Premium,C003,Black Friday,Discount,Display Ads,2025-07-21,2025-08-05,558.24,81492,1260,62,8198.75,6199.56,7312.05,Yes,3,Yes,No,29,New
12119,Emma Brown,Female,35,Jerusalem,UAE,60263.53,Regular,C006,Loyalty Rewards,Retention,Display Ads,2025-04-20,2025-04-29,578.5,58584,999,84,7669.64,4838.11,7680.67,Yes,15,Yes,No,0,Returning
11433,Emma Brown,Female,48,Dubai,Jordan,33165.46,Budget,C008,Weekend Flash Sale,Discount,Social Media,2025-05-12,2025-05-25,716.76,40790,1689,41,3622.68,3028.53,3715.74,Yes,2,Yes,No,0,Returning
10254,Ahmed Hassan,Female,31,Jerusalem,Palestine,55557.56,Corporate,C002,Back to School,Seasonal,Social Media,2025-08-19,2025-09-09,374.58,49717,1945,228,20342.18,17455.72,21300.77,Yes,0,No,No,30,Returning
13058,Emma Wilson,Female,51,Gaza,UAE,94797.27,Premium,C003,Black Friday,Discount,Display Ads,2025-09-15,2025-10-01,887.97,66202,1687,79,5170.86,4173.66,4767.64,Yes,9,Yes,No,2,Returning
13984,Yousef Hassan,Male,37,Beirut,UAE,42692.84,,C005,Holiday Offers,Seasonal,SMS,2025-10-13,2025-11-12,229.73,74335,6090,565,48459.04,34058.65,41139.47,Yes,2,Yes,No,13,Returning
13421,Layla Miller, male ,38,Jerusalem,Qatar,30344.02,Budget,C003,Black Friday,Discount,SMS,2025-11-01,2025-11-17,226.84,11851,1120,106,18887.92,12663.51,16017.32,Yes,9,No,No,20,Inactive
13815,Noor Saleh,Male,45,Nablus,Egypt,73572.34,Corporate,C008,Weekend Flash Sale,Discount,Email,2025-04-24,2025-05-17,631.88,21670,1245,104,14697.53,8885.39,13761.82,Yes,8,No,No,17,Returning
10488,Layla Miller,Female,47,Hebron,UAE,33726.51,Regular,C005,Holiday Offers,Seasonal,SMS,2025-04-18,2025-05-16,466.74,39106,3827,442,50822.42,35663.93,58695.68,Yes,12,No,No,15,New
12771,Sara Saleh,Male,44,Ramallah,Palestine,61922.1,Premium,C006,Loyalty Rewards,Retention,Social Media,2025-03-26,2025-04-25,738.39,10201,430,27,2212.89,1492.35,2520.57,Yes,2,No,No,28,Returning
10592,Maya Saleh,Female,50,Cairo,Egypt,75586.09,Regular,C001,Summer Sale,Discount,Website,2025-12-03,2025-12-27,538.98,23184,946,73,11375.21,6658.96,9214.29,Yes,7,Yes,No,7,Inactive
12019,Daniel Hassan,Male,51,Amman,Lebanon,18000.0,Regular,C005,Holiday Offers,Seasonal,Google Ads,2025-08-19,2025-08-26,311.34,27898,1219,79,5912.96,3464.71,4858.29,Yes,2,No,No,12,Returning
10710,Adam Hassan,Female,43,Doha,Palestine,51026.02,Budget,C004,New Product Launch,Product,Email,2025-09-19,2025-09-29,69.92,38843,2480,180,22777.82,20101.38,22119.97,Yes,2,Yes,No,14,Returning
12813,Yousef Smith,Male,18,Doha,Jordan,46040.37,Budget,C004,New Product Launch,Product,Email,2025-02-04,2025-02-24,750.51,44893,2153,134,8408.55,4890.66,8369.85,Yes,8,No,Yes,11,Returning
13044,Ali Brown,Female,28,Amman,UAE,18000.0,Regular,C002,Back to School,Seasonal,SMS,2025-03-16,2025-04-09,305.31,51210,4461,206,26587.94,18663.68,28811.57,Yes,8,Yes,No,2,Returning
10932,Olivia Khalil,Female,48,Doha,Jordan,46968.89,Budget,C003,Black Friday,Discount,Display Ads,2025-03-06,2025-04-01,475.8,91060,1964,164,16938.84,12661.48,15997.67,Yes,9,No,No,6,Inactive
12600,Ali Brown,Female,23,Gaza,Palestine,55854.07,Regular,C001,Summer Sale,Discount,Google Ads,2025-05-18,2025-05-25,283.79,4156,178,12,829.91,690.16,789.65,Yes,10,Yes,No,16,Returning
12239,Maya Awwad,Female,36,Beirut,Qatar,91129.35,Budget,C001,Summer Sale,Discount,Display Ads,2025-11-12,2025-12-03,823.26,77968,1029,115,11920.76,6889.19,9757.11,Yes,13,No,No,23,Returning
10825,Sara Davis,Female,46,Nablus,Lebanon,68236.49,Corporate,C008,Weekend Flash Sale,Discount,Website,2025-02-09,2025-02-26,668.31,59175,1096,124,18351.73,10525.99,17258.25,Yes,8,Yes,No,13,Returning
12626,Sophia Wilson,Male,53,Beirut,Egypt,59051.63,Budget,C007,Spring Promotion,Seasonal,SMS,2025-10-07,2025-10-31,617.97,43735,3750,416,52215.09,32397.24,55333.1,Yes,3,No,No,17,New
13012,Lina Davis,Female,26,Doha,Egypt,65669.85,Regular,C001,Summer Sale,Discount,Email,2025-06-22,2025-07-08,505.69,92189,5186,281,53925.85,40703.53,45150.48,Yes,2,Yes,No,12,Returning
12785,Ali Khalil,Male,42,Ramallah,Qatar,63232.19,Budget,C008,Weekend Flash Sale,Discount,Website,2025-09-08,2025-09-21,677.47,36130,745,39,3021.83,2312.26,3315.38,Yes,1,No,No,3,Returning
13308,Sophia Wilson,Female,37,Doha,Lebanon,52581.53,Premium,C007,Spring Promotion,Seasonal,Website,2025-06-12,2025-06-28,436.21,3683,112,10,758.73,675.84,787.67,Yes,4,Yes,No,3,Inactive
12353,Maya Brown,Male,27,Beirut,Lebanon,50895.43,Budget,C007,Spring Promotion,Seasonal,Website,2025-11-13,2025-12-01,513.29,61041,553,63,7933.63,6124.67,6948.89,Yes,3,Yes,No,26,Inactive
12894,Michael Awwad,Male,35,Ramallah,Qatar,77779.06,Regular,C005,Holiday Offers,Seasonal,Google Ads,2025-02-03,2025-03-02,652.35,19617,566,77,9932.87,5678.69,9132.05,Yes,5,No,No,28,Returning
11812,Michael Davis,Male,34,Nablus,Jordan,60826.78,Regular,C005,Holiday Offers,Seasonal,Display Ads,2025-08-27,2025-09-15,357.78,7228,151,10,1588.68,1262.51,1374.41,Yes,8,Yes,No,18,Returning
11508,Sophia Hassan,Male,25,Jerusalem,UAE,58513.69,Budget,C006,Loyalty Rewards,Retention,Social Media,2025-08-15,2025-09-04,825.93,22539,927,74,7405.86,6293.21,8595.83,Yes,3,Yes,No,23,Returning
11633,Maya Wilson,Male,18,Doha,Jordan,54888.89,Budget,C001,Summer Sale,Discount,SMS,2025-07-23,2025-08-13,421.17,48813,4653,405,26943.75,19513.15,29526.88,Yes,8,Yes,No,11,Inactive
10136,Noor Wilson,Female,70,Hebron,Qatar,50293.57,Budget,C006,Loyalty Rewards,Retention,Display Ads,2025-02-01,2025-02-24,714.92,92679,1577,155,18344.2,15357.16,18746.08,Yes,6,Yes,No,22,Returning
12133,Sara Wilson,Male,48,Gaza,Egypt,68929.71,Budget,C008,Weekend Flash Sale,Discount,Social Media,2025-10-26,2025-11-11,20.0,18276,500,32,3568.9,2050.72,3730.88,Yes,14,Yes,No,29,Returning
11739,Michael Miller,Male,36,Nablus,UAE,63412.83,Budget,C008,Weekend Flash Sale,Discount,Social Media,2025-01-01,2025-01-13,403.85,91307,2955,270,44502.01,38789.73,42616.05,Yes,5,Yes,No,18,Returning
14000,Ahmed Davis,Female,50,Doha,Palestine,62776.0,Budget,C006,Loyalty Rewards,Retention,Display Ads,2025-03-28,2025-04-27,544.01,39843,318,28,5301.69,2998.37,4504.87,Yes,5,No,No,9,New
11035,Adam Hassan,Male,31,Nablus,Jordan,98977.65,Corporate,C008,Weekend Flash Sale,Discount,Display Ads,2025-05-16,2025-05-24,538.6,5157,88,7,703.2,567.3,773.18,Yes,5,No,No,26,Returning
11205,Olivia Awwad,Male,23,Ramallah,Lebanon,74074.27,Budget,C002,Back to School,Seasonal,Website,2025-02-01,2025-02-15,582.77,37011,1511,173,17602.11,11540.28,19498.68,Yes,6,Yes,No,29,Returning
11780,Omar Smith,Female,22,Amman,Palestine,19720.74,Budget,C003,Black Friday,Discount,SMS,2025-11-23,2025-12-11,105.79,90356,7241,957,80278.88,71125.55,78040.0,Yes,12,No,No,17,New
12295,Layla Brown,Female,0,Gaza,Egypt,52046.97,Budget,C003,Black Friday,Discount,Social Media,2025-03-29,2025-04-22,422.86,52744,1742,125,9435.16,6189.17,8580.85,Yes,8,Yes,No,26,New
12283,Michael Khalil,Female,34,Gaza,Jordan,61094.82,Regular,C005,Holiday Offers,Seasonal,Email,2025-07-28,2025-08-17,412.04,11623,548,51,6405.05,3607.51,6533.14,Yes,4,Yes,Yes,2,Returning
10824,Maya Nasser,Male,64,Cairo,Palestine,50522.69,Premium,C007,Spring Promotion,Seasonal,Email,2025-08-22,2025-09-10,667.89,23909,1138,95,12535.07,10899.0,10455.06,Yes,3,Yes,No,12,Returning
11336,Sophia Hassan,Male,52,Dubai,Egypt,89026.89,Regular,C003,Black Friday,Discount,Display Ads,2025-01-10,2025-01-22,482.42,6680,111,8,515.44,295.72,451.13,Yes,12,Yes,No,2,Returning
10285,Lina Nasser,Female,24,Hebron,Jordan,52992.4,Regular,C005,Holiday Offers,Seasonal,Email,2025-12-07,2025-12-25,350.73,57590,2610,191,26472.37,15703.2,25380.66,Yes,12,Yes,No,25,Returning
14027,Maya Nasser,Female,24,Jerusalem,Qatar,68277.87,Budget,C002,Back to School,Seasonal,Website,2025-10-12,2025-11-06,526.3,64831,1680,95,10254.64,6599.13,8906.24,Yes,1,No,No,29,New
11165,Ahmed Saleh,Female,34,Gaza,UAE,18000.0,Budget,C008,Weekend Flash Sale,Discount,Email,2025-10-23,2025-11-18,710.65,10484,572,59,11380.04,8756.17,9491.89,Yes,13,Yes,Yes,22,New
12083,Lina Khalil,Male,33,Gaza,Palestine,46220.0,Regular,C002,Back to School,Seasonal,Social Media,2025-08-12,2025-09-09,346.24,50361,2101,158,15539.81,11237.07,16043.33,Yes,9,Yes,No,26,Returning
11571,Noor Miller,Female,48,Jerusalem,Qatar,60622.5,Premium,C004,New Product Launch,Product,Display Ads,2025-05-16,2025-05-27,676.91,39512,947,69,6143.27,4018.08,5368.65,Yes,15,Yes,No,13,Returning
11096,Lina Hassan,Female,31,Doha,Palestine,52652.92,Regular,C005,Holiday Offers,Seasonal,Email,2025-01-15,2025-01-30,480.63,66165,4117,445,58941.38,38211.39,50341.03,Yes,11,No,Yes,8,New
12980,Sophia Nasser,Female,56,Dubai,Jordan,65937.17,Regular,C002,Back to School,Seasonal,Website,2025-01-22,2025-01-31,579.07,18779,402,48,4943.58,4335.06,4792.58,Yes,1,No,No,6,New
14048,Emma Miller,Female,33,Beirut,UAE,77561.97,Regular,C006,Loyalty Rewards,Retention,SMS,2025-08-24,2025-09-11,605.92,55363,4729,308,52944.2,36107.72,52324.62,Yes,8,No,No,21,Returning
13615,Yousef Miller,Male,68,Hebron,UAE,46441.53,Budget,C002,Back to School,Seasonal,SMS,2025-10-27,2025-11-26,319.34,36981,3141,124,8012.38,4804.5,7629.2,Yes,0,Yes,No,5,New
10907,Sophia Nasser,Female,31,Hebron,Lebanon,34033.45,Premium,C005,Holiday Offers,Seasonal,Display Ads,2025-05-27,2025-06-25,264.77,83690,502,28,4363.89,2420.3,3680.09,Yes,4,Yes,No,9,Returning
12327,Adam Smith,Male,33,Nablus,UAE,69041.91,Budget,C002,Back to School,Seasonal,Website,2025-10-15,2025-10-28,407.63,55873,1151,116,9874.38,7439.75,10007.79,Yes,11,Yes,No,24,New
12644,Ali Davis,Male,18,Doha,Qatar,31068.62,,C008,Weekend Flash Sale,Discount,Website,2025-01-17,2025-01-25,20.0,42548,1619,95,7842.67,4360.21,8973.04,Yes,14,Yes,No,24,New
10406,Olivia Smith,Male,36,Beirut,UAE,34929.0,Premium,C004,New Product Launch,Product,Google Ads,2025-05-20,2025-06-07,565.3,15214,741,52,6534.93,5253.08,5921.74,Yes,6,No,No,8,New
12444,Maya Hassan,Male,19,Cairo,UAE,53656.23,Regular,C001,Summer Sale,Discount,Social Media,2025-02-21,2025-03-04,447.64,99759,4304,578,73553.37,49639.33,63847.99,Yes,3,No,No,10,Inactive
13018,Maya Nasser,Male,48,Beirut,Lebanon,60155.48,Regular,C007,Spring Promotion,Seasonal,SMS,2025-06-23,2025-07-10,420.96,28905,2787,117,11972.09,7042.12,10760.31,Yes,12,Yes,No,3,Returning
13854,Ahmed Saleh,Male,30,Cairo,Palestine,72186.1,Budget,C003,Black Friday,Discount,Display Ads,2025-07-01,2025-07-14,686.66,70924,1626,180,19547.09,12581.1,18551.05,Yes,6,No,No,2,Inactive
10993,Olivia Miller,Male,35,Ramallah,Lebanon,94669.34,Regular,C002,Back to School,Seasonal,Google Ads,2025-10-07,2025-10-17,504.52,8783,478,35,4040.69,3004.51,4054.38,Yes,3,No,No,28,Inactive
11457,John Khalil,Male,42,Doha,Jordan,36998.37,Regular,C003,Black Friday,Discount,Email,2025-07-11,2025-07-24,540.65,71942,3876,219,16524.54,12466.34,19194.87,Yes,8,Yes,No,11,New
13255,Michael Saleh,Male,52,Hebron,Lebanon,,Premium,C002,Back to School,Seasonal,Social Media,2025-02-08,2025-03-10,433.37,24703,605,47,4497.99,3074.0,4341.34,Yes,9,Yes,No,8,Returning
13181,Lina Miller,Male,47,Hebron,Lebanon,73143.21,Budget,C003,Black Friday,Discount,Email,2025-06-21,2025-07-05,595.88,78156,3061,180,29842.53,17216.39,24002.48,Yes,8,No,Yes,24,Returning
12388,Sophia Khalil,Male,44,Nablus,UAE,50690.17,Budget,C005,Holiday Offers,Seasonal,Website,2025-10-13,2025-10-29,20.0,34288,809,45,3224.02,2253.53,2930.82,Yes,14,No,No,7,Returning
10506,Ahmed Wilson,Female,37,Cairo,Palestine,52140.74,Corporate,C004,New Product Launch,Product,Google Ads,2025-05-01,2025-05-14,533.76,91457,4772,398,10412.56,5956.54,9073.95,Yes,7,No,No,29,Returning
13630,Emma Khalil,Male,28,Nablus,Qatar,43578.94,Budget,C007,Spring Promotion,Seasonal,Google Ads,2025-10-02,2025-10-13,479.12,44553,2075,283,17445.74,12686.42,16874.97,Yes,10,No,No,16,Returning
13078,Ali Hassan,Male,55,Amman,Egypt,,Regular,C001,Summer Sale,Discount,Google Ads,2025-01-03,2025-01-25,70.96,27465,1342,119,9443.95,7063.77,10600.12,Yes,1,Yes,No,15,Inactive
12571,John Saleh,Female,30,Dubai,Qatar,51387.74,Regular,C002,Back to School,Seasonal,Social Media,2025-11-05,2025-12-05,157.83,53504,2107,202,17445.07,13119.98,19443.73,Yes,5,No,No,7,New
12737,Layla Wilson,Male,44,Ramallah,Lebanon,29449.44,Premium,C002,Back to School,Seasonal,Google Ads,2025-04-11,2025-05-10,512.23,47500,1818,105,9834.35,8502.99,10807.26,Yes,6,Yes,No,18,New
11395,Lina Davis,Male,48,Amman,Qatar,32916.15,Regular,C007,Spring Promotion,Seasonal,Email,2025-05-31,2025-06-08,284.96,23523,1339,99,6692.01,4337.78,7140.5,Yes,14,Yes,Yes,29,New
10645,Adam Saleh,Female,33,Doha,Egypt,52698.39,Corporate,C003,Black Friday,Discount,Website,2025-10-29,2025-11-09,664.28,35645,1106,74,8456.61,6943.79,9481.1,Yes,9,Yes,No,7,Inactive
13326,Layla Saleh,Male,19,Beirut,Jordan,50488.29,Budget,C007,Spring Promotion,Seasonal,Email,2025-07-20,2025-08-18,154.86,19501,924,43,2864.84,2176.84,2472.75,YES,13,Yes,No,7,Returning
12423,Olivia Davis,Female,34,Gaza,UAE,52583.91,Budget,C006,Loyalty Rewards,Retention,SMS,2025-12-15,2026-01-13,535.17,2447,241,33,3547.25,3098.68,3613.66,Yes,6,Yes,No,20,Returning
13371,John Smith,Male,23,Doha,Egypt,21561.2,Budget,C005,Holiday Offers,Seasonal,Website,2025-02-28,2025-03-27,181.92,23645,706,16,1775.55,1153.43,1465.23,Yes,13,No,No,10,Inactive
11065,Michael Wilson,Male,120,Beirut,Lebanon,35719.19,Budget,,Back to School,Seasonal,Display Ads,2025-03-04,2025-03-30,670.36,98676,1128,24,2380.56,1641.97,2079.31,Yes,8,Yes,No,26,Returning
12542,Michael Wilson,Male,18,Beirut,Palestine,103742.99,Premium,C005,Holiday Offers,Seasonal,Google Ads,2025-01-23,2025-02-22,426.6,15737,667,58,12625.66,9403.68,11004.36,Yes,8,No,No,24,Returning
11631,Ali Miller,Female,36,Ramallah,Qatar,47676.64,Regular,C006,Loyalty Rewards,Retention,Website,2025-10-07,2025-10-18,667.41,89983,3112,267,40982.27,36206.66,34012.74,Yes,8,No,No,29,Returning
10961,Ahmed Nasser,Female,24,Amman,Egypt,50237.27,Corporate,C003,Black Friday,Discount,Website,2025-11-08,2025-12-03,523.25,49333,1593,142,11177.53,8785.59,12474.93,Yes,3,Yes,No,3,Returning
13911,Layla Nasser,Female,45,Amman,Qatar,84509.57,Budget,C004,New Product Launch,Product,SMS,2025-06-25,2025-07-05,607.72,66521,5041,407,57436.83,32439.09,51016.81,Yes,6,No,No,0,New
11344,Adam Wilson,Male,28,Jerusalem,UAE,71261.93,Premium,C003,Black Friday,Discount,Email,2025-03-12,2025-03-19,201.51,29204,1773,119,17088.88,13164.78,16126.69,Yes,11,Yes,No,24,Inactive
13642,Daniel Khalil,Female,24,Jerusalem,Lebanon,67447.29,Regular,C003,Black Friday,Discount,Google Ads,2025-01-17,2025-02-04,734.39,47971,2024,169,11211.57,7591.81,12323.93,Yes,14,Yes,No,7,Returning
10520,Daniel Smith,Male,40,Jerusalem,Egypt,49705.43,Regular,C008,Weekend Flash Sale,Discount,SMS,2025-01-18,2025-01-30,363.47,48338,4345,615,50069.95,43542.86,46372.56,Yes,9,No,No,17,Returning
12334,Lina Hassan,Male,35,Amman,UAE,33115.88,Budget,C008,Weekend Flash Sale,Discount,Social Media,2025-10-23,2025-11-02,806.4,24855,742,7,798.44,541.44,717.82,Yes,12,No,No,7,New
11931,Michael Awwad,Female,32,Hebron,Jordan,43006.17,Regular,C001,Summer Sale,Discount,Display Ads,2025-02-08,2025-03-01,666.62,11708,290,8,1119.43,927.13,960.05,Yes,11,No,No,28,Returning
11548,Lina Miller,Female,29,Ramallah,Qatar,74212.38,Budget,C003,Black Friday,Discount,Email,2025-06-28,2025-07-27,295.81,55963,3237,121,24362.24,15809.45,20483.91,Yes,15,Yes,No,12,New
14026,Omar Saleh,Male,36,Hebron,Qatar,64480.49,Regular,C007,Spring Promotion,Seasonal,Display Ads,2025-12-28,2026-01-05,604.95,17208,475,35,4976.16,3531.74,4895.6,Yes,12,No,No,26,New
14118,Yousef Awwad,Female,32,Hebron,Palestine,69398.26,Regular,C007,Spring Promotion,Seasonal,Google Ads,2025-10-07,2025-10-24,371.44,24419,1371,166,17161.72,12118.6,14108.58,Yes,5,No,No,12,Returning
13786,Yousef Brown,Male,31,Nablus,Jordan,47278.88,Budget,C002,Back to School,Seasonal,Email,2025-07-11,2025-08-04,157.67,73507,3514,276,50002.98,29054.77,42675.25,Yes,5,No,Yes,26,New
10708,Yousef Miller,Female,18,Gaza,UAE,80216.47,Premium,C001,Summer Sale,Discount,Website,2025-09-02,2025-09-10,740.77,56499,1495,120,15065.66,11935.84,17460.62,Yes,8,No,No,1,Returning
10589,Maya Smith,Male,22,Gaza,Qatar,37278.86,Premium,C006,Loyalty Rewards,Retention,Google Ads,2025-11-17,2025-12-04,796.72,24405,1014,54,5835.24,4106.52,4876.85,Yes,8,Yes,No,25,New
11512,Omar Khalil,Female,44,Cairo,Palestine,78068.9,Premium,C001,Summer Sale,Discount,Website,2025-11-30,2025-12-14,42.85,78424,2446,259,26006.13,18250.16,27002.18,Yes,11,Yes,No,3,New
12649,Sara Smith,Male,38,Jerusalem,Jordan,56545.8,Regular,C001,Summer Sale,Discount,Website,2025-10-17,2025-11-06,581.19,4321,136,11,2017.17,1262.55,1648.52,Yes,15,Yes,No,28,Returning
13141,John Wilson,Male,19,Cairo,Palestine,64125.2,Regular,C001,Summer Sale,Discount,SMS,2025-01-28,2025-02-14,803.54,94465,8717,318,38097.24,22226.76,42511.61,Yes,1,No,No,9,New
11877,Maya Davis,Female,32,Nablus,Lebanon,39484.97,Budget,C005,Holiday Offers,Seasonal,Display Ads,2025-05-24,2025-06-01,425.43,60050,672,40,4610.33,4137.43,4212.88,Yes,0,No,No,6,Inactive
11572,Daniel Saleh, male ,48,Doha,Jordan,73824.46,Budget,C005,Holiday Offers,Seasonal,SMS,2025-02-25,2025-03-15,706.24,88259,8380,681,82867.9,66151.77,71737.79,Yes,11,Yes,No,4,New
10547,Noor Nasser,Male,27,Gaza,Egypt,49520.12,Budget,C002,Back to School,Seasonal,Social Media,2025-08-01,2025-08-31,500.73,72480,2066,190,10471.84,6562.71,9333.58,Yes,4,No,No,11,Returning
11430,Olivia Saleh,Male,37,Beirut,Qatar,67981.94,Budget,C006,Loyalty Rewards,Retention,SMS,2025-01-14,2025-02-12,366.27,54143,4346,490,104647.63,80606.75,87734.78,Yes,8,No,No,24,Returning
12244,Michael Awwad,Male,28,Ramallah,Egypt,18000.0,Regular,C007,Spring Promotion,Seasonal,Google Ads,2025-10-17,2025-10-27,473.11,24148,1340,95,12472.28,10370.3,11992.45,Yes,7,No,No,27,New
12089,Adam Awwad,Female,42,Cairo,UAE,60633.25,Regular,C005,Holiday Offers,Seasonal,Google Ads,2025-11-02,2025-11-29,677.42,94806,3514,279,11745.16,6699.71,11548.72,Yes,1,Yes,No,25,Returning
13886,Sara Nasser,Female,38,Amman,Lebanon,64829.04,Premium,C003,Black Friday,Discount,Website,2025-08-05,2025-08-12,371.56,10338,218,21,2871.34,2198.43,2534.56,Yes,2,Yes,No,14,Returning
10552,Omar Davis,Male,52,Cairo,Lebanon,58139.12,Regular,C002,Back to School,Seasonal,Display Ads,2025-11-28,2025-12-12,623.93,62467,790,83,6584.95,4679.69,7158.25,Yes,1,Yes,No,3,New
14167,Yousef Nasser,Female,38,Gaza,UAE,33473.26,Budget,C004,New Product Launch,Product,Display Ads,2025-03-10,2025-03-28,585.61,53707,745,76,10693.74,9288.93,9886.58,Yes,15,Yes,No,2,Inactive
10527,Daniel Khalil,Male,32,Nablus,Egypt,57072.79,Regular,C003,Black Friday,Discount,SMS,2025-07-01,2025-07-24,426.42,84352,6671,380,29352.98,17053.43,29590.84,Yes,4,Yes,No,13,New
13553,Maya Awwad,Male,43,Nablus,Egypt,82626.0,Corporate,C008,Weekend Flash Sale,Discount,Display Ads,2025-08-04,2025-08-20,20.0,98115,1809,106,18418.74,13000.95,18511.33,Yes,3,No,No,7,Returning
11312,Maya Davis,Female,24,Amman,Qatar,19694.43,Budget,C004,New Product Launch,Product,Email,2025-05-23,2025-06-17,340.42,30862,1402,112,14577.54,12769.39,16394.73,Yes,11,Yes,No,23,New
11646,Lina Wilson,Female,28,Ramallah,Egypt,32422.79,Budget,C001,Summer Sale,Discount,Social Media,2025-08-18,2025-09-09,600.34,59653,1520,71,8491.73,5175.71,9156.81,Yes,7,Yes,No,3,New
12614,Adam Wilson,Female,39,Beirut,Jordan,38918.11,Regular,C006,Loyalty Rewards,Retention,Email,2025-12-22,2026-01-09,539.15,87950,5368,516,49775.82,35998.28,51550.42,Yes,2,Yes,No,1,Returning
13536,Olivia Hassan,Male,35,Beirut,Qatar,40548.91,Budget,C002,Back to School,Seasonal,Email,2025-09-26,2025-10-19,651.58,19433,1144,67,8853.65,7519.76,8844.56,Yes,3,No,No,1,Returning
10264,Daniel Miller,Female,56,Amman,Egypt,49308.26,Budget,C008,Weekend Flash Sale,Discount,Email,2025-05-09,2025-05-20,223.21,48806,2954,35,4547.05,4089.02,4136.62,Yes,7,Yes,No,13,Returning
13920,Noor Hassan,Female,50,Gaza,Egypt,50244.97,Regular,C001,Summer Sale,Discount,SMS,2025-01-04,2025-01-16,917.32,72305,6112,550,54170.22,39187.68,61222.8,Yes,15,Yes,No,30,Returning
11041,Adam Davis,Male,28,Amman,Qatar,67081.46,Premium,C003,Black Friday,Discount,Email,2025-07-26,2025-08-25,98.36,57629,3497,280,41787.35,34220.07,49004.89,Yes,5,Yes,No,12,Returning
11486,Olivia Saleh,Female,38,Jerusalem,Egypt,36114.81,Regular,C001,Summer Sale,Discount,Display Ads,2025-05-16,2025-05-28,450.36,52537,105,8,1149.62,633.49,1079.6,Yes,10,No,No,9,Returning
13304,Daniel Davis,Male,47,Jerusalem,Palestine,101204.94,Regular,C004,New Product Launch,Product,Social Media,2025-01-17,2025-02-01,476.83,39473,721,51,7883.16,7082.74,7427.28,Yes,4,Yes,No,15,Returning
12455,Emma Brown,Female,30,Amman,Lebanon,58547.47,Premium,C005,Holiday Offers,Seasonal,SMS,2025-03-28,2025-04-12,759.71,3749,339,42,6997.16,6130.28,5832.72,Yes,9,No,No,28,New
10752,Sophia Brown,Female,49,Ramallah,Qatar,47398.22,Premium,C001,Summer Sale,Discount,Social Media,2025-04-23,2025-05-14,437.41,77333,3212,138,11034.49,7095.36,12794.53,Yes,0,No,No,26,Inactive
11025,Sara Hassan,Male,19,Dubai,Lebanon,73639.34,Regular,C006,Loyalty Rewards,Retention,Display Ads,2025-09-14,2025-09-21,288.0,91422,1320,51,6634.99,5397.08,5317.97,YES,10,No,No,18,Inactive
10793,Olivia Awwad,Male,46,Doha,Jordan,37547.97,Regular,C001,Summer Sale,Discount,SMS,2025-06-18,2025-07-02,681.33,2836,264,18,1899.09,1599.24,1924.62,Yes,14,No,No,4,New
13471,John Wilson,Male,36,Gaza,Egypt,50331.22,Regular,C007,Spring Promotion,Seasonal,Email,2025-02-15,2025-03-17,661.79,43064,2010,164,12895.89,8316.07,14913.68,Yes,1,Yes,Yes,17,New
10553,Layla Brown,Female,70,Ramallah,Qatar,35580.68,Budget,C003,Black Friday,Discount,Email,2025-03-15,2025-04-05,499.49,9040,493,39,2564.64,1832.73,2111.66,Yes,10,Yes,Yes,3,Returning
13526,Noor Wilson,Male,35,Nablus,Palestine,53680.81,Budget,C005,Holiday Offers,Seasonal,Website,2025-11-30,2025-12-17,702.31,34528,557,69,7056.39,5525.63,7956.54,Yes,14,Yes,No,7,New
10751,Sophia Saleh,Female,18,Cairo,Palestine,39891.66,Regular,C001,Summer Sale,Discount,Google Ads,2025-12-15,2025-12-29,491.07,50822,2003,248,47651.13,35666.3,39738.09,Yes,4,No,No,20,Inactive
12729,Noor Miller,Male,26,Nablus,UAE,41787.91,Regular,C002,Back to School,Seasonal,Website,2025-09-13,2025-10-12,331.25,50292,1356,42,5195.04,3636.45,4163.19,Yes,5,No,No,0,New
10757,Ahmed Khalil,Male,38,Dubai,Lebanon,68991.63,Corporate,C002,Back to School,Seasonal,Website,2025-06-27,2025-07-27,538.73,67001,1790,252,33982.29,21101.19,37727.91,Yes,2,No,No,2,Returning
11217,Sophia Smith,Male,26,Dubai,Qatar,18000.0,Budget,C005,Holiday Offers,Seasonal,Google Ads,2025-01-09,2025-02-06,576.31,10573,491,46,5944.56,3387.94,6103.59,Yes,2,No,No,17,Returning
11862,Michael Nasser,Male,26,Dubai,Lebanon,66255.87,Premium,C006,Loyalty Rewards,Retention,Email,2025-05-26,2025-06-07,754.32,99837,6514,445,54607.42,41558.91,57367.88,Yes,12,No,No,29,Returning
10652,Lina Nasser,Male,27,Amman,Lebanon,66618.74,Regular,C003,Black Friday,Discount,Email,2025-12-01,2025-12-28,260.14,82366,3058,384,46174.82,26125.26,46430.6,Yes,7,No,Yes,14,New
13165,Omar Saleh,Male,43,Cairo,Egypt,89631.03,Regular,C006,Loyalty Rewards,Retention,SMS,2025-04-27,2025-05-18,196.85,97836,9317,1573,117120.47,94906.81,109258.31,Yes,14,No,No,13,Inactive
12432,Sara Awwad,Female,32,Amman,Jordan,44475.19,Premium,C003,Black Friday,Discount,Google Ads,2025-11-08,2025-11-23,215.29,98052,3840,225,34975.4,26390.36,38080.24,Yes,0,Yes,No,15,Returning
10653,Adam Saleh,Male,32,Beirut,Egypt,73180.28,Budget,C005,Holiday Offers,Seasonal,Display Ads,2025-06-13,2025-07-01,627.97,20919,225,13,2018.53,1721.97,1859.63,Yes,4,No,No,10,New
12095,Lina Hassan,Female,23,Ramallah,UAE,60810.7,Premium,C004,New Product Launch,Product,SMS,2025-04-14,2025-04-25,642.16,46522,4296,192,,13875.39,20317.36,Yes,10,No,No,27,New
11555,Adam Awwad,Female,18,Dubai,Palestine,54152.17,Budget,C004,New Product Launch,Product,Email,2025-02-09,2025-02-19,635.13,88462,4259,532,81801.11,68778.38,65541.46,Yes,7,Yes,No,22,Inactive
13846,Omar Davis,Male,41,Ramallah,Jordan,45499.51,Budget,C006,Loyalty Rewards,Retention,Display Ads,2025-11-20,2025-12-02,554.76,97498,1632,70,6301.08,3694.61,6073.87,Yes,4,Yes,No,26,New
10246,Adam Awwad,Female,52,Beirut,Egypt,74134.85,Regular,C004,New Product Launch,Product,Social Media,2025-01-24,2025-02-19,541.29,86035,1985,210,34665.01,26402.67,33142.43,Yes,2,Yes,No,16,Returning
13464,Ahmed Hassan,Male,57,Cairo,Jordan,60462.49,Regular,C007,Spring Promotion,Seasonal,Display Ads,2025-12-06,2026-01-05,363.65,66883,1022,55,8056.31,6586.44,7692.34,Yes,3,Yes,No,8,New
13455,Maya Davis,Male,52,Amman,Egypt,75047.35,Budget,C001,Summer Sale,Discount,Google Ads,2025-10-05,2025-10-28,841.56,59732,2999,276,27387.26,18972.5,23963.59,Yes,15,No,No,16,New
14055,Omar Hassan,Female,31,Gaza,Qatar,67907.98,Regular,C003,Black Friday,Discount,Social Media,2025-12-02,2025-12-20,737.12,75850,3376,366,44468.55,35205.61,39489.28,Yes,12,No,No,16,New
11522,Olivia Awwad,Male,23,Beirut,Palestine,66819.6,Budget,C006,Loyalty Rewards,Retention,Google Ads,2025-03-16,2025-03-27,659.9,84447,2841,58,8473.72,5807.91,9581.92,Yes,8,Yes,No,2,New
11697,John Saleh,Male,-5,Amman,Egypt,20327.82,Regular,C007,Spring Promotion,Seasonal,SMS,2025-12-13,2026-01-05,273.1,94927,9220,977,107823.37,90810.41,111484.36,Yes,3,No,No,1,Returning
12066,Daniel Nasser,Female,44,Hebron,Qatar,42186.59,Regular,C004,New Product Launch,Product,Display Ads,2025-03-30,2025-04-19,540.79,25411,428,17,2493.79,1422.39,1995.52,Yes,6,No,No,11,Returning
10577,Ali Wilson,Female,45,Beirut,Qatar,69357.34,Regular,C002,Back to School,Seasonal,Display Ads,2025-05-30,2025-06-15,950.18,86999,173,6,677.2,436.01,583.7,Yes,13,No,No,11,Returning
10481,Emma Wilson,Male,34,Nablus,Qatar,74342.05,,C002,Back to School,Seasonal,Email,2025-05-12,2025-05-19,314.29,23555,1157,68,,8059.07,9170.94,Yes,5,Yes,No,10,Inactive
13423,Ahmed Brown,Female,26,Cairo,UAE,45518.69,Budget,C003,Black Friday,Discount,Social Media,2025-10-28,2025-11-15,194.51,3500,70,8,1008.71,837.9,871.72,Yes,9,No,No,6,Returning
12223,Layla Davis,Female,23,Ramallah,Egypt,31689.59,Premium,C005,Holiday Offers,Seasonal,Google Ads,2025-08-14,2025-09-13,927.32,41947,1747,56,2184.47,1531.96,1765.9,Yes,14,No,No,16,Inactive
11750,Sophia Miller,Male,38,Nablus,Egypt,69588.75,Regular,C008,Weekend Flash Sale,Discount,Social Media,2025-11-28,2025-12-06,557.12,29434,1055,70,6850.17,5830.78,6809.1,Yes,13,No,No,30,Returning
10288,Michael Wilson,Female,23,Dubai,Qatar,18000.0,Budget,C005,Holiday Offers,Seasonal,Social Media,2025-04-10,2025-04-26,474.06,1350,33,3,388.67,321.16,423.97,Yes,14,Yes,No,10,New
10903,Adam Saleh,Male,27,Gaza,Jordan,67599.34,Budget,C008,Weekend Flash Sale,Discount,Display Ads,2025-03-10,2025-04-07,664.88,64309,1259,58,11594.19,8409.79,10420.77,Yes,9,No,No,22,New
14150,Emma Saleh,Female,35,Nablus,Jordan,36651.49,Regular,C002,Back to School,Seasonal,Display Ads,2025-01-25,2025-02-04,479.4,43974,862,67,8850.55,5392.0,7214.66,Yes,10,Yes,No,12,New
10687,Omar Wilson,Female,37,Doha,Qatar,40995.12,Regular,C005,Holiday Offers,Seasonal,SMS,2025-03-14,2025-03-22,229.52,49229,4926,333,42652.04,24767.9,37842.75,Yes,9,Yes,No,0,Returning
13437,John Davis,Male,42,Doha,Jordan,70869.82,Regular,C005,Holiday Offers,Seasonal,Email,2025-02-10,2025-03-05,408.97,72028,4549,341,33203.82,21238.65,31749.2,Yes,2,Yes,Yes,22,Returning
10611,Lina Wilson,Male,42,Amman,Lebanon,52528.1,Budget,C004,New Product Launch,Product,Email,2025-10-30,2025-11-14,442.57,69406,3776,402,42190.15,33520.81,42147.23,Yes,5,No,No,4,Returning
12213,Adam Miller,Female,45,Dubai,Jordan,86897.67,Regular,C002,Back to School,Seasonal,Website,2025-12-21,2026-01-13,488.95,53177,1738,101,15160.11,9563.17,17060.42,Yes,6,No,No,8,Returning
13823,Layla Smith,Female,38,Ramallah,UAE,65702.67,Budget,C008,Weekend Flash Sale,Discount,Social Media,2025-08-18,2025-09-02,878.87,88872,3549,133,10051.96,7817.29,9669.55,Yes,14,Yes,No,3,Inactive
10212,Michael Khalil,Male,55,Hebron,Jordan,53084.25,Regular,C002,Back to School,Seasonal,Display Ads,2025-03-16,2025-04-15,460.37,14585,178,15,1547.64,1264.58,1514.18,Yes,10,No,No,8,Inactive
11798,Michael Saleh,Female,45,Doha,Lebanon,31638.2,Budget,C001,Summer Sale,Discount,Google Ads,2025-12-14,2025-12-24,403.4,33331,1664,86,12048.03,7765.04,10850.93,Yes,10,No,No,2,New
11236,Noor Smith,Male,38,Dubai,Jordan,69269.77,Premium,C008,Weekend Flash Sale,Discount,SMS,2025-06-14,2025-07-01,468.0,34583,2950,246,48502.2,29221.71,42602.98,Yes,9,Yes,No,26,New
10031,Olivia Miller,Female,37,Doha,Qatar,79809.05,Budget,C002,Back to School,Seasonal,Display Ads,2025-10-20,2025-11-08,504.59,94415,1207,80,8226.19,5113.58,9145.99,Yes,13,No,No,21,Returning
11535,Olivia Davis,Male,18,Dubai,Lebanon,35420.16,Budget,C008,Weekend Flash Sale,Discount,Website,2025-09-23,2025-10-19,370.08,5944,145,16,1673.32,1306.22,1616.03,Yes,15,Yes,No,26,New
14191,Noor Saleh,Male,27,Nablus,Palestine,64549.04,Corporate,C004,New Product Launch,Product,SMS,2025-03-08,2025-03-23,473.64,1215,112,5,262.4,206.76,301.46,Yes,6,Yes,No,19,New
13101,Yousef Brown,Female,40,Gaza,UAE,89966.04,Corporate,C007,Spring Promotion,Seasonal,Display Ads,2025-04-09,2025-05-09,691.12,95348,711,75,7904.75,6381.33,6949.69,Yes,5,Yes,No,29,Returning
10185,Emma Nasser,Female,56,Doha,Lebanon,75814.46,Regular,C005,Holiday Offers,Seasonal,Website,2025-10-12,2025-10-19,516.41,99070,2854,350,39562.38,24265.32,40618.31,Yes,11,No,No,8,Returning
10234,Lina Davis,Male,37,Hebron,UAE,46425.86,Budget,C004,New Product Launch,Product,Display Ads,2025-08-20,2025-08-30,559.28,39320,320,20,2569.05,2005.92,2605.06,Yes,5,No,No,6,Returning
10493,Sara Saleh,Female,46,Jerusalem,Lebanon,38759.75,Regular,C003,Black Friday,Discount,Website,2025-10-10,2025-10-26,225.82,4673,135,14,2291.97,1684.87,1924.21,Yes,12,No,No,10,Returning
12758,Noor Wilson,Female,37,Ramallah,Jordan,84878.15,Corporate,C001,Summer Sale,Discount,SMS,2025-03-12,2025-03-21,617.82,42136,4724,443,74169.93,64533.89,62197.11,Yes,1,No,No,12,New
11230,Yousef Wilson,Male,61,Hebron,Jordan,57473.27,Regular,C002,Back to School,Seasonal,Social Media,2025-04-08,2025-04-29,959.3,70554,2235,215,21203.14,11737.98,17435.95,Yes,0,Yes,No,12,Returning
13351,Yousef Hassan,Male,27,Cairo,UAE,34661.44,Regular,C001,Summer Sale,Discount,SMS,2025-11-18,2025-12-13,565.92,25253,2406,76,10397.42,8375.99,10983.84,Yes,5,Yes,No,1,Returning
11093,Lina Nasser,Female,39,Beirut,Palestine,72129.52,Regular,C007,Spring Promotion,Seasonal,Email,2025-01-01,2025-01-24,649.57,49127,2464,106,16480.85,10151.19,15251.11,Yes,10,Yes,Yes,8,New
12087,Ahmed Brown,Female,39,Ramallah,UAE,47856.16,Budget,C002,Back to School,Seasonal,Website,2025-03-11,2025-03-23,214.4,22801,759,43,5766.33,4925.17,6167.54,Yes,9,Yes,No,7,Returning
13054,Omar Khalil,Male,31,Jerusalem,Jordan,45459.09,Regular,C003,Black Friday,Discount,Display Ads,2025-03-03,2025-03-16,834.66,75091,1572,74,14417.17,10489.18,13026.51,Yes,4,No,No,29,Inactive
10987,Layla Hassan,Female,41,Hebron,UAE,29218.86,Premium,C003,Black Friday,Discount,Email,2025-05-18,2025-06-13,404.16,11617,621,89,13471.94,11289.63,14951.56,Yes,12,No,Yes,24,New
12781,Noor Hassan,Male,29,Nablus,UAE,39874.79,Regular,C005,Holiday Offers,Seasonal,Display Ads,2025-04-02,2025-04-30,726.55,71306,2179,174,23519.35,14967.35,22515.75,Yes,2,No,No,29,Returning
12652,Sara Miller,Female,18,Ramallah,Egypt,30059.84,Budget,C008,Weekend Flash Sale,Discount,Website,2025-10-03,2025-10-12,798.45,64137,1708,161,23759.25,18012.02,22115.34,Yes,13,Yes,No,0,Returning
10841,Sara Smith,Female,30,Hebron,Lebanon,38806.64,Premium,C007,Spring Promotion,Seasonal,Display Ads,2025-08-17,2025-08-25,842.18,10770,164,13,1210.25,1063.41,1321.68,Yes,9,Yes,No,30,Inactive
12472,Lina Awwad,Female,23,Gaza,Lebanon,62503.83,Regular,C003,Black Friday,Discount,Display Ads,2025-11-17,2025-11-24,252.85,83045,1866,209,11882.71,8593.27,13024.21,Yes,0,Yes,No,20,New
13551,Emma Hassan,Male,36,Beirut,Qatar,77741.81,Premium,C003,Black Friday,Discount,Email,2025-11-23,2025-12-10,766.81,50141,3157,266,41043.22,35220.15,43928.4,Yes,11,Yes,No,19,Returning
13487,Michael Khalil,Male,35,Doha,Egypt,53590.35,Regular,C005,Holiday Offers,Seasonal,Display Ads,2025-01-10,2025-01-20,117.36,30421,570,49,7234.65,4792.31,7070.49,Yes,0,No,No,18,Returning
11656,Noor Hassan,Female,43,Beirut,Qatar,79558.03,Budget,C008,Weekend Flash Sale,Discount,Display Ads,2025-04-12,2025-04-19,315.83,52409,997,158,15047.66,10577.35,14065.69,Yes,13,No,No,30,Returning
10949,Maya Awwad,Male,44,Jerusalem,Egypt,57092.73,Budget,C005,Holiday Offers,Seasonal,Email,2025-05-18,2025-05-25,590.84,19049,1077,56,7518.81,5503.44,8082.92,Yes,12,No,Yes,12,Returning
12095,Daniel Awwad,Male,31,Amman,Qatar,56828.39,Budget,C003,Black Friday,Discount,Social Media,2025-06-25,2025-07-19,701.64,34827,1466,161,22754.11,15161.39,18795.05,Yes,3,Yes,No,13,New
11523,Michael Davis,Male,30,Gaza,Qatar,33069.15,Corporate,C006,Loyalty Rewards,Retention,Display Ads,2025-08-11,2025-08-27,672.41,80791,1686,110,11833.15,8917.13,12679.02,Yes,14,Yes,No,26,Returning
11395,John Miller,Male,30,Amman,Jordan,58631.61,Regular,C006,Loyalty Rewards,Retention,Social Media,2025-04-09,2025-05-03,490.01,39527,993,89,9404.17,6546.47,9832.46,Yes,6,Yes,No,19,Returning
13717,Adam Saleh,Male,30,Nablus,Lebanon,77404.5,Regular,C001,Summer Sale,Discount,Website,2025-06-24,2025-07-23,528.93,20521,419,17,1956.12,1496.48,1972.36,Yes,1,No,No,12,New
10080,Adam Nasser,Female,39,Nablus,UAE,65985.34,Regular,C006,Loyalty Rewards,Retention,SMS,2025-07-02,2025-08-01,420.01,81254,7079,625,90429.68,73375.66,81669.73,Yes,11,Yes,No,18,Returning
11997,Emma Awwad,Female,67,Gaza,Lebanon,73922.54,Corporate,C005,Holiday Offers,Seasonal,Display Ads,2025-12-25,2026-01-19,708.5,96444,2134,96,8915.31,5902.48,9356.21,Yes,4,Yes,No,18,Returning
12215,Ali Hassan,Male,31,Ramallah,Palestine,54608.95,Budget,C005,Holiday Offers,Seasonal,Website,2025-05-31,2025-06-15,634.04,17719,469,27,2560.07,1921.74,2199.08,Yes,5,Yes,No,4,Returning
14104,Michael Nasser,Male,43,Doha,Egypt,53834.2,Budget,C007,Spring Promotion,Seasonal,Display Ads,2025-04-23,2025-04-30,680.71,36970,545,48,5671.99,4689.97,5528.17,Yes,10,No,No,0,Returning
12492,Michael Davis,Female,35,Gaza,Palestine,77572.64,Budget,C004,New Product Launch,Product,Website,2025-10-11,2025-10-23,657.68,66854,1829,188,31021.34,24877.26,30878.81,Yes,2,Yes,No,23,Inactive
11318,Emma Khalil,Male,18,Ramallah,Palestine,93718.44,Budget,C005,Holiday Offers,Seasonal,SMS,2025-03-23,2025-04-06,486.8,14300,1254,93,10167.13,8541.19,11948.84,Yes,2,No,No,28,Returning
13022,John Saleh,Female,62,Hebron,Palestine,54645.23,Premium,C005,Holiday Offers,Seasonal,Display Ads,2025-04-09,2025-04-22,419.5,42409,544,34,6676.91,4362.44,5487.99,Yes,1,Yes,No,11,Returning
13756,Emma Smith,Female,33,Beirut,UAE,50519.56,Budget,C005,Holiday Offers,Seasonal,SMS,2025-08-15,2025-08-28,656.9,45091,3182,204,25931.84,19849.54,23299.98,Yes,4,Yes,No,23,Returning
11218,Emma Wilson,Female,26,Gaza,Lebanon,45242.29,Premium,C007,Spring Promotion,Seasonal,Email,2025-08-05,2025-08-23,168.64,55048,2437,32,5102.66,3516.29,4410.24,Yes,12,No,No,12,New
11996,John Smith,Female,37,Cairo,Qatar,38760.74,Premium,C002,Back to School,Seasonal,Email,2025-01-29,2025-02-18,589.16,75257,3393,324,55680.79,49513.47,50240.32,Yes,13,Yes,Yes,7,Returning
12300,Sophia Hassan,Male,45,Gaza,UAE,54911.43,Regular,C003,Black Friday,Discount,Website,2025-06-11,2025-06-20,691.51,45675,804,100,9905.38,8912.2,10787.5,Yes,13,Yes,No,22,Returning
12331,Michael Wilson,Female,41,Ramallah,Qatar,53483.9,Budget,C004,New Product Launch,Product,Display Ads,2025-05-07,2025-05-27,526.83,97419,1899,105,13897.76,12258.57,12510.66,Yes,1,Yes,No,1,Inactive
13482,Olivia Brown,Male,43,Amman,Jordan,39250.34,Regular,C006,Loyalty Rewards,Retention,Email,2025-04-15,2025-05-02,607.41,72279,3988,368,24594.11,21451.37,21837.28,Yes,3,Yes,No,21,Returning
10454,John Khalil,Female,43,Dubai,UAE,38846.32,Regular,C008,Weekend Flash Sale,Discount,SMS,2025-01-04,2025-01-27,314.41,88121,9178,1113,120382.77,84290.17,109500.6,Yes,11,No,No,28,Returning
10211,Adam Brown,Male,18,Jerusalem,UAE,71936.4,Premium,C007,Spring Promotion,Seasonal,SMS,2025-04-02,2025-04-13,599.78,65947,5416,219,29013.82,20122.12,25110.93,Yes,3,Yes,No,2,Returning
12758,Sophia Brown,Female,36,Hebron,Egypt,76343.38,Premium,,Summer Sale,Discount,SMS,2025-03-23,2025-04-14,372.01,89708,7041,590,116664.81,72139.01,101714.88,Yes,15,Yes,No,29,Returning
13060,Michael Brown,Male,25,Gaza,Qatar,51193.15,Budget,C007,Spring Promotion,Seasonal,Google Ads,2025-12-21,2026-01-20,307.19,62049,3010,199,20320.11,12288.54,16632.01,Yes,3,No,No,8,New
13236,Sara Hassan,Male,27,Gaza,Egypt,60815.72,Budget,C006,Loyalty Rewards,Retention,Display Ads,2025-08-18,2025-08-30,824.0,35452,513,30,3863.1,2852.15,4024.91,Yes,8,Yes,No,14,Returning
11507,Sophia Khalil,Female,31,Cairo,Lebanon,58647.62,Premium,C006,Loyalty Rewards,Retention,Display Ads,2025-09-02,2025-09-25,471.57,9806,382,4,575.16,319.74,559.11,Yes,7,Yes,No,16,Returning
10103,Noor Saleh,Male,39,Amman,Qatar,40069.47,Budget,C008,Weekend Flash Sale,Discount,Email,2025-06-24,2025-07-07,529.3,33064,1932,109,12037.78,8908.93,11091.4,Yes,1,Yes,Yes,19,Returning
13158,Omar Brown,Female,36,Jerusalem,UAE,93100.22,Corporate,C006,Loyalty Rewards,Retention,SMS,2025-10-20,2025-10-29,493.66,8825,807,96,16168.59,13597.49,13863.58,Yes,1,Yes,No,0,Inactive
13612,Emma Davis,Female,20,Hebron,Egypt,19024.81,Budget,C001,Summer Sale,Discount,Google Ads,2025-01-29,2025-02-14,619.74,35618,2078,196,33716.39,26048.44,32758.98,Yes,3,No,No,2,Returning
10801,Adam Awwad,Female,40,Hebron,UAE,50818.87,Regular,C006,Loyalty Rewards,Retention,Social Media,2025-10-21,2025-11-10,787.53,12053,537,34,2454.35,1366.95,2510.25,Yes,0,No,No,25,Returning
10050,Daniel Wilson,Female,27,Beirut,Egypt,45063.69,Budget,C008,Weekend Flash Sale,Discount,Google Ads,2025-09-29,2025-10-28,124.91,33672,1686,99,7301.64,4639.02,5904.41,Yes,1,Yes,No,9,Returning
13767,Ali Saleh,Male,44,Doha,Egypt,53283.88,Budget,C006,Loyalty Rewards,Retention,Display Ads,2025-05-25,2025-06-09,717.54,90451,1053,33,1326.79,1150.21,1224.32,Yes,8,No,No,25,Inactive
10191,Daniel Wilson,Male,44,Nablus,Palestine,43124.96,Regular,C006,Loyalty Rewards,Retention,Social Media,2025-07-22,2025-07-31,789.16,36839,1219,97,11898.67,10000.82,12522.45,Yes,11,No,No,20,Returning
13013,John Brown,Male,34,Dubai,Jordan,64885.9,Premium,C002,Back to School,Seasonal,Social Media,2025-09-22,2025-10-01,547.29,54398,1977,188,20282.3,12777.91,23551.23,Yes,6,No,No,19,Returning
10732,Michael Saleh,Male,36,Hebron,Egypt,41624.48,Budget,C007,Spring Promotion,Seasonal,Website,2025-11-19,2025-12-03,491.17,52204,1257,59,7286.12,5620.89,6968.6,Yes,10,No,No,1,Returning
10492,Sara Smith,Male,52,Hebron,UAE,30382.51,Regular,C007,Spring Promotion,Seasonal,Social Media,2025-11-09,2025-11-21,565.29,26866,807,45,6660.19,4219.34,5713.59,Yes,10,No,No,5,New
11593,Noor Smith,Female,33,Ramallah,Jordan,82617.17,Premium,C006,Loyalty Rewards,Retention,SMS,2025-06-08,2025-07-04,450.46,17378,1463,181,14133.62,7786.38,15472.53,Yes,2,Yes,No,20,Returning
14131,Maya Davis,Female,18,Jerusalem,Lebanon,39957.02,Budget,C008,Weekend Flash Sale,Discount,Email,2025-03-14,2025-03-29,524.44,49002,2033,236,51965.12,44779.83,42671.42,Yes,12,Yes,No,28,Returning
10411,Olivia Brown,Male,38,Doha,Palestine,44379.22,Premium,C007,Spring Promotion,Seasonal,Email,2025-10-09,2025-11-03,179.26,57668,3334,280,20922.36,17428.69,22767.5,Yes,14,Yes,Yes,29,New
11851,Yousef Smith,Female,36,Ramallah,Qatar,23695.12,Budget,C002,Back to School,Seasonal,Google Ads,2025-11-29,2025-12-26,392.16,56297,2305,239,18988.3,14955.45,21326.28,Yes,6,Yes,No,12,New
10665,Ahmed Khalil,Male,24,Jerusalem,Jordan,40349.24,Premium,C004,New Product Launch,Product,Email,2025-04-27,2025-05-16,466.49,65643,4012,343,37011.13,20864.88,39476.49,Yes,5,Yes,Yes,7,Inactive
10708,Sophia Miller,Male,50,Hebron,UAE,46454.04,Premium,C005,Holiday Offers,Seasonal,Social Media,2025-01-23,2025-02-11,615.03,19610,673,78,4911.37,4235.76,5140.04,Yes,10,Yes,No,8,New
12705,Sara Khalil,Female,44,Cairo,Lebanon,44005.98,Regular,C004,New Product Launch,Product,Website,2025-03-23,2025-04-01,714.01,9045,217,3,467.94,347.51,419.52,Yes,9,Yes,No,20,Returning
13700,Noor Saleh,Female,52,Dubai,Qatar,75426.83,Corporate,C008,Weekend Flash Sale,Discount,SMS,2025-07-24,2025-08-16,361.7,17369,1459,53,6203.33,3865.1,6407.54,Yes,6,Yes,No,0,Returning
10120,Noor Davis,Female,45,Doha,UAE,18000.0,Budget,C005,Holiday Offers,Seasonal,Social Media,2025-09-17,2025-10-15,701.54,45282,2242,171,19345.55,10847.37,19304.48,Yes,0,Yes,No,11,Returning
12177,Daniel Smith,Female,34,Jerusalem,Egypt,55131.63,Regular,C008,Weekend Flash Sale,Discount,Display Ads,2025-05-11,2025-05-23,237.29,13276,321,21,1946.09,1100.86,1823.18,Yes,1,No,No,7,Inactive
12307,Michael Miller,Female,36,Cairo,Egypt,40262.64,Regular,C001,Summer Sale,Discount,Email,2025-09-24,2025-10-14,636.11,6992,333,11,1741.68,1092.09,1693.51,Yes,0,No,Yes,25,Returning
11879,Emma Brown,Female,52,Dubai,Palestine,62696.37,Corporate,C005,Holiday Offers,Seasonal,Social Media,2025-09-03,2025-09-11,278.13,77829,2258,220,13980.01,9116.23,15113.25,Yes,7,No,No,24,Inactive
12457,Adam Saleh,Male,38,Amman,Jordan,79482.02,Corporate,C007,Spring Promotion,Seasonal,Social Media,2025-05-09,2025-05-30,326.45,83140,3645,114,18962.08,12139.3,18295.57,Yes,2,No,No,15,Returning
13638,Omar Smith,Female,37,,UAE,43175.87,Budget,C003,Black Friday,Discount,Google Ads,2025-09-21,2025-10-03,912.94,34850,1316,28,2314.16,1635.76,2144.75,Yes,3,No,No,17,New
12674,Maya Khalil,Male,32,Ramallah,Lebanon,54156.47,Premium,C008,Weekend Flash Sale,Discount,SMS,2025-09-24,2025-10-13,417.89,79325,7715,684,71443.12,46285.06,67038.24,Yes,8,No,No,2,Returning
10679,John Smith,Female,18,Ramallah,UAE,,,C008,Weekend Flash Sale,Discount,Website,2025-12-12,2026-01-02,550.28,41420,866,59,7051.56,4357.22,6207.69,Yes,3,Yes,No,10,Returning
11063,Sophia Hassan,Female,32,Dubai,Jordan,47215.37,Corporate,C001,Summer Sale,Discount,Social Media,2025-06-24,2025-07-24,506.82,90055,2536,274,32473.49,21670.4,35038.17,Yes,15,No,No,10,Returning
13143,Sophia Brown,Female,31,Hebron,Qatar,70049.52,Budget,C001,Summer Sale,Discount,Social Media,2025-03-16,2025-03-26,360.67,15076,408,17,2270.42,1313.92,2264.27,Yes,5,No,No,10,Returning
12251,Olivia Miller,Female,22,Gaza,Lebanon,41155.03,Budget,C006,Loyalty Rewards,Retention,Email,2025-11-03,2025-11-29,384.11,54380,3725,371,66648.72,55075.48,56726.16,Yes,6,Yes,Yes,13,Inactive
10478,Lina Saleh,Female,25,Ramallah,Palestine,53511.79,Regular,C007,Spring Promotion,Seasonal,Email,2025-03-26,2025-04-08,640.04,30104,1694,195,25169.31,18166.14,23442.52,Yes,0,Yes,No,7,New
11503,Lina Nasser,Male,36,Doha,UAE,21952.03,Corporate,C002,Back to School,Seasonal,Email,2025-08-07,2025-08-18,351.11,45580,2268,116,22702.12,16031.77,20622.31,Yes,12,No,No,23,Returning
10530,Emma Khalil,Male,30,Gaza,Lebanon,73466.82,Corporate,C008,Weekend Flash Sale,Discount,SMS,2025-08-27,2025-09-06,572.85,50810,5163,468,83384.01,74206.07,83105.32,Yes,6,Yes,No,22,New
10414,John Hassan,Female,20,Cairo,Qatar,19539.9,Budget,C002,Back to School,Seasonal,Email,2025-09-23,2025-10-23,342.49,75701,4966,247,32045.14,26293.01,36960.13,Yes,2,Yes,No,21,Returning
12200,Omar Hassan,Female,47,Nablus,Lebanon,71354.99,Regular,C004,New Product Launch,Product,Google Ads,2025-12-05,2025-12-29,584.66,96548,5023,257,24399.26,16619.46,22954.56,Yes,14,No,No,20,Returning
12502,Omar Davis,Female,31,Cairo,UAE,51685.02,Regular,C001,Summer Sale,Discount,Google Ads,2025-11-09,2025-11-27,259.85,82882,3888,423,52467.23,45862.65,50178.45,Yes,8,Yes,No,16,Returning
12778,Sophia Wilson,Female,18,Hebron,Egypt,38857.46,Regular,C002,Back to School,Seasonal,Google Ads,2025-06-25,2025-07-22,550.67,28357,1518,143,17674.72,15052.18,18354.15,Yes,4,No,No,26,New
11638,Adam Wilson,Male,24,Hebron,Jordan,60273.38,Corporate,C005,Holiday Offers,Seasonal,Email,2025-09-24,2025-10-04,534.25,79235,4553,247,19047.86,16909.84,20322.38,Yes,9,Yes,No,30,New
10196,Layla Hassan,Female,21,Hebron,UAE,64183.24,,C002,Back to School,Seasonal,Website,2025-03-07,2025-03-16,590.97,41875,1087,54,9112.68,7259.68,7739.07,Yes,15,No,No,26,Inactive
11337,Sophia Khalil,Male,42,Nablus,UAE,49025.2,Premium,C008,Weekend Flash Sale,Discount,Email,2025-01-19,2025-01-29,119.44,75849,4791,332,34046.39,23165.71,35684.17,Yes,1,Yes,No,13,Inactive
10539,Lina Hassan,Female,27,Dubai,Jordan,57279.86,Regular,C004,New Product Launch,Product,SMS,2025-08-01,2025-08-12,243.89,80395,7137,632,48356.1,32525.01,56809.11,Yes,4,Yes,No,13,Returning
13008,Sophia Brown,Female,44,Nablus,Jordan,85111.53,Regular,C001,Summer Sale,Discount,SMS,2025-01-25,2025-02-03,611.21,7194,635,60,10094.64,6800.29,10162.97,Yes,11,No,No,15,Returning
14159,Lina Smith,Female,38,Cairo,UAE,41823.28,Budget,C008,Weekend Flash Sale,Discount,Email,2025-02-22,2025-03-16,829.66,85307,4692,309,53349.04,45282.76,42797.91,Yes,2,No,No,30,Returning
13306,Sara Khalil,Female,26,Cairo,Palestine,34219.05,Regular,C008,Weekend Flash Sale,Discount,Google Ads,2025-09-16,2025-09-25,645.99,47610,2619,142,14281.82,8881.65,12951.93,Yes,3,No,No,4,New
12190,Omar Davis,Female,44,Ramallah,Egypt,39937.01,Regular,C002,Back to School,Seasonal,Google Ads,2025-07-25,2025-08-06,292.1,14413,678,48,2608.67,2259.94,2514.68,Yes,0,Yes,No,26,New
10574,Layla Awwad,Female,43,Amman,Qatar,57980.63,Regular,C001,Summer Sale,Discount,Email,2025-04-10,2025-05-01,51.95,1041,52,1,144.93,101.17,116.81,Yes,13,No,No,29,Inactive
11682,Ali Awwad,Male,34,Doha,Lebanon,86880.8,Regular,C004,New Product Launch,Product,SMS,2025-09-17,2025-09-30,506.91,58974,5207,671,75815.42,60901.93,68918.47,Yes,13,Yes,No,28,New
12254,Olivia Awwad,Male,25,Jerusalem,Qatar,55505.87,Budget,C006,Loyalty Rewards,Retention,SMS,2025-12-28,2026-01-26,667.01,21065,1951,94,8571.49,7398.4,8119.41,Yes,4,No,No,12,Returning
13177,Lina Awwad,Male,35,Hebron,UAE,27750.7,Premium,C002,Back to School,Seasonal,Google Ads,2025-09-18,2025-10-10,405.21,57796,2749,226,28678.84,20797.42,30881.74,Yes,7,Yes,No,4,Returning
11074,Sara Khalil,Male,48,Hebron,Palestine,62939.54,Regular,C006,Loyalty Rewards,Retention,Social Media,2025-07-06,2025-07-31,298.83,9544,260,5,560.85,440.69,602.53,Yes,6,No,No,29,Returning
12045,Olivia Nasser,Female,32,Cairo,Egypt,27449.98,Budget,C003,Black Friday,Discount,Google Ads,2025-06-19,2025-07-17,734.47,81719,3677,225,28419.26,17784.7,29148.43,Yes,3,No,No,17,New
10987,Olivia Hassan,Male,44,Jerusalem,Egypt,91815.04,Regular,C004,New Product Launch,Product,Website,2025-04-04,2025-05-03,300.98,92190,2755,179,30574.2,18992.71,26555.2,Yes,14,No,No,9,New
13869,Omar Smith,Female,44,Gaza,UAE,34447.91,Premium,C006,Loyalty Rewards,Retention,Display Ads,2025-06-02,2025-06-24,592.03,42831,893,52,2973.57,1752.85,3235.71,Yes,11,Yes,No,5,New
11651,Sophia Miller,Male,33,Doha,Palestine,56832.52,Budget,C003,Black Friday,Discount,Display Ads,2025-11-25,2025-12-11,534.05,77029,1142,76,7539.11,5967.36,6074.31,Yes,3,No,No,21,New
10804,Olivia Davis,Female,23,Cairo,Egypt,81825.94,Regular,C006,Loyalty Rewards,Retention,Display Ads,2025-04-15,2025-05-14,804.66,50660,859,65,4704.16,4154.44,5452.66,Yes,0,Yes,No,8,Returning
12489,Daniel Wilson,Female,46,Jerusalem,Qatar,48979.48,Budget,C004,New Product Launch,Product,SMS,2025-04-20,2025-05-11,955.76,27715,2444,98,22524.3,16925.27,19594.84,Yes,5,No,No,27,Inactive
12829,Adam Wilson,Male,49,Gaza,UAE,41948.52,Regular,C008,Weekend Flash Sale,Discount,Display Ads,2025-03-03,2025-03-15,492.78,21341,768,55,7476.78,5811.15,7349.18,Yes,12,No,No,29,New
11984,Sophia Miller,Male,36,Nablus,Palestine,58575.99,Regular,C003,Black Friday,Discount,Google Ads,2025-09-19,2025-10-07,621.76,31397,1107,64,5184.83,4505.22,4261.61,Yes,9,Yes,No,4,Returning
14162,Emma Saleh,Female,45,Nablus,Qatar,46174.39,Budget,C001,Summer Sale,Discount,Email,2025-04-16,2025-05-08,459.23,35826,2364,200,30790.36,19333.85,30988.9,Yes,12,No,No,4,Returning
14017,John Miller,Male,58,Gaza,Qatar,44215.09,Premium,C006,Loyalty Rewards,Retention,Display Ads,2025-10-20,2025-11-16,438.88,79110,2224,137,22528.79,14713.21,18227.24,Yes,7,Yes,No,17,Inactive
12459,Olivia Miller,Female,46,Nablus,UAE,60320.06,Premium,C006,Loyalty Rewards,Retention,Email,2025-06-20,2025-07-15,241.41,36309,1917,128,9132.38,7047.78,9940.07,Yes,0,Yes,Yes,29,New
11321,Michael Awwad,Female,33,Ramallah,Palestine,73670.96,Budget,C001,Summer Sale,Discount,Email,2025-11-03,2025-11-13,531.15,64130,3571,337,31931.97,19231.1,25598.45,Yes,3,No,No,11,New
10788,Michael Wilson,Female,37,Nablus,Egypt,90382.46,Regular,,Holiday Offers,Seasonal,SMS,2025-10-23,2025-11-13,125.59,48146,3874,198,20858.12,12329.64,23411.45,Yes,6,Yes,No,25,Returning
12380,Daniel Khalil,Female,36,Gaza,Jordan,33043.34,Budget,,Black Friday,Discount,Website,2025-10-01,2025-10-15,860.15,51060,1214,94,11860.68,7570.09,9829.2,Yes,14,Yes,No,1,Returning
10861,Sophia Davis,Male,53,Cairo,Lebanon,66034.9,Budget,C008,Weekend Flash Sale,Discount,Display Ads,2025-06-30,2025-07-22,704.52,13081,228,2,301.5,186.23,295.64,Yes,14,Yes,No,20,Returning
13598,Daniel Smith,Female,44,Cairo,Qatar,56475.45,Budget,C002,Back to School,Seasonal,SMS,2025-06-12,2025-07-06,426.02,33552,3402,406,53195.41,42893.65,50224.45,Yes,3,Yes,No,26,New
11674,Maya Hassan,Male,34,Dubai,UAE,61998.83,,C001,Summer Sale,Discount,SMS,2025-11-30,2025-12-20,565.0,64477,6206,201,11634.93,8810.81,12753.95,Yes,5,Yes,No,13,Returning
12501,Ali Awwad,Male,56,Cairo,Lebanon,80699.86,Budget,C003,Black Friday,Discount,Website,2025-07-26,2025-08-08,329.17,95112,979,40,3109.58,2359.25,2963.37,Yes,0,Yes,No,13,New
11259,Omar Saleh,Male,44,Amman,Palestine,42386.99,Regular,C003,Black Friday,Discount,Social Media,2025-08-09,2025-08-26,206.11,84693,2273,244,27260.85,24125.05,31882.81,Yes,2,No,No,14,New
11512,Emma Wilson,Male,39,Dubai,Jordan,53047.26,Corporate,C002,Back to School,Seasonal,Social Media,2025-04-24,2025-05-01,417.21,43149,1790,166,8367.78,5848.78,8302.94,Yes,7,Yes,No,26,New
10334,Ali Khalil,Male,25,Jerusalem,Jordan,74935.26,Corporate,C008,Weekend Flash Sale,Discount,Social Media,2025-09-26,2025-10-19,908.24,74092,2687,215,9975.01,5791.06,9490.87,Yes,1,Yes,No,20,New
12162,Adam Brown,Female,29,Jerusalem,Palestine,69771.96,Premium,C001,Summer Sale,Discount,SMS,2025-11-24,2025-12-09,677.25,44092,4152,247,29889.7,16975.26,26984.45,Yes,5,Yes,No,23,New
10656,Ali Miller,Female,27,Ramallah,UAE,57001.09,Regular,C006,Loyalty Rewards,Retention,Display Ads,2025-03-05,2025-03-14,205.25,91429,2310,262,46130.9,30260.65,37544.61,Yes,2,No,No,0,Returning
11357,Maya Smith,Male,26,Ramallah,Palestine,46846.77,Corporate,C008,Weekend Flash Sale,Discount,Google Ads,2025-01-31,2025-02-23,290.05,24316,1225,93,15155.89,11338.73,12454.96,Yes,12,No,No,25,New
13974,Noor Davis,Male,30,Doha,Egypt,70469.38,Regular,C005,Holiday Offers,Seasonal,Website,2025-05-04,2025-05-26,414.9,14586,448,36,4932.81,3236.16,5343.46,Yes,2,Yes,No,8,Returning
12096,John Davis,Male,36,Doha,UAE,28448.39,Budget,,Back to School,Seasonal,Email,2025-10-17,2025-11-04,762.83,73315,3783,312,33366.84,29221.8,32466.49,Yes,7,No,Yes,23,New
10536,Maya Wilson,Female,45,Hebron,Qatar,43319.25,Budget,C005,Holiday Offers,Seasonal,SMS,2025-11-11,2025-12-07,557.9,97925,8554,346,0.0,0.0,0.0,Yes,1,No,No,5,Returning
12523,Olivia Smith,Male,36,Beirut,Palestine,27254.62,Budget,C004,New Product Launch,Product,Google Ads,2025-08-04,2025-08-17,573.96,85262,2837,219,27936.7,21532.6,30566.7,Yes,12,No,No,26,New
13024,Daniel Davis,Male,49,Ramallah,Egypt,59834.09,Regular,C008,Weekend Flash Sale,Discount,SMS,2025-02-13,2025-03-07,210.02,3566,320,20,1969.63,1770.59,1967.07,Yes,14,No,No,11,Returning
13551,Lina Wilson,Male,45,Nablus,Lebanon,26639.62,Regular,C001,Summer Sale,Discount,Google Ads,2025-03-30,2025-04-07,529.5,33253,1660,62,10469.21,8447.1,9156.72,Yes,0,No,No,6,Inactive
11918,John Davis,Male,51,Cairo,Palestine,18000.0,Regular,C008,Weekend Flash Sale,Discount,Website,2025-01-11,2025-01-18,617.67,95022,3088,301,48848.7,41983.12,41117.03,Yes,14,No,No,28,New
10006,Omar Davis,Female,30,Hebron,UAE,24627.59,Budget,C006,Loyalty Rewards,Retention,Google Ads,2025-02-01,2025-03-03,570.94,58011,1965,297,27608.0,18138.01,31601.12,Yes,9,Yes,No,8,New
12148,Yousef Brown,Male,28,Dubai,Qatar,33209.94,Regular,C004,New Product Launch,Product,Website,2025-06-26,2025-07-06,414.44,77192,2164,275,36071.24,22783.52,38041.83,Yes,3,Yes,No,17,Inactive
12289,Layla Khalil,Female,27,Amman,Jordan,,Regular,C003,Black Friday,Discount,SMS,2025-08-25,2025-09-16,529.82,89368,6930,295,32748.79,25089.1,32606.76,Yes,14,Yes,No,6,Returning
13372,Sara Brown,Male,36,Nablus,Palestine,29712.82,Regular,C002,Back to School,Seasonal,Social Media,2025-12-11,2026-01-07,561.8,65061,2905,265,33332.56,23834.15,38576.95,Yes,14,Yes,No,25,Inactive
13779,Maya Miller,Male,47,,Egypt,54106.69,Premium,C008,Weekend Flash Sale,Discount,SMS,2025-03-14,2025-03-31,436.11,73142,6983,641,94277.94,71852.68,76202.5,Yes,9,Yes,No,26,Returning
10044,Sophia Hassan,Female,37,Nablus,Egypt,37079.42,Corporate,C005,Holiday Offers,Seasonal,SMS,2025-12-27,2026-01-15,507.2,87879,7466,904,67263.33,57369.73,68285.81,Yes,12,Yes,No,10,Inactive
13411,Ahmed Hassan,Female,50,Amman,Lebanon,30854.7,Regular,C008,Weekend Flash Sale,Discount,Social Media,2025-08-24,2025-09-20,740.05,73729,2668,292,49947.13,32070.1,46659.57,Yes,8,Yes,No,14,Returning
10943,Ahmed Hassan,Female,25,Ramallah,Qatar,27995.98,Corporate,C002,Back to School,Seasonal,SMS,2025-08-18,2025-08-29,565.46,25513,2409,175,33563.58,25134.94,27626.68,Yes,15,No,No,24,New
10122,Daniel Saleh,Male,43,Nablus,Palestine,38275.9,Budget,C003,Black Friday,Discount,Google Ads,2025-03-05,2025-03-28,695.65,56536,3210,323,25281.07,17202.5,24933.71,Yes,9,No,No,0,New
12601,Omar Hassan,Male,40,Ramallah,Jordan,64123.78,Budget,C005,Holiday Offers,Seasonal,Display Ads,2025-05-19,2025-06-10,589.16,16262,216,13,2457.39,2057.62,2290.46,Yes,11,No,No,11,New
10812,Daniel Awwad,Male,42,Doha,UAE,62747.26,Regular,C004,New Product Launch,Product,Website,2025-03-18,2025-04-07,524.82,71005,1962,65,7431.63,4463.14,7701.46,Yes,4,Yes,No,2,New
10881,Daniel Hassan,Female,33,Jerusalem,Palestine,48608.03,Regular,C007,Spring Promotion,Seasonal,Display Ads,2025-08-30,2025-09-24,451.04,48333,848,84,8312.89,6696.07,9550.59,Yes,15,No,No,21,Returning
14142,Sophia Miller,Female,46,Jerusalem,UAE,86161.54,Premium,C001,Summer Sale,Discount,SMS,2025-11-01,2025-11-22,741.64,32572,2685,229,20391.45,14414.76,22165.48,Yes,13,No,No,30,Returning
12138,Lina Saleh,Male,35,Amman,Palestine,31981.51,Premium,C002,Back to School,Seasonal,SMS,2025-09-20,2025-10-03,716.62,10766,955,88,14131.13,12255.14,15531.29,Yes,7,No,No,27,Returning
10482,Adam Brown,Female,37,Ramallah,Qatar,53986.17,Corporate,C006,Loyalty Rewards,Retention,Website,2025-09-17,2025-09-26,198.72,69420,2055,107,9791.83,5459.15,10432.1,Yes,7,No,No,26,Returning
10555,Michael Khalil,Male,39,Amman,UAE,40008.64,Budget,C008,Weekend Flash Sale,Discount,Google Ads,2025-10-04,2025-10-19,252.31,75694,3905,447,29217.4,25852.49,30988.95,Yes,6,Yes,No,25,Returning
11308,Sophia Nasser,Male,35,Cairo,Jordan,34210.28,Regular,C005,Holiday Offers,Seasonal,Google Ads,2025-04-17,2025-05-02,412.59,8551,396,29,4035.53,2661.33,4513.96,Yes,5,No,No,22,Inactive
10696,Omar Davis,Female,35,Doha,Palestine,61796.56,Regular,C007,Spring Promotion,Seasonal,SMS,2025-12-16,2025-12-30,502.53,41584,3265,202,20138.39,16295.82,20121.89,Yes,15,Yes,No,26,New
10562,Sophia Davis,Male,44,Jerusalem,Palestine,30680.09,Premium,C004,New Product Launch,Product,Website,2025-12-17,2026-01-05,514.0,43614,663,19,1760.25,1043.62,1958.38,Yes,9,Yes,No,14,New
13225,Maya Davis,Female,43,Jerusalem,Jordan,38508.26,Regular,C008,Weekend Flash Sale,Discount,SMS,2025-02-16,2025-03-14,191.98,89516,7416,483,59394.11,42525.57,61972.71,Yes,7,No,No,26,Returning
13126,Omar Khalil,Male,51,Ramallah,Palestine,67801.95,Budget,C007,Spring Promotion,Seasonal,Social Media,2025-05-14,2025-06-01,819.45,26362,895,117,,8379.08,12510.24,Yes,2,Yes,No,29,New
11142,John Smith,Male,40,Jerusalem,Qatar,38351.39,Premium,C001,Summer Sale,Discount,SMS,2025-09-29,2025-10-14,316.25,54134,5575,328,29483.54,19994.6,24393.35,Yes,13,No,No,11,Inactive
12050,Omar Nasser,Male,55,Beirut,Palestine,26936.27,Regular,C004,New Product Launch,Product,SMS,2025-05-17,2025-06-11,711.33,59644,5329,348,48212.43,34881.81,44326.43,Yes,6,No,No,9,Returning
10604,Maya Khalil,Male,23,Gaza,Egypt,47040.14,,C008,Weekend Flash Sale,Discount,SMS,2025-11-24,2025-12-10,768.8,10300,836,80,7513.74,6473.82,8332.94,Yes,10,No,No,15,Returning
11116,Sara Saleh,Male,32,Beirut,Palestine,46891.64,Regular,C007,Spring Promotion,Seasonal,Website,2025-05-04,2025-05-29,76.62,92416,1118,100,12218.2,7403.49,11608.78,YES,1,Yes,No,25,Returning
13697,Sophia Wilson,Male,54,Jerusalem,Palestine,54088.39,Regular,C002,Back to School,Seasonal,Display Ads,2025-02-09,2025-02-22,514.53,48465,837,114,7506.61,5493.14,6688.07,Yes,0,Yes,No,6,Returning
12355,Layla Miller,Male,26,Doha,Egypt,53565.38,Regular,C008,Weekend Flash Sale,Discount,SMS,2025-05-23,2025-06-08,691.2,64771,5630,251,35395.38,25061.42,33998.54,Yes,6,Yes,No,30,New
12706,Emma Nasser,Female,29,Cairo,UAE,40626.04,Regular,C008,Weekend Flash Sale,Discount,Display Ads,2025-07-25,2025-08-02,305.65,34649,112,5,621.58,445.89,511.45,Yes,2,Yes,No,28,Returning
10905,Olivia Khalil,Female,35,Beirut,Egypt,46756.85,Corporate,C005,Holiday Offers,Seasonal,Google Ads,2025-06-08,2025-06-20,664.46,85198,3180,217,23792.91,14531.73,27664.11,Yes,6,No,No,6,Inactive
14039,Omar Awwad,Female,23,Jerusalem,Egypt,87465.79,Budget,C006,Loyalty Rewards,Retention,Google Ads,2025-12-30,2026-01-14,616.57,62026,2866,319,46291.57,29218.47,53496.69,Yes,3,Yes,No,1,New
10723,John Davis,Male,22,Cairo,Palestine,49488.67,Regular,C003,Black Friday,Discount,Google Ads,2025-03-14,2025-03-28,409.76,81590,3952,388,77850.81,69184.48,81746.23,Yes,15,No,No,12,Returning
11623,Lina Miller,Male,60,Beirut,Palestine,47974.62,Regular,C006,Loyalty Rewards,Retention,Website,2025-10-21,2025-10-29,183.68,48020,1589,168,22448.66,18298.12,21065.23,Yes,9,Yes,No,18,Returning
12539,Maya Nasser,Female,18,Gaza,Lebanon,61922.07,Corporate,C002,Back to School,Seasonal,Email,2025-09-28,2025-10-21,322.0,1026,48,3,239.38,167.07,252.5,Yes,7,No,Yes,1,Returning
13462,Adam Davis,Female,43,Doha,Jordan,39876.24,Regular,C001,Summer Sale,Discount,Display Ads,2025-07-22,2025-08-05,685.49,65808,899,98,10590.97,7204.35,9631.92,Yes,0,No,No,5,New
11047,Lina Brown,Male,47,Dubai,Jordan,36947.64,Regular,C006,Loyalty Rewards,Retention,Google Ads,2025-07-19,2025-08-04,455.37,80676,4268,114,16048.48,10776.96,15053.24,Yes,10,Yes,No,24,New
11397,Layla Awwad,Male,52,Ramallah,Qatar,51234.64,Regular,C001,Summer Sale,Discount,Google Ads,2025-10-31,2025-11-28,462.43,31715,1469,92,14029.02,8175.65,15725.54,Yes,10,No,No,17,New
13865,Olivia Awwad,Male,44,Amman,Jordan,34792.09,Regular,C008,Weekend Flash Sale,Discount,Website,2025-03-11,2025-04-08,171.19,71125,1675,179,23005.06,13893.46,22667.64,Yes,7,Yes,No,19,New
11973,Sara Khalil,Female,49,Gaza,Lebanon,31740.06,Budget,C001,Summer Sale,Discount,SMS,2025-05-10,2025-05-24,390.14,99296,9198,375,33714.89,27121.91,30061.63,Yes,4,No,No,5,Returning
12069,Adam Hassan,Male,44,Doha,Qatar,54980.85,,C004,New Product Launch,Product,Google Ads,2025-07-13,2025-08-04,247.83,18665,753,32,3558.11,2976.84,2852.72,Yes,8,No,No,28,New
11411,Lina Hassan,Female,42,Gaza,Qatar,52249.01,Premium,C004,New Product Launch,Product,Display Ads,2025-05-06,2025-05-20,167.0,40436,316,20,2146.66,1761.62,1956.88,Yes,7,Yes,No,20,Returning
11777,Maya Hassan,Male,32,Doha,UAE,77093.27,Regular,C008,Weekend Flash Sale,Discount,Display Ads,2025-07-01,2025-07-24,462.41,28564,213,17,1702.7,1425.09,1617.83,Yes,9,No,No,21,Inactive
11794,Ahmed Miller,Male,36,Cairo,Palestine,83647.42,Budget,C003,Black Friday,Discount,Google Ads,2025-12-04,2025-12-15,662.23,37196,1570,137,17644.74,11102.9,19463.68,Yes,3,Yes,No,19,Returning
14033,Emma Hassan,Male,40,Cairo,Lebanon,65763.77,Regular,C003,Black Friday,Discount,Email,2025-11-14,2025-11-28,322.6,77659,4505,179,27492.68,23023.95,25909.89,Yes,15,No,No,1,Returning
11444,Noor Brown,Female,24,Doha,Egypt,42062.2,Regular,C002,Back to School,Seasonal,Google Ads,2025-06-28,2025-07-15,295.71,35841,1297,97,12931.74,7750.15,14095.97,Yes,9,No,No,8,Returning
13796,Noor Wilson,Male,42,Dubai,Egypt,18000.0,Regular,C004,New Product Launch,Product,Social Media,2025-05-10,2025-06-03,541.98,28444,1031,55,7244.06,6491.89,6988.16,Yes,6,No,No,21,Returning
13666,Noor Wilson,Female,45,Ramallah,Jordan,39518.55,Corporate,C004,New Product Launch,Product,Email,2025-02-24,2025-03-15,249.84,43740,1724,119,7982.26,7010.89,6485.85,Yes,6,Yes,No,13,New
13099,Michael Smith,Female,35,Nablus,UAE,24301.12,Regular,C008,Weekend Flash Sale,Discount,Email,2025-07-05,2025-07-31,94.8,85124,4658,461,45409.86,28575.41,44376.22,Yes,2,Yes,Yes,7,Returning
12999,John Hassan,Female,47,Amman,Palestine,31296.86,Premium,C006,Loyalty Rewards,Retention,Website,2025-06-06,2025-06-16,585.51,7713,206,14,1658.38,1047.36,1626.88,Yes,7,No,No,2,New
11578,Lina Awwad,Male,29,Jerusalem,Palestine,35144.84,Premium,C008,Weekend Flash Sale,Discount,Social Media,2025-10-04,2025-10-16,655.24,17027,709,83,8865.71,6548.49,9926.22,Yes,13,Yes,No,30,Returning
13391,Sophia Saleh,Male,38,Doha,Palestine,45814.6,Regular,C007,Spring Promotion,Seasonal,Google Ads,2025-10-06,2025-10-30,567.76,53918,2902,120,16783.21,12524.44,13920.78,Yes,7,No,No,10,Inactive
10808,Maya Miller,Female,23,Beirut,Palestine,70526.2,Premium,C001,Summer Sale,Discount,Social Media,2025-11-13,2025-12-06,800.04,40502,1595,111,14757.18,11053.2,14328.11,Yes,6,Yes,No,10,New
11200,Michael Smith,Male,32,Jerusalem,Egypt,42191.35,Budget,C005,Holiday Offers,Seasonal,Website,2025-07-22,2025-08-04,382.59,90579,2593,164,22358.21,18899.9,20352.4,Yes,4,Yes,No,22,Inactive
10108,John Smith,Male,40,Hebron,Jordan,68021.19,Regular,C007,Spring Promotion,Seasonal,Website,2025-02-06,2025-02-16,458.16,87186,804,67,11851.77,9689.71,9941.45,Yes,12,No,No,9,Inactive
10606,Daniel Khalil,Female,42,Gaza,Lebanon,64722.47,Budget,C005,Holiday Offers,Seasonal,SMS,2025-06-20,2025-07-16,493.94,19799,1782,103,12259.75,10753.8,10135.91,Yes,6,No,No,24,Returning
13870,Lina Brown,Male,37,Nablus,Egypt,27352.77,Premium,C005,Holiday Offers,Seasonal,SMS,2025-01-02,2025-01-15,386.45,25053,2241,44,4865.37,4084.51,5157.81,Yes,5,No,No,1,Returning
14129,Layla Saleh,Male,46,Hebron,Lebanon,68355.45,Corporate,C008,Weekend Flash Sale,Discount,Social Media,2025-03-02,2025-03-09,315.06,48358,1057,100,13308.45,10222.29,10808.7,Yes,6,Yes,No,3,Returning
10067,Layla Nasser,Male,39,Cairo,Jordan,33544.05,Regular,C007,Spring Promotion,Seasonal,Email,2025-08-09,2025-08-17,912.92,11699,566,60,4629.59,4147.44,4798.55,Yes,0,Yes,No,15,New
11695,Maya Khalil,Male,40,Ramallah,Palestine,39550.02,Premium,C006,Loyalty Rewards,Retention,Email,2025-01-03,2025-01-23,552.06,6674,284,20,1772.02,1149.2,1554.1,Yes,15,No,Yes,15,Returning
11266,Omar Miller,Female,46,Doha,Lebanon,38689.97,Regular,C007,Spring Promotion,Seasonal,Display Ads,2025-05-04,2025-05-14,676.28,4845,66,3,453.86,344.43,473.65,Yes,1,No,No,10,New
12282,Lina Hassan,Male,32,Dubai,UAE,47101.63,Budget,C004,New Product Launch,Product,Social Media,2025-08-31,2025-09-09,561.08,34387,1596,114,5919.63,3282.65,6680.18,Yes,15,Yes,No,20,Returning
13097,Lina Saleh,Male,21,Jerusalem,Qatar,52407.98,Corporate,C006,Loyalty Rewards,Retention,Email,2025-10-25,2025-11-22,673.88,36314,1833,79,11608.61,8398.24,11425.92,Yes,9,No,No,16,New
12347,Adam Brown,Male,32,Ramallah,Qatar,43831.91,Premium,C008,Weekend Flash Sale,Discount,Display Ads,2025-12-31,2026-01-19,519.3,29793,798,64,7951.41,4796.28,8029.5,Yes,0,No,No,6,Returning
12590,Olivia Smith,Female,24,Cairo,Jordan,77647.3,Regular,C002,Back to School,Seasonal,SMS,2025-01-17,2025-01-27,431.51,28251,2238,223,24751.16,20748.37,24312.17,Yes,3,Yes,No,4,Returning
11037,Maya Saleh,Male,49,Amman,Egypt,64361.64,Regular,C004,New Product Launch,Product,Google Ads,2025-03-14,2025-04-11,808.3,17703,794,42,4758.41,2857.23,4974.59,Yes,7,No,No,29,Returning
12475,Ali Awwad,Male,33,Gaza,Lebanon,46665.08,Regular,C003,Black Friday,Discount,Social Media,2025-01-03,2025-01-21,303.79,50442,2151,154,20096.65,14015.69,21624.27,Yes,12,No,No,24,Returning
13309,Sara Hassan,Female,39,Ramallah,Qatar,72965.11,Regular,C005,Holiday Offers,Seasonal,Social Media,2025-03-05,2025-03-12,424.41,71468,1716,83,10999.97,8021.02,11095.57,Yes,9,Yes,No,19,Returning
11638,Ahmed Saleh,Male,40,Dubai,Egypt,45845.51,Regular,C007,Spring Promotion,Seasonal,SMS,2025-09-22,2025-09-29,448.61,20161,1489,65,8469.3,5682.42,7007.4,Yes,12,No,No,9,Returning
10842,Michael Brown,Female,33,Ramallah,Jordan,70251.64,Regular,C007,Spring Promotion,Seasonal,Display Ads,2025-10-10,2025-10-27,716.61,91041,2380,105,17371.36,12155.43,14693.76,Yes,14,No,No,13,New
11292,Sophia Smith,Male,45,Jerusalem,Egypt,34825.69,Corporate,C008,Weekend Flash Sale,Discount,SMS,2025-12-24,2026-01-09,257.36,54316,4902,227,25563.26,21248.0,29029.28,Yes,8,Yes,No,10,Returning
13833,John Saleh,Female,32,Gaza,Qatar,31351.58,Budget,C003,Black Friday,Discount,Email,2025-01-25,2025-02-04,343.94,25609,1425,156,,15889.4,20893.59,Yes,15,Yes,No,11,Inactive
10634,Noor Wilson,Male,27,Gaza,Jordan,35438.89,Budget,C001,Summer Sale,Discount,Google Ads,2025-08-03,2025-09-02,648.73,48562,2580,216,4042.69,2920.34,4745.8,Yes,7,No,No,5,New
10507,Daniel Wilson,Male,34,Dubai,Qatar,89427.13,Regular,C004,New Product Launch,Product,Email,2025-01-25,2025-02-05,309.49,95063,5521,230,30094.65,24882.11,27206.29,Yes,1,Yes,Yes,6,New
13799,Ahmed Awwad,Male,27,Jerusalem,Palestine,72336.38,Budget,C004,New Product Launch,Product,Social Media,2025-05-07,2025-05-30,564.61,71707,1937,191,23809.26,15918.69,23189.03,Yes,9,Yes,No,27,Returning
12774,Ahmed Brown,Male,29,Doha,Palestine,29074.89,Regular,C001,Summer Sale,Discount,SMS,2025-04-13,2025-04-22,650.24,78594,6842,572,53560.01,30467.35,47980.37,Yes,11,No,No,8,Returning
13187,Michael Brown,Female,38,Dubai,Jordan,44733.87,Regular,C001,Summer Sale,Discount,Display Ads,2025-12-31,2026-01-20,250.15,42780,1313,82,10460.05,9398.32,11428.91,Yes,2,No,No,11,New
12616,Yousef Wilson, male ,43,Doha,Palestine,58011.14,Regular,C002,Back to School,Seasonal,Google Ads,2025-03-03,2025-03-21,583.54,19433,964,84,7859.4,6388.33,8462.81,Yes,7,No,No,14,Inactive
14037,Omar Awwad,Male,36,Beirut,Egypt,46507.41,Regular,,Loyalty Rewards,Retention,Email,2025-07-28,2025-08-24,182.02,78785,4178,321,27486.93,17108.81,29762.13,Yes,6,No,No,12,New
10960,Maya Saleh,Female,63,Gaza,Lebanon,61331.88,Corporate,C004,New Product Launch,Product,SMS,2025-01-24,2025-02-12,452.25,20760,1478,92,,3320.06,6592.45,Yes,0,Yes,No,15,Inactive
10320,Olivia Awwad,FEMALE,27,Hebron,Qatar,50621.62,Regular,C007,Spring Promotion,Seasonal,SMS,2025-10-02,2025-10-10,517.96,32211,2713,302,29352.68,20687.16,24128.58,Yes,2,No,No,26,Returning
10134,Michael Miller,Male,33,Gaza,Qatar,61322.39,Regular,C001,Summer Sale,Discount,Email,2025-06-22,2025-07-09,651.04,78059,4292,200,22773.28,14025.09,18629.53,Yes,7,No,No,8,Returning
12243,Yousef Miller,Male,56,Dubai,Palestine,22102.05,Regular,C001,Summer Sale,Discount,Social Media,2025-10-14,2025-11-04,358.69,80389,1957,200,33724.46,29695.88,27283.64,Yes,4,No,No,20,New
12756,Daniel Wilson,Female,36,Ramallah,Egypt,53454.69,Corporate,C006,Loyalty Rewards,Retention,Display Ads,2025-01-23,2025-02-15,813.51,83551,1383,77,13491.27,9382.57,11588.17,Yes,1,No,No,12,New
12177,Ahmed Miller,Male,19,Dubai,Palestine,65060.21,Corporate,C004,New Product Launch,Product,Email,2025-05-06,2025-05-19,574.03,33060,1837,151,19221.9,10780.97,15513.32,Yes,12,Yes,Yes,25,New
11799,Adam Hassan,Female,20,Gaza,UAE,70600.3,Regular,C006,Loyalty Rewards,Retention,Website,2025-02-18,2025-03-09,609.27,40081,479,54,12091.98,8040.03,9896.89,Yes,8,No,No,29,New
11296,Sophia Davis,Male,21,Amman,Egypt,64506.62,Premium,C007,Spring Promotion,Seasonal,SMS,2025-06-04,2025-07-01,343.62,98971,8158,914,48967.48,31256.11,57285.39,Yes,0,No,No,22,Returning
10783,Michael Miller,Male,36,Dubai,Palestine,63894.73,Budget,C002,Back to School,Seasonal,Social Media,2025-06-26,2025-07-17,594.72,8635,250,26,4515.48,3322.68,4428.43,Yes,12,Yes,No,4,Returning
11358,Lina Nasser,Female,35,Ramallah,UAE,63844.33,Regular,C007,Spring Promotion,Seasonal,SMS,2025-06-28,2025-07-24,549.77,51953,4948,346,71506.03,58730.99,59092.77,Yes,10,Yes,No,25,Returning
10155,Maya Khalil,Female,66,Beirut,Qatar,44680.66,Corporate,C007,Spring Promotion,Seasonal,Google Ads,2025-11-27,2025-12-18,283.4,1417,80,2,149.69,103.47,121.06,Yes,9,No,No,21,New
13264,Ali Hassan,Female,34,Dubai,Qatar,50450.84,Premium,C007,Spring Promotion,Seasonal,Website,2025-06-27,2025-07-06,985.77,18943,349,25,4618.35,3937.71,4014.52,Yes,11,Yes,No,13,Returning
14112,Ahmed Hassan,Female,36,Ramallah,UAE,59783.58,Regular,C003,Black Friday,Discount,Website,2025-12-06,2025-12-22,390.61,65922,1988,230,24109.59,16161.54,20963.11,Yes,9,No,No,18,Returning
11003,Adam Brown,Male,57,Beirut,UAE,82396.06,Budget,C001,Summer Sale,Discount,Display Ads,2025-05-21,2025-06-05,588.31,96682,2164,93,13293.07,9871.04,11612.84,Yes,12,Yes,No,29,New
10320,Omar Hassan,Female,55,Jerusalem,Egypt,69309.25,Premium,C002,Back to School,Seasonal,Google Ads,2025-03-05,2025-03-15,519.26,18056,588,45,7386.47,6584.77,6790.74,Yes,3,Yes,No,19,New
14114,Layla Khalil,Male,30,Dubai,Lebanon,56515.9,Regular,C003,Black Friday,Discount,SMS,2025-11-19,2025-12-18,529.46,28078,2669,201,18341.59,11726.38,17365.97,Yes,2,Yes,No,22,New
10226,Michael Davis,Male,21,Cairo,Jordan,65569.23,Regular,C003,Black Friday,Discount,Email,2025-10-29,2025-11-26,650.63,31452,2101,119,11146.67,9843.16,12165.27,Yes,10,Yes,Yes,19,New
12549,Maya Saleh,Male,28,Ramallah,UAE,47042.54,Budget,C005,Holiday Offers,Seasonal,SMS,2025-10-25,2025-11-23,347.49,59760,5229,321,29777.02,22902.11,27127.93,Yes,0,No,No,27,Returning
14180,Noor Khalil,Male,45,Nablus,Qatar,69900.23,Budget,C006,Loyalty Rewards,Retention,Social Media,2025-10-26,2025-11-12,771.35,41126,1541,229,22042.52,14799.36,22320.36,Yes,7,Yes,No,28,Returning
10628,Lina Miller,Male,27,Cairo,Qatar,36025.3,Budget,C005,Holiday Offers,Seasonal,Social Media,2025-02-09,2025-02-16,701.29,57936,1363,96,12950.17,9513.52,11900.72,Yes,9,Yes,No,8,Inactive
13397,Yousef Hassan,Female,51,Hebron,Palestine,50474.58,Budget,C003,Black Friday,Discount,Email,2025-02-21,2025-03-17,831.41,74093,3650,438,57682.71,46781.58,60834.85,Yes,15,Yes,No,20,Returning
11615,Lina Miller,Male,27,Gaza,Palestine,50049.76,Premium,C007,Spring Promotion,Seasonal,Social Media,2025-09-19,2025-09-26,420.62,12008,412,17,2892.59,1835.83,2499.13,Yes,13,Yes,No,29,Inactive
11408,Sara Miller,Female,48,Amman,Lebanon,80334.94,Regular,C001,Summer Sale,Discount,SMS,2025-09-09,2025-09-20,244.54,10222,900,80,5379.15,3617.87,6019.19,Yes,0,No,No,13,Inactive
10458,Daniel Brown,Female,28,Amman,Jordan,62448.97,Regular,C001,Summer Sale,Discount,Email,2025-03-18,2025-04-07,577.31,89989,5094,454,85813.98,60562.84,71209.1,Yes,15,Yes,Yes,4,Returning
11918,Daniel Nasser,Male,39,Ramallah,Lebanon,54962.66,Regular,C007,Spring Promotion,Seasonal, email ,2025-02-07,2025-03-03,664.93,53867,3415,461,72954.03,62311.23,61041.55,Yes,3,No,No,28,New
14154,Emma Miller,Male,30,Beirut,Jordan,45932.1,Premium,C001,Summer Sale,Discount,Google Ads,2025-12-13,2025-12-28,855.25,79963,4175,213,24406.26,16948.79,23363.9,Yes,4,Yes,No,28,Returning
13836,John Khalil,Female,25,Dubai,Palestine,57501.36,Premium,C006,Loyalty Rewards,Retention,SMS,2025-01-19,2025-02-18,261.74,6981,668,68,4620.39,2638.04,4926.46,Yes,2,Yes,No,27,Returning
13893,Noor Wilson,Female,42,Dubai,UAE,68409.29,Regular,C008,Weekend Flash Sale,Discount,Email,2025-11-08,2025-11-25,528.36,43931,1927,187,15393.67,9703.93,15498.5,Yes,15,Yes,Yes,8,New
13427,Daniel Khalil,Female,59,Dubai,Qatar,32556.65,Corporate,C004,New Product Launch,Product,Display Ads,2025-09-02,2025-09-13,672.48,64076,1791,215,24546.73,19636.32,20168.48,Yes,5,No,No,26,Returning
13263,Adam Smith,Male,29,Ramallah,Jordan,71466.59,Budget,C006,Loyalty Rewards,Retention,Email,2025-12-06,2025-12-14,436.56,4475,228,15,1523.58,1225.88,1379.89,Yes,3,Yes,No,16,New
12240,Sophia Khalil,Male,43,Ramallah,Palestine,61466.66,Premium,C006,Loyalty Rewards,Retention,Website,2025-01-14,2025-02-04,719.07,61474,420,44,5054.89,3074.03,4435.96,YES,2,Yes,No,28,Returning
12079,Daniel Miller,Male,39,Cairo,Qatar,21111.5,Regular,C007,Spring Promotion,Seasonal,Social Media,2025-09-25,2025-10-23,1033.82,40156,1064,98,16559.13,14102.11,15447.44,Yes,10,Yes,No,10,Returning
10930,Sophia Brown,Male,29,,Lebanon,62736.01,Budget,C001,Summer Sale,Discount,Social Media,2025-08-16,2025-08-30,510.41,51742,1553,232,42277.91,37656.37,34451.44,Yes,6,No,No,24,Inactive
12819,Olivia Awwad,Male,39,Amman,Palestine,53420.89,Budget,C001,Summer Sale,Discount,Display Ads,2025-08-22,2025-09-13,221.43,71389,1413,155,11273.3,6930.56,9725.9,Yes,7,Yes,No,24,Returning
10523,Layla Nasser,Female,18,Gaza,UAE,81691.71,Corporate,C008,Weekend Flash Sale,Discount,Google Ads,2025-04-24,2025-05-03,459.27,8574,478,49,5261.91,4652.59,5154.71,Yes,1,Yes,No,13,Inactive
13633,Layla Hassan,Female,29,Amman,Qatar,75211.27,Corporate,C005,Holiday Offers,Seasonal,Website,2025-11-01,2025-11-10,619.92,23559,586,40,3662.97,2885.52,3486.93,Yes,11,No,No,4,Returning
12828,Adam Miller,Female,41,Beirut,UAE,61888.02,Regular,C005,Holiday Offers,Seasonal,Email,2025-02-03,2025-03-03,723.87,94946,5846,271,34787.9,29627.45,34037.66,Yes,10,Yes,Yes,29,Returning
12315,Maya Wilson,Male,37,Amman,UAE,43995.16,Regular,C003,Black Friday,Discount,Website,2025-04-07,2025-05-07,336.83,20029,376,17,2476.47,1525.29,2618.85,Yes,8,Yes,No,26,Inactive
10599,Lina Hassan,Female,31,Hebron,Egypt,57415.09,Regular,C006,Loyalty Rewards,Retention,Email,2025-02-24,2025-03-04,202.33,19969,1045,46,2887.36,2285.72,3231.8,Yes,7,Yes,Yes,21,New
10460,Omar Miller,Female,48,Nablus,Palestine,45141.1,Regular,C008,Weekend Flash Sale,Discount,Display Ads,2025-05-14,2025-06-09,423.3,83603,2628,77,10863.81,6509.27,10972.05,Yes,3,Yes,No,29,Returning
13032,Sara Khalil,Male,40,Beirut,Lebanon,67148.85,Regular,C008,Weekend Flash Sale,Discount,Email,2025-12-16,2025-12-28,461.0,39312,2410,273,39860.47,33009.97,34022.32,Yes,2,Yes,Yes,27,Returning
13746,Michael Wilson,Female,54,Jerusalem,Egypt,39963.48,Corporate,C005,Holiday Offers,Seasonal,Display Ads,2025-07-19,2025-08-09,522.74,80034,1532,65,4782.11,2876.03,5047.41,Yes,6,Yes,No,22,Inactive
13979,Maya Khalil,Male,57,Doha,Egypt,44944.24,Budget,C001,Summer Sale,Discount,SMS,2025-09-20,2025-10-17,509.81,33653,2963,314,59195.85,52231.86,49541.11,Yes,12,No,No,5,Returning
12467,Emma Wilson,Female,37,Hebron,Lebanon,93052.96,Corporate,C008,Weekend Flash Sale,Discount,Social Media,2025-02-19,2025-02-28,605.53,11696,364,42,4970.58,3047.56,3989.3,Yes,6,No,No,9,Returning
13135,Olivia Nasser,Female,40,Dubai,UAE,50866.47,Regular,C004,New Product Launch,Product,Email,2025-04-16,2025-04-28,721.59,70810,3450,405,29499.43,20560.52,27128.34,Yes,3,No,Yes,12,New
11521,Noor Saleh,Male,37,Beirut,Lebanon,57589.87,Premium,C005,Holiday Offers,Seasonal,SMS,2025-01-02,2025-01-25,741.93,38889,3741,307,45602.53,27208.83,38438.48,Yes,12,No,No,9,New
10376,Sara Davis,Female,25,Beirut,Egypt,99170.15,Regular,C002,Back to School,Seasonal,SMS,2025-11-06,2025-11-13,392.47,71372,4667,271,41177.64,36900.34,39781.3,Yes,8,Yes,No,10,Inactive
14016,Michael Khalil,Male,28,Amman,Lebanon,41109.64,Corporate,C008,Weekend Flash Sale,Discount,Google Ads,2025-12-26,2026-01-02,526.89,61550,2378,213,12445.76,10446.98,14346.54,Yes,6,No,No,2,Inactive
11535,Omar Nasser,Male,31,Dubai,Jordan,72417.27,Budget,C003,Black Friday,Discount,Social Media,2025-07-18,2025-07-30,514.49,84740,3324,247,27269.1,23273.38,25041.5,Yes,3,No,No,18,Returning
10856,Ali Saleh,Male,26,Doha,Jordan,19421.3,Corporate,C007,Spring Promotion,Seasonal,Email,2025-11-03,2025-12-02,569.72,53573,3001,244,41018.18,28756.06,34391.33,Yes,14,No,No,18,Inactive
13591,Ali Brown,Male,33,Dubai,Qatar,41866.74,Regular,C005,Holiday Offers,Seasonal,Email,2025-08-10,2025-09-03,817.64,23270,1439,127,17649.25,12457.11,19796.62,Yes,13,Yes,Yes,15,New
11324,Sara Hassan,Female,29,Ramallah,Lebanon,90931.05,Budget,C003,Black Friday,Discount,Email,2025-07-01,2025-07-11,132.42,81900,3635,416,79378.6,64622.78,73946.85,Yes,14,No,No,19,Returning
13758,Noor Khalil,Female,32,Doha,Jordan,35881.19,Budget,C003,Black Friday,Discount,Website,2025-05-13,2025-05-24,616.34,57034,2062,119,16318.34,11530.99,14796.89,Yes,15,No,No,23,New
12292,Ahmed Smith,Female,47,Cairo,UAE,42684.82,Corporate,C002,Back to School,Seasonal,Social Media,2025-01-09,2025-01-29,373.02,14376,342,27,3198.85,2740.49,3472.25,Yes,4,No,No,16,Returning
13850,Ahmed Khalil,Female,44,Gaza,Egypt,68413.55,Budget,C008,Weekend Flash Sale,Discount,SMS,2025-02-21,2025-03-22,589.45,91006,7700,834,136644.58,121541.72,115449.55,Yes,11,Yes,No,24,Inactive
14036,Sara Hassan,Female,43,Beirut,Egypt,85200.19,Regular,C002,Back to School,Seasonal,Website,2025-09-09,2025-10-09,255.7,87717,2422,149,26339.21,22039.37,23017.19,Yes,6,No,No,16,Returning
11301,Sara Smith,Male,58,Ramallah,Lebanon,86771.52,Premium,C007,Spring Promotion,Seasonal,Email,2025-01-04,2025-01-29,650.73,96462,4637,329,28304.48,18690.62,29527.61,Yes,2,No,No,4,Returning
12879,Adam Miller,Male,42,Doha,Qatar,34437.12,Budget,C008,Weekend Flash Sale,Discount,Social Media,2025-03-22,2025-04-11,539.16,99371,3609,365,55874.03,45814.93,56127.66,Yes,9,Yes,No,13,Returning
13626,Adam Awwad,Male,49,Gaza,Jordan,53864.57,Budget,C006,Loyalty Rewards,Retention,Display Ads,2025-03-12,2025-04-03,371.23,88987,1707,144,28267.64,24705.14,29006.28,Yes,8,Yes,No,9,New
10594,John Hassan,Female,25,Dubai,Qatar,33255.45,Regular,C005,Holiday Offers,Seasonal,Website,2025-08-11,2025-08-18,566.21,84494,2063,208,22855.61,13512.18,18914.84,Yes,10,No,No,8,Inactive
10653,Ahmed Brown,Female,55,Dubai,Palestine,44422.38,Budget,C008,Weekend Flash Sale,Discount,Social Media,2025-11-12,2025-11-28,132.97,44218,1348,143,14013.65,9721.67,13626.59,Yes,3,Yes,No,23,Returning
10427,Ali Nasser,Male,58,Dubai,Egypt,39607.87,Premium,C007,Spring Promotion,Seasonal,Display Ads,2025-06-23,2025-07-18,547.56,98151,2637,354,39738.75,27409.51,39470.82,Yes,11,Yes,No,30,New
11782,Lina Brown,Male,39,Hebron,Qatar,28769.37,Regular,C006,Loyalty Rewards,Retention,Display Ads,2025-11-20,2025-12-06,20.0,27967,682,43,,5709.59,5244.8,Yes,4,Yes,No,23,Returning
13947,Yousef Brown,Male,38,Gaza,Palestine,41174.83,Regular,C004,New Product Launch,Product,SMS,2025-06-21,2025-07-17,622.64,98693,8439,622,38220.59,30349.59,44374.91,Yes,8,No,No,16,Returning
11182,Adam Awwad,Female,41,Ramallah,Palestine,56888.85,Budget,C007,Spring Promotion,Seasonal,Google Ads,2025-01-22,2025-02-21,476.12,3434,138,15,1142.95,777.73,1134.8,Yes,13,No,No,30,New
13154,Olivia Miller,Female,23,Jerusalem,UAE,49961.51,Budget,C008,Weekend Flash Sale,Discount,Display Ads,2025-05-20,2025-05-30,700.07,41926,83,7,717.15,638.36,776.26,Yes,11,Yes,No,14,New
12120,Layla Miller,Female,36,,Egypt,69973.23,Regular,C005,Holiday Offers,Seasonal,Website,2025-03-03,2025-03-28,190.54,52177,651,59,7548.5,6505.65,8527.36,Yes,9,Yes,No,27,New
12316,Adam Brown,Female,67,Gaza,Lebanon,59020.68,Regular,C002,Back to School,Seasonal,Display Ads,2025-08-07,2025-08-15,660.71,7111,19,0,0.0,0.0,0.0,No,5,Yes,No,4,Returning
12711,Sophia Wilson,Male,31,Dubai,Qatar,49130.5,Premium,C004,New Product Launch,Product,Google Ads,2025-02-19,2025-03-12,799.66,71692,3388,465,47312.92,26725.54,48262.84,Yes,2,No,No,16,Returning
13189,Emma Davis,Female,27,Ramallah,UAE,57192.02,Regular,C003,Black Friday,Discount,Display Ads,2025-03-01,2025-03-30,551.26,10585,262,29,4060.45,2748.25,3520.99,Yes,7,No,No,17,Returning
12255,Ali Hassan,Male,31,Cairo,Qatar,72417.61,Regular,C001,Summer Sale,Discount,Display Ads,2025-05-09,2025-05-24,521.72,40910,886,66,9507.64,6216.1,9539.85,Yes,15,Yes,No,17,Returning
10522,Noor Miller,Male,31,Gaza,Palestine,69763.55,Regular,C007,Spring Promotion,Seasonal,Social Media,2025-09-24,2025-10-23,473.55,30843,1179,58,6741.27,4372.33,5746.71,Yes,10,No,No,20,Returning
13825,Omar Miller,Male,40,Ramallah,Egypt,51683.91,Premium,C003,Black Friday,Discount,Display Ads,2025-02-02,2025-02-13,764.35,44469,807,71,9193.38,7079.75,8779.66,Yes,10,Yes,No,30,New
12361,Sara Hassan,Female,54,Dubai,Qatar,29937.33,Budget,C001,Summer Sale,Discount,SMS,2025-10-15,2025-11-01,761.39,51883,5177,533,85629.44,65480.32,76466.88,Yes,13,Yes,No,26,Inactive
11248,Daniel Nasser,Male,23,Ramallah,Palestine,53922.54,Budget,C003,Black Friday,Discount,Email,2025-02-16,2025-03-06,373.05,4921,276,22,2837.57,1927.59,2642.67,Yes,4,No,No,27,Inactive
12084,Lina Wilson,Female,26,Ramallah,Lebanon,,Regular,C001,Summer Sale,Discount,Google Ads,2025-07-03,2025-07-14,20.0,68846,3934,288,,26211.85,37117.05,Yes,15,No,No,9,Returning
14186,Ahmed Miller,Male,18,Gaza,Egypt,59626.98,Budget,C003,Black Friday,Discount,SMS,2025-01-15,2025-02-01,406.81,92719,8990,500,54210.24,43845.9,54898.06,Yes,3,No,No,26,New
12266,Sara Saleh,Female,48,Jerusalem,Egypt,63916.26,Premium,C003,Black Friday,Discount,Social Media,2025-04-17,2025-04-26,570.83,40207,847,52,4511.26,3149.48,4280.32,Yes,8,No,No,30,New
10272,Maya Miller,Female,23,Amman,UAE,68596.47,Corporate,C006,Loyalty Rewards,Retention,Website,2025-12-27,2026-01-26,387.04,83452,1293,64,9185.83,5644.46,8401.25,Yes,14,No,No,26,Returning
13375,Emma Wilson,Male,36,Nablus,UAE,43554.05,Regular,C005,Holiday Offers,Seasonal,Google Ads,2025-04-09,2025-04-20,725.64,81990,3482,195,17934.71,10136.45,19073.9,Yes,1,Yes,No,22,New
13367,Maya Miller,Male,38,Beirut,Lebanon,41061.28,Regular,C007,Spring Promotion,Seasonal,Email,2025-04-10,2025-04-29,799.91,12697,583,64,8404.01,6080.19,8497.3,Yes,10,No,Yes,24,New
11216,Sara Hassan,Male,23,Beirut,Qatar,56512.24,Corporate,C007,Spring Promotion,Seasonal,Email,2025-01-26,2025-02-24,869.77,94393,4387,223,35446.69,23984.5,31258.91,Yes,15,Yes,No,14,Inactive
12708,John Hassan,Male,18,Beirut,Lebanon,42322.38,Regular,C007,Spring Promotion,Seasonal,Google Ads,2025-07-29,2025-08-27,244.83,81328,3565,209,26342.3,19192.48,27100.83,Yes,2,No,No,26,New
13065,Ahmed Miller,Female,47,Ramallah,Egypt,88368.19,Budget,C001,Summer Sale,Discount,Website,2025-06-10,2025-07-06,520.09,81634,2242,205,30170.34,18866.13,26713.91,YES,1,No,No,12,New
11050,John Brown,Male,37,Amman,Lebanon,57479.16,Premium,C004,New Product Launch,Product,Email,2025-07-06,2025-07-20,634.65,3803,209,28,3318.76,2013.75,2859.37,Yes,14,No,Yes,0,Returning
13362,Olivia Wilson,Female,34,Beirut,Lebanon,57893.53,Regular,C008,Weekend Flash Sale,Discount,Display Ads,2025-01-03,2025-01-23,716.29,38996,477,12,796.15,713.38,903.56,Yes,2,Yes,No,16,New
10544,Ahmed Wilson,Male,31,Beirut,Egypt,18000.0,Budget,C008,Weekend Flash Sale,Discount,Social Media,2025-04-01,2025-04-17,577.84,69599,2651,232,10897.44,8402.23,9826.55,Yes,10,No,No,3,New
10295,Adam Nasser,Male,31,Gaza,Egypt,67538.69,Premium,C002,Back to School,Seasonal,Display Ads,2025-01-26,2025-02-03,938.67,31071,168,13,1385.36,924.16,1566.78,Yes,10,No,No,30,Returning
11860,Noor Nasser,Female,38,Hebron,Lebanon,73123.38,Regular,C008,Weekend Flash Sale,Discount,Google Ads,2025-01-31,2025-02-20,416.08,27779,1353,129,13237.63,11262.37,10995.45,Yes,12,No,No,6,Returning
11508,John Saleh,Female,18,Beirut,Lebanon,63381.12,Budget,C004,New Product Launch,Product,Google Ads,2025-12-12,2025-12-21,176.34,8865,550,37,5518.84,4562.98,5132.25,Yes,11,Yes,No,11,Returning
13272,Emma Awwad,Female,43,Gaza,Jordan,84781.51,Budget,C001,Summer Sale,Discount,Google Ads,2025-06-01,2025-06-09,458.64,98960,3567,375,74009.27,53948.63,59450.47,Yes,12,No,No,11,New
13156,Maya Wilson,Male,35,Amman,Qatar,50430.43,Budget,C004,New Product Launch,Product,Website,2025-05-07,2025-05-15,678.58,8685,232,9,912.3,524.94,758.51,Yes,4,Yes,No,8,Inactive
13885,Olivia Khalil,Female,30,Amman,Lebanon,47090.55,Regular,C008,Weekend Flash Sale,Discount,Social Media,2025-02-27,2025-03-28,180.42,63875,2068,220,23134.11,15494.29,22677.7,Yes,9,Yes,No,25,New
10838,Maya Brown,Male,43,Dubai,Palestine,34236.94,Regular,C008,Weekend Flash Sale,Discount,Email,2025-08-29,2025-09-11,513.02,81358,5441,434,18908.52,14569.77,19824.21,Yes,11,Yes,Yes,0,Returning
13510,Sophia Saleh,Female,36,Beirut,UAE,68414.3,Premium,C004,New Product Launch,Product,Email,2025-12-10,2026-01-01,42.38,47125,2385,134,20957.46,16820.29,16962.61,Yes,12,No,Yes,7,Returning
10296,John Nasser,Male,150,Jerusalem,UAE,45483.86,Regular,C006,Loyalty Rewards,Retention,Email,2025-08-11,2025-08-18,817.38,26497,1231,72,13324.45,7945.65,10689.04,Yes,3,Yes,No,2,New
11572,Ali Nasser,Female,26,Gaza,Palestine,58681.38,Regular,C008,Weekend Flash Sale,Discount,Display Ads,2025-05-20,2025-05-30,770.68,45406,886,57,7249.75,4910.88,8113.77,Yes,8,No,No,8,New
11141,Lina Wilson,Male,36,Beirut,Jordan,66871.69,Corporate,C001,Summer Sale,Discount,SMS,2025-06-04,2025-06-19,515.9,10750,942,77,11064.71,6719.18,10289.45,Yes,3,No,No,21,Returning
13989,Adam Hassan,Female,30,Amman,Jordan,28548.19,Regular,C003,Black Friday,Discount,Website,2025-03-05,2025-04-01,614.68,57388,2209,222,26194.59,14516.67,22044.01,Yes,13,Yes,No,27,New
10225,Noor Brown,Female,43,Nablus,Palestine,58851.87,Regular,C002,Back to School,Seasonal,Google Ads,2025-12-22,2025-12-31,504.6,70380,2852,281,32366.81,20735.67,27913.08,Yes,8,No,No,30,Returning
10342,Omar Awwad,Female,43,Gaza,Lebanon,70130.4,Corporate,C002,Back to School,Seasonal,Display Ads,2025-03-24,2025-04-04,488.5,21911,768,70,13863.09,8700.19,12738.6,Yes,13,No,No,18,Inactive
13623,Maya Nasser,Female,30,Amman,Palestine,70486.54,Budget,C004,New Product Launch,Product,Website,2025-10-23,2025-11-05,283.1,40427,928,74,10508.7,8067.21,10081.25,Yes,15,No,No,20,New
12627,Maya Saleh,Male,18,Amman,Jordan,44272.82,Budget,C008,Weekend Flash Sale,Discount,Display Ads,2025-06-01,2025-06-13,567.77,21165,147,10,1220.39,905.46,1328.2,Yes,13,No,No,2,Returning
11977,Emma Khalil,Female,39,Amman,UAE,54704.16,Budget,C007,Spring Promotion,Seasonal,Social Media,2025-07-19,2025-07-27,104.21,42817,1195,107,3899.02,3363.51,3329.92,Yes,10,Yes,No,16,Inactive
12866,Daniel Miller,Male,23,Cairo,Egypt,36081.68,Budget,C001,Summer Sale,Discount,Social Media,2025-05-18,2025-06-09,457.42,60691,2127,173,29516.56,19843.92,25912.42,Yes,8,No,No,23,Returning
12740,Adam Miller,Male,41,Ramallah,Palestine,50459.01,Regular,C001,Summer Sale,Discount,Website,2025-04-17,2025-04-28,687.97,97035,3498,258,20179.63,16534.2,19939.1,Yes,2,Yes,No,3,Inactive
10830,Michael Brown,Male,35,Amman,Palestine,47245.41,Budget,C008,Weekend Flash Sale,Discount,Social Media,2025-12-14,2025-12-24,467.3,84302,2158,183,12320.07,9368.03,12481.18,Yes,0,Yes,No,25,Returning
12036,Adam Khalil,Male,19,Dubai,UAE,18000.0,Corporate,C003,Black Friday,Discount,Display Ads,2025-09-14,2025-09-24,446.11,723,11,0,0.0,0.0,0.0,No,1,No,No,9,Returning
13926,Ali Awwad,Female,40,Gaza,Egypt,53610.16,Regular,C005,Holiday Offers,Seasonal,Social Media,2025-10-12,2025-10-20,368.16,8005,266,21,1255.92,1110.47,1287.23,Yes,12,No,No,13,New
10633,Daniel Saleh,Male,43,Dubai,Jordan,50921.84,Premium,C004,New Product Launch,Product,Social Media,2025-11-11,2025-11-24,661.3,50959,1346,33,4018.42,3008.13,4547.6,Yes,8,No,No,18,New
12547,Sophia Smith,Male,34,Nablus,UAE,88886.86,Regular,C006,Loyalty Rewards,Retention,Email,2025-08-28,2025-09-10,471.31,20196,1045,63,6007.18,4606.16,6308.99,Yes,11,Yes,Yes,5,Returning
10467,Olivia Wilson,Male,49,Dubai,Egypt,21684.96,Premium,C003,Black Friday,Discount,Social Media,2025-03-08,2025-03-16,679.58,79408,3209,400,61865.72,53352.44,51574.98,Yes,12,No,No,4,Returning
11093,Daniel Awwad,Female,36,Nablus,Palestine,24937.77,Premium,C001,Summer Sale,Discount,Email,2025-10-09,2025-10-25,287.94,6495,309,21,918.7,552.15,1077.58,Yes,15,Yes,No,16,New
11041,Layla Davis,Female,29,Beirut,Egypt,84035.45,Regular,C002,Back to School,Seasonal,SMS,2025-09-21,2025-10-08,477.27,66699,6392,683,103238.57,92853.82,90766.09,Yes,15,No,No,6,New
11908,John Wilson,Female,43,Doha,Qatar,37418.22,Corporate,C004,New Product Launch,Product,SMS,2025-11-19,2025-12-02,852.03,58468,5157,407,9631.69,8096.54,8766.9,Yes,12,No,No,26,New
11663,Sophia Wilson,Male,53,Beirut,Egypt,75363.17,Regular,C007,Spring Promotion,Seasonal,Display Ads,2025-07-09,2025-07-17,117.15,12061,220,14,1438.19,864.31,1183.24,Yes,5,Yes,No,10,Returning
11429,Adam Miller,Female,29,Beirut,Lebanon,37357.95,Regular,C001,Summer Sale,Discount,Website,2025-04-23,2025-05-09,387.12,6886,155,15,2168.32,1472.3,1743.08,Yes,13,Yes,No,12,New
11898,John Nasser,Female,40,Ramallah,UAE,74736.67,Regular,C008,Weekend Flash Sale,Discount,SMS,2025-08-14,2025-09-10,795.58,38942,2951,268,55217.82,34765.1,46579.21,Yes,10,No,No,3,Returning
10044,Omar Miller,Male,42,Jerusalem,Palestine,25288.6,Regular,C007,Spring Promotion,Seasonal,Google Ads,2025-05-30,2025-06-29,468.03,69546,3101,390,53322.79,44759.81,46628.8,Yes,2,No,No,26,Returning
11062,Daniel Saleh,Male,34,Jerusalem,UAE,62806.89,Regular,C006,Loyalty Rewards,Retention,Email,2025-01-15,2025-01-28,667.39,7156,353,25,4045.72,2296.95,4670.99,Yes,14,No,No,15,Inactive
11430,Olivia Davis,Female,43,Nablus,Jordan,64462.89,Corporate,C004,New Product Launch,Product,Social Media,2025-02-28,2025-03-27,729.66,44898,1607,171,19056.26,15192.72,18877.33,Yes,6,No,No,6,New
11029,Emma Davis,Female,48,Doha,UAE,83160.94,Regular,C007,Spring Promotion,Seasonal,Email,2025-05-30,2025-06-22,488.21,90273,4439,325,34724.19,20485.75,33309.19,Yes,7,Yes,Yes,17,Returning
13595,Daniel Awwad,Female,32,Nablus,Lebanon,77116.0,Regular,C008,Weekend Flash Sale,Discount,Email,2025-10-01,2025-10-24,436.29,68273,3587,95,9227.52,6190.62,10307.58,Yes,0,Yes,Yes,19,Returning
11905,Ali Miller,Male,43,Gaza,Jordan,43219.42,Regular,C008,Weekend Flash Sale,Discount,Social Media,2025-01-08,2025-01-29,530.96,33647,1069,76,8838.67,7876.48,10112.78,Yes,12,No,No,23,New
12429,John Khalil,Male,37,Doha,Egypt,43907.12,Budget,C002,Back to School,Seasonal,Social Media,2025-08-20,2025-09-10,136.49,79316,2298,188,33004.82,27988.53,34739.64,Yes,8,Yes,No,15,Returning
12621,Lina Saleh,Male,33,Dubai,Lebanon,36688.33,Premium,C001,Summer Sale,Discount,Google Ads,2025-11-16,2025-11-26,388.97,37816,1539,118,27152.79,17191.58,24315.58,Yes,3,No,No,13,Returning
11691,Noor Khalil,Female,18,Doha,Jordan,72103.09,Regular,C001,Summer Sale,Discount,Social Media,2025-08-20,2025-08-31,809.07,89623,2419,201,18994.57,14848.18,20942.56,Yes,9,No,No,27,New
12083,Sara Miller,Female,39,Ramallah,Jordan,59561.27,Premium,C005,Holiday Offers,Seasonal,Google Ads,2025-07-07,2025-07-18,443.45,79063,3520,372,65503.03,55925.86,60898.01,Yes,1,Yes,No,6,Returning
10166,Emma Wilson,Male,26,Cairo,Jordan,46403.98,Regular,C003,Black Friday,Discount,Display Ads,2025-03-21,2025-04-10,351.49,32235,852,74,6069.23,5156.02,5593.79,Yes,0,Yes,No,1,Returning
11918,Olivia Khalil,Female,42,Gaza,Jordan,46762.28,Budget,C005,Holiday Offers,Seasonal,Display Ads,2025-07-26,2025-08-05,1037.97,19702,531,13,947.55,741.23,1091.81,Yes,11,No,No,19,Inactive
11007,Maya Saleh,Male,35,Ramallah,Lebanon,38950.49,Regular,C001,Summer Sale,Discount,Social Media,2025-01-27,2025-02-20,446.34,93953,3675,426,63221.82,49725.86,57662.72,Yes,5,No,No,12,New
10716,Layla Awwad,Male,43,Ramallah,UAE,54780.79,Regular,C001,Summer Sale,Discount,Website,2025-01-08,2025-01-24,374.19,7749,229,18,1591.2,1135.1,1368.73,Yes,5,No,No,26,Returning
14005,Sara Hassan,Male,43,Hebron,Jordan,70522.67,Regular,C006,Loyalty Rewards,Retention,Google Ads,2025-03-12,2025-04-09,357.41,19629,950,97,19124.49,13860.97,18445.06,Yes,6,Yes,No,23,Returning
10900,John Hassan,Male,54,Gaza,Jordan,30861.16,Regular,C006,Loyalty Rewards,Retention,Display Ads,2025-08-10,2025-08-27,136.13,57906,539,38,3910.15,3093.6,3862.49,Yes,0,No,No,13,New
10989,Sophia Saleh,Female,42,Nablus,Lebanon,68104.35,Premium,C005,Holiday Offers,Seasonal,Social Media,2025-02-12,2025-02-19,835.74,49947,1869,109,16135.1,9265.46,15517.81,Yes,3,Yes,No,27,New
10383,John Nasser,Female,45,Amman,Egypt,32823.85,Regular,C001,Summer Sale,Discount,Display Ads,2025-10-21,2025-11-05,817.81,99658,788,49,4967.68,3357.01,4775.16,Yes,2,Yes,No,25,New
13075,Sara Miller,Female,45,Dubai,UAE,45616.07,Regular,C008,Weekend Flash Sale,Discount,Email,2025-11-16,2025-11-27,806.82,29046,1557,171,9067.05,5567.75,10383.82,Yes,15,Yes,No,7,Returning
11827,Maya Saleh,Female,47,Doha,Qatar,67494.45,Budget,C006,Loyalty Rewards,Retention,Social Media,2025-06-02,2025-06-13,516.8,46909,1199,82,8309.52,6926.37,8677.47,Yes,2,No,No,1,New
12596,Ali Hassan,Male,18,Amman,UAE,41947.62,Corporate,C006,Loyalty Rewards,Retention,Social Media,2025-05-16,2025-06-09,984.83,76026,2681,109,9316.07,6664.58,9798.61,Yes,7,Yes,No,28,Returning
11672,Ahmed Khalil,Female,42,Ramallah,Egypt,45213.53,Regular,C001,Summer Sale,Discount,Google Ads,2025-02-05,2025-02-15,432.03,92629,4909,502,54355.95,32228.18,50319.68,Yes,5,Yes,No,21,New
10038,Sophia Khalil,Male,34,Jerusalem,Lebanon,43650.01,Regular,C007,Spring Promotion,Seasonal,SMS,2025-05-17,2025-06-06,723.26,92832,7198,621,86609.05,56249.39,72368.58,Yes,15,No,No,16,New
11593,Sara Brown,Male,35,Beirut,Jordan,67848.76,Budget,C005,Holiday Offers,Seasonal,Website,2025-05-01,2025-05-19,384.34,48115,1872,97,12324.96,8252.4,10830.67,Yes,14,No,No,18,New
12456,Olivia Khalil,Female,32,Doha,Palestine,25950.8,Regular,C007,Spring Promotion,Seasonal,Google Ads,2025-09-25,2025-10-20,521.76,91014,4062,402,30928.72,24732.69,34936.67,Yes,12,No,No,7,New
13213,John Saleh,Male,46,Cairo,Lebanon,33850.39,Premium,C007,Spring Promotion,Seasonal,Email,2025-10-28,2025-11-23,331.08,26299,1124,91,10448.67,7321.77,10566.11,Yes,5,Yes,Yes,1,Returning
10160,Layla Davis,Male,18,Gaza,Palestine,57349.4,Premium,C006,Loyalty Rewards,Retention,Social Media,2025-02-05,2025-02-26,902.62,27678,876,74,8354.79,6993.06,8175.11,Yes,3,Yes,No,2,Returning
13643,Noor Saleh,Male,39,Gaza,Qatar,71284.39,Premium,C003,Black Friday,Discount,Google Ads,2025-10-13,2025-11-07,591.82,81199,3752,369,48943.69,37446.81,45721.3,Yes,12,No,No,28,Returning
11556,Sara Brown,Female,37,Jerusalem,Egypt,75100.41,Premium,C006,Loyalty Rewards,Retention,Display Ads,2025-10-01,2025-10-16,537.91,5382,46,6,558.86,352.14,450.34,Yes,14,Yes,No,25,Inactive
10168,Emma Wilson,Male,43,Gaza,Qatar,69346.3,Regular,C007,Spring Promotion,Seasonal,Display Ads,2025-08-25,2025-09-11,390.7,90256,642,76,6099.75,4882.7,7154.89,YES,15,Yes,No,2,Inactive
12350,Lina Hassan,Female,47,Nablus,Egypt,65162.05,Corporate,C006,Loyalty Rewards,Retention,Google Ads,2025-09-01,2025-09-22,224.9,85898,3562,258,21379.77,12109.95,20750.0,Yes,5,Yes,No,28,Inactive
12631,Noor Brown,Male,26,Cairo,Egypt,32687.5,Regular,C004,New Product Launch,Product,Google Ads,2025-05-06,2025-05-30,621.85,23599,1011,101,15816.99,10986.12,16057.61,Yes,1,Yes,No,17,Returning
10649,Maya Miller,Female,40,Gaza,Lebanon,77093.74,Premium,C002,Back to School,Seasonal,Google Ads,2025-04-24,2025-05-21,263.13,773,32,4,383.23,218.34,419.78,Yes,3,Yes,No,22,Returning
13643,Adam Brown,Female,41,Jerusalem,Palestine,63345.55,Corporate,C007,Spring Promotion,Seasonal,Display Ads,2025-03-19,2025-04-10,539.29,16884,64,6,959.36,804.8,820.91,Yes,8,No,No,14,Inactive
13514,Olivia Nasser,Female,35,,Qatar,53562.41,Premium,C003,Black Friday,Discount,Social Media,2025-10-30,2025-11-10,693.74,47243,1514,159,23069.58,19208.02,25326.49,Yes,4,No,No,21,New
12725,Michael Smith,Female,31,Dubai,Lebanon,59709.39,Regular,C002,Back to School,Seasonal,Social Media,2025-01-04,2025-01-12,546.68,47387,2414,221,15936.7,13987.7,18691.58,Yes,13,No,No,21,New
10399,Yousef Awwad,Female,35,Gaza,Jordan,71126.87,Regular,C004,New Product Launch,Product,Website,2025-08-23,2025-09-04,559.82,87240,1733,62,6828.81,4619.75,6315.42,Yes,14,Yes,No,15,Returning
11759,Noor Smith,Male,51,Gaza,Jordan,62718.69,Regular,C005,Holiday Offers,Seasonal,Google Ads,2025-10-11,2025-10-22,361.36,32862,1523,52,4878.54,2789.93,5469.02,Yes,4,Yes,No,3,Returning
13249,Adam Wilson,Male,39,Ramallah,Egypt,37125.92,Regular,C004,New Product Launch,Product,Website,2025-04-19,2025-05-14,687.42,90314,2377,123,16449.66,10965.67,14946.75,Yes,10,No,No,6,New
14090,Ali Hassan,FEMALE,27,Nablus,Jordan,81353.61,Budget,C005,Holiday Offers,Seasonal,Email,2025-07-08,2025-08-01,609.03,69945,2972,319,34229.66,29325.88,28245.83,Yes,14,No,Yes,19,Returning
11627,Sara Davis,Female,40,Hebron,Jordan,43315.35,Regular,C004,New Product Launch,Product,Google Ads,2025-02-22,2025-03-19,809.8,43572,1297,74,7693.44,6496.74,6903.19,Yes,1,No,No,30,New
12497,Yousef Awwad,Female,18,Beirut,Lebanon,88089.5,Budget,C004,New Product Launch,Product,Website,2025-11-12,2025-12-06,176.07,31236,777,68,13057.73,9563.97,10963.57,Yes,7,Yes,No,6,Returning
11676,Noor Smith,Male,57,Amman,Egypt,68152.86,Regular,C006,Loyalty Rewards,Retention,Website,2025-09-15,2025-09-24,670.55,37610,553,67,7227.1,4144.1,6609.4,Yes,0,No,No,30,Returning
12804,Sophia Wilson,Female,48,Dubai,UAE,23909.33,Premium,C003,Black Friday,Discount,SMS,2025-04-12,2025-04-20,418.77,5375,541,58,9060.21,5104.11,7380.08,Yes,13,Yes,No,12,New
13923,Omar Nasser,Male,47,Cairo,Lebanon,50284.62,Premium,C005,Holiday Offers,Seasonal,Display Ads,2025-10-04,2025-10-30,586.37,14754,51,5,346.57,244.34,329.37,Yes,4,No,No,28,Returning
11758,Adam Wilson,Female,28,Beirut,Egypt,50501.02,Budget,C001,Summer Sale,Discount,Google Ads,2025-08-18,2025-08-26,679.47,15372,609,38,6177.95,4327.32,5322.12,Yes,7,Yes,No,6,Inactive
10090,Yousef Miller,Male,18,Beirut,Palestine,53764.08,Budget,C008,Weekend Flash Sale,Discount,Email,2025-06-19,2025-07-10,620.78,76465,4327,443,29671.32,21386.95,23796.84,Yes,14,Yes,Yes,1,Returning
10571,Noor Brown,Male,30,Jerusalem,UAE,68403.68,Regular,C005,Holiday Offers,Seasonal,Email,2025-10-16,2025-10-23,230.4,33164,1916,139,23718.86,17253.03,21180.48,Yes,4,Yes,Yes,7,Returning
13495,Ali Davis,Female,35,Dubai,Palestine,70683.88,Budget,C001,Summer Sale,Discount,Website,2025-06-07,2025-06-16,759.55,91075,2830,213,22107.45,12845.59,19044.77,Yes,10,No,No,5,Returning
13368,Daniel Davis,Female,40,Amman,Lebanon,73682.04,Budget,C007,Spring Promotion,Seasonal,Website,2025-09-18,2025-10-16,516.45,10203,171,11,978.89,644.3,1025.53,Yes,1,No,No,6,Returning
12980,Noor Nasser,Female,30,Gaza,Egypt,73222.3,Regular,C004,New Product Launch,Product,Email,2025-12-18,2026-01-11,750.08,9151,527,70,8692.56,5487.73,8373.03,Yes,1,Yes,No,28,Returning
12901,John Smith,Male,31,Hebron,Egypt,73239.16,Budget,C008,Weekend Flash Sale,Discount,Display Ads,2025-03-28,2025-04-16,20.0,60101,997,41,5079.82,3194.16,4329.4,Yes,9,No,No,27,New
13076,Lina Smith,Male,46,Doha,Egypt,57889.36,Budget,C003,Black Friday,Discount,SMS,2025-02-20,2025-03-09,473.63,24880,1932,159,15381.3,13083.59,14469.08,Yes,4,No,No,7,Returning
11322,Lina Brown,Male,36,Cairo,Qatar,47800.7,Premium,C008,Weekend Flash Sale,Discount,Email,2025-07-14,2025-08-07,613.65,8793,579,37,5663.02,3320.23,5448.36,Yes,6,No,No,6,New
14033,Sara Awwad,Female,41,Jerusalem,UAE,47478.58,Regular,C006,Loyalty Rewards,Retention,Email,2025-04-07,2025-04-24,587.97,59960,2703,105,14249.57,11351.14,14727.82,Yes,6,Yes,Yes,24,New
11640,Daniel Wilson,Female,35,Ramallah,UAE,25869.22,Corporate,C005,Holiday Offers,Seasonal,Email,2025-01-31,2025-02-17,219.32,60495,2585,240,45379.42,27681.02,43221.04,Yes,15,Yes,Yes,2,Inactive
13976,Ali Khalil,Male,39,Doha,UAE,101231.52,Regular,C006,Loyalty Rewards,Retention,Email,2025-07-27,2025-08-14,410.81,31523,1965,41,4070.22,3004.09,4434.75,Yes,0,Yes,No,0,New
13319,Emma Hassan,Male,53,Jerusalem,Palestine,45168.71,Regular,C001,Summer Sale,Discount,Display Ads,2025-05-28,2025-06-09,457.06,19913,283,8,1208.48,775.32,1034.76,Yes,8,No,No,28,Returning
12426,Daniel Awwad,Male,32,Hebron,Qatar,48435.7,Regular,C005,Holiday Offers,Seasonal,Google Ads,2025-01-11,2025-02-04,860.33,81160,2644,191,28205.88,15730.33,32183.42,Yes,7,Yes,No,23,New
12599,Michael Smith,Male,33,Ramallah,Egypt,86037.01,Regular,C007,Spring Promotion,Seasonal,Website,2025-06-02,2025-06-17,460.95,87181,2736,263,11065.59,6573.77,11595.45,Yes,12,No,No,7,New
10951,Lina Awwad,Female,35,Dubai,Lebanon,64275.77,Regular,C004,New Product Launch,Product,Display Ads,2025-07-03,2025-07-25,520.58,15451,204,15,1929.96,1561.68,1591.41,Yes,15,No,No,4,New
11409,Michael Miller,Female,48,Beirut,Jordan,49385.76,Regular,C004,New Product Launch,Product,Social Media,2025-10-19,2025-11-03,554.06,68610,2542,229,34996.85,25406.9,36609.35,Yes,0,No,No,8,New
10073,Sara Wilson,Female,26,Nablus,Palestine,90846.83,Regular,C006,Loyalty Rewards,Retention,Google Ads,2025-08-20,2025-09-07,834.18,4744,213,15,2154.8,1792.32,2359.5,Yes,7,Yes,No,13,Inactive
11004,Emma Wilson,Male,41,Dubai,Qatar,53672.09,Regular,C001,Summer Sale,Discount,Display Ads,2025-11-08,2025-12-08,312.21,55196,896,97,8638.56,5387.05,9997.46,Yes,0,Yes,No,5,New
10170,Sara Miller,Female,39,Nablus,Lebanon,52341.98,Regular,C007,Spring Promotion,Seasonal,Google Ads,2025-11-15,2025-12-02,877.74,39401,1477,100,15724.39,11403.77,15418.65,Yes,9,Yes,No,17,Returning
10089,Adam Wilson,Male,47,Ramallah,Egypt,70147.91,Regular,C005,Holiday Offers,Seasonal,Email,2025-10-12,2025-10-19,257.25,68655,3782,473,64066.16,51187.6,66860.38,Yes,9,Yes,No,13,New
13440,Maya Awwad,Female,35,Hebron,Egypt,56392.53,Regular,C003,Black Friday,Discount,Social Media,2025-02-21,2025-03-11,784.66,51780,1925,73,5031.54,3832.72,4938.6,Yes,7,No,No,28,New
13983,Sophia Davis,Male,32,Amman,Jordan,78569.92,Budget,C002,Back to School,Seasonal,Google Ads,2025-05-25,2025-06-16,717.48,40750,1244,126,20416.83,15512.63,20238.72,Yes,6,Yes,No,25,Returning
12666,Michael Smith,Female,44,Hebron,Egypt,28398.81,Regular,C001,Summer Sale,Discount,SMS,2025-06-26,2025-07-25,622.85,33591,3077,375,47550.82,26655.55,43530.76,Yes,2,Yes,No,25,Returning
13863,Yousef Nasser,Male,36,Jerusalem,Egypt,78112.96,Regular,C003,Black Friday,Discount,Display Ads,2025-01-02,2025-01-14,365.21,99284,2445,117,9850.97,6228.09,9321.93,Yes,4,Yes,No,3,Returning
13710,Ahmed Saleh,Male,21,Jerusalem,Egypt,60582.78,Regular,C008,Weekend Flash Sale,Discount,Email,2025-12-14,2025-12-26,662.15,88984,5424,307,49761.47,42113.73,40682.32,Yes,13,Yes,No,4,New
10940,Ahmed Davis,Female,44,Ramallah,Palestine,47339.97,Budget,C007,Spring Promotion,Seasonal,Website,2025-12-04,2026-01-02,294.02,65469,1796,149,13923.89,8337.96,12303.33,Yes,15,No,No,10,New
13219,Adam Wilson,Female,27,Hebron,Qatar,81578.68,Budget,C003,Black Friday,Discount,Email,2025-08-15,2025-09-08,674.78,44360,2753,272,36591.42,20372.58,42114.65,Yes,15,Yes,Yes,23,Returning
12187,Noor Brown,Male,32,Doha,Lebanon,92954.63,Regular,C003,Black Friday,Discount,Display Ads,2025-04-19,2025-05-13,441.92,7448,140,13,1420.32,1040.92,1276.77,Yes,13,Yes,No,18,Inactive
10852,Olivia Nasser,Female,23,Amman,Lebanon,31328.05,Premium,C008,Weekend Flash Sale,Discount,Google Ads,2025-11-23,2025-12-06,432.28,65486,3044,327,26595.68,23162.07,30207.83,Yes,0,Yes,No,8,Inactive
11420,Adam Saleh,Female,22,Jerusalem,Egypt,58907.25,Regular,C002,Back to School,Seasonal,Email,2025-07-20,2025-08-15,466.84,17002,967,109,12349.68,7798.88,11262.46,Yes,15,Yes,Yes,30,Returning
10582,Noor Brown,Female,37,Beirut,Palestine,18000.0,Budget,C007,Spring Promotion,Seasonal,Display Ads,2025-06-17,2025-07-08,724.91,10380,165,16,1511.37,948.44,1546.15,Yes,13,No,No,4,Returning
10247,Ali Awwad,Male,39,Cairo,UAE,28119.57,Corporate,C005,Holiday Offers,Seasonal,Email,2025-07-11,2025-08-02,385.11,99279,5781,316,42068.32,36328.7,47087.42,Yes,8,Yes,Yes,0,Inactive
10704,Olivia Khalil,Female,41,Gaza,Qatar,66438.3,Regular,C001,Summer Sale,Discount,SMS,2025-11-10,2025-11-22,260.94,32444,3073,270,26894.29,19343.1,30752.55,Yes,4,No,No,6,New
13249,Lina Saleh,Male,29,Amman,Qatar,50363.81,Regular,C001,Summer Sale,Discount,Display Ads,2025-08-25,2025-09-06,216.97,51077,786,63,6730.69,5390.78,6748.86,Yes,13,Yes,No,3,Inactive
14102,Daniel Hassan,Male,23,Cairo,Qatar,79161.4,Premium,C004,New Product Launch,Product,Website,2025-07-03,2025-07-22,909.6,28513,739,99,13452.67,8596.31,15645.73,Yes,8,No,No,9,New
12393,Omar Miller,Male,38,,Jordan,43471.9,Regular,C003,Black Friday,Discount,SMS,2025-04-24,2025-05-10,340.55,33880,2909,218,26813.91,23259.85,22041.39,Yes,9,Yes,No,0,New
13036,Layla Smith,Female,31,Nablus,Palestine,48689.69,Regular,C008,Weekend Flash Sale,Discount,SMS,2025-03-28,2025-04-21,139.35,51548,4804,715,135683.21,93819.25,130858.75,Yes,15,No,No,20,Returning
10194,Olivia Saleh,Female,28,Amman,Lebanon,67318.49,Budget,C008,Weekend Flash Sale,Discount,Email,2025-01-12,2025-02-02,367.68,14201,836,64,4943.32,2783.66,5334.75,Yes,14,Yes,Yes,11,New
13502,Layla Wilson,Male,34,Jerusalem,Jordan,54467.93,Premium,C007,Spring Promotion,Seasonal,Display Ads,2025-05-31,2025-06-11,552.51,6545,157,15,1909.07,1289.41,1702.1,Yes,4,Yes,No,29,Returning
13993,Sophia Brown,FEMALE,27,Amman,Egypt,65995.86,Premium,C004,New Product Launch,Product,Google Ads,2025-04-27,2025-05-13,314.46,91354,4668,222,35189.24,29633.83,33835.69,Yes,8,No,No,30,Inactive
13115,Maya Saleh,Female,37,Beirut,Qatar,42538.37,Regular,C004,New Product Launch,Product,SMS,2025-10-09,2025-10-29,132.0,16188,1549,133,14563.57,9811.76,16667.14,Yes,5,Yes,No,26,New
14044,Olivia Brown,Female,35,Gaza,Palestine,73328.17,Regular,C006,Loyalty Rewards,Retention,Email,2025-07-22,2025-08-18,41.01,78917,3048,231,32672.03,25587.3,27869.56,Yes,5,Yes,Yes,30,Returning
11019,Ali Smith,Female,35,Dubai,UAE,54859.97,Corporate,C003,Black Friday,Discount,Website,2025-03-14,2025-04-04,478.91,88122,2493,231,14290.61,11267.12,16500.34,Yes,3,Yes,No,12,New
10089,Yousef Brown,Female,50,Doha,Egypt,40075.66,Regular,C004,New Product Launch,Product,Website,2025-05-02,2025-05-27,1194.78,45021,964,68,10382.81,7747.03,9267.62,Yes,1,Yes,No,20,Inactive
11285,John Saleh,Male,44,Gaza,Palestine,73865.24,Regular,C001,Summer Sale,Discount,Social Media,2025-12-19,2026-01-14,75.44,59578,1877,180,33047.99,20219.44,26762.87,Yes,10,Yes,No,9,Returning
10548,Ali Miller,Male,42,Dubai,Qatar,53724.54,Corporate,C004,New Product Launch,Product,SMS,2025-10-06,2025-10-23,20.0,23424,2251,243,25725.04,22711.03,24254.74,Yes,7,No,No,29,Returning
13803,Sophia Khalil,Male,42,Amman,UAE,49923.95,Regular,C005,Holiday Offers,Seasonal,Website,2025-12-08,2025-12-30,336.54,25517,758,73,9097.2,5242.18,8099.14,Yes,9,Yes,No,0,Returning
10509,Emma Hassan,Male,46,Jerusalem,UAE,49272.36,,C008,Weekend Flash Sale,Discount,SMS,2025-07-31,2025-08-22,854.85,69030,5937,545,85056.29,69419.94,78956.5,Yes,12,Yes,No,19,Returning
13124,Layla Smith,Male,18,Hebron,Egypt,56445.3,Regular,C004,New Product Launch,Product,Social Media,2025-03-04,2025-03-12,661.11,58035,2383,137,19946.29,12318.59,15970.72,Yes,9,No,No,12,New
10328,Olivia Wilson,Female,25,Hebron,Lebanon,86582.31,Regular,C004,New Product Launch,Product,Website,2025-07-29,2025-08-13,538.16,10878,146,11,1084.51,896.66,925.19,Yes,8,No,No,2,New
13026,Olivia Miller,Male,30,Jerusalem,Qatar,26715.83,Budget,C001,Summer Sale,Discount,Website,2025-11-08,2025-12-06,413.31,26354,843,70,8186.07,4944.95,6724.16,Yes,10,Yes,No,28,Returning
13718,Emma Smith,Female,37,Dubai,Qatar,49298.2,Budget,C001,Summer Sale,Discount,Email,2025-05-27,2025-06-18,755.05,46872,2094,264,26929.4,19701.19,29399.14,Yes,14,Yes,No,4,Returning
13759,Omar Saleh,Female,36,Ramallah,Palestine,26661.81,Regular,C007,Spring Promotion,Seasonal,Email,2025-01-19,2025-01-28,335.24,1665,111,2,144.96,113.94,158.46,YES,6,Yes,Yes,10,Returning
11131,Michael Davis,Male,34,Nablus,Lebanon,67540.18,,C001,Summer Sale,Discount,Website,2025-09-30,2025-10-20,270.15,25759,928,67,7984.39,4783.45,7788.59,Yes,9,Yes,No,19,Inactive
12555,Sara Miller,Female,51,Gaza,Qatar,70107.7,Regular,C001,Summer Sale,Discount,Display Ads,2025-07-04,2025-07-26,737.38,76433,859,77,7716.15,4414.14,6419.02,Yes,5,Yes,No,5,Returning
11621,Daniel Wilson,Female,43,Cairo,UAE,92326.77,Regular,C004,New Product Launch,Product,Social Media,2025-06-17,2025-07-06,514.66,17019,618,27,3432.12,2447.29,3333.27,Yes,8,Yes,No,19,New
13291,Noor Khalil,Male,30,Doha,Egypt,65051.24,Regular,C006,Loyalty Rewards,Retention,SMS,2025-09-20,2025-10-12,682.46,95217,9184,91,10147.91,8025.55,10493.49,Yes,12,No,No,22,New
12970,John Davis,Male,29,Cairo,UAE,31936.87,Budget,C007,Spring Promotion,Seasonal,SMS,2025-06-28,2025-07-09,20.0,16025,1497,121,22463.79,14746.13,20733.47,Yes,12,Yes,No,22,Returning
13900,John Nasser,Male,40,Ramallah,Palestine,46287.96,Regular,C002,Back to School,Seasonal,Display Ads,2025-02-17,2025-03-12,338.26,37795,826,87,17660.78,14293.41,15958.37,Yes,4,No,No,29,New
11286,Lina Awwad,Female,29,Cairo,Jordan,61501.28,Regular,C006,Loyalty Rewards,Retention,Display Ads,2025-09-01,2025-09-25,604.55,69081,812,49,7397.57,6286.54,7179.94,Yes,0,Yes,No,11,New
13667,Noor Davis,Male,42,Doha,Qatar,69823.92,Corporate,C001,Summer Sale,Discount,SMS,2025-12-30,2026-01-28,360.85,60252,6327,521,41110.92,22675.12,40400.26,Yes,1,No,No,4,Returning
10660,Olivia Miller,Male,35,Dubai,Palestine,81194.33,Premium,C001,Summer Sale,Discount,Website,2025-06-16,2025-07-06,648.55,92645,244,17,791.29,500.99,870.02,Yes,1,No,No,20,Returning
11481,Noor Hassan,Male,45,Dubai,Qatar,52408.53,Budget,C004,New Product Launch,Product,SMS,2025-12-23,2026-01-09,752.11,90515,7809,421,29596.74,26547.31,28228.7,Yes,8,Yes,No,2,Returning
13905,Adam Khalil,Male,44,Ramallah,Jordan,73189.59,Premium,C003,Black Friday,Discount,SMS,2025-03-28,2025-04-09,568.38,15383,1482,87,16298.17,10648.87,13347.48,Yes,12,Yes,No,30,New
10783,Noor Davis,Male,41,Doha,Jordan,79493.14,Regular,C005,Holiday Offers,Seasonal,Email,2025-11-07,2025-12-06,20.0,44473,2518,263,39980.46,32932.58,33229.95,Yes,12,Yes,Yes,18,New
13141,Sophia Hassan,Female,35,Jerusalem,Egypt,36025.27,Budget,C007,Spring Promotion,Seasonal,SMS,2025-04-25,2025-05-20,518.31,2751,299,38,6926.79,4835.56,7270.49,Yes,14,No,No,4,Returning
11728,Ali Hassan,Male,40,Cairo,Palestine,71403.5,Premium,C004,New Product Launch,Product,Display Ads,2025-08-30,2025-09-07,804.76,83383,1210,122,17875.15,15989.63,17815.25,Yes,13,Yes,No,19,Returning
11602,Ali Nasser,Male,54,Doha,Lebanon,80472.03,Regular,C004,New Product Launch,Product,SMS,2025-02-27,2025-03-11,611.56,31200,3361,327,26727.47,20229.0,27153.35,Yes,6,Yes,No,17,New
12813,Yousef Miller,Female,18,Amman,Palestine,,Budget,C006,Loyalty Rewards,Retention,Social Media,2025-05-04,2025-05-27,486.57,89788,4799,312,48466.4,42957.27,49491.39,Yes,10,No,No,4,New
13134,Michael Khalil,Male,57,Jerusalem,Jordan,52738.01,Budget,C004,New Product Launch,Product,SMS,2025-12-27,2026-01-26,113.76,2610,214,5,624.35,546.39,668.73,Yes,0,Yes,No,3,New
12559,Layla Saleh,Male,31,Ramallah,UAE,38279.74,Budget,C004,New Product Launch,Product,Social Media,2025-10-23,2025-11-09,405.72,73966,2651,166,11979.32,9373.38,12508.57,Yes,7,Yes,No,22,New
12956,Omar Miller,Male,47,Ramallah,Jordan,61771.69,Corporate,C002,Back to School,Seasonal,Website,2025-06-07,2025-07-04,486.88,70397,2146,310,32263.62,27555.67,35882.84,Yes,7,No,No,9,New
10511,Noor Awwad,Male,38,Dubai,Qatar,24573.72,Corporate,C002,Back to School,Seasonal,Display Ads,2025-04-14,2025-04-30,568.06,54022,1608,135,15064.63,10309.88,17393.38,Yes,1,No,No,20,Returning
13241,Ali Hassan,Male,36,Doha,UAE,47632.57,Regular,C007,Spring Promotion,Seasonal,SMS,2025-04-03,2025-04-16,821.29,40315,3329,111,9913.03,7939.51,10049.17,Yes,1,No,No,17,Returning
14065,Lina Wilson,Female,40,Hebron,Egypt,43576.46,Regular,C008,Weekend Flash Sale,Discount,Display Ads,2025-01-29,2025-02-19,588.06,27782,322,24,4081.71,3666.59,3903.15,Yes,9,Yes,No,3,Returning
14182,Adam Khalil,Female,36,Beirut,Egypt,92026.51,Premium,C004,New Product Launch,Product,Display Ads,2025-09-13,2025-10-08,847.13,78144,1965,178,30085.23,23705.83,27461.49,Yes,11,Yes,No,22,New
10240,Daniel Brown,Female,21,Cairo,Palestine,57199.82,Corporate,C004,New Product Launch,Product,Google Ads,2025-03-29,2025-04-17,88.15,59542,3277,157,11408.28,8755.27,9888.36,Yes,10,No,No,11,Inactive
10062,Emma Saleh,Male,18,Hebron,Qatar,51294.79,Premium,C001,Summer Sale,Discount,Google Ads,2025-11-17,2025-12-07,268.03,83436,3078,200,12026.32,6711.23,11733.23,Yes,0,No,No,3,New
12799,Ahmed Awwad,Female,30,Jerusalem,Qatar,90283.14,Regular,C007,Spring Promotion,Seasonal,Social Media,2025-08-19,2025-08-29,366.94,55244,2178,251,18924.19,10470.98,21463.31,Yes,14,No,No,25,New
12005,Daniel Nasser,Male,37,Amman,Qatar,40380.17,Budget,C004,New Product Launch,Product,Website,2025-09-11,2025-09-26,712.06,24756,297,23,2230.58,1480.82,1919.22,Yes,8,No,No,9,New
10786,Daniel Miller,Female,24,Gaza,Qatar,56422.6,Corporate,C002,Back to School,Seasonal,Website,2025-09-30,2025-10-16,396.98,55992,596,53,6943.45,4086.52,5638.87,Yes,11,No,No,6,Inactive
13244,Ahmed Saleh,Male,40,Cairo,Lebanon,68641.7,Regular,C005,Holiday Offers,Seasonal,Display Ads,2025-10-01,2025-10-26,740.53,63872,1561,107,13963.47,10093.43,13456.08,Yes,9,Yes,No,22,Inactive
13528,Noor Smith,Male,18,Cairo,Egypt,55104.74,Premium,C001,Summer Sale,Discount,Display Ads,2025-12-17,2026-01-09,528.43,21557,594,12,1474.68,1152.84,1622.4,Yes,6,Yes,No,9,New
10313,Lina Smith,Male,20,Nablus,Palestine,36212.26,Budget,C001,Summer Sale,Discount,Google Ads,2025-03-24,2025-04-21,807.88,54822,2155,207,23721.02,15669.58,19559.37,Yes,1,No,No,17,New
12142,John Wilson,Male,36,Beirut,Egypt,56812.09,Corporate,C006,Loyalty Rewards,Retention,Display Ads,2025-01-19,2025-02-08,597.72,9767,108,4,420.45,253.52,432.26,Yes,12,Yes,No,7,New
10993,Michael Davis,Male,44,Dubai,Lebanon,39077.0,Regular,C007,Spring Promotion,Seasonal,SMS,2025-11-10,2025-12-03,538.98,62948,5569,724,90278.89,77368.25,90524.82,Yes,8,Yes,No,5,Inactive
11865,Layla Nasser,Female,32,Dubai,Palestine,59870.69,Premium,C006,Loyalty Rewards,Retention,Google Ads,2025-11-01,2025-12-01,20.0,48736,1861,135,13377.9,7747.72,12554.15,Yes,14,Yes,No,21,Inactive
10086,Layla Miller,Female,27,Gaza,Lebanon,37029.42,Regular,C006,Loyalty Rewards,Retention,Social Media,2025-07-17,2025-07-27,646.1,34273,1165,60,8319.63,7189.79,7262.06,Yes,10,Yes,No,21,Returning
11790,Ali Saleh,Male,25,Ramallah,Lebanon,74862.65,Regular,C007,Spring Promotion,Seasonal,SMS,2025-01-21,2025-02-06,290.15,76944,7938,920,86799.86,48079.52,83168.85,Yes,3,No,No,12,Returning
10479,Olivia Hassan,Female,41,Nablus,Qatar,50968.92,Corporate,C006,Loyalty Rewards,Retention,Email,2025-08-04,2025-08-20,345.87,97991,3774,146,20593.69,11697.62,17865.72,Yes,1,Yes,Yes,1,Inactive
12359,Layla Smith,Male,34,Jerusalem,Egypt,83157.06,Budget,C008,Weekend Flash Sale,Discount,Social Media,2025-11-15,2025-11-30,604.28,21452,767,74,10132.38,8831.34,9074.82,Yes,2,Yes,No,27,Returning
12325,Olivia Hassan,Female,31,Cairo,Lebanon,53969.62,Regular,C003,Black Friday,Discount,Google Ads,2025-11-04,2025-11-21,887.18,65419,1854,126,12876.86,11430.16,15144.33,Yes,9,No,No,19,New
11794,Adam Wilson,Female,24,Beirut,Egypt,57051.53,Budget,C004,New Product Launch,Product,Google Ads,2025-07-07,2025-07-31,299.76,25014,955,87,10917.57,7522.82,10056.47,Yes,6,Yes,No,16,Returning
12071,John Wilson,Female,46,Dubai,Egypt,,Budget,C003,Black Friday,Discount,Website,2025-11-18,2025-11-30,580.39,41125,756,57,4506.49,2693.41,4146.37,Yes,14,No,No,16,New
13841,Michael Smith,Male,35,Hebron,Palestine,44715.66,Regular,C005,Holiday Offers,Seasonal,SMS,2025-04-07,2025-04-27,352.93,65863,5016,435,38305.99,26885.06,42722.72,Yes,13,Yes,No,3,New
10101,Sophia Hassan,Female,31,Beirut,UAE,66174.71,Corporate,C008,Weekend Flash Sale,Discount,Display Ads,2025-04-04,2025-04-26,637.25,18216,249,32,4634.64,3181.35,3901.73,Yes,9,No,No,10,Returning
14092,Daniel Khalil,Male,18,Beirut,UAE,43154.7,Regular,C004,New Product Launch,Product,Display Ads,2025-04-14,2025-05-13,540.26,29664,618,51,5002.05,4259.43,5370.44,Yes,12,Yes,No,19,Returning
10247,Ali Nasser,Female,46,Doha,Palestine,49593.87,Regular,C008,Weekend Flash Sale,Discount,SMS,2025-12-04,2025-12-13,824.87,75916,6381,525,64891.63,58325.73,61129.0,Yes,8,No,No,10,Returning
13217,Ali Nasser,Male,33,Beirut,Qatar,32741.1,Regular,C005,Holiday Offers,Seasonal,Email,2025-09-18,2025-10-04,690.79,14014,795,77,9513.32,8204.58,10734.02,Yes,4,No,Yes,0,New
12966,Lina Miller,Male,18,Jerusalem,Jordan,76784.08,Corporate,C007,Spring Promotion,Seasonal,Website,2025-12-25,2026-01-16,379.03,25466,569,38,4852.81,2871.51,4977.41,Yes,1,No,No,25,Returning
13529,Yousef Smith,Male,53,Jerusalem,Lebanon,51002.21,Regular,C007,Spring Promotion,Seasonal,Website,2025-02-09,2025-03-02,290.63,34274,1041,132,21891.35,13312.95,18686.48,Yes,7,No,No,11,Returning
10820,Ahmed Smith,Female,62,Gaza,Qatar,47097.8,Premium,C007,Spring Promotion,Seasonal,Website,2025-09-28,2025-10-20,542.95,31508,607,61,5632.14,4384.6,5267.75,Yes,0,Yes,No,25,Returning
10204,Emma Brown,Male,53,Hebron,Qatar,80886.26,Budget,C001,Summer Sale,Discount,Website,2025-08-20,2025-09-09,514.07,19718,39,3,470.66,285.1,429.07,Yes,5,No,No,2,Inactive
11444,Sophia Saleh,Male,42,Nablus,Lebanon,48045.74,Regular,C008,Weekend Flash Sale,Discount,Social Media,2025-07-11,2025-07-27,816.74,6598,233,15,874.84,646.2,880.06,Yes,14,No,No,24,Returning
10602,Sophia Davis,Male,48,Nablus,UAE,48992.42,Regular,C002,Back to School,Seasonal,Social Media,2025-08-25,2025-09-16,174.69,29064,1119,89,12156.87,9575.03,11987.93,Yes,3,No,No,24,Returning
11379,Olivia Davis,Female,31,Hebron,Qatar,63895.68,Regular,C008,Weekend Flash Sale,Discount,Social Media,2025-05-19,2025-05-30,1074.82,60954,2151,289,32772.88,22410.46,28539.43,Yes,11,Yes,No,8,New
10470,Daniel Davis,Male,24,Beirut,Lebanon,42073.34,Regular,C002,Back to School,Seasonal,SMS,2025-06-02,2025-06-23,244.43,6720,600,56,6141.86,5229.71,7124.66,Yes,11,No,No,17,Returning
13820,Daniel Saleh,Female,40,Nablus,Qatar,51501.56,Regular,C004,New Product Launch,Product,Social Media,2025-10-03,2025-10-30,453.55,39325,1317,122,21386.8,16808.1,19237.27,Yes,11,No,No,26,Returning
11927,Lina Hassan,Male,38,Doha,Palestine,18000.0,Budget,C001,Summer Sale,Discount,Website,2025-04-06,2025-04-17,405.87,71992,1617,122,13499.91,8638.61,10882.62,Yes,3,No,No,1,New
13933,Michael Smith,Male,32,Hebron,Qatar,27705.6,Regular,C004,New Product Launch,Product,Google Ads,2025-09-21,2025-10-15,510.05,37468,1068,50,4128.53,3056.83,4696.18,Yes,10,No,No,18,New
13999,Sara Saleh,Male,42,Hebron,Lebanon,72618.51,Budget,C002,Back to School,Seasonal,Website,2025-07-28,2025-08-26,330.31,65994,2348,94,7731.18,5661.96,7924.1,Yes,12,No,No,14,New
12043,Noor Smith,Female,29,Dubai,Jordan,66158.49,Regular,C003,Black Friday,Discount,Website,2025-03-26,2025-04-07,288.63,59030,828,73,7091.37,5466.3,6400.14,Yes,0,No,No,29,Returning
13868,Olivia Wilson,Female,55,Hebron,Palestine,58879.94,Regular,C005,Holiday Offers,Seasonal,Social Media,2025-10-24,2025-11-16,320.99,41550,1212,109,9743.66,7529.14,8482.18,Yes,1,No,No,26,Returning
11739,Sophia Davis,Male,23,Nablus,Lebanon,63283.16,Budget,C007,Spring Promotion,Seasonal,Social Media,2025-07-18,2025-08-15,190.46,32539,1554,159,16667.63,11176.74,14860.67,Yes,4,Yes,No,2,Inactive
12452,John Khalil,Male,28,Ramallah,UAE,58373.72,Budget,C002,Back to School,Seasonal,Display Ads,2025-03-31,2025-04-27,339.05,24346,410,58,7518.24,5687.36,7886.65,Yes,13,No,No,6,New
10989,Yousef Miller,Male,22,Dubai,Lebanon,106004.45,Budget,C002,Back to School,Seasonal,Email,2025-09-30,2025-10-17,881.0,92186,6118,368,44825.97,29739.37,49188.93,Yes,1,No,Yes,20,New
11364,Sara Davis,Male,32,Beirut,Qatar,86092.9,Premium,C005,Holiday Offers,Seasonal,Website,2025-03-21,2025-03-29,537.49,15205,375,25,3197.28,2424.02,3043.73,Yes,9,Yes,No,10,Returning
11840,Ahmed Miller,Male,29,Dubai,UAE,69618.49,Regular,C008,Weekend Flash Sale,Discount,Social Media,2025-09-24,2025-10-02,301.92,14053,260,29,3942.94,2667.41,3467.23,Yes,13,No,No,17,New
11592,Maya Nasser,Female,54,Gaza,Lebanon,51279.38,Premium,C006,Loyalty Rewards,Retention,Social Media,2025-08-10,2025-08-17,479.54,52897,2033,149,17390.77,11518.1,19984.22,Yes,10,No,No,16,New
10069,Emma Hassan,Male,19,,Lebanon,70454.32,,C007,Spring Promotion,Seasonal,Social Media,2025-03-18,2025-04-12,266.2,24851,607,65,8462.82,6078.21,9783.01,Yes,7,No,No,23,Returning
12465,Yousef Brown,Male,18,Doha,Jordan,95637.17,Premium,C005,Holiday Offers,Seasonal,Social Media,2025-01-13,2025-02-10,343.41,58696,2300,210,9428.81,6017.81,9082.23,YES,12,No,No,14,Returning
10044,Ahmed Khalil,Female,48,Doha,Lebanon,,Budget,C007,Spring Promotion,Seasonal,SMS,2025-10-27,2025-11-22,243.92,98252,9522,774,96594.46,53920.84,105461.28,Yes,11,Yes,No,11,Returning
10717,Lina Nasser,Male,19,Cairo,UAE,32890.82,Budget,C007,Spring Promotion,Seasonal,Google Ads,2025-12-25,2026-01-05,133.95,4294,150,10,868.48,568.2,866.05,Yes,11,No,No,5,New
13720,Sara Davis,Male,63,Hebron,Lebanon,54126.41,Corporate,C002,Back to School,Seasonal,Display Ads,2025-05-29,2025-06-25,429.34,31861,1038,119,17824.84,14276.05,14438.72,Yes,14,Yes,No,1,Inactive
12598,Maya Brown,Male,36,Beirut,Qatar,58275.96,Budget,C001,Summer Sale,Discount,Display Ads,2025-08-21,2025-09-07,609.7,7706,36,3,424.69,374.86,380.52,Yes,14,No,No,10,Returning
11319,Ali Wilson,Male,23,Dubai,Qatar,63894.69,Regular,C005,Holiday Offers,Seasonal,Website,2025-02-05,2025-02-28,341.75,76281,2728,148,20278.26,13983.64,23031.25,Yes,6,Yes,No,22,Returning
13530,Yousef Hassan,Female,32,Hebron,Jordan,59874.84,Regular,C002,Back to School,Seasonal,Social Media,2025-06-12,2025-06-29,564.38,78615,3655,194,25543.11,15342.52,24048.11,Yes,13,No,No,14,New
14035,Sara Davis,Female,49,Ramallah,Lebanon,53509.19,Regular,C008,Weekend Flash Sale,Discount,SMS,2025-04-05,2025-05-03,63.45,31589,3341,425,34968.44,25208.91,33552.0,Yes,1,Yes,No,12,Returning
12371,Sophia Khalil,Female,20,Doha,Lebanon,32884.41,Regular,C007,Spring Promotion,Seasonal,Google Ads,2025-02-07,2025-03-02,678.3,16712,648,26,3673.59,2871.61,3152.9,Yes,8,No,No,1,New
10714,Lina Miller,Male,37,Dubai,Jordan,57226.18,Budget,C003,Black Friday,Discount,Website,2025-01-16,2025-02-15,20.0,87206,2122,178,15468.92,8532.59,15426.48,Yes,5,No,No,19,Returning
10599,Adam Nasser,Female,23,Jerusalem,Lebanon,85481.54,Budget,C007,Spring Promotion,Seasonal,SMS,2025-05-06,2025-05-30,268.08,95700,7467,928,73458.28,56437.54,62704.31,Yes,13,No,No,15,New
13067,Adam Wilson,Female,39,Doha,Palestine,56325.46,Regular,C003,Black Friday,Discount,SMS,2025-06-04,2025-06-30,669.73,78549,7035,831,71090.01,44992.49,62323.66,Yes,2,No,No,7,Inactive
13625,Daniel Awwad,Female,19,Hebron,Palestine,51311.43,Regular,C004,New Product Launch,Product,Social Media,2025-07-12,2025-07-20,536.41,13984,309,28,3648.39,3179.35,3773.78,Yes,9,No,No,26,Returning
12871,Ali Khalil,Male,43,Doha,Palestine,38415.42,Regular,C003,Black Friday,Discount,Google Ads,2025-09-16,2025-10-12,820.73,8936,455,58,9867.53,6101.55,9926.68,Yes,7,No,No,1,New
12194,Emma Smith,Female,35,Dubai,Qatar,68094.76,Budget,C004,New Product Launch,Product,Website,2025-06-05,2025-06-12,437.36,70771,1577,82,11519.94,8379.88,9615.33,Yes,2,Yes,No,15,New
12246,Maya Wilson,Female,19,Amman,Egypt,69949.55,Regular,C008,Weekend Flash Sale,Discount,Website,2025-04-06,2025-04-18,486.51,61354,1361,30,2911.1,1860.84,3235.67,Yes,1,Yes,No,30,Returning
13076,Michael Smith,Female,36,Doha,Egypt,22912.84,Regular,C004,New Product Launch,Product,Social Media,2025-08-31,2025-09-10,515.14,90812,2774,252,21966.76,15647.51,25680.49,Yes,2,Yes,No,10,New
13734,Sara Brown,Female,18,Nablus,Egypt,45592.32,Budget,C002,Back to School,Seasonal,SMS,2025-01-26,2025-02-08,906.21,89692,8086,778,130246.24,79069.11,111415.97,Yes,14,No,No,2,New
11251,Sara Brown,Female,51,Amman,Jordan,65319.28,Budget,C005,Holiday Offers,Seasonal,Google Ads,2025-06-25,2025-07-11,551.98,21765,612,33,3653.42,3116.47,4036.38,YES,14,Yes,No,8,New
12833,Adam Miller,Female,57,Beirut,Lebanon,63044.84,Budget,C001,Summer Sale,Discount,Email,2025-05-25,2025-06-17,376.38,19919,1444,128,10135.25,6876.85,11281.44,Yes,5,Yes,Yes,26,Returning
13123,Sophia Smith,Male,35,Dubai,Qatar,23834.01,Premium,C002,Back to School,Seasonal,SMS,2025-06-26,2025-07-13,232.46,69455,6321,744,166581.92,148486.93,133936.12,Yes,12,No,No,3,New
10239,Noor Smith,Female,42,Amman,Egypt,65349.62,Premium,C001,Summer Sale,Discount,Display Ads,2025-12-17,2026-01-14,966.18,98849,2067,84,4594.04,3098.33,5085.4,Yes,1,No,No,12,Returning
13962,Olivia Hassan,Male,30,Hebron,Qatar,54101.81,Premium,C005,Holiday Offers,Seasonal,Display Ads,2025-04-20,2025-05-14,350.45,5009,94,6,590.32,449.18,680.09,Yes,0,No,No,7,Returning
11917,Olivia Davis,Male,48,Hebron,Qatar,49111.92,Regular,C002,Back to School,Seasonal,Email,2025-11-05,2025-12-03,742.3,81789,5024,637,75182.74,56519.55,70218.01,Yes,15,Yes,Yes,26,Inactive
13141,Adam Awwad,Male,27,Dubai,UAE,42973.39,Premium,C001,Summer Sale,Discount,Email,2025-05-19,2025-06-10,316.33,24628,1611,207,50366.9,28061.32,42290.58,Yes,3,Yes,Yes,28,Returning
11702,Daniel Davis,Female,48,Ramallah,Qatar,66678.19,Corporate,C003,Black Friday,Discount,Email,2025-01-27,2025-02-24,337.64,95796,5211,743,100824.48,86728.47,101149.65,Yes,11,No,No,11,New
13696,Ahmed Awwad,Female,42,Jerusalem,Egypt,59605.97,Regular,C005,Holiday Offers,Seasonal,Social Media,2025-04-26,2025-05-07,607.34,47067,1279,107,11393.58,8843.58,10825.8,Yes,11,No,No,28,Returning
12111,Maya Saleh,Male,18,Ramallah,Jordan,38631.35,Budget,C004,New Product Launch,Product,Email,2025-03-14,2025-03-31,410.45,68048,4981,439,62498.86,39599.87,62697.9,Yes,6,Yes,Yes,12,Returning
11145,Olivia Brown,Male,48,Gaza,Lebanon,52009.8,Budget,C008,Weekend Flash Sale,Discount,Display Ads,2025-05-15,2025-05-31,210.91,65576,1211,97,14622.54,10670.47,13821.63,Yes,7,Yes,No,19,Returning
10992,Ahmed Wilson,Male,36,Cairo,Qatar,63002.83,Regular,C007,Spring Promotion,Seasonal,SMS,2025-09-28,2025-10-14,264.81,45004,3546,122,18489.32,11406.33,17218.69,Yes,6,Yes,No,9,Returning
11986,Emma Wilson,Female,22,Hebron,Qatar,42441.19,Premium,C002,Back to School,Seasonal,Display Ads,2025-02-07,2025-03-02,572.48,90073,1442,151,15317.25,10562.09,16488.98,Yes,1,Yes,No,6,Returning
10685,Adam Brown,Male,44,Doha,Lebanon,77621.05,Corporate,C001,Summer Sale,Discount,SMS,2025-01-12,2025-01-29,650.89,8384,685,78,7691.71,5237.38,8951.33,Yes,7,Yes,No,30,Returning
10923,John Saleh,Female,28,Cairo,UAE,69069.67,Corporate,C006,Loyalty Rewards,Retention,Display Ads,2025-08-19,2025-09-15,513.69,31298,421,25,4352.98,2761.51,3831.71,Yes,13,Yes,No,11,Inactive
12008,Yousef Hassan,Female,50,Nablus,Jordan,59348.04,Regular,C004,New Product Launch,Product,Social Media,2025-03-07,2025-03-26,974.72,81366,2553,248,28463.6,20277.34,22929.07,Yes,4,No,No,4,Returning
11066,Maya Miller,Female,43,Nablus,Palestine,60487.62,Regular,C008,Weekend Flash Sale,Discount,Google Ads,2025-02-11,2025-02-20,442.55,983,46,5,723.0,575.5,721.76,Yes,5,Yes,No,19,Returning
10093,Sophia Smith,Female,31,Doha,Egypt,61254.79,Regular,C006,Loyalty Rewards,Retention,Display Ads,2025-07-14,2025-07-29,643.59,97534,2440,80,10938.48,6261.39,8868.54,Yes,11,Yes,No,24,Returning
10309,Noor Hassan,Male,71,Cairo,UAE,58788.62,Regular,C003,Black Friday,Discount,Email,2025-04-19,2025-05-13,632.23,38824,2032,268,27191.68,17147.44,23745.82,Yes,6,Yes,Yes,7,Inactive
10306,Omar Awwad,Female,43,Jerusalem,Egypt,45819.44,Regular,C001,Summer Sale,Discount,Social Media,2025-01-15,2025-01-26,232.87,78649,1892,184,24497.97,17792.43,25622.99,Yes,6,Yes,No,18,New
11497,Ahmed Hassan,Male,38,Doha,UAE,52781.34,Regular,C001,Summer Sale,Discount,Display Ads,2025-03-30,2025-04-16,648.29,47318,679,47,4836.02,3391.51,5107.41,Yes,12,Yes,No,2,Returning
13565,Maya Saleh,Male,50,Gaza,Jordan,40924.14,Regular,C005,Holiday Offers,Seasonal,Google Ads,2025-04-29,2025-05-21,204.19,32689,1750,79,9438.46,7225.61,8253.12,Yes,0,No,No,7,Inactive
11083,Olivia Brown,Male,29,Nablus,Palestine,18000.0,Budget,C008,Weekend Flash Sale,Discount,SMS,2025-04-28,2025-05-25,859.31,24941,2156,298,51010.35,38896.75,51045.64,Yes,10,Yes,No,14,Returning
13161,Olivia Nasser,Male,28,Hebron,Egypt,57499.58,Premium,C003,Black Friday,Discount,Email,2025-04-29,2025-05-21,198.24,48004,2119,167,21242.45,12203.27,18773.01,YES,12,Yes,Yes,25,New
12436,Ahmed Khalil,Male,42,Beirut,Egypt,35556.89,Regular,C005,Holiday Offers,Seasonal,Social Media,2025-11-10,2025-11-28,463.92,32083,1080,95,16109.36,12165.19,13052.34,Yes,6,No,No,3,Returning
11536,Layla Awwad,Female,31,Dubai,Lebanon,63462.14,Regular,C001,Summer Sale,Discount,Social Media,2025-12-04,2025-12-28,587.5,44492,1517,118,9579.12,5432.3,9302.82,Yes,4,Yes,No,4,Returning
12350,Ali Brown,Female,29,Cairo,Lebanon,74657.9,Regular,C002,Back to School,Seasonal,Google Ads,2025-06-30,2025-07-25,542.71,53623,2483,172,22291.68,19047.03,21312.85,Yes,8,No,No,26,New
11110,Sara Davis,Female,18,Nablus,Jordan,77368.14,Regular,C001,Summer Sale,Discount,Display Ads,2025-12-08,2026-01-01,704.44,72679,1843,45,6536.26,5543.31,6842.09,Yes,8,Yes,No,25,New
12172,Ahmed Hassan,Male,23,Dubai,Egypt,59840.18,Regular,C001,Summer Sale,Discount,SMS,2025-10-10,2025-10-19,729.29,30318,2795,192,24728.4,22005.9,27144.69,Yes,10,No,No,6,Returning
11199,Lina Nasser,Female,32,Dubai,Jordan,70936.79,Corporate,C006,Loyalty Rewards,Retention,Google Ads,2025-07-30,2025-08-09,491.35,48332,2053,128,10711.67,9238.73,8709.4,Yes,15,No,No,4,Returning
12769,Emma Khalil,Female,47,Jerusalem,Qatar,26547.4,Regular,C005,Holiday Offers,Seasonal,SMS,2025-11-01,2025-11-29,522.31,24836,2290,240,18875.81,14337.54,16151.36,Yes,14,Yes,No,28,Returning
12280,John Khalil,Female,27,Hebron,UAE,45430.88,Regular,C001,Summer Sale,Discount,SMS,2025-12-28,2026-01-20,433.01,38113,3368,297,27425.6,19137.13,25232.06,Yes,9,No,No,23,Returning
14009,Layla Awwad,Male,42,Jerusalem,Qatar,81292.95,Premium,C008,Weekend Flash Sale,Discount,Display Ads,2025-01-28,2025-02-04,399.39,95628,2444,365,46214.06,40662.62,53372.59,Yes,14,Yes,No,3,New
14168,Omar Hassan,Male,40,,UAE,53700.7,Budget,C007,Spring Promotion,Seasonal,Website,2025-11-15,2025-12-12,187.95,67333,1639,183,14176.09,12436.03,13028.8,Yes,0,Yes,No,24,Returning
10809,Layla Davis,Female,59,Cairo,Lebanon,62376.49,Regular,C007,Spring Promotion,Seasonal,Display Ads,2025-06-18,2025-07-03,651.09,10160,93,8,873.41,533.72,783.11,Yes,2,Yes,No,8,Inactive
11184,Sophia Awwad,Female,21,Beirut,Palestine,51162.07,Regular,C003,Black Friday,Discount,Display Ads,2025-03-03,2025-03-25,376.31,93810,1668,99,17011.57,9817.51,14306.24,Yes,5,No,No,26,New
13374,Sophia Wilson,Male,28,Hebron,Lebanon,61855.83,Regular,C008,Weekend Flash Sale,Discount,Google Ads,2025-08-09,2025-09-08,298.11,60022,2229,205,26612.8,22918.79,26427.69,Yes,13,No,No,18,New
13255,Noor Wilson,Female,29,Cairo,UAE,56628.62,Regular,C008,Weekend Flash Sale,Discount,Email,2025-02-11,2025-03-06,750.32,81815,4200,224,22958.47,16887.25,24822.4,Yes,15,Yes,Yes,16,Inactive
13635,Ahmed Brown,Male,32,Hebron,Qatar,18000.0,Regular,C008,Weekend Flash Sale,Discount,Google Ads,2025-08-16,2025-08-27,683.84,93370,4873,176,16454.0,13854.28,15639.77,Yes,13,No,No,23,New
10897,Noor Brown,Male,38,Amman,Lebanon,41920.16,Budget,C004,New Product Launch,Product,SMS,2025-06-07,2025-06-15,214.23,63826,4784,498,54218.5,41774.32,50156.04,Yes,12,Yes,No,1,Returning
11443,Lina Awwad,Female,44,Gaza,Lebanon,,Corporate,C006,Loyalty Rewards,Retention,Display Ads,2025-11-12,2025-12-02,530.71,24304,700,78,8642.2,7114.86,9055.11,Yes,8,Yes,No,20,New
12292,Daniel Miller,Male,29,Jerusalem,Jordan,48219.69,Budget,C002,Back to School,Seasonal,Google Ads,2025-12-05,2026-01-02,470.91,11503,432,34,2246.11,1644.63,1821.61,Yes,8,Yes,No,2,Returning
12808,Yousef Smith,Male,46,Gaza,Jordan,49568.1,Regular,C003,Black Friday,Discount,Google Ads,2025-02-01,2025-02-09,472.71,69602,2480,239,26355.59,15048.62,25225.86,Yes,12,Yes,No,1,New
12058,Ali Smith,Female,34,Beirut,Lebanon,73750.54,Budget,C004,New Product Launch,Product,Google Ads,2025-10-24,2025-11-09,125.6,20467,726,74,10535.34,9055.49,8562.3,YES,7,No,No,26,Inactive
11110,Michael Awwad,Female,34,Nablus,Qatar,51335.82,Regular,C002,Back to School,Seasonal,Google Ads,2025-11-04,2025-11-26,869.47,52415,2337,255,34444.72,26337.19,39214.32,Yes,9,Yes,No,7,Returning
14037,Omar Saleh,Male,27,Gaza,Jordan,29055.92,Regular,C005,Holiday Offers,Seasonal,Email,2025-08-24,2025-09-20,432.91,60411,2792,286,59545.41,42293.95,49927.23,Yes,4,No,No,30,Returning
10296,Emma Hassan,Female,26,Amman,Egypt,43160.81,Regular,C001,Summer Sale,Discount,Email,2025-03-23,2025-04-14,794.68,16347,833,90,10030.78,8700.73,9083.95,Yes,15,Yes,Yes,21,Returning
11282,Michael Awwad,Female,18,Hebron,Palestine,48331.99,Regular,C002,Back to School,Seasonal,Email,2025-11-08,2025-12-04,427.7,64702,3213,310,46224.14,31005.2,50004.34,Yes,3,Yes,No,13,Returning
13295,Ali Smith,Female,20,Hebron,Qatar,46350.24,Regular,,Spring Promotion,Seasonal,Google Ads,2025-12-09,2025-12-28,700.41,83801,3511,224,35398.17,24123.24,28929.93,Yes,10,Yes,No,9,Returning
13172,Ahmed Brown,Male,40,Cairo,UAE,40771.28,Regular,C008,Weekend Flash Sale,Discount,Google Ads,2025-11-06,2025-11-18,313.74,73728,3143,177,27556.16,22533.09,28252.59,Yes,2,No,No,30,New
11653,Sophia Saleh,Female,40,Gaza,Jordan,81816.89,Corporate,C004,New Product Launch,Product,Social Media,2025-03-02,2025-03-11,20.0,91564,3825,453,47690.56,38260.01,38882.42,Yes,4,No,No,23,New
12343,Daniel Nasser,Female,36,Cairo,Jordan,58227.07,Budget,C001,Summer Sale,Discount,Google Ads,2025-10-24,2025-11-15,857.88,80071,3451,133,16972.67,10580.8,15193.36,Yes,2,Yes,No,7,New
13889,Sara Brown,Male,58,Cairo,UAE,57970.84,Budget,C003,Black Friday,Discount,Website,2025-08-25,2025-09-13,138.83,58051,1738,79,14591.02,8056.11,12523.29,Yes,1,No,No,8,New
11719,Ahmed Smith,Female,51,Doha,Qatar,81774.66,Budget,C002,Back to School,Seasonal,Google Ads,2025-01-07,2025-01-26,-391.24,77291,3323,265,30819.87,20016.69,27642.03,Yes,4,No,No,0,New
13394,Adam Smith,Female,32,Gaza,Palestine,26130.35,Budget,C006,Loyalty Rewards,Retention,Email,2025-08-15,2025-08-31,840.95,35304,1675,114,11697.04,8668.16,12847.36,Yes,9,Yes,Yes,24,Returning
11064,Daniel Davis,Male,35,Hebron,Lebanon,72012.14,Regular,C003,Black Friday,Discount,SMS,2025-04-27,2025-05-18,378.86,27451,2553,267,19199.97,11232.68,21228.94,Yes,7,Yes,No,27,Returning
13923,Omar Nasser,Male,58,Cairo,Lebanon,65881.22,Premium,C001,Summer Sale,Discount,Email,2025-07-23,2025-08-05,293.69,14607,707,72,4198.77,2826.43,3859.75,Yes,0,Yes,No,23,Returning
13782,John Khalil,Female,31,Nablus,Lebanon,66614.41,Regular,C007,Spring Promotion,Seasonal,Website,2025-08-28,2025-09-07,506.02,87014,3316,246,18841.31,11954.8,20756.01,Yes,13,Yes,No,15,Inactive
11847,Lina Khalil,Male,53,Beirut,Jordan,59079.11,Premium,C002,Back to School,Seasonal,Email,2025-05-23,2025-06-18,268.76,95024,5670,378,37342.98,28040.38,36040.85,Yes,4,Yes,Yes,11,Inactive
14192,Yousef Wilson,Male,48,Beirut,Egypt,31324.13,Budget,C004,New Product Launch,Product,Display Ads,2025-07-17,2025-08-01,721.28,51737,682,50,5974.08,4567.9,4828.65,Yes,0,No,No,20,New
10291,Noor Saleh,Male,36,Jerusalem,Lebanon,45467.99,Budget,C003,Black Friday,Discount,Social Media,2025-05-03,2025-05-21,527.19,28273,1060,63,8869.29,7925.48,7129.09,Yes,14,No,No,10,Returning
13810,Omar Smith,Male,38,Amman,Palestine,33335.27,Budget,C008,Weekend Flash Sale,Discount,Social Media,2025-01-24,2025-02-13,522.92,81336,1726,248,34711.18,28702.11,30031.89,Yes,12,No,No,27,Returning
14066,John Wilson,Female,30,Cairo,Egypt,25306.43,Regular,C004,New Product Launch,Product,Email,2025-09-20,2025-10-17,388.91,33814,1344,102,9267.8,7378.31,9787.47,Yes,6,Yes,Yes,29,New
11743,Lina Miller,Female,32,Dubai,Egypt,25381.43,Regular,C007,Spring Promotion,Seasonal,Google Ads,2025-08-13,2025-08-29,525.24,66216,1942,161,27342.82,21153.5,23470.42,Yes,7,No,No,14,Inactive
13536,Ali Miller,Female,18,Amman,Palestine,21312.04,Premium,C002,Back to School,Seasonal,Display Ads,2025-06-02,2025-06-29,123.17,7837,69,6,678.18,373.58,713.18,Yes,8,Yes,No,28,Returning
12897,Adam Khalil,Female,31,Nablus,Palestine,75176.12,Budget,C004,New Product Launch,Product,Google Ads,2025-12-10,2025-12-23,540.28,40147,2191,163,15348.78,10205.84,14194.93,Yes,10,No,No,25,New
10564,Yousef Khalil,Female,49,Cairo,UAE,50020.68,Regular,C008,Weekend Flash Sale,Discount,SMS,2025-01-15,2025-01-25,532.26,68881,6169,620,4196.89,3306.09,3683.91,Yes,6,Yes,No,24,Returning
14191,Sara Brown,Female,23,Hebron,Lebanon,67288.67,Budget,C003,Black Friday,Discount,Google Ads,2025-12-12,2026-01-11,382.77,53849,2756,110,17692.78,14164.49,16023.55,Yes,6,No,No,1,New
12688,Ahmed Nasser,Male,34,Ramallah,Egypt,42964.32,Corporate,C006,Loyalty Rewards,Retention,Display Ads,2025-10-14,2025-11-08,465.01,67299,1992,170,13087.13,8477.86,13493.49,Yes,2,No,No,7,Returning
12520,Emma Wilson,Female,47,Hebron,UAE,42322.33,Regular,C006,Loyalty Rewards,Retention,Website,2025-07-01,2025-07-28,597.79,10390,136,15,2030.8,1531.12,1688.85,Yes,5,Yes,No,17,Returning
11167,Noor Davis,Male,43,Ramallah,Palestine,53987.47,Regular,C007,Spring Promotion,Seasonal,Website,2025-06-27,2025-07-08,483.82,13427,425,39,4889.34,3264.44,4765.63,Yes,1,Yes,No,22,Returning
10266,Ali Saleh,Male,42,Amman,Qatar,74816.7,Premium,C005,Holiday Offers,Seasonal,Google Ads,2025-02-13,2025-02-28,426.25,67315,2908,310,35882.34,29721.73,34665.91,Yes,4,Yes,No,8,Returning
10150,Maya Smith,Female,25,Cairo,Egypt,74273.32,Regular,C006,Loyalty Rewards,Retention,SMS,2025-04-17,2025-05-13,307.72,29352,2290,169,24444.1,16854.92,28205.65,Yes,15,No,No,5,Returning
12941,Emma Awwad,Male,35,Dubai,Jordan,76169.42,Budget,C006,Loyalty Rewards,Retention,Website,2025-11-10,2025-11-20,779.74,35345,1313,130,21754.36,18196.67,18836.37,Yes,7,No,No,6,Returning
12610,Sophia Miller,Male,18,Doha,Jordan,76173.5,Corporate,C008,Weekend Flash Sale,Discount,Email,2025-05-07,2025-05-27,482.82,92548,5356,391,43398.19,26959.42,48493.7,Yes,15,Yes,No,16,Returning
11588,John Saleh,Male,43,Ramallah,UAE,34928.14,Budget,C003,Black Friday,Discount,SMS,2025-09-05,2025-09-18,-423.65,61858,5816,362,44880.23,29004.19,44169.27,Yes,9,Yes,No,3,Returning
14051,Ahmed Smith,Male,37,Beirut,Palestine,55770.91,Regular,C005,Holiday Offers,Seasonal,Google Ads,2025-01-26,2025-02-20,635.7,3466,169,13,1568.04,1372.23,1370.74,Yes,1,Yes,No,10,Returning
13744,Lina Smith,Female,43,Hebron,Palestine,41434.31,Corporate,C001,Summer Sale,Discount,Social Media,2025-03-22,2025-03-29,487.29,30850,1205,100,8598.88,5636.73,7155.02,Yes,14,Yes,No,29,Returning
12994,Noor Saleh,Female,20,Nablus,Palestine,67312.37,Regular,C008,Weekend Flash Sale,Discount,Website,2025-07-04,2025-08-01,670.1,8468,247,21,2161.16,1361.7,2144.09,Yes,13,Yes,No,19,Inactive
14092,Ali Miller,Female,36,Amman,Egypt,19811.39,Corporate,C002,Back to School,Seasonal,Email,2025-03-08,2025-04-06,110.66,91656,5656,432,54443.41,46964.51,45865.38,Yes,2,No,Yes,10,New
11685,Maya Hassan,Male,26,Dubai,Palestine,40820.51,Regular,C006,Loyalty Rewards,Retention,Email,2025-02-10,2025-03-08,439.84,10858,763,57,7315.65,4826.84,7136.44,Yes,14,Yes,No,22,Returning
12450,Michael Awwad,Male,26,Dubai,Jordan,39565.76,Premium,C001,Summer Sale,Discount,Email,2025-08-20,2025-09-11,489.61,44153,2692,79,7761.24,4369.87,8392.96,Yes,2,Yes,Yes,17,Returning
11458,Adam Miller,Male,36,Dubai,Palestine,63128.65,Budget,C005,Holiday Offers,Seasonal,SMS,2025-01-10,2025-01-31,422.5,95728,8406,755,111163.0,75100.13,120687.95,Yes,0,No,No,13,New
13115,Daniel Hassan,Female,44,Hebron,Egypt,68948.03,Budget,C004,New Product Launch,Product,Email,2025-02-18,2025-03-02,267.53,96386,4969,269,34547.08,20035.56,29648.66,Yes,10,Yes,No,4,Inactive
13678,Ahmed Khalil,Female,43,Jerusalem,Lebanon,55735.12,Regular,C005,Holiday Offers,Seasonal,Google Ads,2025-06-26,2025-07-05,782.06,52376,2627,408,46146.56,29316.14,41912.01,Yes,13,Yes,No,6,Returning
10243,Layla Miller,Female,18,Cairo,UAE,75047.28,Regular,C006,Loyalty Rewards,Retention,Display Ads,2025-01-23,2025-02-03,1018.24,82476,355,31,3105.33,2727.3,3518.84,Yes,14,No,No,7,Returning
10949,Sara Brown,Female,45,Gaza,UAE,73395.84,Regular,C001,Summer Sale,Discount,SMS,2025-03-10,2025-03-18,486.22,76271,6746,740,60325.03,46129.3,66654.28,Yes,10,Yes,No,23,Returning
14100,John Awwad,Female,31,Jerusalem,UAE,57457.74,Premium,C004,New Product Launch,Product,Social Media,2025-11-22,2025-12-20,501.93,93857,2751,202,22490.12,15656.04,23784.41,Yes,7,Yes,No,4,New
11522,Lina Awwad,Female,37,Hebron,Egypt,75709.21,Regular,C003,Black Friday,Discount,Website,2025-02-27,2025-03-12,748.16,33302,334,19,2899.15,2537.55,2537.16,Yes,14,No,No,26,Returning
11227,Noor Hassan,Female,21,Dubai,Palestine,65430.51,Corporate,C004,New Product Launch,Product,Website,2025-03-21,2025-03-31,448.0,16084,517,26,2922.33,2419.74,3159.55,Yes,13,Yes,No,0,Returning
10353,Lina Smith,Female,25,Ramallah,Jordan,83412.4,Premium,C007,Spring Promotion,Seasonal,Social Media,2025-11-08,2025-11-24,643.64,24101,1234,140,18269.52,14931.26,18990.42,Yes,13,No,No,20,Returning
10136,Olivia Awwad,Male,24,Gaza,UAE,57068.85,Regular,C002,Back to School,Seasonal,Google Ads,2025-07-03,2025-07-20,315.26,18415,863,75,6429.69,3783.99,7322.8,Yes,15,No,No,4,Inactive
10844,Emma Wilson,Female,26,Beirut,UAE,57797.68,Premium,C001,Summer Sale,Discount,Google Ads,2025-06-15,2025-06-30,706.18,75794,4112,473,,50434.87,59091.46,Yes,1,No,No,10,New
11201,Lina Nasser,Male,33,Beirut,Egypt,38144.24,Regular,C007,Spring Promotion,Seasonal,SMS,2025-02-07,2025-03-07,106.87,14656,1269,104,17154.04,11052.29,14237.39,Yes,14,Yes,No,27,New
10104,Ahmed Brown,Male,62,Cairo,Palestine,71482.99,Regular,C001,Summer Sale,Discount,Social Media,2025-02-28,2025-03-18,249.65,48949,1322,13,1549.97,1024.44,1750.47,Yes,13,No,No,14,Inactive
10944,Sophia Saleh,Female,47,Beirut,Jordan,42278.51,Regular,C005,Holiday Offers,Seasonal,Google Ads,2025-07-01,2025-07-08,650.63,59559,2400,164,13902.9,12493.15,12690.0,Yes,13,No,No,9,Returning
14196,Sara Smith,Female,23,Beirut,Jordan,76206.54,Regular,C008,Weekend Flash Sale,Discount,SMS,2025-07-05,2025-08-02,644.23,87907,7833,842,120967.86,96917.44,97420.31,Yes,3,No,No,4,New
10173,Olivia Nasser,Male,40,Jerusalem,Palestine,57882.2,Regular,C004,New Product Launch,Product,SMS,2025-04-20,2025-05-10,630.0,2094,156,14,766.23,671.41,701.67,Yes,0,Yes,No,9,New
11449,Noor Hassan,Male,46,Gaza,Jordan,52189.26,Regular,C001,Summer Sale,Discount,Google Ads,2025-02-21,2025-03-15,590.21,77609,2474,158,29004.54,17903.68,24534.03,Yes,6,No,No,7,Returning
13961,Ali Davis,Female,47,Dubai,Qatar,18000.0,Premium,C001,Summer Sale,Discount,Social Media,2025-06-19,2025-06-29,115.86,85585,2837,28,2849.0,2487.61,2684.91,Yes,8,Yes,No,20,New
10796,Noor Miller,Male,44,Dubai,Lebanon,52631.19,Premium,C006,Loyalty Rewards,Retention,Display Ads,2025-08-31,2025-09-11,336.36,96340,998,110,13823.74,9350.73,15762.93,Yes,1,No,No,6,New
13382,Olivia Brown,Male,24,Hebron,Egypt,74468.07,Budget,C006,Loyalty Rewards,Retention,Website,2025-03-09,2025-03-28,454.16,31207,961,52,11825.64,6825.31,9637.36,Yes,0,Yes,No,22,Returning
10464,Adam Awwad,Male,43,Cairo,Qatar,60694.77,Budget,C005,Holiday Offers,Seasonal,Social Media,2025-07-23,2025-08-05,431.01,88934,2684,140,16091.23,13108.19,12990.3,Yes,9,Yes,No,23,Returning
12931,Emma Khalil,Female,52,Dubai,Egypt,57039.3,Regular,C003,Black Friday,Discount,Social Media,2025-11-08,2025-12-03,1059.98,9970,343,27,3005.29,1660.11,3142.62,Yes,2,Yes,No,16,Inactive
10559,Ali Wilson,Female,28,Nablus,Palestine,39508.66,Regular,C003,Black Friday,Discount,SMS,2025-08-26,2025-09-22,372.86,15658,1282,116,19852.21,13208.37,20025.65,Yes,14,No,No,12,Returning
13586,John Brown,Male,36,Jerusalem,Palestine,80113.01,Budget,C008,Weekend Flash Sale,Discount,Display Ads,2025-05-25,2025-06-24,713.88,34344,869,61,6576.45,4445.58,6253.28,Yes,9,Yes,No,11,Returning
12343,Adam Wilson,Female,41,Beirut,Egypt,32019.73,Regular,C002,Back to School,Seasonal,Social Media,2025-03-16,2025-04-09,462.94,15763,457,30,3624.87,2864.58,3166.87,Yes,0,Yes,No,30,New
12882,Yousef Nasser,Female,37,Doha,Jordan,57448.89,Regular,C007,Spring Promotion,Seasonal,Google Ads,2025-01-18,2025-02-08,631.89,14668,762,32,2657.04,1707.53,2205.22,Yes,9,Yes,No,6,New
13045,Lina Wilson,Female,41,Nablus,Lebanon,66828.39,Regular,C007,Spring Promotion,Seasonal,Google Ads,2025-06-14,2025-06-29,765.65,28163,1503,153,9032.21,6637.32,9171.91,Yes,2,Yes,No,18,New
11446,Sophia Smith,Male,51,Jerusalem,Egypt,61224.67,Regular,C003,Black Friday,Discount,Website,2025-10-26,2025-11-06,367.17,53634,1256,112,26843.92,20914.69,23168.54,Yes,7,Yes,No,14,New
10275,Emma Khalil,Male,52,Hebron,Lebanon,39616.94,Regular,C002,Back to School,Seasonal,Display Ads,2025-04-05,2025-04-16,507.88,20961,224,16,1740.42,1112.24,1555.67,Yes,14,No,No,3,Returning
11240,Emma Khalil,Male,39,Cairo,Qatar,37781.58,Budget,C003,Black Friday,Discount,Social Media,2025-05-03,2025-05-13,820.8,73946,1951,173,14200.38,11570.1,16575.63,Yes,10,Yes,No,2,Inactive
11404,Olivia Smith,Female,33,Nablus,Jordan,85806.86,Regular,C001,Summer Sale,Discount,Website,2025-08-15,2025-08-25,397.25,96093,3193,292,44895.98,29541.24,42900.4,Yes,2,No,No,26,Returning
13293,Lina Wilson,Female,29,Cairo,Lebanon,58593.51,Premium,C008,Weekend Flash Sale,Discount,Social Media,2025-03-01,2025-03-23,666.5,95501,3269,323,30895.36,20135.31,34430.91,Yes,10,Yes,No,18,Returning
14165,Yousef Brown,Female,36,Ramallah,Egypt,52197.7,Regular,C002,Back to School,Seasonal,SMS,2025-12-20,2026-01-17,461.62,46657,4706,292,25456.58,16525.52,26963.0,Yes,12,Yes,No,14,Returning
10410,Omar Saleh,Male,26,Dubai,Palestine,68436.24,Premium,C002,Back to School,Seasonal,Email,2025-02-24,2025-03-06,550.55,64713,4241,317,,32823.6,41212.22,Yes,1,Yes,Yes,28,Returning
13846,Noor Wilson,FEMALE,55,Cairo,Palestine,67130.53,Regular,C002,Back to School,Seasonal,Display Ads,2025-12-18,2026-01-08,543.79,95948,2065,126,18568.19,11785.02,15220.74,YES,0,Yes,No,1,Returning
13958,Omar Khalil,Female,150,Hebron,Palestine,57294.67,Regular,C006,Loyalty Rewards,Retention,Website,2025-02-03,2025-02-11,621.66,59674,1504,112,15441.46,13448.3,12754.33,Yes,15,Yes,No,18,Returning
13558,Olivia Nasser,Male,53,Dubai,Qatar,40384.39,Corporate,C001,Summer Sale,Discount,SMS,2025-05-17,2025-06-10,639.96,44839,4074,252,28775.42,18715.71,28193.14,Yes,9,No,No,8,Returning
10478,Yousef Miller,Female,28,Gaza,UAE,18540.29,Regular,C007,Spring Promotion,Seasonal,Website,2025-05-30,2025-06-16,447.89,14462,295,4,666.01,481.33,665.61,Yes,5,No,No,10,Inactive
13405,Sophia Wilson,Male,18,Ramallah,UAE,29807.51,Regular,C006,Loyalty Rewards,Retention,Google Ads,2025-02-17,2025-03-18,780.59,61602,2810,228,29664.97,20259.66,25958.65,Yes,6,Yes,No,2,New
10896,Sophia Davis,Female,45,Nablus,Qatar,23569.94,Regular,C006,Loyalty Rewards,Retention,Website,2025-12-12,2025-12-29,328.02,55120,754,86,7949.16,5393.86,7865.34,Yes,15,No,No,2,New
13085,Maya Brown,Male,32,Gaza,Jordan,49931.07,Budget,C003,Black Friday,Discount,Social Media,2025-07-04,2025-07-30,537.93,24723,1117,35,2433.92,1454.27,2357.79,Yes,15,Yes,No,29,New
10673,Adam Brown,Male,46,Doha,Jordan,46093.49,Regular,C007,Spring Promotion,Seasonal,Email,2025-09-17,2025-09-29,496.36,13414,641,51,3740.17,3292.34,3587.4,Yes,2,Yes,Yes,17,New
14109,Michael Nasser,Male,44,Dubai,Palestine,18000.0,,C005,Holiday Offers,Seasonal,SMS,2025-03-01,2025-03-13,657.61,9489,822,58,6251.41,4818.08,6906.87,Yes,12,Yes,No,15,Returning
11976,Maya Awwad,Male,30,Dubai,Palestine,86734.75,Premium,C004,New Product Launch,Product,SMS,2025-10-11,2025-11-06,1004.23,45771,4403,292,21928.43,18278.77,21347.3,Yes,4,No,No,24,New
10081,Maya Saleh,Male,37,Amman,Jordan,41298.78,Regular,C005,Holiday Offers,Seasonal,Display Ads,2025-07-11,2025-08-06,485.11,57276,658,49,5280.93,3473.83,5657.69,Yes,7,Yes,No,21,Returning
10511,Michael Nasser,Male,40,Dubai,Lebanon,57629.01,Corporate,C002,Back to School,Seasonal,Google Ads,2025-06-17,2025-07-04,184.03,57599,2451,107,22506.13,18307.42,20494.57,Yes,3,Yes,No,25,Returning
10421,Layla Wilson,Female,24,Ramallah,Lebanon,49668.94,Premium,C003,Black Friday,Discount,Google Ads,2025-03-12,2025-03-29,631.45,73438,3431,237,26990.02,20440.09,23526.64,Yes,8,No,No,11,Returning
11714,Adam Saleh,Female,44,Doha,Palestine,25991.82,Regular,C007,Spring Promotion,Seasonal,Website,2025-12-31,2026-01-18,541.65,25699,503,19,1358.75,1157.33,1304.98,Yes,8,No,No,0,Returning
13705,Michael Hassan,Female,38,Beirut,Qatar,19184.59,Regular,C001,Summer Sale,Discount,Website,2025-03-13,2025-04-04,564.38,60404,852,36,2056.04,1813.24,2000.73,Yes,2,No,No,0,Inactive
12335,John Nasser,Male,19,Cairo,Qatar,48447.98,Regular,C002,Back to School,Seasonal,SMS,2025-05-01,2025-05-21,885.4,14906,1127,61,7969.32,5137.91,7650.11,Yes,10,No,No,23,New
12978,Maya Khalil,Female,31,Gaza,Jordan,29817.4,Regular,C002,Back to School,Seasonal,Email,2025-09-22,2025-09-30,540.58,69343,3749,265,28256.35,21775.59,32035.95,Yes,5,No,No,19,New
12611,Lina Khalil,Male,32,Jerusalem,Palestine,41753.33,Corporate,C006,Loyalty Rewards,Retention,Website,2025-06-09,2025-06-29,672.13,32754,681,68,4543.44,3960.5,5112.05,Yes,6,Yes,No,17,New
13875,Yousef Hassan,Female,20,Dubai,Egypt,37985.37,Corporate,C002,Back to School,Seasonal,SMS,2025-08-28,2025-09-04,305.42,49708,4493,521,80969.29,50104.58,66283.12,Yes,1,No,No,29,New
10504,Sara Miller,Male,49,Dubai,Jordan,,Regular,C007,Spring Promotion,Seasonal,Display Ads,2025-06-23,2025-07-02,272.67,34535,624,61,7101.56,5318.69,7058.43,Yes,6,No,No,8,Returning
10456,Emma Nasser,Female,38,Jerusalem,Palestine,65871.94,Regular,C003,Black Friday,Discount,SMS,2025-08-31,2025-09-10,409.66,24973,2511,31,2907.01,2101.77,3013.81,Yes,10,No,No,0,New
10478,Noor Awwad,Female,44,Hebron,UAE,51300.35,Corporate,C007,Spring Promotion,Seasonal, email ,2025-01-08,2025-02-07,610.69,64438,3753,46,4435.91,3664.5,4129.84,Yes,14,No,Yes,27,Inactive
13581,Emma Brown,Female,42,Gaza,Egypt,53463.62,Budget,C006,Loyalty Rewards,Retention,Google Ads,2025-10-23,2025-11-06,526.58,32856,1560,160,26928.47,18642.27,22805.76,Yes,8,No,No,18,New
10495,Ahmed Hassan,Male,27,Nablus,Lebanon,51850.58,Regular,C007,Spring Promotion,Seasonal,Google Ads,2025-07-19,2025-08-06,223.31,26892,1064,69,6098.18,4822.23,5592.4,Yes,2,No,No,28,Returning
12770,Sophia Hassan,Female,31,Gaza,Jordan,60839.43,Budget,C004,New Product Launch,Product,Google Ads,2025-12-04,2025-12-14,468.63,20533,925,72,8578.32,6630.0,8694.43,Yes,7,No,No,26,Inactive
13856,Ahmed Saleh,Female,31,Amman,Jordan,24690.7,Regular,C007,Spring Promotion,Seasonal,Website,2025-07-11,2025-08-02,1020.73,47200,1227,132,9499.4,5569.51,10082.94,Yes,7,Yes,No,12,Returning
12154,John Davis,Male,28,Hebron,Jordan,73694.91,Regular,C007,Spring Promotion,Seasonal,Email,2025-07-12,2025-07-25,155.75,82103,4083,288,33484.77,27554.11,36822.43,Yes,8,Yes,No,14,New
12771,Sara Hassan,Female,27,Doha,UAE,40373.48,Regular,C006,Loyalty Rewards,Retention,Social Media,2025-04-02,2025-04-18,514.89,57248,891,73,7407.44,5405.89,6357.78,Yes,1,No,No,27,New
10047,Daniel Smith,Female,40,Jerusalem,Palestine,56115.21,Budget,C001,Summer Sale,Discount,Website,2025-11-18,2025-12-14,52.72,94087,4918,526,63279.39,45557.9,64582.54,Yes,7,No,No,1,New
12114,Adam Smith,Male,31,Dubai,Palestine,57316.87,Budget,C008,Weekend Flash Sale,Discount,Social Media,2025-04-15,2025-05-08,235.28,18041,860,84,7353.51,4661.39,7861.73,Yes,1,No,No,11,New
13527,Daniel Wilson,Female,26,Cairo,Palestine,35411.29,Premium,C003,Black Friday,Discount,Email,2025-03-12,2025-03-24,238.67,34457,1744,108,12952.26,8570.67,12316.53,Yes,0,Yes,Yes,5,Returning
12640,Layla Saleh,Male,18,Jerusalem,UAE,37954.26,Regular,C008,Weekend Flash Sale,Discount,Google Ads,2025-01-05,2025-02-03,521.26,1058,51,4,,482.85,598.83,Yes,9,Yes,No,9,New
12333,Ali Khalil,Female,26,Cairo,Qatar,78247.62,Budget,C004,New Product Launch,Product,SMS,2025-01-26,2025-02-15,607.1,91975,10051,738,110608.95,92089.0,111033.2,Yes,7,No,No,1,Returning
10652,Adam Awwad,Male,29,Amman,Qatar,53060.16,Regular,C006,Loyalty Rewards,Retention,Social Media,2025-04-06,2025-04-27,793.78,74586,3221,278,33440.11,19835.53,28544.05,Yes,3,Yes,No,7,New
13984,Sara Brown,Male,34,Beirut,Egypt,43400.78,Regular,C002,Back to School,Seasonal,Display Ads,2025-08-28,2025-09-14,996.35,40836,503,66,9179.65,7136.28,10082.08,Yes,2,No,No,9,Returning
12017,Noor Smith,Male,31,Ramallah,UAE,53654.52,Regular,C003,Black Friday,Discount,Social Media,2025-12-10,2026-01-06,254.5,22519,795,35,4965.44,4381.5,4309.35,Yes,9,No,No,9,Inactive
13933,Lina Wilson,Male,43,Cairo,UAE,51259.91,Regular,C002,Back to School,Seasonal,Social Media,2025-08-28,2025-09-05,588.66,27846,739,51,8642.19,6135.97,8601.97,Yes,11,No,No,28,Returning
10133,Olivia Davis,FEMALE,25,Ramallah,Qatar,47732.36,Regular,C007,Spring Promotion,Seasonal,SMS,2025-11-13,2025-12-10,711.63,29840,2649,207,27856.69,18255.3,23847.2,Yes,6,No,No,19,New
12698,Olivia Hassan,Male,21,Jerusalem,Palestine,51241.28,Regular,C006,Loyalty Rewards,Retention,Social Media,2025-03-04,2025-03-12,350.48,40126,1148,131,13366.56,11711.27,12795.27,Yes,3,Yes,No,26,Returning
10730,Noor Davis,Male,36,Hebron,Palestine,52674.43,Regular,C007,Spring Promotion,Seasonal,Social Media,2025-12-17,2026-01-14,20.0,38377,562,21,2496.41,1961.62,2162.23,Yes,4,Yes,No,25,New
11101,Yousef Miller,Male,34,Doha,Lebanon,,Budget,C001,Summer Sale,Discount,Google Ads,2025-02-20,2025-03-13,374.93,52658,1852,279,22583.28,19886.67,23279.81,Yes,5,No,No,26,Returning
10862,Ahmed Saleh,Male,41,Ramallah,Qatar,46091.88,Regular,C001,Summer Sale,Discount,Display Ads,2025-05-17,2025-05-24,985.85,30359,185,3,503.43,369.97,463.47,Yes,14,No,No,4,New
10167,Sophia Miller,Male,29,Gaza,Jordan,38602.84,Budget,C002,Back to School,Seasonal,Email,2025-06-05,2025-07-02,829.54,67683,4005,243,35696.57,19634.11,32119.74,Yes,4,Yes,No,25,New
11202,Yousef Nasser,Male,32,Cairo,UAE,43785.81,Budget,C002,Back to School,Seasonal,Display Ads,2025-08-02,2025-08-22,583.39,96381,240,19,2281.56,1269.48,1985.5,Yes,9,Yes,No,10,Returning
13015,Olivia Smith,Female,49,Cairo,Palestine,42315.75,Premium,C004,New Product Launch,Product,Google Ads,2025-04-24,2025-05-03,344.67,44830,1485,81,8640.07,5035.67,7041.93,Yes,7,Yes,No,19,New
11904,Lina Davis,Male,49,Jerusalem,Jordan,54147.75,Regular,C007,Spring Promotion,Seasonal,Social Media,2025-05-22,2025-06-20,497.56,63190,1923,125,22666.74,19107.4,18762.91,Yes,5,No,No,5,Returning
10854,Noor Miller,Male,23,Dubai,UAE,49976.74,Budget,C003,Black Friday,Discount,SMS,2025-12-12,2026-01-02,265.19,98368,9656,955,135832.15,81136.1,149181.26,Yes,6,Yes,No,17,Returning
12065,Ahmed Saleh,Female,21,Gaza,Egypt,45745.5,Budget,C001,Summer Sale,Discount,Email,2025-12-19,2025-12-31,331.38,87606,5879,464,75819.89,48843.73,84471.69,Yes,11,No,No,0,Returning
13128,Michael Brown,Female,45,Ramallah,Qatar,31044.58,Premium,C008,Weekend Flash Sale,Discount,Display Ads,2025-06-10,2025-06-24,438.64,21083,173,12,1300.36,862.88,1400.5,Yes,3,Yes,No,6,Returning
12721,Sophia Nasser,Female,18,Ramallah,UAE,44787.79,Regular,C001,Summer Sale,Discount,Email,2025-02-07,2025-03-09,601.22,48747,3104,208,25973.86,16449.49,25263.05,Yes,0,Yes,No,8,Inactive
11345,Lina Davis,Male,29,Gaza,Jordan,48391.6,Regular,C005,Holiday Offers,Seasonal,Google Ads,2025-07-16,2025-08-05,538.84,26764,1402,131,15259.8,10063.77,14389.11,Yes,0,Yes,No,12,Returning
10435,Layla Miller,Female,40,Nablus,Qatar,,Corporate,C005,Holiday Offers,Seasonal,Google Ads,2025-07-28,2025-08-15,794.45,9230,380,30,3165.9,2381.3,2952.8,Yes,10,No,No,3,Returning
11900,Omar Awwad,Male,39,Cairo,Egypt,51777.5,Regular,C005,Holiday Offers,Seasonal,Website,2025-12-03,2025-12-14,671.85,70800,1325,72,7955.53,7147.06,7554.75,Yes,8,No,No,10,New
10339,Olivia Nasser,Male,29,Beirut,Lebanon,63938.33,Regular,C001,Summer Sale,Discount,Social Media,2025-12-31,2026-01-22,338.9,76589,3098,321,27579.72,15266.81,24319.64,Yes,8,No,No,0,Inactive
10031,Daniel Brown,Female,27,Doha,Egypt,43140.02,Premium,C007,Spring Promotion,Seasonal,Google Ads,2025-11-08,2025-11-27,478.16,40326,2032,184,17636.16,15524.03,16137.47,Yes,9,Yes,No,21,New
13300,Sophia Davis,Male,46,Cairo,Qatar,82353.98,Regular,C008,Weekend Flash Sale,Discount,Website,2025-04-30,2025-05-16,335.47,66038,1708,97,9983.72,8472.5,10265.2,Yes,10,No,No,30,Inactive
13881,Lina Hassan,Male,44,Ramallah,UAE,61317.94,Premium,C007,Spring Promotion,Seasonal,Email,2025-07-04,2025-08-02,723.24,60489,3369,178,13658.07,12268.96,12767.17,Yes,9,Yes,Yes,10,Returning
10293,Ali Smith,Female,20,Gaza,Qatar,52573.48,Regular,C003,Black Friday,Discount,Google Ads,2025-07-10,2025-08-01,457.0,31312,1700,142,23794.77,18950.06,20255.83,Yes,15,No,No,16,Returning
11202,Ahmed Saleh,Male,28,Cairo,Qatar,51457.7,Budget,C001,Summer Sale,Discount,SMS,2025-09-25,2025-10-20,118.66,50883,4427,519,61522.42,50211.08,58337.06,Yes,2,No,No,16,Returning
11229,Lina Smith,Male,39,Beirut,Lebanon,58338.27,Premium,C006,Loyalty Rewards,Retention,Display Ads,2025-07-04,2025-07-25,544.92,30569,533,49,6095.36,3869.76,5132.5,Yes,5,Yes,No,30,New
11106,John Awwad,Male,37,Doha,UAE,71174.1,Regular,C007,Spring Promotion,Seasonal,Website,2025-12-30,2026-01-22,732.17,68737,2274,235,40811.18,31216.47,38176.12,Yes,6,Yes,No,1,Inactive
10656,Lina Nasser,Male,37,Hebron,UAE,54874.7,Regular,C001,Summer Sale,Discount,Display Ads,2025-08-03,2025-08-12,339.13,92730,1187,85,12533.37,9015.62,11789.71,Yes,8,No,No,12,Returning
13592,Emma Wilson,Male,38,Nablus,Jordan,40724.11,Budget,C004,New Product Launch,Product,Display Ads,2025-10-31,2025-11-16,369.62,73584,1367,115,6258.99,4030.98,5965.22,Yes,9,No,No,22,Returning
13857,Noor Saleh,Male,25,Beirut,Jordan,80220.38,Premium,C008,Weekend Flash Sale,Discount,Email,2025-02-27,2025-03-22,672.5,28336,1894,181,18765.8,16726.0,15884.51,Yes,5,Yes,Yes,29,Returning
13580,Layla Wilson,Female,56,Hebron,UAE,23330.89,Premium,C002,Back to School,Seasonal,Google Ads,2025-11-20,2025-12-11,553.14,85915,5206,314,44969.52,25690.79,36594.14,Yes,13,No,No,2,Returning
10793,John Nasser,Female,43,Beirut,Egypt,35165.62,Premium,C005,Holiday Offers,Seasonal,Email,2025-07-06,2025-07-15,771.75,62799,3004,109,9719.53,7571.09,9785.66,Yes,13,No,Yes,13,New
10223,Emma Nasser,Male,37,Hebron,Palestine,18987.94,Regular,C006,Loyalty Rewards,Retention,Social Media,2025-07-09,2025-07-26,260.92,43754,2253,281,24663.67,13660.46,28289.73,Yes,11,Yes,No,19,Returning
12659,Sophia Awwad, male ,31,Dubai,Lebanon,51383.3,Budget,C005,Holiday Offers,Seasonal,Social Media,2025-01-02,2025-01-28,540.15,23236,688,59,5924.01,3769.94,5452.09,Yes,4,No,No,18,Returning
13397,Michael Awwad,Female,35,Ramallah,Palestine,44673.21,Regular,C001,Summer Sale,Discount,Email,2025-02-13,2025-03-14,303.24,30987,2099,29,4429.11,2986.03,4329.06,Yes,0,Yes,Yes,21,New
12497,Noor Saleh,Female,35,Gaza,UAE,72733.46,Regular,C007,Spring Promotion,Seasonal,Display Ads,2025-06-21,2025-07-10,304.87,5430,212,28,2738.47,2351.77,2734.12,Yes,4,No,No,15,Returning
11411,Ali Brown,Male,37,Cairo,Jordan,54024.57,Regular,C007,Spring Promotion,Seasonal,Social Media,2025-03-27,2025-04-10,409.13,81894,2354,147,9289.66,6856.74,8537.95,Yes,15,Yes,No,8,Returning
12152,Adam Miller,Female,35,Nablus,Egypt,18000.0,Corporate,C007,Spring Promotion,Seasonal,Display Ads,2025-01-28,2025-02-18,742.58,76833,1586,63,6710.88,3915.7,6603.29,Yes,6,Yes,No,0,New
10253,Michael Khalil,Male,59,Cairo,Palestine,31801.17,Regular,C006,Loyalty Rewards,Retention,Social Media,2025-12-20,2026-01-06,360.76,75868,2242,238,35113.17,30845.8,29788.77,Yes,11,Yes,No,24,Returning
11269,Omar Miller,Male,18,Cairo,Jordan,60085.97,Budget,C004,New Product Launch,Product,Google Ads,2025-03-19,2025-04-15,214.04,36560,2022,240,21778.33,19250.72,23024.58,Yes,10,Yes,No,22,New
11396,Ahmed Awwad,Female,18,Gaza,Egypt,65710.73,Corporate,C002,Back to School,Seasonal,Display Ads,2025-06-10,2025-07-01,554.04,86749,1590,44,7382.4,4538.27,6334.41,Yes,14,Yes,No,28,Inactive
13301,John Nasser,Male,53,Cairo,Egypt,69725.23,Regular,C007,Spring Promotion,Seasonal,Website,2025-01-06,2025-01-16,1162.03,24716,768,58,7312.61,4515.02,6898.78,Yes,13,No,No,18,Returning
10444,Omar Smith,Female,24,Doha,Qatar,41690.25,Regular,C003,Black Friday,Discount,Display Ads,2025-05-28,2025-06-23,323.61,36151,705,48,3603.08,3041.44,2958.26,Yes,9,Yes,No,23,Returning
10741,Adam Hassan,Female,26,Amman,Palestine,57635.66,Budget,C007,Spring Promotion,Seasonal,SMS,2025-11-01,2025-11-10,622.32,63985,5430,562,115677.87,98543.39,122380.46,Yes,5,No,No,5,Returning
10922,Noor Brown,Male,33,Cairo,Qatar,49278.88,Regular,C003,Black Friday,Discount,Social Media,2025-10-28,2025-11-16,532.74,30496,999,64,10972.86,6485.12,9826.74,Yes,2,No,No,11,Returning
11480,Yousef Awwad,Female,30,Nablus,Lebanon,41657.58,Budget,C005,Holiday Offers,Seasonal,Email,2025-09-03,2025-09-23,501.99,1029,65,5,409.33,314.45,470.27,Yes,15,Yes,No,15,Returning
13103,Layla Awwad,Female,59,Doha,Palestine,41946.74,Regular,C003,Black Friday,Discount,Email,2025-12-05,2025-12-29,475.08,56046,2808,259,22920.25,15524.61,18347.73,Yes,12,No,Yes,16,Returning
12197,Noor Awwad,Male,25,Jerusalem,Jordan,20786.07,Regular,C005,Holiday Offers,Seasonal,Email,2025-06-16,2025-06-30,337.68,86749,4217,321,52183.54,45619.68,46120.26,Yes,10,Yes,Yes,16,Returning
12841,Omar Miller,Male,62,Jerusalem,Palestine,45493.6,Budget,C003,Black Friday,Discount,Display Ads,2025-07-11,2025-08-06,541.78,29597,715,32,5183.81,4266.26,5263.11,Yes,5,Yes,No,8,New
12415,Ahmed Wilson,Female,24,Beirut,Jordan,49424.15,Regular,C005,Holiday Offers,Seasonal,Email,2025-07-28,2025-08-08,754.31,32276,1953,90,9716.63,6392.4,9236.83,Yes,4,Yes,No,16,Returning
10211,Lina Miller,Male,47,Hebron,Jordan,85621.67,Premium,C008,Weekend Flash Sale,Discount,SMS,2025-01-11,2025-01-24,389.16,77344,6181,613,73183.65,65696.67,67446.97,Yes,5,Yes,No,18,New
13365,Daniel Davis,Male,53,Dubai,UAE,50556.53,Corporate,C006,Loyalty Rewards,Retention,Google Ads,2025-02-02,2025-02-13,592.23,80893,3445,131,11512.99,6785.51,9681.19,Yes,13,No,No,22,New
10248,Daniel Davis,Male,25,Nablus,Egypt,42128.27,Regular,C001,Summer Sale,Discount,Display Ads,2025-06-01,2025-06-20,211.14,26730,515,40,4992.64,4420.35,4066.54,Yes,10,Yes,No,15,Returning
10896,Daniel Miller,Male,52,Doha,Qatar,38377.53,Regular,C004,New Product Launch,Product,Google Ads,2025-11-01,2025-11-29,585.62,91468,4487,416,59488.33,49525.58,53254.31,Yes,8,Yes,No,18,Inactive
11999,Adam Hassan,Female,0,Hebron,Jordan,37492.71,Budget,C006,Loyalty Rewards,Retention,Email,2025-07-21,2025-08-15,281.09,98912,5085,560,41757.76,23259.85,39007.23,Yes,9,No,Yes,23,Returning
12654,Yousef Wilson,Male,39,Jerusalem,Qatar,,Corporate,,Summer Sale,Discount,SMS,2025-07-13,2025-07-28,554.14,99309,8248,310,57151.98,47647.66,47762.52,Yes,9,No,No,20,Inactive
13088,Maya Brown,Female,21,Amman,Palestine,89343.4,Premium,C001,Summer Sale,Discount,Display Ads,2025-02-18,2025-02-28,534.07,69634,1971,160,23101.92,20390.36,20020.05,Yes,6,No,No,1,Returning
11855,Olivia Awwad,Female,32,Amman,UAE,19464.28,Regular,C006,Loyalty Rewards,Retention,Email,2025-06-21,2025-07-06,403.09,82420,4692,421,44299.69,32708.03,51166.02,Yes,2,No,Yes,7,Returning
10623,Layla Smith,Male,38,Beirut,UAE,36445.01,Premium,C003,Black Friday,Discount,Social Media,2025-07-01,2025-07-24,259.16,8926,361,29,4010.88,3574.41,4385.4,Yes,8,Yes,No,2,Returning
10995,Ahmed Smith,Male,34,Gaza,Lebanon,76198.92,Regular,C003,Black Friday,Discount,Display Ads,2025-10-05,2025-10-15,172.15,55505,1362,187,14375.91,12818.64,12841.15,Yes,9,No,No,16,Returning
10894,Omar Brown,Male,39,Amman,UAE,56571.85,Premium,C008,Weekend Flash Sale,Discount,Social Media,2025-07-24,2025-08-06,951.9,38732,1352,155,15966.17,13471.47,17826.62,Yes,8,No,No,10,Returning
11300,Layla Wilson,Female,26,Cairo,Jordan,58332.27,Budget,C006,Loyalty Rewards,Retention,Website,2025-05-10,2025-05-28,677.96,77728,3123,383,53826.04,30422.77,43181.06,Yes,15,Yes,No,4,New
10704,John Awwad,Male,39,Jerusalem,Qatar,50623.21,Regular,C007,Spring Promotion,Seasonal,SMS,2025-08-23,2025-09-14,317.17,57252,5236,389,64153.28,53618.47,66660.42,Yes,3,Yes,No,1,New
13292,Noor Wilson,Female,44,Amman,UAE,35180.8,Budget,C008,Weekend Flash Sale,Discount,Website,2025-06-02,2025-07-02,603.6,30938,839,77,12869.68,8799.35,10364.91,Yes,3,Yes,No,27,Returning
10755,Ali Brown,Male,27,Amman,Jordan,67059.35,Regular,C003,Black Friday,Discount,Website,2025-04-27,2025-05-21,280.43,52639,1045,116,11268.19,8504.07,10120.47,Yes,5,Yes,No,17,Returning
13826,Daniel Miller,Male,24,Doha,Lebanon,36169.41,Premium,C006,Loyalty Rewards,Retention,Email,2025-04-21,2025-04-30,720.09,43372,1744,79,7284.4,6183.44,7103.15,Yes,12,Yes,Yes,2,Inactive
12064,Olivia Wilson,Female,24,Gaza,Lebanon,35335.71,Regular,C008,Weekend Flash Sale,Discount,Website,2025-05-14,2025-06-01,453.04,32758,341,32,,1705.67,2230.58,Yes,6,No,No,2,New
13343,Layla Brown,Male,44,Cairo,UAE,54265.57,Premium,C007,Spring Promotion,Seasonal,SMS,2025-12-19,2025-12-30,545.6,94873,8078,757,59194.93,38062.88,69316.5,Yes,0,No,No,30,Returning
12520,Ahmed Smith,Female,54,Nablus,Jordan,58100.09,Regular,C001,Summer Sale,Discount,Email,2025-07-29,2025-08-05,564.51,42824,2220,160,19134.05,16258.15,16898.21,Yes,11,Yes,Yes,27,Returning
10517,Lina Saleh,Female,42,Jerusalem,Egypt,39030.05,Regular,C004,New Product Launch,Product,Google Ads,2025-09-08,2025-09-27,704.43,68477,3629,257,25206.81,17509.79,28429.58,Yes,11,No,No,8,New
11737,Omar Miller,Female,39,Gaza,Qatar,49731.45,Premium,C008,Weekend Flash Sale,Discount,Google Ads,2025-02-19,2025-03-11,129.77,69464,2814,302,42201.61,30972.56,49409.06,Yes,13,No,No,9,Returning
13232,Sara Smith,Male,18,Dubai,Palestine,67090.8,Premium,C001,Summer Sale,Discount,Google Ads,2025-05-26,2025-06-08,580.15,48173,2305,130,8999.84,5283.93,8543.78,Yes,7,No,No,23,Inactive
10387,Sophia Wilson,Male,66,Doha,Lebanon,73921.49,Regular,C004,New Product Launch,Product,Display Ads,2025-12-18,2026-01-02,336.29,99942,1179,120,13201.43,10998.75,12838.73,Yes,11,Yes,No,0,New
13753,Adam Nasser,Male,27,Amman,Jordan,29498.38,Regular,C003,Black Friday,Discount,Display Ads,2025-02-13,2025-02-24,617.72,70940,1418,97,13768.62,10507.95,12706.85,Yes,3,Yes,No,6,Inactive
12425,Noor Davis,Male,18,Ramallah,Egypt,55946.33,Budget,C008,Weekend Flash Sale,Discount,Display Ads,2025-06-30,2025-07-13,443.66,59998,739,103,14477.78,11637.01,14518.59,Yes,9,Yes,No,28,Inactive
10146,Ahmed Hassan,Female,40,Doha,UAE,67555.86,Regular,C007,Spring Promotion,Seasonal,Email,2025-09-25,2025-10-20,562.68,83764,3905,426,68741.09,44891.12,66820.26,Yes,8,Yes,Yes,4,Inactive
13744,Lina Awwad,Male,32,Cairo,Jordan,73078.23,,C004,New Product Launch,Product,SMS,2025-06-28,2025-07-15,390.37,20069,1731,247,30282.89,22360.85,29274.5,Yes,4,Yes,No,10,New
10510,Noor Awwad,Male,31,Amman,Palestine,107623.97,Regular,C002,Back to School,Seasonal,SMS,2025-02-02,2025-02-28,448.21,44945,3878,409,68166.82,51747.07,60441.72,Yes,9,No,No,14,New
12366,Layla Khalil,Female,36,Nablus,Qatar,71837.64,Premium,C002,Back to School,Seasonal,Social Media,2025-09-15,2025-09-28,274.47,86192,2451,205,21940.47,14838.42,20691.28,Yes,11,Yes,No,8,Returning
13777,John Smith,Female,55,Cairo,Lebanon,62762.57,Budget,C006,Loyalty Rewards,Retention,Google Ads,2025-12-29,2026-01-28,341.27,60544,2681,298,26408.02,19768.18,22213.34,Yes,13,Yes,No,0,Returning
11895,Layla Davis,Female,39,Doha,Jordan,,Regular,C003,Black Friday,Discount,Email,2025-12-28,2026-01-23,968.41,63078,2920,433,45774.73,37878.91,48498.69,Yes,12,No,Yes,8,New
12486,Ali Wilson,Male,46,Jerusalem,UAE,34443.92,Regular,C005,Holiday Offers,Seasonal,Google Ads,2025-10-11,2025-11-03,737.18,43516,1845,149,22132.36,16705.98,25109.23,Yes,0,Yes,No,17,New
10127,Ali Awwad,Male,37,Nablus,Jordan,,Regular,C001,Summer Sale,Discount,Email,2025-12-08,2025-12-18,665.57,79392,4544,173,24004.18,19559.09,20930.39,Yes,0,Yes,Yes,30,New
12025,Layla Awwad,Male,28,Beirut,Palestine,48571.56,Regular,C001,Summer Sale,Discount,SMS,2025-12-03,2025-12-25,722.36,9102,829,70,9583.46,6901.87,10407.1,Yes,14,Yes,No,25,Inactive
11553,Yousef Smith,Male,22,Amman,Egypt,71711.76,Corporate,C003,Black Friday,Discount,Display Ads,2025-01-23,2025-02-04,808.52,33294,371,16,1986.21,1290.03,1892.61,Yes,8,No,No,21,Returning
11700,Olivia Nasser,Male,43,Jerusalem,UAE,48686.9,Regular,C004,New Product Launch,Product,Email,2025-06-08,2025-07-05,567.33,17680,873,90,10277.87,6361.17,9573.74,Yes,3,Yes,Yes,5,Inactive
11381,Ali Saleh,Male,21,Ramallah,Egypt,32354.22,Regular,C007,Spring Promotion,Seasonal,Display Ads,2025-09-21,2025-10-03,292.68,18406,533,62,6735.09,4514.05,6289.14,Yes,12,No,No,30,New
10823,Ali Miller,Female,46,Hebron,Qatar,61150.33,Premium,C008,Weekend Flash Sale,Discount,Google Ads,2025-07-18,2025-07-29,743.91,77371,4845,353,27606.24,24310.69,22694.65,Yes,14,Yes,No,7,Returning
11716,Ali Davis,Female,41,Gaza,UAE,75461.48,Budget,C007,Spring Promotion,Seasonal,Website,2025-01-22,2025-02-07,593.88,67942,1951,169,29624.58,19245.45,26605.37,Yes,6,No,No,12,New
10809,Sophia Davis,Male,34,Ramallah,Qatar,33919.72,Regular,C001,Summer Sale,Discount,Website,2025-08-10,2025-09-05,297.4,51935,1048,28,3117.02,2725.32,3637.34,Yes,11,No,No,1,Returning
10424,Lina Saleh,Female,18,Dubai,Lebanon,37977.06,Regular,C002,Back to School,Seasonal,Google Ads,2025-01-18,2025-02-09,278.61,59940,3038,231,33485.86,26744.05,36330.09,Yes,3,No,No,27,New
10186,Daniel Nasser,Male,52,Amman,Lebanon,75870.96,Budget,C002,Back to School,Seasonal,Social Media,2025-08-15,2025-08-25,820.09,66949,1548,119,15231.69,11528.68,12783.61,Yes,7,No,No,28,Inactive
14023,Lina Hassan,Male,50,Nablus,Lebanon,47947.19,Budget,C001,Summer Sale,Discount,SMS,2025-08-17,2025-09-10,498.61,49197,4601,402,59126.24,43161.59,50783.91,Yes,10,Yes,No,21,Returning
11221,Sara Wilson,Female,31,Beirut,Qatar,77141.31,Budget,C004,New Product Launch,Product,Website,2025-05-01,2025-05-16,417.61,64856,2682,384,43206.21,35648.65,40476.9,Yes,13,Yes,No,13,New
13246,Sara Smith,Male,32,Ramallah,Egypt,40123.14,Regular,C006,Loyalty Rewards,Retention,Email,2025-05-02,2025-05-19,547.23,4983,297,15,2295.0,2027.0,2263.17,Yes,0,No,Yes,24,Returning
10791,Yousef Awwad,Female,24,Dubai,Qatar,37703.19,Premium,C005,Holiday Offers,Seasonal,Display Ads,2025-08-26,2025-09-02,302.7,4970,40,2,177.76,116.44,168.93,Yes,4,No,No,6,Returning
13358,Layla Brown,Male,53,Jerusalem,Lebanon,32387.01,Corporate,C001,Summer Sale,Discount,Display Ads,2025-08-18,2025-09-02,472.95,60434,435,35,5198.76,4383.68,5704.82,Yes,13,Yes,No,2,Returning
11991,Adam Smith,Male,40,Nablus,Palestine,45939.72,Regular,C005,Holiday Offers,Seasonal,Website,2025-08-15,2025-08-23,415.5,58363,1487,203,10979.06,6497.86,9939.46,Yes,2,Yes,No,11,Returning
13751,Ali Nasser,Female,37,Nablus,Jordan,73354.87,Regular,C008,Weekend Flash Sale,Discount,Google Ads,2025-11-20,2025-12-09,485.17,58451,2857,138,11161.73,6323.64,9881.29,Yes,6,Yes,No,23,New
13811,John Brown,Male,47,Jerusalem,Qatar,32887.23,Regular,C003,Black Friday,Discount,SMS,2025-02-08,2025-02-26,567.72,36812,2865,402,54870.0,31771.53,55187.95,Yes,1,No,No,12,Returning
11879,Adam Nasser,Male,42,Nablus,Palestine,69396.43,Regular,C005,Holiday Offers,Seasonal,Display Ads,2025-06-24,2025-07-07,164.78,75750,1710,197,15880.36,12743.2,14285.26,Yes,6,Yes,No,20,Returning
11184,Ali Brown,Female,38,Beirut,Egypt,50840.56,Premium,C006,Loyalty Rewards,Retention,Display Ads,2025-09-02,2025-09-27,1292.53,99533,2920,110,13717.51,9675.09,11978.24,Yes,2,Yes,No,12,Returning
12799,Noor Wilson,Male,21,Cairo,Palestine,67402.56,Regular,C004,New Product Launch,Product,Website,2025-07-15,2025-08-12,413.32,71975,1158,58,6659.51,5553.51,5831.71,Yes,4,No,No,16,New
11525,Olivia Khalil,Male,33,Ramallah,Palestine,71176.01,Budget,C003,Black Friday,Discount,Google Ads,2025-01-26,2025-02-19,494.75,38717,1818,88,11094.54,9448.08,11466.03,Yes,6,No,No,21,New
10961,Maya Khalil,Male,28,Cairo,Egypt,64818.59,Budget,C003,Black Friday,Discount,Website,2025-02-18,2025-03-05,587.21,46341,858,46,6725.88,4452.76,6013.85,Yes,9,No,No,1,Returning
12314,Noor Saleh,Male,34,Ramallah,Jordan,29704.19,Regular,C006,Loyalty Rewards,Retention,Display Ads,2025-05-31,2025-06-13,513.19,18935,442,37,2367.66,1807.51,2592.99,Yes,8,No,No,22,New
11425,Omar Wilson,Male,20,Nablus,UAE,50342.74,Budget,C001,Summer Sale,Discount,Website,2025-10-26,2025-11-19,113.61,91314,1913,192,13724.11,11099.86,11470.04,Yes,8,Yes,No,23,Returning
13321,Michael Hassan,Male,36,Hebron,Qatar,41761.18,Regular,C006,Loyalty Rewards,Retention,Email,2025-01-23,2025-02-13,418.26,28942,1209,77,11954.91,7463.9,9643.99,Yes,11,Yes,No,6,New
13476,Olivia Miller,Female,37,Ramallah,UAE,19524.37,Regular,C001,Summer Sale,Discount,Website,2025-06-04,2025-06-24,421.69,13020,398,21,2803.62,1733.72,2334.23,Yes,14,No,No,11,New
14004,Omar Khalil,Female,37,Ramallah,Lebanon,65117.85,Regular,C004,New Product Launch,Product,Email,2025-01-03,2025-01-22,304.04,25273,1339,115,10470.17,8123.96,8482.67,Yes,9,Yes,Yes,3,New
11347,John Hassan,Male,33,Dubai,Palestine,55108.01,Regular,C002,Back to School,Seasonal,Google Ads,2025-08-13,2025-09-07,487.34,61677,2642,87,8910.45,5311.7,9938.77,Yes,14,No,No,30,New
13829,Daniel Awwad,Female,56,Beirut,Lebanon,63626.1,Premium,C005,Holiday Offers,Seasonal,SMS,2025-07-11,2025-07-29,399.26,21020,2150,131,19943.95,12424.02,19497.47,Yes,6,Yes,No,24,New
12563,Ahmed Khalil,Male,34,Hebron,Jordan,66030.31,Regular,C001,Summer Sale,Discount,Email,2025-03-01,2025-03-30,20.0,21794,1140,22,3964.33,3131.83,3418.27,Yes,8,Yes,Yes,20,Inactive
11238,Lina Khalil,Male,32,Ramallah,UAE,59853.51,Premium,C001,Summer Sale,Discount,Website,2025-10-04,2025-10-11,145.52,92348,1418,111,15136.67,10299.28,14614.58,Yes,10,Yes,No,12,Returning
11856,Daniel Brown,Male,46,Gaza,Palestine,60747.14,Premium,C002,Back to School,Seasonal,Google Ads,2025-12-12,2025-12-30,421.6,17398,885,105,11061.39,6688.25,9350.31,Yes,12,Yes,No,12,Returning
10719,Olivia Nasser,Female,40,Doha,Lebanon,18000.0,Premium,C008,Weekend Flash Sale,Discount,Google Ads,2025-11-04,2025-12-02,427.93,95747,4819,209,32366.59,28368.26,29486.51,Yes,10,Yes,No,4,New
12163,Michael Brown,Male,47,Beirut,Palestine,43764.15,Regular,C001,Summer Sale,Discount,SMS,2025-07-22,2025-08-16,315.44,38375,2810,197,25751.89,18350.26,21523.64,Yes,2,No,No,10,Returning
10598,Emma Hassan,Female,35,Nablus,Qatar,65567.37,Regular,C006,Loyalty Rewards,Retention,Google Ads,2025-02-26,2025-03-25,142.58,93588,4713,216,19452.58,12960.93,22478.83,Yes,13,No,No,16,Inactive
10215,Yousef Nasser,Female,37,Dubai,Qatar,59108.51,Budget,C006,Loyalty Rewards,Retention,Display Ads,2025-10-24,2025-11-16,606.76,89837,1453,170,28550.45,22097.4,28553.02,Yes,2,No,No,7,Returning
11714,Adam Smith,Male,38,Cairo,Lebanon,60079.38,Corporate,C002,Back to School,Seasonal,Email,2025-03-07,2025-03-28,494.94,34559,2112,249,35882.24,24357.44,38888.65,Yes,3,Yes,Yes,25,Returning
10203,Daniel Brown,Female,37,Nablus,UAE,56277.9,Budget,C004,New Product Launch,Product,Social Media,2025-11-26,2025-12-05,529.94,76033,3359,203,25670.04,17660.25,22850.63,Yes,14,No,No,12,Returning
11213,Emma Brown,Male,51,Jerusalem,Egypt,61418.2,Regular,C007,Spring Promotion,Seasonal,Email,2025-12-24,2026-01-19,470.38,58040,3225,250,26868.55,22907.27,31482.62,Yes,13,No,Yes,16,Returning
10955,Ahmed Hassan,Male,24,Cairo,Qatar,27215.22,Budget,C001,Summer Sale,Discount,Social Media,2025-09-30,2025-10-25,601.27,76792,2844,211,19630.49,10919.66,19738.58,Yes,7,No,No,10,Returning
12041,Ali Miller,Male,29,Cairo,UAE,58889.71,Regular,C003,Black Friday,Discount,Google Ads,2025-09-26,2025-10-11,543.61,18955,763,22,2941.68,2006.18,3388.68,Yes,5,Yes,No,16,Inactive
11034,Omar Wilson,Female,27,Gaza,Egypt,54599.11,Corporate,C001,Summer Sale,Discount,Social Media,2025-07-01,2025-07-21,398.25,30945,1050,175,23523.91,18379.95,19577.57,Yes,15,Yes,No,2,Returning
13179,Omar Miller,Female,41,Jerusalem,Qatar,76198.7,Regular,C006,Loyalty Rewards,Retention,Google Ads,2025-09-10,2025-10-01,705.38,77779,4593,457,34975.63,28373.16,32008.38,Yes,15,No,No,17,Inactive
10006,Emma Hassan,Male,45,Cairo,Qatar,60675.63,Premium,C003,Black Friday,Discount,SMS,2025-03-17,2025-04-06,340.33,1349,132,7,859.52,520.63,846.27,Yes,12,No,No,15,Returning
13575,Olivia Hassan,Male,30,Gaza,Palestine,71142.33,Budget,C008,Weekend Flash Sale,Discount,Website,2025-07-26,2025-08-18,696.73,6165,59,0,0.0,0.0,0.0,No,8,Yes,No,16,Returning
11326,Daniel Miller,Female,18,Doha,Lebanon,58008.02,Regular,C005,Holiday Offers,Seasonal,Email,2025-11-07,2025-11-25,299.76,38334,2253,164,27357.9,18918.09,24013.5,Yes,3,Yes,Yes,15,Returning
13117,Michael Hassan,Male,30,Amman,Qatar,67657.62,Regular,C006,Loyalty Rewards,Retention,Google Ads,2025-06-22,2025-07-01,358.43,35011,1469,103,10605.86,6684.74,8856.67,Yes,13,No,No,19,Returning
12201,Adam Awwad,Female,25,Hebron,Jordan,62617.56,Premium,C004,New Product Launch,Product,Email,2025-11-28,2025-12-16,343.9,90481,6696,377,47828.0,39129.31,41740.29,Yes,7,Yes,No,23,Inactive
13020,Yousef Davis,Male,46,Hebron,Lebanon,18000.0,Regular,C001,Summer Sale,Discount,SMS,2025-09-13,2025-09-23,739.35,79659,8048,1092,51093.96,44999.99,45230.65,Yes,3,No,No,9,New
13492,Michael Smith,Female,18,Dubai,Lebanon,80242.13,Corporate,C008,Weekend Flash Sale,Discount,Email,2025-08-20,2025-09-16,204.61,48271,3232,378,51134.11,40642.92,48588.44,Yes,4,Yes,No,1,Returning
13084,Sara Saleh,Male,45,Gaza,Qatar,73969.44,Regular,C006,Loyalty Rewards,Retention,Email,2025-01-25,2025-02-10,716.01,40585,2186,96,9943.77,8101.92,8456.8,Yes,2,Yes,Yes,1,New
10298,Adam Awwad,Female,39,Beirut,Egypt,62846.64,Regular,C007,Spring Promotion,Seasonal,Social Media,2025-05-22,2025-06-14,288.45,52858,2699,323,28066.12,20793.35,31106.66,Yes,2,No,No,23,Returning
13880,Adam Nasser,Male,41,Gaza,Egypt,41115.09,Regular,C004,New Product Launch,Product,Website,2025-12-30,2026-01-14,770.99,9864,153,4,382.4,273.31,407.97,Yes,6,No,No,0,Returning
11876,Adam Awwad,Male,41,Gaza,Palestine,73135.22,Premium,C003,Black Friday,Discount,SMS,2025-11-20,2025-11-28,836.65,57048,4814,484,79425.76,63468.06,71356.68,Yes,1,No,No,16,New
10663,Olivia Miller,Female,44,Dubai,UAE,48304.26,Budget,C007,Spring Promotion,Seasonal,SMS,2025-01-11,2025-01-28,781.86,65698,5944,755,171416.74,133116.68,139512.99,Yes,9,Yes,No,0,New
10308,Ahmed Awwad,Male,33,Cairo,Lebanon,61562.45,Regular,C001,Summer Sale,Discount,Display Ads,2025-07-24,2025-08-05,433.63,8653,125,10,500.0,413.49,422.57,Yes,3,Yes,No,19,Returning
13933,Ahmed Miller,Male,22,Beirut,Palestine,35205.6,Budget,C003,Black Friday,Discount,Social Media,2025-03-18,2025-04-07,285.29,96941,3584,609,65934.21,45515.69,63323.46,Yes,13,Yes,No,22,New
12776,Omar Nasser,Male,53,Doha,Egypt,71120.72,Budget,C003,Black Friday,Discount,Display Ads,2025-06-29,2025-07-25,417.97,19029,38,3,292.71,184.32,287.6,Yes,4,Yes,No,5,New
12677,Lina Awwad,Female,53,Dubai,UAE,44462.72,Corporate,C004,New Product Launch,Product,Google Ads,2025-10-18,2025-10-31,704.34,20424,775,51,6826.59,5294.3,6066.51,Yes,11,No,No,29,New
11657,Olivia Awwad,Male,35,Amman,Qatar,70868.27,Budget,C008,Weekend Flash Sale,Discount,Google Ads,2025-06-09,2025-06-18,825.7,84245,3905,348,35339.27,28095.6,34029.43,Yes,13,No,No,4,New
12506,Yousef Wilson,Male,27,Dubai,Lebanon,40943.56,Budget,C004,New Product Launch,Product,SMS,2025-02-20,2025-03-14,500.55,89169,7380,537,45370.6,35623.48,36839.67,Yes,10,No,No,17,Inactive
13273,Ali Nasser,Male,18,Amman,UAE,82831.24,Budget,C002,Back to School,Seasonal,Display Ads,2025-06-01,2025-06-18,707.15,60170,732,45,5905.23,5026.16,5849.41,Yes,0,Yes,No,9,Returning
13975,Adam Saleh,Female,55,Amman,Egypt,62918.47,Corporate,C002,Back to School,Seasonal,Display Ads,2025-03-29,2025-04-21,700.37,82518,1373,89,11994.47,10254.66,13765.56,Yes,13,Yes,No,7,New
11722,Daniel Smith,Female,44,Nablus,Palestine,35032.89,Regular,C002,Back to School,Seasonal,SMS,2025-02-14,2025-03-14,582.58,80413,7759,483,61093.2,48426.56,52282.21,Yes,11,No,No,30,New
12662,Lina Smith,Male,34,Doha,Palestine,72849.04,Regular,C003,Black Friday,Discount,Email,2025-12-29,2026-01-17,577.54,47358,2721,240,38702.21,34725.02,31528.33,Yes,10,Yes,Yes,8,New
12597,Lina Davis,Male,51,Ramallah,Lebanon,47867.13,Regular,C005,Holiday Offers,Seasonal,Website,2025-11-26,2025-12-25,653.6,95577,2918,158,27675.5,21114.55,23258.18,Yes,13,Yes,No,0,Returning
13922,Olivia Hassan,Female,48,Ramallah,Egypt,18000.0,Corporate,C004,New Product Launch,Product,Social Media,2025-10-15,2025-11-11,363.18,77826,3255,453,39961.32,35744.51,40461.71,Yes,10,Yes,No,9,Returning
10278,Maya Brown,Male,44,Beirut,Egypt,82303.09,Budget,C005,Holiday Offers,Seasonal,Website,2025-04-23,2025-05-11,539.22,39114,1246,55,6110.44,5207.12,5729.26,Yes,8,No,No,0,Returning
12379,Emma Saleh,Male,48,Jerusalem,Jordan,45468.5,Regular,C005,Holiday Offers,Seasonal,Email,2025-10-17,2025-10-27,356.25,58945,2645,278,32223.16,28015.78,28703.87,Yes,1,No,No,18,New
12501,Adam Davis,Male,34,Dubai,Qatar,28055.13,Regular,C003,Black Friday,Discount,SMS,2025-06-30,2025-07-25,444.69,68580,5310,236,32922.56,23474.4,32188.59,Yes,14,No,No,16,Inactive
10562,Omar Smith,Male,37,Hebron,Palestine,52174.02,Regular,C003,Black Friday,Discount,Website,2025-11-16,2025-11-30,688.32,27153,524,42,6628.82,4772.1,6464.48,Yes,12,Yes,No,8,Returning
11837,John Saleh,Female,44,Jerusalem,Egypt,34999.87,Regular,C005,Holiday Offers,Seasonal,Display Ads,2025-10-28,2025-11-21,551.47,10191,305,30,4062.67,2747.85,4143.33,Yes,3,No,No,26,Returning
13762,Noor Davis,Female,32,Cairo,Egypt,83130.82,Premium,C001,Summer Sale,Discount,Display Ads,2025-08-23,2025-09-08,470.65,41534,593,41,2182.97,1554.05,2509.33,Yes,3,Yes,No,10,New
10610,Michael Khalil,Male,37,Nablus,Palestine,72928.91,Budget,C001,Summer Sale,Discount,Email,2025-05-06,2025-05-23,601.32,86966,5495,252,37079.54,22636.04,39827.74,Yes,4,No,Yes,3,Returning
13217,Noor Hassan,Female,25,Beirut,UAE,62337.75,Budget,C008,Weekend Flash Sale,Discount,Display Ads,2025-09-16,2025-09-30,823.08,56094,1517,138,16790.57,12203.85,15145.56,Yes,1,Yes,No,28,New
13023,Emma Davis,Male,29,Cairo,Palestine,83217.7,Regular,C007,Spring Promotion,Seasonal,Display Ads,2025-02-21,2025-03-14,413.4,96886,1313,85,8868.75,6646.51,8286.58,Yes,5,No,No,0,New
11718,Olivia Hassan,Male,23,Doha,Lebanon,75377.25,Premium,C004,New Product Launch,Product,SMS,2025-01-02,2025-01-22,417.82,80064,5920,583,73187.65,53198.46,70312.3,Yes,12,No,No,27,Returning
12240,Yousef Davis,Female,38,Beirut,UAE,82613.1,Regular,C002,Back to School,Seasonal,SMS,2025-04-10,2025-04-23,530.71,18042,1485,86,13232.14,8568.62,14615.7,Yes,4,Yes,No,13,Inactive
10253,Michael Hassan,Female,38,Gaza,Jordan,22165.15,Regular,C006,Loyalty Rewards,Retention,SMS,2025-10-20,2025-11-02,637.91,17207,1547,66,3549.08,3059.72,3423.49,Yes,15,No,No,30,Returning
12373,Lina Awwad,Female,42,Nablus,Jordan,59567.91,Regular,C001,Summer Sale,Discount,Google Ads,2025-01-22,2025-02-15,468.72,83158,4092,267,31724.45,26948.45,35427.9,Yes,6,No,No,11,New
13702,Noor Smith,Male,42,Beirut,Jordan,71028.46,Budget,C007,Spring Promotion,Seasonal,Website,2025-03-30,2025-04-16,233.29,91910,2096,77,10935.72,6334.77,9626.81,Yes,5,No,No,2,Returning
12093,Ali Davis,Male,43,Jerusalem,Lebanon,61100.27,Regular,C001,Summer Sale,Discount,Email,2025-03-15,2025-03-24,181.42,29033,2033,266,43490.64,35857.86,37705.08,Yes,13,No,Yes,19,Returning
11707,Lina Saleh,Female,46,Gaza,Lebanon,63302.18,Regular,C006,Loyalty Rewards,Retention,Email,2025-03-24,2025-04-04,578.88,61727,3716,437,49209.85,34829.42,48686.55,Yes,13,Yes,No,30,Inactive
13433,Sophia Awwad,Female,42,Dubai,UAE,66429.79,Regular,C003,Black Friday,Discount,Email,2025-08-21,2025-08-29,555.85,65214,3198,487,60310.28,46084.03,66773.09,Yes,15,Yes,No,11,Returning
11923,Noor Khalil,Male,60,Cairo,Egypt,60782.37,Regular,C006,Loyalty Rewards,Retention,Email,2025-02-15,2025-03-10,631.06,97448,5128,492,60064.21,35714.03,66647.68,Yes,13,No,No,0,New
10617,Sara Hassan,Female,36,Jerusalem,UAE,49849.07,Budget,C005,Holiday Offers,Seasonal,Website,2025-11-02,2025-11-17,600.73,52327,1420,174,30176.33,20034.23,27153.67,Yes,12,No,No,9,Returning
10198,Emma Wilson,Female,46,Ramallah,Egypt,69205.34,Regular,C005,Holiday Offers,Seasonal,Social Media,2025-06-22,2025-07-07,313.15,66204,3536,397,54821.21,40430.8,49071.79,Yes,4,No,No,21,New
10516,Ali Smith,Female,62,Beirut,UAE,45750.33,Regular,C006,Loyalty Rewards,Retention,Display Ads,2025-01-05,2025-02-02,272.75,39318,1187,107,6800.42,4147.09,6755.55,Yes,13,No,No,6,New
12461,Lina Hassan,Male,31,Hebron,Lebanon,82222.75,Regular,C001,Summer Sale,Discount,SOCIAL MEDIA,2025-10-19,2025-11-10,761.55,85337,2309,183,27791.95,21064.2,26466.28,Yes,9,Yes,No,26,New
13684,Adam Saleh,Female,24,Jerusalem,Palestine,63477.04,Premium,C008,Weekend Flash Sale,Discount,SMS,2025-02-16,2025-02-25,749.13,7290,594,40,1800.66,1093.43,1753.29,Yes,14,No,No,6,Inactive
13463,Sophia Smith,Male,36,Amman,Lebanon,101646.4,Budget,C002,Back to School,Seasonal,Website,2025-10-24,2025-11-17,329.42,46928,858,57,5978.33,3456.49,5276.69,Yes,14,Yes,No,21,Returning
13279,Maya Saleh,Female,42,Amman,Palestine,69890.6,Budget,C002,Back to School,Seasonal,Email,2025-12-09,2026-01-03,670.11,32622,1436,159,23390.92,17292.92,26924.57,Yes,8,Yes,Yes,1,Returning
10054,Yousef Davis,Male,75,Cairo,Palestine,68903.2,Regular,C008,Weekend Flash Sale,Discount,Social Media,2025-09-10,2025-10-09,367.31,36891,1322,132,17132.8,10153.96,16392.41,Yes,13,Yes,No,1,New
12996,Sophia Brown,Male,34,Ramallah,Lebanon,71871.34,Budget,C001,Summer Sale,Discount,Display Ads,2025-09-18,2025-10-03,144.82,71890,426,28,2150.47,1669.56,2199.81,Yes,11,No,No,14,Returning
11576,Noor Davis,Male,46,Jerusalem,UAE,81804.97,Premium,C005,Holiday Offers,Seasonal,SMS,2025-07-27,2025-08-15,252.15,76860,5972,760,130295.31,75632.74,107267.01,Yes,12,No,No,17,New
12718,Sara Awwad,Male,23,Gaza,UAE,81135.25,Regular,C008,Weekend Flash Sale,Discount,Display Ads,2025-02-22,2025-03-15,614.57,87471,2769,158,12311.35,10741.14,14216.83,Yes,6,Yes,No,8,New
10572,Adam Davis,Female,57,Amman,Palestine,36464.98,Corporate,C004,New Product Launch,Product,Email,2025-11-22,2025-11-29,496.21,96714,5242,301,15014.02,11948.49,14274.18,Yes,13,No,No,15,New
14009,Sara Wilson,Female,31,Doha,Jordan,60185.95,Budget,C007,Spring Promotion,Seasonal,SMS,2025-05-28,2025-06-05,712.96,10845,960,54,7609.89,4707.15,6492.32,Yes,12,Yes,No,10,Returning
12093,Emma Nasser,Female,27,Beirut,Qatar,45380.38,Premium,C001,Summer Sale,Discount,Website,2025-11-02,2025-11-15,775.27,65373,1104,63,12236.93,10225.83,11232.98,Yes,4,No,No,18,New
10875,John Davis,Male,42,Doha,Lebanon,44520.69,Regular,C002,Back to School,Seasonal,Google Ads,2025-10-11,2025-10-21,855.51,99303,3620,36,3508.53,2767.4,2918.51,Yes,1,Yes,No,15,New
13254,Yousef Brown,Female,40,Doha,Qatar,44212.11,Premium,C001,Summer Sale,Discount,Google Ads,2025-03-13,2025-04-04,716.06,23187,1016,105,7344.75,6389.98,7744.12,Yes,6,No,No,26,New
12659,Layla Wilson,Female,45,Cairo,Lebanon,50606.97,Premium,C006,Loyalty Rewards,Retention,Social Media,2025-08-09,2025-09-06,743.57,1937,54,4,263.34,210.69,252.58,Yes,15,No,No,17,Returning
11769,Daniel Davis,Male,49,Beirut,Qatar,68157.95,Budget,C005,Holiday Offers,Seasonal,SMS,2025-11-03,2025-11-13,300.54,93773,8679,691,49684.86,38495.16,53788.02,Yes,12,No,No,30,New
12322,Layla Nasser,Female,28,Nablus,Jordan,23217.68,Regular,C004,New Product Launch,Product,Email,2025-03-18,2025-04-02,196.17,83661,3209,234,38084.53,32944.56,32255.28,Yes,3,No,No,15,New
12690,Sara Smith,Female,53,Amman,UAE,50950.16,Regular,C003,Black Friday,Discount,SMS,2025-04-22,2025-05-13,678.61,92519,8256,807,128099.21,93212.19,118778.92,Yes,5,Yes,No,8,New
11641,Yousef Hassan,Female,35,Ramallah,Egypt,55251.71,Budget,C001,Summer Sale,Discount,Google Ads,2025-09-26,2025-10-21,736.1,8225,464,33,4389.97,2434.56,3709.45,Yes,0,No,No,0,Returning
14050,John Hassan,Female,20,Nablus,Egypt,40257.85,Corporate,C004,New Product Launch,Product,Social Media,2025-11-20,2025-11-28,410.07,4553,151,8,1674.57,1109.77,1425.75,Yes,5,No,No,6,New
11460,Daniel Wilson,Male,30,Jerusalem,Lebanon,30385.41,Corporate,C008,Weekend Flash Sale,Discount,Social Media,2025-02-04,2025-02-28,301.76,22501,1023,46,6575.68,5458.58,5653.44,Yes,11,No,No,28,Returning
13707,Olivia Saleh,Male,41,Doha,UAE,18000.0,Regular,C007,Spring Promotion,Seasonal,Social Media,2025-11-08,2025-11-29,674.7,71150,2620,127,5045.96,4210.25,4860.23,Yes,12,Yes,No,7,Returning
12303,Noor Miller,Female,34,Cairo,Jordan,49827.05,Regular,C004,New Product Launch,Product,Social Media,2025-07-30,2025-08-24,644.74,10186,353,16,1893.97,1670.19,1611.21,Yes,10,No,No,3,Returning
11701,Ahmed Awwad,Male,26,Nablus,Lebanon,18000.0,Regular,C005,Holiday Offers,Seasonal,Google Ads,2025-02-11,2025-02-28,365.07,73014,2756,137,10469.82,6303.36,11718.3,Yes,12,No,No,27,New
13715,Daniel Davis,Male,56,Hebron,Palestine,63990.12,Corporate,C004,New Product Launch,Product,Display Ads,2025-11-13,2025-11-20,510.04,98236,1155,114,14254.09,9035.15,16070.35,Yes,4,Yes,No,10,Returning
11266,Ahmed Davis,Male,53,Dubai,Palestine,26474.78,Budget,C007,Spring Promotion,Seasonal,Display Ads,2025-04-05,2025-04-16,564.63,66478,1913,95,13614.12,7902.14,12297.51,Yes,15,No,No,15,New
10526,Ahmed Miller,Male,18,Nablus,UAE,56500.06,Regular,C002,Back to School,Seasonal,SMS,2025-02-18,2025-02-27,572.58,25283,1909,130,15099.49,11932.85,13348.61,Yes,7,No,No,5,Returning
13026,Olivia Awwad,Male,35,Amman,Egypt,62853.59,Budget,C007,Spring Promotion,Seasonal,SMS,2025-02-25,2025-03-22,418.48,54985,5012,670,58113.42,36843.63,60938.2,Yes,11,Yes,No,20,Returning
10077,Maya Brown,Female,46,Beirut,Egypt,72824.89,Premium,C004,New Product Launch,Product,Social Media,2025-11-25,2025-12-23,959.45,58589,2124,208,26575.3,19971.12,23495.05,Yes,6,No,No,13,Returning
10559,Adam Wilson,Female,41,Ramallah,Jordan,42552.75,Regular,C004,New Product Launch,Product,Display Ads,2025-10-28,2025-11-25,543.78,9867,198,19,2780.5,2001.8,2248.01,Yes,14,No,No,21,Returning
12777,Omar Davis,Male,41,Jerusalem,Lebanon,66446.12,Budget,C005,Holiday Offers,Seasonal,SMS,2025-12-03,2025-12-31,121.93,90642,8455,273,20778.57,13342.65,21331.04,Yes,7,Yes,No,3,Returning
10227,Michael Nasser,Male,40,Gaza,Palestine,64718.95,Budget,C004,New Product Launch,Product,Display Ads,2025-04-21,2025-05-09,491.1,55448,1919,170,22145.51,18871.9,20688.23,Yes,14,Yes,No,0,Returning
10517,Ahmed Khalil,Female,44,Doha,Jordan,56010.65,Budget,C003,Black Friday,Discount,SMS,2025-03-30,2025-04-11,431.02,7009,594,41,3144.1,1845.15,2832.77,Yes,11,Yes,No,19,New
10613,Michael Nasser,Female,18,,Jordan,60714.0,Premium,C007,Spring Promotion,Seasonal,Website,2025-08-03,2025-08-25,610.48,32563,1126,97,16875.96,12804.64,13709.38,Yes,13,No,No,7,Returning
10523,Emma Hassan,Male,25,Amman,Egypt,33204.12,Regular,C003,Black Friday,Discount,Display Ads,2025-02-01,2025-02-12,395.0,75434,1899,157,22599.98,15598.01,21365.97,Yes,1,Yes,No,12,Returning
10865,Emma Khalil,Female,35,Gaza,Qatar,46084.94,,C003,Black Friday,Discount,Social Media,2025-12-10,2025-12-26,604.1,27913,1207,105,11179.03,7862.99,11371.42,Yes,13,No,No,20,Returning
12385,Sophia Smith,Male,52,Hebron,Jordan,68405.6,Regular,C005,Holiday Offers,Seasonal,SMS,2025-09-16,2025-10-15,775.72,6656,531,21,,1720.3,2332.55,Yes,3,No,No,22,New
13326,Emma Awwad,Female,51,Nablus,Jordan,74384.85,Premium,C006,Loyalty Rewards,Retention,Display Ads,2025-09-14,2025-10-01,865.36,54041,1280,106,18375.2,16430.43,16859.47,Yes,6,No,No,28,New
11420,Sara Miller,Female,28,Amman,Lebanon,62445.58,Regular,C007,Spring Promotion,Seasonal,Social Media,2025-11-29,2025-12-14,406.79,29146,1317,166,18278.84,12701.55,15196.37,Yes,7,No,No,2,New
10305,Sophia Khalil,Male,42,Doha,Lebanon,,Budget,C008,Weekend Flash Sale,Discount,Display Ads,2025-02-01,2025-02-20,267.88,16135,402,21,2130.88,1232.0,2238.17,Yes,15,Yes,No,29,Inactive
13816,Ali Brown,Female,23,Beirut,Egypt,77630.53,Corporate,C005,Holiday Offers,Seasonal,Display Ads,2025-02-14,2025-02-22,652.81,43729,334,31,406.72,247.13,400.66,Yes,10,No,No,15,Returning
11050,Michael Nasser,Male,34,Nablus,Lebanon,29852.22,Budget,C005,Holiday Offers,Seasonal,Social Media,2025-11-21,2025-12-12,419.01,16032,494,46,4494.28,3011.05,4970.12,Yes,14,Yes,No,6,Returning
13276,Layla Davis,Female,27,Doha,Lebanon,43567.41,Budget,C005,Holiday Offers,Seasonal,Social Media,2025-07-31,2025-08-15,342.48,70272,2081,121,11822.67,7805.07,12300.75,Yes,7,No,No,2,Inactive
10092,Olivia Awwad,Male,24,Jerusalem,UAE,68788.26,Premium,C003,Black Friday,Discount,Website,2025-02-26,2025-03-17,514.62,6434,224,17,1713.02,1099.3,1542.92,Yes,5,No,No,29,New
10566,Sara Awwad,Male,46,Jerusalem,Palestine,59294.54,Premium,C003,Black Friday,Discount,Email,2025-07-30,2025-08-06,377.36,83360,5521,252,25162.92,15503.87,21777.83,Yes,4,Yes,No,30,Returning
10015,Olivia Hassan,Female,63,Hebron,Jordan,27407.04,Premium,C004,New Product Launch,Product,Social Media,2025-12-07,2025-12-15,994.31,2095,59,5,530.86,351.95,476.55,Yes,4,Yes,No,5,Returning
10983,Lina Nasser,Male,34,Nablus,Qatar,53073.51,Budget,C003,Black Friday,Discount,Google Ads,2025-02-18,2025-03-12,324.16,40259,1599,116,11562.69,9597.44,13078.48,Yes,12,Yes,No,0,Returning
14195,Maya Nasser,Female,61,Dubai,Egypt,18000.0,Premium,C003,Black Friday,Discount,Website,2025-01-08,2025-02-07,335.97,23423,926,100,19992.65,15064.38,18053.47,Yes,14,No,No,18,Returning
12198,Daniel Awwad,Male,30,Nablus,Lebanon,22347.08,Corporate,C007,Spring Promotion,Seasonal,Display Ads,2025-11-15,2025-11-26,466.6,60425,305,15,1763.31,1522.83,1675.57,Yes,5,No,No,5,Inactive
11752,Adam Wilson,FEMALE,18,Amman,Jordan,63342.11,Regular,C001,Summer Sale,Discount,Email,2025-04-06,2025-04-25,537.82,71597,3965,365,50155.3,37000.01,54165.36,Yes,8,No,Yes,29,Inactive
13412,Layla Saleh,Male,18,Nablus,Qatar,51751.58,Budget,C006,Loyalty Rewards,Retention,Website,2025-04-27,2025-05-07,542.44,19597,591,36,3740.07,3221.2,3381.45,Yes,8,Yes,No,24,Returning
11449,Michael Miller,Male,42,Dubai,Lebanon,38996.06,Corporate,C005,Holiday Offers,Seasonal,Google Ads,2025-08-20,2025-09-03,779.99,35042,1305,156,18635.44,16004.75,17592.86,Yes,10,No,No,3,New
11912,Sophia Brown,Male,21,Dubai,Jordan,87056.49,Budget,C003,Black Friday,Discount,Social Media,2025-01-17,2025-02-14,682.55,88748,1644,151,23696.53,14628.56,25124.52,Yes,2,No,No,6,Returning
12145,Layla Smith,Male,30,Nablus,UAE,98623.11,Regular,C003,Black Friday,Discount,Google Ads,2025-03-16,2025-04-12,766.83,8279,435,27,3855.45,2392.74,3795.24,Yes,11,Yes,No,13,Returning
14183,Ahmed Wilson,FEMALE,34,Ramallah,Jordan,63614.18,Premium,C008,Weekend Flash Sale,Discount,Display Ads,2025-07-16,2025-07-30,480.06,87027,2085,170,30325.5,25293.39,28814.9,Yes,10,No,No,22,New
11403,Lina Awwad,Male,31,Dubai,Qatar,26277.21,Regular,C007,Spring Promotion,Seasonal,Website,2025-07-04,2025-07-14,236.71,21097,442,34,679.13,380.34,608.37,Yes,15,Yes,No,27,New
11310,Olivia Saleh,Male,48,Hebron,Egypt,55929.48,Budget,C001,Summer Sale,Discount,Email,2025-01-05,2025-02-02,199.97,5447,247,6,764.47,433.56,758.86,Yes,6,Yes,No,3,New
11421,Maya Khalil,Male,27,Hebron,Egypt,85636.21,Budget,C008,Weekend Flash Sale,Discount,Website,2025-02-23,2025-03-12,490.34,15513,415,43,3610.05,3050.19,3123.12,Yes,9,Yes,No,14,Returning
13486,Emma Nasser,Male,45,Ramallah,Qatar,60555.69,Regular,C005,Holiday Offers,Seasonal,Social Media,2025-11-01,2025-11-19,607.98,89091,3339,186,13855.57,9959.55,11873.96,Yes,11,No,No,29,New
13918,Ali Smith,Female,18,Jerusalem,Jordan,84441.33,Corporate,C001,Summer Sale,Discount,Google Ads,2025-10-09,2025-11-06,709.65,26619,996,91,14678.86,9999.13,13903.58,Yes,4,Yes,No,15,New
13950,Daniel Nasser,Female,45,Beirut,Qatar,43255.82,Regular,C005,Holiday Offers,Seasonal,Social Media,2025-05-30,2025-06-18,518.7,53580,1571,126,16341.3,10453.74,15076.08,Yes,1,No,No,15,New
12187,Lina Hassan,Male,41,Beirut,Palestine,53665.01,Premium,C005,Holiday Offers,Seasonal,Social Media,2025-02-20,2025-02-28,214.67,9359,342,42,5719.87,3197.72,6161.75,Yes,13,Yes,No,19,Returning
13529,Michael Awwad,Female,25,Hebron,Palestine,36421.15,Regular,C002,Back to School,Seasonal,Website,2025-04-21,2025-05-09,528.26,4603,91,8,1351.94,840.5,1346.78,Yes,0,No,No,8,Returning
12867,Olivia Nasser,Male,37,Amman,Palestine,20618.55,Corporate,C002,Back to School,Seasonal,Social Media,2025-05-09,2025-05-21,660.97,90299,2655,68,12782.96,9006.36,11123.42,Yes,3,No,No,2,Returning
11975,Ahmed Smith,Male,45,Doha,Egypt,,Corporate,C002,Back to School,Seasonal,Display Ads,2025-06-26,2025-07-24,651.1,44383,1439,106,23764.07,16288.24,19036.74,Yes,15,Yes,No,17,Returning
12476,Sara Davis,Male,31,Dubai,Jordan,29662.39,Budget,C003,Black Friday,Discount,SMS,2025-02-28,2025-03-29,562.61,26554,2350,172,25448.28,16597.06,24794.64,Yes,12,Yes,No,8,New
10971,Ali Wilson,Male,27,Beirut,UAE,48404.36,Regular,C003,Black Friday,Discount,Website,2025-07-04,2025-07-20,380.05,35410,946,87,9187.05,7557.92,9371.93,Yes,0,No,No,23,New
13161,Noor Hassan,Male,41,Cairo,Jordan,44325.89,Regular,C001,Summer Sale,Discount,SMS,2025-03-13,2025-04-02,892.98,73072,6567,882,77935.75,68190.29,88854.05,Yes,13,Yes,No,26,New
12452,Layla Wilson,Female,47,Nablus,Lebanon,20202.97,Regular,C008,Weekend Flash Sale,Discount,Website,2025-09-18,2025-10-13,147.18,69582,1552,18,2587.98,2274.62,2900.0,Yes,12,Yes,No,16,Returning
11788,Noor Saleh,Female,36,Jerusalem,UAE,34560.46,Budget,C001,Summer Sale,Discount,Google Ads,2025-10-20,2025-11-16,528.02,52721,2179,240,34965.38,28089.91,38271.24,Yes,5,No,No,5,Returning
10241,Noor Khalil,Female,53,Hebron,Egypt,72869.63,Budget,C004,New Product Launch,Product,Email,2025-04-10,2025-04-19,754.41,28299,1500,94,5579.45,4361.22,6001.88,Yes,11,No,Yes,23,Returning
12775,Ali Wilson,Female,31,Hebron,Palestine,76283.95,Regular,C003,Black Friday,Discount,Display Ads,2025-07-30,2025-08-10,471.24,10796,116,1,153.07,108.4,172.66,Yes,14,Yes,No,3,New
13502,Emma Nasser,Male,29,Amman,Egypt,45309.84,Budget,C007,Spring Promotion,Seasonal,Email,2025-03-02,2025-03-27,666.63,90441,4615,370,22565.27,12414.78,22750.45,Yes,8,No,No,3,New
10939,Ahmed Wilson,Female,27,Amman,Jordan,82752.32,Regular,C007,Spring Promotion,Seasonal,Email,2025-11-27,2025-12-27,756.77,43742,2634,149,12311.43,10481.48,12316.88,Yes,1,No,Yes,3,New
10146,Adam Awwad,Female,43,Ramallah,UAE,41508.57,Regular,C002,Back to School,Seasonal,Email,2025-06-13,2025-07-04,248.96,70909,3220,360,48401.31,30106.17,39722.58,Yes,14,No,Yes,20,Returning
10909,Ali Miller,Female,18,Jerusalem,Lebanon,35782.38,Regular,C001,Summer Sale,Discount,Email,2025-04-12,2025-05-02,926.39,51017,2277,200,25797.43,20535.27,28570.44,Yes,13,No,Yes,6,New
13869,Ali Smith,Female,27,Amman,Qatar,75831.37,Corporate,C001,Summer Sale,Discount,SMS,2025-10-20,2025-11-16,450.44,44961,4300,254,22268.2,19134.94,19398.83,Yes,10,Yes,No,10,New
11478,Olivia Smith,Male,52,Beirut,Palestine,92870.4,Premium,C002,Back to School,Seasonal,Google Ads,2025-04-11,2025-05-08,420.66,89670,3784,260,36490.71,29824.23,30468.66,Yes,12,No,No,8,Returning
13124,Maya Saleh,Male,24,Nablus,Jordan,22450.03,Premium,C005,Holiday Offers,Seasonal,Display Ads,2025-06-29,2025-07-26,340.36,22847,513,35,7105.12,6058.29,6553.79,Yes,1,Yes,No,6,New
13103,Noor Khalil,Male,28,Gaza,Egypt,18000.0,Regular,C007,Spring Promotion,Seasonal,SMS,2025-07-28,2025-08-21,385.31,33985,2756,74,6849.04,5988.49,7918.53,Yes,8,No,No,2,Returning
10921,Ali Wilson,Male,30,Dubai,Jordan,42224.65,Budget,C002,Back to School,Seasonal,SMS,2025-10-05,2025-10-30,475.11,40863,3759,399,50940.17,30710.7,50401.12,Yes,4,No,No,23,New
10058,Adam Miller,Male,42,Jerusalem,Egypt,84637.05,Budget,C006,Loyalty Rewards,Retention,Google Ads,2025-03-11,2025-03-29,820.65,80251,5239,566,82933.89,62596.73,74231.52,Yes,9,Yes,No,16,New
10833,Sara Hassan,Male,30,Nablus,UAE,53535.38,Regular,C001,Summer Sale,Discount,Email,2025-04-06,2025-05-04,532.25,34708,1854,111,9933.61,7894.07,10726.63,Yes,8,No,No,6,Returning
12614,Sophia Wilson,Male,25,,Lebanon,55607.41,Regular,C002,Back to School,Seasonal,SMS,2025-02-22,2025-03-06,669.73,33211,3121,304,30215.26,27117.84,32690.58,Yes,5,Yes,No,28,Inactive
12649,Daniel Nasser,Male,38,Beirut,Jordan,79024.69,Regular,C007,Spring Promotion,Seasonal,Display Ads,2025-09-19,2025-10-16,547.28,71307,938,68,8039.0,5026.16,7356.64,Yes,13,Yes,No,8,Returning
13214,Sophia Smith,Female,35,Beirut,Jordan,26143.06,Premium,C001,Summer Sale,Discount,Display Ads,2025-11-21,2025-12-17,604.73,5558,95,10,1109.19,771.24,1098.64,Yes,7,No,No,10,Returning
13681,John Khalil,Male,22,Gaza,Jordan,38958.66,Regular,C004,New Product Launch,Product,Social Media,2025-05-21,2025-06-05,613.24,31346,1539,213,40772.11,24880.28,34034.75,Yes,0,No,No,15,New
11091,Ahmed Smith,Male,26,Hebron,Egypt,43954.11,Corporate,C005,Holiday Offers,Seasonal,Email,2025-05-29,2025-06-23,347.34,15031,714,69,8044.73,5911.36,6983.49,Yes,13,No,No,2,New
11206,Daniel Brown,Male,19,Beirut,Qatar,55310.6,Budget,C004,New Product Launch,Product,Social Media,2025-11-22,2025-12-11,109.24,98064,4083,428,56343.46,34789.38,51952.88,Yes,13,Yes,No,11,New
13907,Lina Wilson,Female,25,Beirut,Palestine,37145.16,Regular,C006,Loyalty Rewards,Retention,Website,2025-01-06,2025-01-29,362.49,37441,1367,160,18049.56,11607.6,14779.15,Yes,6,Yes,No,0,New
13358,Yousef Saleh,Male,32,Doha,UAE,76113.62,Corporate,C003,Black Friday,Discount,Email,2025-11-07,2025-11-29,291.93,85161,4892,259,13032.1,9522.82,12772.16,Yes,12,Yes,No,14,Returning
10003,Ali Hassan,Male,40,Dubai,Egypt,32736.23,Regular,C002,Back to School,Seasonal,Website,2025-01-27,2025-02-16,648.57,22766,477,39,4392.29,2682.3,4183.22,Yes,9,No,No,4,New
10181,Adam Awwad,Female,25,Amman,Qatar,71644.95,Budget,C002,Back to School,Seasonal,Social Media,2025-10-14,2025-11-05,540.31,46936,1666,114,19468.32,14155.09,17803.82,Yes,6,Yes,No,21,Inactive
10158,Ali Saleh,Female,36,Nablus,UAE,66318.95,Budget,C005,Holiday Offers,Seasonal,SMS,2025-05-13,2025-06-11,213.25,17465,1535,110,9783.51,7911.98,9538.19,Yes,3,No,No,5,New
11488,Michael Khalil,Male,22,Gaza,UAE,91523.95,Regular,C007,Spring Promotion,Seasonal,Website,2025-04-02,2025-04-14,614.87,74555,2535,184,16763.9,13325.94,15038.63,Yes,13,Yes,No,11,Inactive
12434,Olivia Awwad,Female,33,Jerusalem,Palestine,66004.18,Regular,C007,Spring Promotion,Seasonal,Website,2025-11-23,2025-12-21,241.78,77538,1227,71,7800.0,5005.87,8051.32,Yes,11,Yes,No,11,New
11821,Ali Miller,Female,19,Gaza,Palestine,41298.58,Regular,C006,Loyalty Rewards,Retention,Website,2025-01-26,2025-02-17,543.14,695,5,0,0.0,0.0,0.0,No,1,No,No,29,New
12003,Noor Miller,Female,46,Hebron,UAE,46142.79,Corporate,C001,Summer Sale,Discount,Website,2025-01-04,2025-01-29,519.51,26735,412,47,7875.81,5747.27,8508.97,Yes,6,Yes,No,16,Returning
11969,Daniel Miller,Male,42,Gaza,Lebanon,39963.98,Regular,C004,New Product Launch,Product,SMS,2025-07-12,2025-08-11,206.03,94078,8666,1167,137365.91,101858.79,134446.48,Yes,12,Yes,No,18,New
10410,Omar Miller,Male,24,Cairo,Lebanon,50054.69,Premium,C008,Weekend Flash Sale,Discount,Social Media,2025-11-18,2025-11-30,844.53,12912,608,45,5086.17,2911.39,5859.22,Yes,11,Yes,No,8,Returning
14011,Adam Nasser,Female,38,Nablus,Qatar,40965.67,Budget,C002,Back to School,Seasonal,SMS,2025-09-07,2025-09-24,552.85,38547,3161,312,30245.03,26535.79,33782.23,Yes,11,Yes,No,15,Returning
13241,Sophia Davis,Male,39,Gaza,Qatar,89940.01,Regular,C001,Summer Sale,Discount,Display Ads,2025-01-30,2025-02-08,441.98,83077,471,9,1213.95,897.52,1359.72,Yes,6,No,No,18,Returning
10587,Ali Saleh,Male,18,Ramallah,Palestine,57061.09,Corporate,C001,Summer Sale,Discount,Display Ads,2025-06-16,2025-07-11,344.82,38983,97,8,980.01,873.09,878.67,Yes,12,No,No,18,Returning
12118,Olivia Miller,Female,47,Beirut,Jordan,69344.79,Budget,C003,Black Friday,Discount,SMS,2025-11-02,2025-11-17,262.34,69275,5251,383,25426.93,17312.29,27046.68,Yes,2,Yes,No,21,New
11055,Emma Nasser,Male,52,Nablus,UAE,44922.37,Budget,C006,Loyalty Rewards,Retention,Social Media,2025-01-15,2025-01-31,493.15,18076,572,49,8106.94,5142.34,7297.66,Yes,3,No,No,23,Inactive
10700,Sophia Brown,Female,20,Ramallah,Egypt,45929.91,Budget,C005,Holiday Offers,Seasonal,Email,2025-04-12,2025-05-01,173.93,87229,5388,306,25112.16,18259.96,27138.03,Yes,8,Yes,No,26,New
11785,Adam Hassan,Female,37,Jerusalem,Palestine,53980.32,Premium,C004,New Product Launch,Product,Display Ads,2025-10-04,2025-10-21,395.92,67116,1004,94,13260.0,11178.59,14284.34,Yes,8,No,No,4,Returning
13039,Sara Smith,Male,18,Ramallah,Egypt,87187.88,Regular,C004,New Product Launch,Product,SMS,2025-12-24,2026-01-04,416.92,28527,2599,145,4671.93,2800.7,4238.9,Yes,0,Yes,No,24,Returning
13262,Ahmed Wilson,Female,40,Ramallah,Jordan,57038.28,Regular,C001,Summer Sale,Discount,Google Ads,2025-05-13,2025-05-22,439.59,44112,1529,179,7393.63,6196.16,7752.32,Yes,12,Yes,No,27,Returning
13864,Lina Wilson,Female,47,Beirut,Lebanon,48102.14,Regular,C001,Summer Sale,Discount,Email,2025-09-22,2025-10-18,142.7,68842,3977,434,86078.36,73894.73,77944.14,Yes,5,Yes,Yes,29,Returning
11871,John Wilson,Female,42,Nablus,Egypt,69343.27,Budget,C006,Loyalty Rewards,Retention,SMS,2025-01-20,2025-01-27,587.85,22112,1897,168,17679.59,15557.33,16467.64,Yes,5,No,No,24,Returning
10301,Sara Awwad,Female,32,Beirut,Jordan,68613.16,Regular,C003,Black Friday,Discount,Website,2025-10-12,2025-10-23,667.91,51306,1109,38,5908.83,4307.44,6252.41,Yes,7,Yes,No,8,Inactive
12381,Sophia Saleh,Male,43,Nablus,Qatar,48378.46,Regular,C001,Summer Sale,Discount,Display Ads,2025-09-05,2025-09-29,660.32,56629,562,82,8476.81,4992.98,6996.05,Yes,10,No,No,23,Returning
14051,Olivia Miller,Female,55,Dubai,Palestine,57122.09,Budget,C005,Holiday Offers,Seasonal,Website,2025-06-20,2025-07-09,472.53,20117,457,28,4848.88,3130.81,3956.5,Yes,10,No,No,11,New
10376,Ahmed Miller,Female,28,Jerusalem,Lebanon,74099.56,Budget,C002,Back to School,Seasonal,Google Ads,2025-02-14,2025-02-22,333.13,46881,1847,170,19847.71,17501.54,16898.97,Yes,5,No,No,12,Returning
13350,Michael Brown,Female,27,Doha,Lebanon,18209.14,Premium,C003,Black Friday,Discount,Display Ads,2025-10-29,2025-11-21,310.69,11482,197,17,1521.22,1195.48,1472.47,Yes,4,Yes,No,18,Returning
10707,Ali Nasser,Female,38,Doha,Egypt,72688.44,Regular,C007,Spring Promotion,Seasonal,Website,2025-02-07,2025-02-18,95.01,42053,1611,177,13143.46,8813.74,12428.02,Yes,2,No,No,14,Returning
11048,Adam Brown,Female,27,Cairo,UAE,52718.75,Budget,C008,Weekend Flash Sale,Discount,Display Ads,2025-03-02,2025-03-22,846.59,9374,115,7,710.36,515.97,812.05,Yes,15,No,No,16,Inactive
13367,Sophia Miller,Female,41,Dubai,Palestine,68229.37,Budget,C002,Back to School,Seasonal,Social Media,2025-05-29,2025-06-18,514.09,59222,2894,251,20199.48,12163.35,20899.39,Yes,13,No,No,4,Returning
13004,Omar Davis,Female,24,Jerusalem,Egypt,68966.16,Regular,C006,Loyalty Rewards,Retention,SMS,2025-05-30,2025-06-26,450.28,28067,2648,193,24602.06,19387.14,28431.07,Yes,9,No,No,12,New
13125,Layla Wilson,Male,35,Doha,Qatar,45512.81,Regular,C001,Summer Sale,Discount,Email,2025-11-08,2025-11-16,857.57,20785,972,69,5739.37,4215.51,4646.55,Yes,14,No,No,12,Inactive
14179,Sara Awwad,Male,18,Gaza,Egypt,45117.02,Budget,C003,Black Friday,Discount,Website,2025-08-15,2025-08-24,236.36,81164,3010,264,42203.44,32090.73,39758.44,Yes,8,Yes,No,24,Returning
11854,Emma Nasser,Male,44,Ramallah,Qatar,32422.79,Regular,C005,Holiday Offers,Seasonal,Social Media,2025-02-03,2025-02-11,602.61,39585,1478,58,7213.94,5291.0,6597.65,Yes,9,No,No,23,Returning
12179,Ahmed Nasser,Male,24,Amman,Jordan,49416.02,Budget,C004,New Product Launch,Product,Social Media,2025-12-06,2025-12-28,398.13,63188,2930,235,3927.07,2920.02,3301.43,Yes,15,Yes,No,3,New
14031,Layla Miller,Female,18,Ramallah,Lebanon,60606.84,Premium,C002,Back to School,Seasonal,Website,2025-02-27,2025-03-23,617.56,21238,329,22,2733.34,1685.95,2600.14,Yes,2,No,No,19,Returning
10337,Ali Nasser,Male,60,Amman,UAE,55305.32,Regular,C004,New Product Launch,Product,SMS,2025-08-30,2025-09-25,476.93,67385,6911,704,61460.75,42824.3,65008.37,Yes,7,No,No,16,Returning
12397,Maya Hassan,Male,26,Doha,Palestine,41728.1,Regular,C007,Spring Promotion,Seasonal,Google Ads,2025-04-27,2025-05-10,577.78,87278,4742,592,37639.81,28597.58,41338.51,Yes,6,No,No,29,New
13050,Emma Hassan,Male,21,Cairo,Qatar,67669.86,Corporate,C001,Summer Sale,Discount,Social Media,2025-01-09,2025-01-24,247.58,40097,1733,99,8002.24,6005.15,8720.62,Yes,7,No,No,20,New
13375,Layla Wilson,Male,29,Amman,Lebanon,49760.08,Regular,C004,New Product Launch,Product,Display Ads,2025-10-22,2025-11-21,424.76,23870,471,49,10207.83,8200.61,8856.41,Yes,9,No,No,6,Returning
13497,Noor Awwad,Male,28,Beirut,Jordan,54042.18,Regular,,Black Friday,Discount,Email,2025-02-26,2025-03-17,-470.3,25622,1461,59,5744.31,4444.69,5303.08,Yes,1,Yes,No,18,Returning
10877,Daniel Smith,Female,31,Jerusalem,Lebanon,20634.45,Regular,C001,Summer Sale,Discount,Social Media,2025-12-26,2026-01-24,602.14,37915,1469,204,24286.33,18594.78,27809.23,Yes,1,Yes,No,1,New
12271,Layla Brown,Male,51,Hebron,Jordan,49328.53,Regular,C005,Holiday Offers,Seasonal,Website,2025-07-01,2025-07-15,611.22,20384,470,58,8401.1,6989.7,7555.56,Yes,0,No,No,24,New
14020,Sara Saleh,Male,39,Gaza,UAE,60121.57,Corporate,C007,Spring Promotion,Seasonal,Social Media,2025-07-10,2025-07-24,374.11,8437,244,11,482.92,409.25,522.17,Yes,6,Yes,No,28,New
12546,Daniel Brown,Female,24,Doha,Qatar,48455.88,Regular,C001,Summer Sale,Discount,Website,2025-08-19,2025-09-04,226.41,42303,840,75,10356.44,7902.11,11141.15,Yes,7,Yes,No,25,Returning
11906,Ali Brown,Female,18,Beirut,Jordan,91757.25,Regular,C002,Back to School,Seasonal,Website,2025-05-23,2025-06-21,534.57,80179,2193,124,16533.46,10932.32,15024.66,Yes,2,No,No,21,Returning
12841,Omar Miller, male ,62,Jerusalem,Palestine,45493.6,Budget,C003,Black Friday,Discount,Display Ads,2025-07-11,2025-08-06,541.78,29597,715,32,5183.81,4266.26,5263.11,Yes,5,Yes,No,8,New
13720,Daniel Miller,Male,49,Ramallah,Palestine,65326.37,Premium,C002,Back to School,Seasonal,Website,2025-04-10,2025-05-05,511.39,17012,218,28,4133.64,3171.73,3785.26,Yes,8,No,No,13,Returning
11535,Olivia Davis,Male,18,Dubai,Lebanon,35420.16,Budget,C008,Weekend Flash Sale,Discount,Website,2025-09-23,2025-10-19,370.08,5944,145,16,1673.32,1306.22,1616.03,Yes,15,Yes,No,26,New
14102,Sara Hassan,Male,29,Dubai,Qatar,59114.38,Regular,C001,Summer Sale,Discount,Social Media,2025-08-21,2025-09-15,605.67,93906,4640,424,43676.63,34596.31,40310.35,Yes,6,No,No,2,New
10410,Omar Saleh,Male,26,Dubai,Palestine,68436.24,Premium,C002,Back to School,Seasonal,Email,2025-02-24,2025-03-06,550.55,64713,4241,317,42106.17,32823.6,41212.22,Yes,1,Yes,Yes,28,Returning
11938,Olivia Davis,Female,46,Ramallah,UAE,27176.86,Premium,C008,Weekend Flash Sale,Discount,Website,2025-07-28,2025-08-06,807.91,63961,2412,234,16498.54,14191.29,15917.97,Yes,0,No,No,20,New
13169,Lina Miller, male ,35,Doha,Palestine,41105.97,Regular,C006,Loyalty Rewards,Retention,Google Ads,2025-02-08,2025-03-04,168.89,29893,1133,94,7976.57,6450.44,7493.8,Yes,11,Yes,No,22,New
13813,Omar Smith,Female,22,Jerusalem,Lebanon,67453.86,Regular,C002,Back to School,Seasonal,Website,2025-12-30,2026-01-12,735.71,18641,665,65,13275.81,9525.03,12070.61,Yes,10,Yes,No,17,New
12041,Ali Miller,Male,29,Cairo,UAE,58889.71,Regular,C003,Black Friday,Discount,Google Ads,2025-09-26,2025-10-11,543.61,18955,763,22,2941.68,2006.18,3388.68,Yes,5,Yes,No,16,Inactive
12662,Lina Smith,Male,34,Doha,Palestine,72849.04,Regular,C003,Black Friday,Discount,Email,2025-12-29,2026-01-17,577.54,47358,2721,240,38702.21,34725.02,31528.33,Yes,10,Yes,Yes,8,New
10441,Olivia Brown,Male,59,Gaza,Palestine,67040.93,Regular,C006,Loyalty Rewards,Retention,Website,2025-08-26,2025-09-16,488.3,16882,61,6,402.28,268.14,398.11,Yes,1,Yes,No,3,New
12868,Michael Nasser,Female,26,Amman,Qatar,57719.0,Premium,C002,Back to School,Seasonal,Display Ads,2025-11-10,2025-12-04,464.0,33682,451,51,5128.66,3899.45,5240.31,Yes,8,No,No,30,Returning
12163,Layla Wilson,Female,32,Ramallah,UAE,25142.75,Regular,C008,Weekend Flash Sale,Discount,Display Ads,2025-11-07,2025-11-19,319.35,53033,1145,61,11532.41,9451.92,9908.43,Yes,0,No,No,0,Inactive
11535,Omar Nasser,Male,31,Dubai,Jordan,72417.27,Budget,C003,Black Friday,Discount,Social Media,2025-07-18,2025-07-30,514.49,84740,3324,247,27269.1,23273.38,25041.5,Yes,3,No,No,18,Returning
11478,Olivia Smith,Male,52,Beirut,Palestine,92870.4,Premium,C002,Back to School,Seasonal,Google Ads,2025-04-11,2025-05-08,420.66,89670,3784,260,36490.71,29824.23,30468.66,Yes,12,No,No,8,Returning
13701,Noor Brown,Female,32,Hebron,Lebanon,52738.02,Corporate,C007,Spring Promotion,Seasonal,SMS,2025-09-23,2025-10-10,741.49,98294,9967,554,39307.06,29196.85,35283.1,Yes,8,No,No,8,Inactive
14028,Omar Saleh,Male,51,Jerusalem,UAE,27784.05,Corporate,C003,Black Friday,Discount,Social Media,2025-12-12,2026-01-09,476.61,96239,3195,197,39239.58,25738.24,32380.13,Yes,0,Yes,No,17,New
14131,Maya Davis,Female,18,Jerusalem,Lebanon,39957.02,Budget,C008,Weekend Flash Sale,Discount,Email,2025-03-14,2025-03-29,524.44,49002,2033,236,51965.12,44779.83,42671.42,Yes,12,Yes,No,28,Returning
13807,Daniel Wilson,Female,38,Cairo,Qatar,40439.14,Budget,C008,Weekend Flash Sale,Discount,SMS,2025-05-13,2025-05-27,691.94,84079,8278,674,116109.64,81736.01,102661.62,Yes,8,No,No,20,New
12688,Noor Khalil,Female,23,Gaza,Lebanon,63778.12,Regular,C003,Black Friday,Discount,Email,2025-01-20,2025-02-05,952.12,65069,3967,282,26904.3,18291.0,29277.92,Yes,3,Yes,No,4,Returning
11268,Emma Miller,Male,34,Doha,Lebanon,66030.23,Budget,C003,Black Friday,Discount,Website,2025-03-18,2025-04-08,512.84,4476,110,8,739.97,649.15,750.92,Yes,1,Yes,No,25,Inactive
11558,Omar Nasser,Female,28,Amman,Lebanon,39540.52,Regular,C007,Spring Promotion,Seasonal,Social Media,2025-04-24,2025-05-07,584.65,11067,523,58,5479.92,3156.67,4409.21,Yes,6,Yes,No,22,New
12172,Ahmed Miller,Male,38,Jerusalem,Qatar,91467.34,Budget,C002,Back to School,Seasonal,SMS,2025-07-27,2025-08-11,594.09,75998,6167,713,56141.1,36703.46,59215.91,Yes,11,No,No,14,Inactive
10564,Yousef Khalil,Female,49,Cairo,UAE,50020.68,Regular,C008,Weekend Flash Sale,Discount,SMS,2025-01-15,2025-01-25,532.26,68881,6169,620,4196.89,3306.09,3683.91,Yes,6,Yes,No,24,Returning
12358,John Hassan,Male,47,Ramallah,Qatar,48609.59,Corporate,C001,Summer Sale,Discount,Display Ads,2025-01-28,2025-02-17,528.8,22012,590,39,7009.62,4180.9,7419.5,Yes,1,Yes,No,30,New
13648,John Davis,Male,37,Doha,Lebanon,58379.23,Premium,C007,Spring Promotion,Seasonal,Website,2025-02-09,2025-02-24,322.5,29331,848,30,3868.4,3037.05,3894.22,Yes,13,No,No,18,Returning
10296,Emma Hassan,Female,26,Amman,Egypt,43160.81,Regular,C001,Summer Sale,Discount,Email,2025-03-23,2025-04-14,794.68,16347,833,90,10030.78,8700.73,9083.95,Yes,15,Yes,Yes,21,Returning
14192,Yousef Wilson,Male,48,Beirut,Egypt,31324.13,Budget,,New Product Launch,Product,Display Ads,2025-07-17,2025-08-01,721.28,51737,682,50,5974.08,4567.9,4828.65,Yes,0,No,No,20,New
13587,Sara Hassan,Female,42,Beirut,Lebanon,51709.55,Budget,C008,Weekend Flash Sale,Discount,Email,2025-08-13,2025-09-02,382.12,28417,1502,163,22950.75,20652.31,20220.63,Yes,10,Yes,No,24,New
12045,Yousef Davis,Male,35,Cairo,Palestine,20269.32,Corporate,C003,Black Friday,Discount,Email,2025-07-01,2025-07-15,644.99,51004,2746,108,6482.74,4969.97,6519.26,Yes,10,Yes,No,12,Returning
11515,Ali Khalil,Male,36,Gaza,Palestine,76484.56,Regular,C007,Spring Promotion,Seasonal,Social Media,2025-08-12,2025-08-27,531.75,23703,575,40,1942.04,1295.33,2032.81,Yes,5,Yes,No,19,Inactive
13501,Emma Nasser,Female,21,Ramallah,Egypt,47555.19,Budget,C005,Holiday Offers,Seasonal,Social Media,2025-09-08,2025-09-29,334.29,4841,184,18,1975.33,1109.17,1792.3,Yes,5,No,No,14,Inactive
10966,Yousef Khalil,Female,19,Ramallah,UAE,69186.19,Regular,C008,Weekend Flash Sale,Discount,Website,2025-11-25,2025-12-09,323.59,23703,622,27,3571.63,2828.11,3162.73,Yes,15,No,No,21,Inactive
11942,Adam Miller,Female,47,Beirut,Lebanon,98915.54,Regular,C003,Black Friday,Discount,Social Media,2025-04-16,2025-04-24,630.85,75220,3465,335,59800.73,39664.55,48531.3,Yes,11,No,No,19,Returning
11896,Ahmed Awwad,Female,41,Cairo,Jordan,18000.0,Regular,C004,New Product Launch,Product,SMS,2025-04-27,2025-05-26,526.04,10822,901,53,3939.11,3241.15,4604.77,Yes,11,Yes,No,23,Inactive
13562,Maya Hassan,Female,42,Nablus,Lebanon,69562.98,Regular,C002,Back to School,Seasonal,SMS,2025-05-22,2025-06-02,261.42,51136,4467,496,51032.04,29755.35,56947.46,Yes,12,Yes,No,7,New
