Customer_ID,Gender,Age,City,Tenure_Months,Contract_Type,Monthly_Charges,Total_Charges,Payment_Method,Internet_Service,Support_Calls,Satisfaction_Score,Late_Payments,Churn
100000,Female,45.0,Hebron,72,One Year,71.54,4755.77,Cash,Fiber Optic,1,5.0,0,Yes
100001,Male,48.0,Jericho,2,One Year,80.83,149.32,PayPal,Fiber Optic,0,4.0,3,No
100002,Male,18.0,Khan Yunis,60,Month-to-Month,90.09,5013.14,Cash,No Internet,2,5.0,0,No
100003,Male,44.0,Rafah,51,One Year,61.87,2911.0,Bank Transfer,Fiber Optic,0,5.0,2,No
100004,Female,29.0,Bethlehem,60,One Year,55.54,3419.05,Bank Transfer,Fiber Optic,0,3.0,1,No
100005,Male,44.0,Nablus,2,Month-to-Month,40.55,86.64,PayPal,Fiber Optic,1,3.0,2,No
100006,Female,27.0,Gaza,62,Month-to-Month,104.72,6265.07,PayPal,No Internet,1,3.0,0,No
100007,Male,52.0,Khan Yunis,41,Month-to-Month,53.91,2137.28,Bank Transfer,No Internet,0,3.0,1,No
100008,Male,51.0,Nablus,5,One Year,91.94,443.13,Credit Card,No Internet,5,4.0,1,No
100009,Male,61.0,Hebron,35,Month-to-Month,49.05,1586.39,Credit Card,DSL,4,3.0,1,No
100010,Female,20.0,Ramallah,4,Month-to-Month,101.06,382.33,Bank Transfer,DSL,2,3.0,1,No
100011,Male,33.0,Jericho,66,Month-to-Month,38.33,2495.99,Cash,No Internet,0,4.0,1,No
100012,Female,34.0,Jenin,62,One Year,93.77,6149.29,Cash,No Internet,0,5.0,0,No
100013,Male,35.0,Hebron,70,Month-to-Month,20.0,1499.21,Credit Card,DSL,1,4.0,0,No
100014,Female,41.0,Hebron,52,Month-to-Month,24.44,1179.68,PayPal,DSL,3,3.0,1,Yes
100015,Male,71.0,Jenin,1,Two Year,60.63,62.84,Cash,Fiber Optic,2,3.0,2,No
100016,Female,57.0,Jericho,70,One Year,39.95,2671.32,PayPal,DSL,3,3.0,1,No
100017,Female,50.0,Nablus,67,Month-to-Month,61.6,4350.21,Credit Card,Fiber Optic,0,4.0,2,No
100018,Female,54.0,Jericho,50,Month-to-Month,96.83,5149.2,Credit Card,DSL,4,3.0,1,No
100019,Female,36.0,Khan Yunis,37,Month-to-Month,71.33,2585.28,Credit Card,No Internet,4,4.0,5,No
100020,Female,26.0,Bethlehem,66,One Year,47.65,3220.19,Credit Card,DSL,2,5.0,1,No
100021,Female,28.0,Khan Yunis,7,Month-to-Month,,380.2,Cash,No Internet,3,5.0,2,No
100022,Female,18.0,Khan Yunis,28,Two Year,53.82,1453.81,Cash,Fiber Optic,2,3.0,1,No
100023,Male,41.0,Jericho,6,Month-to-Month,71.9,408.59,Bank Transfer,DSL,4,4.0,1,Yes
100024,Female,48.0,Hebron,58,Month-to-Month,77.31,4307.61,Credit Card,Fiber Optic,1,2.0,0,No
100025,Male,57.0,Rafah,2,Two Year,97.07,191.65,Credit Card,No Internet,1,3.0,1,No
100026,Female,47.0,Khan Yunis,60,One Year,39.1,2375.38,Cash,DSL,3,3.0,3,No
100027,Male,35.0,Khan Yunis,51,One Year,132.87,7126.14,Cash,No Internet,2,2.0,0,No
100028,Female,27.0,Rafah,8,Month-to-Month,66.63,536.51,PayPal,Fiber Optic,2,3.0,0,No
100029,Male,30.0,Jericho,55,Month-to-Month,72.32,3710.86,Cash,No Internet,2,3.0,0,Yes
100030,Male,62.0,Hebron,1,Month-to-Month,58.06,59.55,Credit Card,Fiber Optic,1,5.0,0,Yes
100031,Male,44.0,Jenin,1,Two Year,128.05,133.33,PayPal,Fiber Optic,1,4.0,0,Yes
100032,Female,44.0,Hebron,16,One Year,94.37,1485.4,PayPal,DSL,0,3.0,1,No
100033,Female,22.0,Bethlehem,10,Month-to-Month,75.05,705.89,PayPal,DSL,6,4.0,2,Yes
100034,Male,45.0,Gaza,12,Month-to-Month,86.68,968.79,PayPal,No Internet,3,4.0,0,No
100035,Male,30.0,Hebron,8,Month-to-Month,113.87,888.85,Cash,No Internet,1,2.0,1,No
100036,Female,44.0,Rafah,36,Month-to-Month,73.03,2562.11,Cash,Fiber Optic,1,5.0,2,No
100037,Male,31.0,Gaza,62,Month-to-Month,36.65,2271.05,Credit Card,Fiber Optic,2,4.0,1,No
100038,Male,18.0,Tulkarm,19,Two Year,53.93,1098.55,PayPal,DSL,1,4.0,1,No
100039,Male,37.0,Ramallah,16,Month-to-Month,30.2,482.77,PayPal,Fiber Optic,3,3.0,1,No
100040,Female,39.0,Jenin,5,Two Year,58.07,273.93,PayPal,No Internet,7,4.0,1,No
100041,Female,35.0,Ramallah,29,Two Year,38.8,1198.36,Cash,DSL,5,2.0,2,No
100042,Male,38.0,Bethlehem,13,Month-to-Month,49.94,605.89,Credit Card,Fiber Optic,3,3.0,3,Yes
100043,Male,18.0,Gaza,33,One Year,80.6,2714.87,Credit Card,Fiber Optic,0,3.0,2,No
100044,Male,33.0,Tulkarm,54,Month-to-Month,121.5,6327.3,Credit Card,No Internet,2,5.0,0,Yes
100045,Male,28.0,Tulkarm,36,Month-to-Month,21.9,764.37,Bank Transfer,DSL,1,3.0,3,No
100046,Male,46.0,Jenin,29,Month-to-Month,99.26,2915.92,PayPal,Fiber Optic,0,3.0,0,No
100047,Female,47.0,Nablus,25,One Year,92.51,2267.04,Credit Card,DSL,1,3.0,0,No
100048,Male,42.0,Nablus,63,One Year,47.57,3013.38,Cash,No Internet,3,4.0,0,No
100049,Male,32.0,Hebron,5,Month-to-Month,75.13,402.94,Bank Transfer,DSL,4,3.0,0,No
100050,Female,21.0,Jericho,32,Month-to-Month,88.39,2817.71,Credit Card,No Internet,0,3.0,0,No
100051,Male,33.0,Ramallah,3,One Year,104.48,289.81,Bank Transfer,Fiber Optic,3,3.0,0,No
100052,Male,47.0,Jenin,66,Two Year,109.22,7151.9,Bank Transfer,No Internet,6,4.0,0,No
100053,Female,61.0,Khan Yunis,30,Month-to-Month,99.54,2966.68,PayPal,DSL,2,4.0,1,No
100054,Male,38.0,Tulkarm,43,Two Year,85.08,3472.23,Bank Transfer,Fiber Optic,1,4.0,0,No
100055,Female,26.0,Ramallah,56,Month-to-Month,99.93,5459.64,PayPal,No Internet,3,3.0,1,No
100056,Male,39.0,Nablus,5,One Year,62.78,290.76,Cash,No Internet,1,5.0,0,No
100057,Male,39.0,Tulkarm,47,Month-to-Month,57.51,2835.39,Cash,Fiber Optic,2,4.0,0,No
100058,Male,29.0,Bethlehem,47,Month-to-Month,89.49,4471.99,Cash,No Internet,2,4.0,1,No
100059,Female,26.0,Jericho,18,Month-to-Month,113.09,1977.67,Cash,Fiber Optic,1,1.0,1,Yes
100060,Male,30.0,Tulkarm,44,Two Year,47.96,2138.67,Credit Card,Fiber Optic,1,3.0,1,No
100061,Female,67.0,Hebron,34,One Year,127.11,4320.53,Bank Transfer,Fiber Optic,2,5.0,2,No
100062,Male,45.0,Rafah,53,One Year,70.14,3530.99,Cash,Fiber Optic,0,3.0,0,No
100063,Female,32.0,Hebron,62,One Year,94.94,6188.47,Cash,Fiber Optic,0,4.0,2,No
100064,Female,42.0,Nablus,26,One Year,119.58,2980.94,Bank Transfer,DSL,2,4.0,0,No
100065,Female,18.0,Gaza,47,One Year,99.69,4755.81,Credit Card,DSL,0,4.0,2,No
100066,Female,29.0,Gaza,5,Month-to-Month,21.53,110.78,Credit Card,No Internet,0,3.0,1,No
100067,Female,48.0,Tulkarm,17,Month-to-Month,73.21,1330.78,Credit Card,DSL,2,2.0,2,No
100068,Male,47.0,Tulkarm,64,Two Year,70.27,4723.64,Credit Card,No Internet,2,3.0,1,No
100069,Male,34.0,Bethlehem,26,Two Year,68.15,1754.53,PayPal,Fiber Optic,3,4.0,2,No
100070,Female,18.0,Nablus,66,Two Year,99.92,6721.42,Bank Transfer,No Internet,3,4.0,2,No
100071,Female,33.0,Jenin,27,Month-to-Month,62.82,1715.11,Cash,Fiber Optic,1,4.0,1,No
100072,Male,45.0,Jericho,38,Month-to-Month,83.34,3120.79,Bank Transfer,DSL,2,2.0,1,No
100073,Female,75.0,Hebron,45,One Year,96.74,4131.52,PayPal,No Internet,2,5.0,0,Yes
100074,Female,41.0,Rafah,72,One Year,95.89,7153.84,Cash,No Internet,1,3.0,2,No
100075,Male,33.0,Nablus,43,Month-to-Month,77.73,3301.82,Bank Transfer,No Internet,3,4.0,1,No
100076,Male,41.0,Hebron,11,One Year,77.5,838.72,Bank Transfer,Fiber Optic,1,5.0,2,No
100077,Male,45.0,Hebron,53,One Year,101.77,5305.93,PayPal,No Internet,0,3.0,0,No
100078,Female,49.0,Jericho,2,Two Year,76.83,155.57,Cash,No Internet,3,3.0,0,Yes
100079,Male,43.0,Ramallah,52,One Year,95.11,5075.13,Credit Card,Fiber Optic,2,3.0,0,No
100080,Female,35.0,Gaza,63,One Year,47.34,2834.82,Cash,Fiber Optic,3,3.0,1,No
100081,Female,41.0,Rafah,45,Month-to-Month,102.15,4582.84,PayPal,No Internet,2,3.0,1,No
100082,Female,59.0,Rafah,4,Month-to-Month,74.55,275.56,Bank Transfer,Fiber Optic,3,2.0,0,Yes
100083,Female,61.0,Hebron,32,Two Year,98.39,3013.01,Bank Transfer,DSL,0,5.0,0,No
100084,Female,40.0,Bethlehem,67,,71.74,4488.9,Bank Transfer,No Internet,7,2.0,1,No
100085,Female,27.0,Ramallah,7,Month-to-Month,92.22,658.43,Cash,Fiber Optic,0,4.0,3,Yes
100086,Female,52.0,Tulkarm,67,Month-to-Month,62.31,4474.32,Credit Card,Fiber Optic,2,2.0,1,No
100087,Male,31.0,Jericho,24,Two Year,79.16,1973.31,PayPal,DSL,2,2.0,1,No
100088,Female,28.0,,22,Month-to-Month,115.52,2449.56,Cash,DSL,3,4.0,0,No
100089,Male,26.0,Tulkarm,17,Month-to-Month,73.28,1198.66,Bank Transfer,No Internet,1,1.0,0,No
100090,Male,50.0,Rafah,12,One Year,52.09,593.51,Cash,No Internet,4,4.0,1,No
100091,Male,37.0,Nablus,53,One Year,39.14,2147.12,PayPal,Fiber Optic,1,4.0,0,No
100092,Female,46.0,Tulkarm,55,Two Year,31.16,1590.8,Bank Transfer,Fiber Optic,3,4.0,0,No
100093,Female,19.0,Jenin,62,Month-to-Month,63.0,3967.42,PayPal,DSL,1,5.0,1,No
100094,Male,28.0,Bethlehem,44,Two Year,73.11,3454.68,Cash,No Internet,1,4.0,0,No
100095,Male,31.0,Gaza,17,Month-to-Month,73.14,1281.63,Cash,Fiber Optic,1,4.0,3,No
100096,Male,33.0,Ramallah,12,Two Year,90.82,1008.57,PayPal,No Internet,3,4.0,2,No
100097,Female,40.0,Jenin,7,,86.17,612.48,Bank Transfer,Fiber Optic,5,3.0,1,No
100098,Male,33.0,Ramallah,3,One Year,67.27,195.96,Bank Transfer,Fiber Optic,3,5.0,0,No
100099,Female,41.0,Tulkarm,33,One Year,81.68,2857.04,Cash,Fiber Optic,1,4.0,1,No
100100,Male,48.0,Nablus,39,One Year,76.18,2862.49,Bank Transfer,No Internet,0,5.0,0,No
100101,Male,30.0,Bethlehem,10,One Year,68.34,721.98,PayPal,No Internet,2,3.0,1,No
100102,Female,101.0,Gaza,48,Month-to-Month,115.35,5935.42,PayPal,DSL,0,2.0,2,No
100103,Female,47.0,Ramallah,61,Month-to-Month,89.08,5199.63,PayPal,Fiber Optic,6,2.0,1,No
100104,Female,37.0,Jericho,41,One Year,62.47,2667.1,PayPal,DSL,2,3.0,0,No
100105,Female,23.0,Bethlehem,62,Month-to-Month,130.89,7973.87,Cash,Fiber Optic,1,3.0,2,No
100106,Female,36.0,Jericho,67,Month-to-Month,30.95,2072.28,PayPal,DSL,5,4.0,1,No
100107,Male,26.0,Rafah,70,Month-to-Month,97.69,6463.39,Cash,DSL,4,3.0,2,No
100108,Female,32.0,Khan Yunis,45,One Year,51.24,2244.97,Credit Card,No Internet,4,3.0,2,No
100109,Female,40.0,Rafah,30,Two Year,114.18,3330.27,Cash,No Internet,1,4.0,0,No
100110,Female,26.0,Gaza,60,Month-to-Month,78.86,4649.95,Credit Card,DSL,0,5.0,1,No
100111,Female,35.0,Jericho,37,Month-to-Month,63.84,2407.78,Bank Transfer,DSL,2,4.0,1,No
100112,Female,31.0,Bethlehem,7,One Year,84.43,543.83,PayPal,DSL,0,3.0,1,No
100113,Male,48.0,Bethlehem,46,Month-to-Month,91.96,4460.24,Credit Card,No Internet,0,3.0,3,No
100114,Male,29.0,Hebron,27,One Year,93.28,2609.0,Cash,No Internet,2,2.0,5,No
100115,Female,23.0,Nablus,34,Month-to-Month,43.71,1516.15,Cash,DSL,3,5.0,4,No
100116,Male,41.0,Khan Yunis,46,Month-to-Month,92.73,4078.26,Cash,DSL,1,4.0,1,No
100117,Female,18.0,Ramallah,60,Month-to-Month,78.2,4371.03,PayPal,Fiber Optic,2,3.0,1,Yes
100118,Female,33.0,Rafah,38,Two Year,20.0,774.37,PayPal,DSL,4,3.0,1,No
100119,Female,23.0,Nablus,20,Month-to-Month,104.59,2200.41,Credit Card,DSL,1,3.0,2,Yes
100120,Male,20.0,Ramallah,38,Month-to-Month,47.32,1857.56,Cash,No Internet,3,4.0,0,No
100121,Male,28.0,Nablus,6,Two Year,117.54,723.39,PayPal,No Internet,4,5.0,2,Yes
100122,Female,67.0,Rafah,22,One Year,104.31,2401.19,PayPal,DSL,3,2.0,0,No
100123,Female,32.0,Jericho,55,Two Year,87.65,4757.81,Credit Card,No Internet,1,1.0,1,No
100124,Male,45.0,Hebron,49,Two Year,64.5,3274.41,Bank Transfer,No Internet,4,2.0,1,No
100125,Male,65.0,Ramallah,66,Month-to-Month,107.92,7505.64,Credit Card,DSL,3,4.0,1,No
100126,Female,48.0,Gaza,42,Month-to-Month,57.07,2402.62,Cash,DSL,2,3.0,2,No
100127,Female,52.0,Nablus,2,One Year,81.71,165.73,Cash,DSL,1,3.0,1,No
100128,Male,18.0,Tulkarm,23,One Year,113.65,2545.78,Credit Card,No Internet,1,3.0,0,No
100129,Female,22.0,Ramallah,1,Month-to-Month,129.74,126.77,Credit Card,Fiber Optic,2,2.0,1,Yes
100130,Female,58.0,,44,Month-to-Month,79.44,3316.4,Credit Card,DSL,3,2.0,0,No
100131,Female,47.0,Khan Yunis,59,One Year,76.97,4894.81,PayPal,DSL,0,1.0,0,No
100132,Female,40.0,Bethlehem,57,Month-to-Month,86.31,4630.56,Bank Transfer,Fiber Optic,2,2.0,0,Yes
100133,Male,40.0,Jenin,52,Month-to-Month,51.54,2837.94,Credit Card,Fiber Optic,2,4.0,1,No
100134,Female,46.0,Ramallah,55,Month-to-Month,52.07,2986.89,PayPal,No Internet,2,4.0,0,No
100135,Female,41.0,Bethlehem,72,One Year,90.45,6621.76,PayPal,DSL,3,4.0,0,No
100136,Male,49.0,Bethlehem,48,Month-to-Month,65.04,3254.38,PayPal,No Internet,1,4.0,0,Yes
100137,Female,28.0,Khan Yunis,4,Month-to-Month,101.17,393.32,Credit Card,DSL,4,4.0,1,No
100138,Male,22.0,Tulkarm,21,Month-to-Month,33.91,674.33,Credit Card,No Internet,2,3.0,1,No
100139,Male,35.0,Hebron,66,Two Year,20.0,1294.7,Bank Transfer,No Internet,3,3.0,0,No
100140,Male,57.0,Hebron,44,One Year,29.4,1375.71,Bank Transfer,No Internet,2,3.0,2,No
100141,Female,55.0,Nablus,15,Month-to-Month,77.61,1089.91,Credit Card,No Internet,0,3.0,1,No
100142,Male,18.0,Jenin,52,One Year,72.54,3989.0,Credit Card,No Internet,4,2.0,1,No
100143,Male,39.0,Rafah,39,Month-to-Month,121.17,5075.65,Credit Card,No Internet,0,4.0,1,No
100144,Female,57.0,Khan Yunis,1,Two Year,73.12,74.21,Bank Transfer,DSL,2,4.0,0,No
100145,Male,68.0,Rafah,26,Two Year,87.49,2376.84,Cash,DSL,3,2.0,0,No
100146,Male,49.0,Nablus,60,Month-to-Month,60.99,3643.53,Bank Transfer,DSL,3,4.0,1,No
100147,Female,34.0,Gaza,21,Month-to-Month,105.61,2216.66,Bank Transfer,No Internet,1,5.0,1,No
100148,Female,28.0,Ramallah,39,Month-to-Month,115.98,4405.42,PayPal,No Internet,1,4.0,0,No
100149,Female,54.0,Rafah,32,Month-to-Month,65.52,2037.39,Bank Transfer,Fiber Optic,0,3.0,1,No
100150,Female,30.0,,68,Two Year,44.4,2889.17,PayPal,Fiber Optic,3,5.0,1,No
100151,Female,50.0,Tulkarm,58,Month-to-Month,105.69,6191.12,Cash,DSL,4,2.0,0,No
100152,Female,26.0,Nablus,62,Two Year,90.74,5520.14,PayPal,Fiber Optic,2,3.0,0,No
100153,Male,43.0,Tulkarm,23,One Year,47.69,1154.09,Cash,Fiber Optic,6,3.0,1,No
100154,Female,48.0,Jericho,14,Month-to-Month,98.92,1350.83,PayPal,No Internet,0,2.0,0,No
100155,Female,19.0,Bethlehem,65,Month-to-Month,53.8,3737.93,PayPal,No Internet,3,2.0,3,No
100156,Female,40.0,Hebron,35,Month-to-Month,72.53,2344.76,Credit Card,DSL,3,3.0,0,Yes
100157,Male,51.0,Rafah,2,Two Year,92.81,197.45,Cash,No Internet,2,4.0,1,No
100158,Female,32.0,Gaza,41,Month-to-Month,98.29,4208.32,Bank Transfer,DSL,2,3.0,1,Yes
100159,Female,38.0,Jericho,13,Month-to-Month,93.14,1230.69,Cash,Fiber Optic,0,3.0,0,Yes
100160,Female,21.0,Jericho,5,Month-to-Month,35.93,168.77,Cash,DSL,2,3.0,1,No
100161,Female,33.0,Jenin,62,Two Year,55.76,3302.68,PayPal,DSL,3,3.0,0,No
100162,Female,45.0,Jenin,38,One Year,49.3,1971.58,Cash,Fiber Optic,1,2.0,2,No
100163,Female,18.0,Tulkarm,5,Month-to-Month,74.25,386.71,Bank Transfer,DSL,1,3.0,0,No
100164,Female,40.0,Rafah,65,Two Year,47.03,2942.42,Credit Card,Fiber Optic,3,3.0,0,No
100165,Female,33.0,Jenin,11,Month-to-Month,104.91,1121.64,Credit Card,No Internet,0,3.0,1,No
100166,Male,36.0,Jericho,52,Month-to-Month,117.79,6427.79,PayPal,DSL,3,4.0,0,Yes
100167,Female,41.0,Hebron,48,One Year,91.95,4526.13,Cash,No Internet,0,3.0,2,No
100168,Male,42.0,Nablus,17,Month-to-Month,94.99,1661.4,Credit Card,DSL,0,,1,No
100169,Female,61.0,Ramallah,72,One Year,80.92,5371.43,Credit Card,DSL,0,3.0,0,No
100170,Male,21.0,Ramallah,11,Month-to-Month,50.71,559.12,Bank Transfer,No Internet,4,3.0,2,No
100171,Male,37.0,Jenin,8,Month-to-Month,90.18,734.72,PayPal,DSL,1,5.0,0,No
100172,Male,47.0,Rafah,62,One Year,105.62,6570.2,Credit Card,Fiber Optic,2,4.0,1,No
100173,Female,38.0,Khan Yunis,32,One Year,53.66,1700.47,Bank Transfer,Fiber Optic,2,4.0,1,No
100174,Male,46.0,Rafah,30,One Year,78.69,2377.33,Bank Transfer,No Internet,3,3.0,2,Yes
100175,Female,46.0,Bethlehem,21,One Year,68.78,1366.92,Credit Card,No Internet,4,5.0,3,No
100176,Female,44.0,Jericho,27,Month-to-Month,58.72,1647.19,Cash,No Internet,2,5.0,0,Yes
100177,Female,32.0,Tulkarm,3,Month-to-Month,89.14,256.58,Credit Card,Fiber Optic,4,2.0,1,No
100178,Female,36.0,Nablus,10,Month-to-Month,53.74,566.01,Credit Card,Fiber Optic,4,4.0,1,Yes
100179,Female,42.0,Bethlehem,14,Two Year,95.67,1314.82,PayPal,No Internet,4,4.0,0,No
100180,Female,54.0,Nablus,26,One Year,90.48,2463.21,PayPal,No Internet,2,2.0,0,No
100181,Male,55.0,Bethlehem,20,Month-to-Month,99.51,2054.82,Cash,DSL,2,3.0,0,No
100182,Female,38.0,Nablus,30,Month-to-Month,58.34,1829.98,Bank Transfer,No Internet,3,3.0,0,No
100183,Male,33.0,Tulkarm,31,Two Year,77.04,2339.11,Bank Transfer,Fiber Optic,1,5.0,1,No
100184,Female,49.0,Nablus,45,Two Year,97.06,4682.39,Cash,No Internet,1,4.0,1,No
100185,Male,50.0,Bethlehem,69,One Year,62.78,4561.72,Cash,Fiber Optic,1,2.0,0,No
100186,Male,40.0,Jericho,51,One Year,30.79,1566.01,Cash,Fiber Optic,2,3.0,2,No
100187,Male,57.0,Jenin,70,Month-to-Month,62.83,4204.74,Cash,Fiber Optic,3,4.0,0,No
100188,Male,35.0,Gaza,24,One Year,50.02,1255.63,Cash,Fiber Optic,1,2.0,0,No
100189,Female,26.0,Gaza,10,Month-to-Month,97.84,909.94,Cash,DSL,2,3.0,1,No
100190,Male,18.0,Nablus,7,Month-to-Month,97.1,639.24,PayPal,DSL,0,4.0,0,No
100191,Male,60.0,Rafah,48,One Year,35.94,1743.15,Cash,No Internet,3,3.0,0,No
100192,Female,45.0,Rafah,12,Month-to-Month,74.11,939.21,Credit Card,Fiber Optic,1,3.0,0,No
100193,Female,28.0,Nablus,33,Two Year,49.6,1625.88,PayPal,No Internet,2,3.0,2,No
100194,Male,22.0,Bethlehem,2,Two Year,73.55,137.97,Cash,Fiber Optic,2,4.0,2,Yes
100195,Female,30.0,Tulkarm,59,Month-to-Month,58.82,3376.11,,DSL,2,3.0,0,No
100196,Male,40.0,Khan Yunis,14,Month-to-Month,115.62,1724.66,Cash,DSL,1,3.0,2,No
100197,Female,29.0,Rafah,42,Month-to-Month,50.66,2227.42,PayPal,DSL,5,3.0,1,No
100198,Female,63.0,Jenin,55,One Year,102.0,5711.85,Bank Transfer,Fiber Optic,1,2.0,2,No
100199,Male,41.0,Nablus,3,One Year,138.59,431.25,Credit Card,DSL,0,4.0,0,No
100200,Male,31.0,Khan Yunis,70,Month-to-Month,98.61,6485.7,Credit Card,No Internet,2,3.0,1,No
100201,Male,42.0,Tulkarm,30,Two Year,48.44,1467.09,Bank Transfer,No Internet,2,4.0,0,No
100202,Male,62.0,Jenin,34,Two Year,80.6,2569.73,Bank Transfer,DSL,1,4.0,1,No
100203,Male,35.0,Rafah,60,Month-to-Month,67.41,3833.48,Cash,Fiber Optic,2,1.0,2,No
100204,Male,49.0,Jenin,62,Month-to-Month,88.67,5766.87,Cash,DSL,4,5.0,1,No
100205,Male,45.0,Jericho,15,Two Year,62.77,964.94,Bank Transfer,Fiber Optic,1,4.0,1,No
100206,Female,36.0,Bethlehem,58,Month-to-Month,60.15,3733.36,Bank Transfer,Fiber Optic,2,4.0,0,No
100207,Female,21.0,Nablus,17,Month-to-Month,93.09,1569.12,Cash,No Internet,3,4.0,1,Yes
100208,Male,53.0,Tulkarm,72,One Year,71.99,5118.13,PayPal,DSL,0,3.0,1,No
100209,Female,38.0,Jericho,14,Month-to-Month,69.45,1023.54,Credit Card,Fiber Optic,5,4.0,2,No
100210,Male,47.0,Nablus,14,Month-to-Month,65.34,962.26,Bank Transfer,DSL,1,2.0,0,No
100211,Female,45.0,Tulkarm,53,One Year,48.66,2740.86,Bank Transfer,Fiber Optic,1,2.0,3,No
100212,Female,48.0,Nablus,30,One Year,58.77,1759.82,Bank Transfer,No Internet,1,3.0,2,No
100213,Female,29.0,Gaza,61,One Year,46.99,3071.9,Cash,DSL,1,3.0,0,No
100214,Male,57.0,Jenin,51,Two Year,68.21,3563.44,Cash,Fiber Optic,1,3.0,0,No
100215,Male,18.0,Gaza,66,One Year,69.81,4268.18,PayPal,No Internet,2,2.0,1,No
100216,Male,49.0,Khan Yunis,65,Month-to-Month,80.15,5240.6,Bank Transfer,Fiber Optic,2,5.0,1,No
100217,Female,29.0,Gaza,49,Month-to-Month,102.11,5097.11,PayPal,Fiber Optic,2,3.0,2,No
100218,Female,34.0,Tulkarm,39,Two Year,55.1,2033.79,Bank Transfer,Fiber Optic,1,4.0,1,No
100219,Male,37.0,Jericho,40,Month-to-Month,29.92,1222.92,PayPal,No Internet,3,2.0,3,No
100220,Male,40.0,Hebron,18,Two Year,59.63,1059.42,PayPal,No Internet,0,3.0,1,No
100221,Female,35.0,Bethlehem,15,Month-to-Month,61.84,870.57,Cash,DSL,4,5.0,0,Yes
100222,Male,35.0,Khan Yunis,70,One Year,67.07,4328.1,Cash,DSL,0,2.0,1,No
100223,Male,40.0,Hebron,12,Month-to-Month,71.79,869.56,Credit Card,Fiber Optic,1,2.0,0,No
100224,Male,55.0,Nablus,38,Month-to-Month,53.35,2124.09,Cash,No Internet,4,3.0,0,No
100225,Female,57.0,Jericho,67,Month-to-Month,129.77,8513.82,Bank Transfer,No Internet,1,2.0,1,No
100226,Female,37.0,Rafah,24,Month-to-Month,66.36,1504.59,Bank Transfer,DSL,1,3.0,1,No
100227,Male,49.0,Jenin,29,One Year,20.0,588.91,PayPal,DSL,0,4.0,1,No
100228,Female,54.0,Nablus,56,Month-to-Month,77.78,4274.98,Credit Card,No Internet,3,4.0,1,No
100229,Male,39.0,Rafah,27,One Year,30.82,876.81,Cash,DSL,1,2.0,1,No
100230,Male,20.0,Rafah,35,One Year,38.67,1278.55,Credit Card,DSL,4,4.0,2,No
100231,Male,18.0,Gaza,49,Two Year,43.3,2124.23,Cash,No Internet,2,4.0,2,No
100232,Male,24.0,Bethlehem,11,Month-to-Month,93.66,1028.43,Bank Transfer,DSL,2,5.0,0,No
100233,Male,27.0,Bethlehem,51,Month-to-Month,92.76,4905.47,Credit Card,DSL,1,4.0,1,No
100234,Female,40.0,Jenin,36,Month-to-Month,72.88,2429.73,Cash,DSL,1,3.0,1,No
100235,Female,18.0,Jenin,11,Month-to-Month,58.04,664.45,PayPal,Fiber Optic,2,3.0,3,No
100236,Female,18.0,Khan Yunis,33,One Year,73.03,2445.24,PayPal,No Internet,4,5.0,2,No
100237,Male,23.0,Tulkarm,7,One Year,104.15,743.82,Bank Transfer,Fiber Optic,1,3.0,2,No
100238,Male,64.0,Bethlehem,43,Month-to-Month,68.96,2760.81,PayPal,Fiber Optic,5,5.0,2,Yes
100239,Male,20.0,,13,Month-to-Month,95.01,1216.86,Credit Card,No Internet,4,4.0,1,Yes
100240,Male,30.0,Bethlehem,72,One Year,71.39,4975.24,Cash,No Internet,0,3.0,2,No
100241,Male,46.0,Rafah,40,Month-to-Month,71.59,3030.1,,DSL,1,2.0,1,Yes
100242,Female,18.0,Jericho,55,Month-to-Month,56.06,3275.04,Bank Transfer,No Internet,3,3.0,3,No
100243,Male,43.0,Jenin,23,One Year,71.58,1594.5,PayPal,Fiber Optic,4,4.0,0,No
100244,Female,45.0,Rafah,4,Month-to-Month,31.55,118.81,Bank Transfer,DSL,1,2.0,0,No
100245,Male,38.0,Hebron,49,Month-to-Month,59.35,2790.35,Cash,DSL,2,3.0,1,No
100246,Female,27.0,Khan Yunis,11,Month-to-Month,103.14,1213.74,Credit Card,No Internet,1,2.0,2,No
100247,Female,23.0,Nablus,51,Two Year,81.63,3941.29,Cash,DSL,2,3.0,1,No
100248,Female,51.0,Nablus,33,Month-to-Month,105.9,3773.98,Cash,DSL,1,5.0,2,No
100249,Female,33.0,Gaza,17,Two Year,85.2,1417.97,PayPal,No Internet,2,3.0,0,No
100250,Male,32.0,Bethlehem,13,Month-to-Month,71.31,953.4,Cash,Fiber Optic,3,3.0,1,No
100251,Female,43.0,Ramallah,45,Month-to-Month,72.54,3359.46,Cash,Fiber Optic,1,3.0,2,Yes
100252,Male,71.0,Rafah,21,Month-to-Month,50.19,1014.8,PayPal,No Internet,1,3.0,0,No
100253,Female,25.0,Hebron,53,Month-to-Month,47.94,2705.9,Cash,No Internet,4,4.0,1,Yes
100254,Female,50.0,Nablus,25,Two Year,51.29,1234.16,Bank Transfer,Fiber Optic,3,3.0,2,No
100255,Female,41.0,Jericho,25,Month-to-Month,77.55,1876.65,PayPal,Fiber Optic,1,5.0,0,Yes
100256,Male,41.0,Khan Yunis,51,Month-to-Month,76.27,3619.47,Cash,No Internet,0,2.0,3,No
100257,Female,28.0,Hebron,29,Month-to-Month,72.42,2055.04,PayPal,Fiber Optic,2,2.0,6,No
100258,Female,30.0,Nablus,57,One Year,60.05,3338.07,Credit Card,DSL,3,2.0,2,No
100259,Female,50.0,Bethlehem,52,Two Year,106.08,5278.08,Bank Transfer,No Internet,1,3.0,3,Yes
100260,Female,37.0,Hebron,38,Month-to-Month,61.4,2447.79,Credit Card,No Internet,1,3.0,1,No
100261,Male,34.0,Bethlehem,46,One Year,60.91,2600.12,Bank Transfer,No Internet,1,3.0,0,No
100262,Female,44.0,Rafah,28,Month-to-Month,84.28,2368.35,Cash,Fiber Optic,1,4.0,1,No
100263,Female,37.0,Gaza,11,Month-to-Month,95.58,969.66,Bank Transfer,Fiber Optic,1,3.0,0,No
100264,Male,45.0,Bethlehem,17,Month-to-Month,93.98,1640.25,Bank Transfer,No Internet,4,4.0,1,No
100265,Female,22.0,Jenin,59,,82.65,5116.72,Credit Card,No Internet,4,4.0,0,No
100266,Male,39.0,Bethlehem,48,Month-to-Month,41.92,1889.34,Bank Transfer,Fiber Optic,0,5.0,1,No
100267,Female,35.0,Rafah,9,One Year,74.82,625.73,PayPal,DSL,3,4.0,0,No
100268,Female,18.0,Bethlehem,17,Two Year,64.44,1041.42,Bank Transfer,Fiber Optic,2,2.0,0,No
100269,Male,48.0,Khan Yunis,20,One Year,75.36,1428.88,Bank Transfer,DSL,1,2.0,0,Yes
100270,Female,33.0,Jenin,68,Month-to-Month,92.16,6714.54,PayPal,No Internet,3,4.0,1,No
100271,Female,35.0,Bethlehem,40,One Year,110.51,4275.9,PayPal,Fiber Optic,3,3.0,0,No
100272,Female,33.0,Jenin,68,One Year,77.16,5123.14,Credit Card,Fiber Optic,2,4.0,0,No
100273,Male,,Gaza,4,One Year,30.54,127.35,Cash,No Internet,1,4.0,0,No
100274,Male,30.0,Nablus,10,One Year,75.85,704.12,Cash,No Internet,1,4.0,0,No
100275,Male,36.0,Jericho,68,Month-to-Month,105.43,7413.13,Cash,No Internet,2,,0,No
100276,Female,32.0,Nablus,47,Month-to-Month,86.55,3851.32,Cash,No Internet,5,5.0,0,No
100277,Female,43.0,Hebron,9,Month-to-Month,94.38,857.59,Credit Card,Fiber Optic,3,2.0,0,No
100278,Female,48.0,Khan Yunis,51,One Year,99.0,4924.06,Credit Card,DSL,5,3.0,4,No
100279,Male,46.0,Jericho,6,One Year,51.45,311.14,Bank Transfer,No Internet,0,4.0,2,No
100280,Male,36.0,Ramallah,32,Two Year,25.87,873.31,Credit Card,DSL,2,4.0,1,No
100281,Male,55.0,Bethlehem,4,Month-to-Month,76.35,304.53,Bank Transfer,No Internet,3,5.0,0,No
100282,Female,44.0,Ramallah,20,Month-to-Month,67.43,1424.27,Cash,DSL,2,4.0,2,No
100283,Male,36.0,Ramallah,51,Month-to-Month,76.74,3989.69,Cash,DSL,1,3.0,0,Yes
100284,Female,54.0,Rafah,69,Month-to-Month,53.29,3578.44,Cash,No Internet,0,5.0,1,No
100285,Female,30.0,Rafah,66,Two Year,62.42,4004.54,PayPal,DSL,3,2.0,3,Yes
100286,Female,38.0,Nablus,17,Two Year,68.32,1106.52,PayPal,DSL,0,4.0,2,Yes
100287,Male,22.0,Ramallah,49,One Year,37.59,1779.27,PayPal,No Internet,1,3.0,0,No
100288,Male,41.0,Khan Yunis,43,Two Year,76.73,3277.23,Cash,DSL,1,5.0,1,No
100289,Male,30.0,Bethlehem,66,Month-to-Month,104.75,6531.69,Bank Transfer,Fiber Optic,2,4.0,3,No
100290,Female,36.0,Ramallah,22,Month-to-Month,81.92,1929.02,Bank Transfer,No Internet,2,3.0,1,No
100291,Male,48.0,Jericho,10,One Year,103.11,949.98,Cash,Fiber Optic,1,3.0,1,No
100292,Female,27.0,Jericho,25,One Year,71.48,1819.39,Credit Card,Fiber Optic,1,3.0,1,No
100293,Female,37.0,Hebron,41,Month-to-Month,95.19,4138.5,PayPal,No Internet,0,2.0,0,No
100294,Female,28.0,Jenin,69,One Year,57.74,4045.95,PayPal,Fiber Optic,0,2.0,1,No
100295,Female,34.0,Rafah,16,One Year,85.2,1367.88,Credit Card,No Internet,3,4.0,2,No
100296,Female,36.0,Rafah,6,Month-to-Month,59.51,376.12,Cash,DSL,5,4.0,1,No
100297,Female,50.0,Bethlehem,40,One Year,124.81,4947.6,PayPal,Fiber Optic,1,3.0,1,No
100298,Male,30.0,Bethlehem,54,One Year,75.1,3738.43,Cash,DSL,0,4.0,0,No
100299,Male,25.0,Nablus,1,Month-to-Month,112.19,107.79,Credit Card,DSL,6,3.0,2,No
100300,Female,35.0,Hebron,25,Two Year,78.89,1915.01,Cash,DSL,3,2.0,1,No
100301,Male,29.0,Ramallah,61,Two Year,101.62,6138.53,PayPal,No Internet,1,1.0,4,No
100302,Female,24.0,Gaza,37,Month-to-Month,83.98,3123.11,Credit Card,DSL,2,4.0,1,No
100303,Male,44.0,Jericho,18,Month-to-Month,84.36,1551.19,Bank Transfer,Fiber Optic,2,2.0,1,No
100304,Female,26.0,Jenin,28,Month-to-Month,80.24,2336.37,Credit Card,Fiber Optic,1,3.0,0,No
100305,Female,23.0,Tulkarm,24,Month-to-Month,100.53,2412.76,Bank Transfer,Fiber Optic,2,5.0,2,No
100306,Male,52.0,Bethlehem,34,Month-to-Month,68.97,2525.24,Bank Transfer,Fiber Optic,0,3.0,2,No
100307,Female,48.0,Jericho,17,Month-to-Month,63.18,1124.37,Credit Card,Fiber Optic,2,2.0,1,No
100308,Female,38.0,Khan Yunis,29,Two Year,55.88,1707.67,Bank Transfer,Fiber Optic,2,4.0,0,No
100309,Male,61.0,Gaza,41,Month-to-Month,22.85,873.25,Credit Card,Fiber Optic,2,3.0,2,No
100310,Female,55.0,Ramallah,51,One Year,63.57,3368.16,Cash,DSL,1,2.0,0,No
100311,Female,37.0,Jericho,57,Two Year,74.09,4186.9,Bank Transfer,No Internet,2,4.0,1,No
100312,Female,40.0,Jericho,40,Month-to-Month,67.92,2807.55,Bank Transfer,DSL,0,4.0,1,No
100313,Male,55.0,Tulkarm,30,One Year,91.29,2548.73,Bank Transfer,No Internet,1,9.0,2,No
100314,Female,44.0,Jenin,45,Two Year,111.4,5143.33,Cash,No Internet,3,3.0,0,No
100315,Female,58.0,Ramallah,6,Month-to-Month,83.9,501.3,Cash,Fiber Optic,5,4.0,0,No
100316,Male,26.0,Gaza,8,One Year,98.33,797.3,PayPal,DSL,1,4.0,3,No
100317,Male,59.0,Tulkarm,50,Month-to-Month,103.9,5559.95,PayPal,No Internet,3,3.0,0,No
100318,Male,20.0,Khan Yunis,45,One Year,102.63,4589.92,Bank Transfer,No Internet,2,4.0,2,No
100319,Male,45.0,Rafah,70,Month-to-Month,91.64,6377.84,Bank Transfer,No Internet,1,4.0,0,No
100320,Female,31.0,Jericho,35,Month-to-Month,35.91,1306.72,PayPal,Fiber Optic,5,3.0,2,No
100321,Female,42.0,Hebron,54,Two Year,136.24,6784.53,Bank Transfer,DSL,1,2.0,3,No
100322,Female,35.0,Bethlehem,38,One Year,61.8,2162.54,PayPal,DSL,0,3.0,2,No
100323,Female,24.0,Jenin,3,One Year,99.17,284.6,Credit Card,No Internet,4,4.0,1,No
100324,Female,48.0,Bethlehem,55,One Year,78.98,4656.11,Cash,DSL,3,3.0,2,No
100325,Male,48.0,Bethlehem,61,Month-to-Month,104.74,6590.66,PayPal,No Internet,2,5.0,1,No
100326,Male,21.0,Khan Yunis,65,Month-to-Month,96.69,5952.74,Bank Transfer,No Internet,2,4.0,1,No
100327,Male,45.0,Hebron,20,One Year,70.52,1464.69,Credit Card,No Internet,6,2.0,2,Yes
100328,Male,41.0,Gaza,20,Two Year,54.1,1148.29,Credit Card,DSL,0,4.0,1,No
100329,Male,42.0,Gaza,62,Month-to-Month,76.04,4500.43,Cash,DSL,5,5.0,0,No
100330,Female,50.0,Rafah,57,One Year,115.19,7025.93,Cash,DSL,2,4.0,0,No
100331,Male,43.0,Jericho,19,Month-to-Month,110.86,2255.43,Cash,No Internet,1,4.0,1,No
100332,Male,37.0,Ramallah,3,One Year,55.72,170.65,PayPal,Fiber Optic,2,3.0,0,No
100333,Female,32.0,Rafah,56,Two Year,65.46,3847.01,Cash,No Internet,2,3.0,0,No
100334,Male,33.0,Gaza,22,Two Year,51.83,1075.33,Bank Transfer,No Internet,2,4.0,1,No
100335,Female,74.0,Jenin,44,One Year,72.61,3359.63,PayPal,No Internet,0,2.0,1,No
100336,Male,37.0,Khan Yunis,9,One Year,59.11,554.56,PayPal,DSL,1,4.0,2,No
100337,Male,25.0,Rafah,40,Month-to-Month,45.39,1920.12,Bank Transfer,No Internet,3,3.0,1,Yes
100338,Female,18.0,Jericho,68,Month-to-Month,51.89,3772.59,Cash,Fiber Optic,5,4.0,2,No
100339,Female,37.0,Tulkarm,32,One Year,58.26,1984.59,Bank Transfer,Fiber Optic,2,3.0,1,No
100340,Male,56.0,Rafah,72,Month-to-Month,121.83,8543.9,Bank Transfer,Fiber Optic,2,4.0,2,Yes
100341,Female,60.0,Jenin,52,Month-to-Month,47.44,2269.79,Bank Transfer,DSL,2,4.0,0,No
100342,Female,42.0,Bethlehem,20,One Year,84.38,1631.96,Cash,Fiber Optic,1,2.0,0,No
100343,Male,42.0,Tulkarm,72,One Year,51.59,3509.14,Bank Transfer,No Internet,2,3.0,1,No
100344,Female,18.0,Bethlehem,17,Month-to-Month,62.51,1091.58,Cash,Fiber Optic,4,2.0,2,No
100345,Female,47.0,Jericho,52,Two Year,87.71,4598.25,Bank Transfer,DSL,0,5.0,0,No
100346,Male,54.0,Hebron,1,One Year,69.53,74.15,Credit Card,No Internet,2,5.0,0,No
100347,Male,36.0,Jericho,8,Month-to-Month,54.64,456.2,Credit Card,Fiber Optic,2,3.0,1,No
100348,Male,48.0,Jericho,40,Two Year,47.04,1964.46,Cash,Fiber Optic,2,3.0,0,No
100349,Male,55.0,Hebron,11,Month-to-Month,50.09,523.86,PayPal,Fiber Optic,1,2.0,2,No
100350,Male,50.0,Rafah,37,Two Year,37.69,1421.91,Cash,No Internet,3,4.0,1,No
100351,Female,52.0,Jenin,58,Month-to-Month,57.37,3166.94,Credit Card,DSL,2,3.0,4,No
100352,Male,32.0,Jericho,56,Month-to-Month,58.98,3388.45,Credit Card,Fiber Optic,1,3.0,2,Yes
100353,Male,18.0,Nablus,26,Month-to-Month,42.16,1173.6,PayPal,Fiber Optic,1,4.0,0,No
100354,Male,36.0,Tulkarm,53,Month-to-Month,111.97,5877.49,Bank Transfer,DSL,3,3.0,1,No
100355,Female,34.0,Tulkarm,66,Month-to-Month,61.78,4072.8,Credit Card,No Internet,2,2.0,2,No
100356,Male,49.0,Bethlehem,46,Two Year,34.38,1675.87,Credit Card,Fiber Optic,3,2.0,0,No
100357,Male,41.0,Hebron,23,Two Year,56.47,1356.99,Credit Card,Fiber Optic,2,5.0,0,No
100358,Female,29.0,Khan Yunis,69,Two Year,68.79,4445.21,PayPal,Fiber Optic,0,4.0,2,No
100359,Female,66.0,Hebron,72,Month-to-Month,83.35,5569.45,Credit Card,Fiber Optic,4,3.0,0,No
100360,Male,40.0,Hebron,55,One Year,67.46,3855.85,Cash,Fiber Optic,2,4.0,0,No
100361,Male,42.0,Hebron,22,Month-to-Month,20.89,429.04,Credit Card,DSL,2,3.0,0,Yes
100362,Male,19.0,Ramallah,6,Month-to-Month,20.0,125.4,Bank Transfer,Fiber Optic,1,5.0,0,No
100363,Female,44.0,Jericho,31,One Year,85.27,2445.71,Bank Transfer,Fiber Optic,0,3.0,2,No
100364,Male,18.0,Tulkarm,70,Month-to-Month,58.54,4277.17,Bank Transfer,DSL,2,3.0,2,No
100365,Male,18.0,Tulkarm,35,Month-to-Month,69.59,2282.06,PayPal,Fiber Optic,4,3.0,1,No
100366,Female,25.0,Khan Yunis,58,Two Year,30.33,1873.77,Bank Transfer,No Internet,2,3.0,0,No
100367,Female,,Ramallah,4,Month-to-Month,45.0,193.19,PayPal,Fiber Optic,2,3.0,1,Yes
100368,Male,43.0,Rafah,57,Two Year,68.6,4156.45,Credit Card,No Internet,1,2.0,0,No
100369,Male,18.0,Tulkarm,23,Month-to-Month,78.8,1912.22,Cash,DSL,3,5.0,0,No
100370,Female,69.0,Bethlehem,6,Month-to-Month,20.0,124.38,Credit Card,No Internet,1,3.0,0,No
100371,Female,44.0,Tulkarm,5,One Year,81.77,405.87,Credit Card,Fiber Optic,1,4.0,1,No
100372,Male,36.0,Rafah,18,Month-to-Month,40.89,713.32,Cash,DSL,0,2.0,1,No
100373,Male,46.0,Hebron,30,Month-to-Month,63.65,2002.67,Credit Card,No Internet,4,4.0,0,No
100374,Male,31.0,Jericho,11,Two Year,69.38,806.89,Cash,DSL,3,3.0,0,No
100375,Female,38.0,Tulkarm,59,Two Year,70.44,4471.02,PayPal,No Internet,2,3.0,1,No
100376,Female,18.0,Khan Yunis,27,One Year,83.52,2133.57,PayPal,DSL,2,3.0,1,No
100377,Female,28.0,Bethlehem,63,Month-to-Month,57.31,3824.67,Cash,DSL,2,3.0,1,No
100378,Male,18.0,Ramallah,67,Month-to-Month,65.63,4430.57,Credit Card,DSL,3,4.0,0,Yes
100379,Female,35.0,Jenin,25,One Year,54.84,1347.29,Cash,Fiber Optic,2,2.0,0,No
100380,Male,26.0,Rafah,62,,90.21,5853.0,Bank Transfer,DSL,2,4.0,0,No
100381,Female,43.0,Rafah,20,One Year,99.46,2043.71,Cash,No Internet,1,4.0,1,No
100382,Female,34.0,Ramallah,42,One Year,69.84,2936.6,Credit Card,No Internet,2,5.0,0,No
100383,Male,29.0,Gaza,31,Month-to-Month,67.99,2129.35,PayPal,Fiber Optic,2,2.0,0,No
100384,Male,34.0,Gaza,31,Two Year,85.93,2776.93,Cash,No Internet,4,2.0,1,No
100385,Female,30.0,Rafah,2,Month-to-Month,82.09,153.5,Credit Card,Fiber Optic,0,5.0,0,Yes
100386,Male,25.0,Khan Yunis,10,One Year,66.4,615.66,Bank Transfer,No Internet,2,4.0,1,No
100387,Female,43.0,Ramallah,41,Two Year,35.14,1469.03,Credit Card,Fiber Optic,0,5.0,0,Yes
100388,Female,44.0,Bethlehem,39,One Year,84.71,3066.04,Bank Transfer,DSL,3,4.0,0,No
100389,Female,40.0,Jericho,12,Month-to-Month,45.81,553.83,Cash,No Internet,0,4.0,0,No
100390,Male,43.0,Gaza,22,Month-to-Month,,1937.79,Credit Card,DSL,1,5.0,0,No
100391,Male,42.0,Gaza,33,Month-to-Month,84.34,2972.16,Cash,Fiber Optic,2,5.0,0,No
100392,Female,28.0,Jericho,70,Month-to-Month,65.62,4459.83,Credit Card,No Internet,3,3.0,0,No
100393,Female,18.0,Jenin,27,Two Year,113.38,3165.17,Credit Card,Fiber Optic,1,3.0,0,No
100394,Male,22.0,Ramallah,54,One Year,56.05,3107.22,Bank Transfer,Fiber Optic,0,3.0,4,No
100395,Female,54.0,Nablus,69,Two Year,40.28,2599.95,Bank Transfer,Fiber Optic,0,3.0,0,No
100396,Female,57.0,Khan Yunis,16,One Year,20.0,301.22,Bank Transfer,DSL,4,2.0,1,No
100397,Male,53.0,Khan Yunis,3,One Year,96.07,302.23,Bank Transfer,Fiber Optic,0,5.0,1,No
100398,Male,40.0,Bethlehem,13,Month-to-Month,70.72,970.84,PayPal,DSL,0,5.0,0,No
100399,Female,25.0,Rafah,72,Month-to-Month,73.65,4968.07,Cash,DSL,2,2.0,0,No
100400,Male,54.0,Jericho,11,One Year,131.96,1477.95,PayPal,Fiber Optic,2,3.0,1,No
100401,Male,24.0,Nablus,65,One Year,75.96,5259.5,Credit Card,DSL,1,4.0,0,No
100402,Male,29.0,Tulkarm,51,Month-to-Month,104.06,5456.22,Bank Transfer,DSL,1,2.0,0,No
100403,Female,54.0,Rafah,49,Month-to-Month,45.25,2329.27,Bank Transfer,DSL,3,6.0,1,Yes
100404,Female,28.0,Rafah,14,Month-to-Month,73.42,1090.91,PayPal,Fiber Optic,1,2.0,2,Yes
100405,Male,35.0,Jericho,51,Month-to-Month,54.73,2656.2,Bank Transfer,DSL,2,5.0,1,No
100406,Male,31.0,Khan Yunis,50,Month-to-Month,55.85,2595.27,Cash,No Internet,2,3.0,1,No
100407,Male,47.0,Ramallah,1,One Year,71.97,69.14,Bank Transfer,DSL,0,3.0,0,No
100408,Male,42.0,Tulkarm,43,Month-to-Month,28.51,1244.7,Bank Transfer,DSL,3,3.0,0,Yes
100409,Female,24.0,Jenin,17,Month-to-Month,25.22,448.73,Cash,No Internet,2,,0,No
100410,Male,35.0,Rafah,53,One Year,92.12,5118.03,Credit Card,Fiber Optic,1,5.0,0,No
100411,Female,18.0,Jericho,19,Month-to-Month,140.84,2810.57,PayPal,DSL,5,4.0,1,No
100412,Male,30.0,Jenin,15,Month-to-Month,64.92,967.46,Bank Transfer,No Internet,1,3.0,0,No
100413,Female,35.0,Ramallah,38,Two Year,67.66,2694.4,PayPal,DSL,0,2.0,3,No
100414,Female,55.0,Jericho,6,Month-to-Month,80.32,475.38,Cash,DSL,2,3.0,0,No
100415,Female,40.0,Bethlehem,51,Month-to-Month,102.57,5002.39,Credit Card,No Internet,1,5.0,2,No
100416,Male,31.0,Khan Yunis,29,Month-to-Month,80.87,2382.01,Credit Card,No Internet,0,3.0,0,No
100417,Female,49.0,Jenin,12,Month-to-Month,82.15,918.16,Credit Card,DSL,3,1.0,1,No
100418,Female,61.0,Hebron,9,One Year,122.43,1021.76,Bank Transfer,No Internet,2,5.0,0,No
100419,Female,46.0,Nablus,72,Month-to-Month,63.64,4595.69,PayPal,No Internet,1,3.0,0,No
100420,Female,29.0,Khan Yunis,43,Month-to-Month,42.89,1746.85,Credit Card,DSL,2,4.0,1,No
100421,Male,23.0,Nablus,51,One Year,103.69,5684.0,Cash,No Internet,3,3.0,1,No
100422,Male,45.0,Jericho,45,One Year,76.42,3464.72,PayPal,DSL,1,4.0,0,No
100423,Male,52.0,Nablus,47,Two Year,52.56,2659.34,Bank Transfer,Fiber Optic,5,,1,No
100424,Male,45.0,Rafah,55,Month-to-Month,61.66,3369.4,Bank Transfer,DSL,2,4.0,1,No
100425,Male,49.0,Bethlehem,38,Month-to-Month,87.57,3132.27,Credit Card,DSL,1,1.0,1,No
100426,Male,56.0,Nablus,43,Month-to-Month,45.78,1832.84,Cash,DSL,4,2.0,1,No
100427,Male,29.0,Khan Yunis,47,Month-to-Month,73.77,3597.57,PayPal,DSL,2,3.0,2,No
100428,Female,35.0,Bethlehem,20,Month-to-Month,136.04,2822.93,Credit Card,DSL,1,2.0,1,No
100429,Male,38.0,Bethlehem,45,Month-to-Month,58.03,2415.37,Credit Card,No Internet,0,3.0,1,No
100430,Male,27.0,Khan Yunis,35,One Year,109.46,3984.26,Cash,No Internet,2,3.0,3,No
100431,Female,56.0,Hebron,1,Month-to-Month,51.4,52.14,PayPal,No Internet,2,3.0,1,No
100432,Female,46.0,Tulkarm,10,Month-to-Month,54.74,504.82,Credit Card,No Internet,1,5.0,0,No
100433,Female,33.0,Tulkarm,63,One Year,64.68,4112.27,Credit Card,No Internet,1,4.0,0,No
100434,Male,51.0,Jericho,18,Month-to-Month,106.5,1861.71,Credit Card,No Internet,2,4.0,1,No
100435,Female,27.0,Nablus,9,Month-to-Month,65.18,627.14,Bank Transfer,No Internet,2,2.0,1,No
100436,Female,54.0,Jericho,23,Two Year,87.01,1858.57,PayPal,No Internet,2,3.0,0,No
100437,Female,27.0,Rafah,2,Month-to-Month,73.13,141.89,Cash,No Internet,3,4.0,0,Yes
100438,Male,22.0,Ramallah,60,One Year,116.61,7384.07,Bank Transfer,Fiber Optic,1,4.0,2,No
100439,Female,42.0,Ramallah,49,Month-to-Month,105.94,5450.52,PayPal,DSL,0,5.0,2,Yes
100440,Female,41.0,Ramallah,42,One Year,56.03,2185.25,PayPal,No Internet,4,3.0,1,No
100441,Male,50.0,Khan Yunis,46,One Year,79.01,3810.31,Cash,DSL,0,5.0,0,No
100442,Female,37.0,Jericho,56,Month-to-Month,83.52,4780.65,Credit Card,DSL,3,5.0,4,No
100443,Male,58.0,Tulkarm,7,Two Year,69.91,506.63,PayPal,DSL,2,5.0,2,No
100444,Female,71.0,Rafah,48,One Year,81.62,3674.92,Cash,Fiber Optic,3,4.0,3,No
100445,Male,46.0,Jenin,50,One Year,48.01,2539.73,Credit Card,DSL,0,2.0,0,No
100446,Female,48.0,Jericho,62,Month-to-Month,49.05,3272.6,PayPal,No Internet,3,3.0,0,No
100447,Female,35.0,Khan Yunis,62,Month-to-Month,79.72,4643.62,Bank Transfer,No Internet,1,2.0,1,No
100448,Female,30.0,Khan Yunis,54,Two Year,71.77,3650.71,Cash,DSL,3,4.0,1,No
100449,Male,50.0,Jenin,58,Month-to-Month,105.49,5997.44,Credit Card,DSL,2,4.0,0,No
100450,Male,28.0,Rafah,42,Month-to-Month,141.2,5864.49,Credit Card,Fiber Optic,1,4.0,3,No
100451,Female,41.0,Jericho,4,Month-to-Month,20.57,88.79,PayPal,Fiber Optic,3,4.0,0,No
100452,Male,55.0,Gaza,43,One Year,63.79,2956.66,Bank Transfer,No Internet,4,3.0,1,No
100453,Female,42.0,Jenin,40,Month-to-Month,97.74,4193.62,Bank Transfer,No Internet,3,3.0,2,No
100454,Male,40.0,Ramallah,71,Month-to-Month,47.09,3544.48,PayPal,Fiber Optic,1,2.0,0,No
100455,Male,23.0,Ramallah,29,Two Year,81.6,2300.63,Cash,Fiber Optic,4,5.0,4,No
100456,Female,61.0,Rafah,16,One Year,70.78,1094.24,Cash,No Internet,2,3.0,3,No
100457,Female,27.0,Rafah,46,One Year,128.41,6061.25,Credit Card,No Internet,2,2.0,2,No
100458,Female,35.0,Khan Yunis,18,One Year,51.4,977.44,Bank Transfer,No Internet,1,4.0,1,No
100459,Female,52.0,Bethlehem,57,Two Year,75.84,4411.8,Credit Card,No Internet,3,5.0,1,No
100460,Female,28.0,Nablus,41,Month-to-Month,127.52,5107.82,PayPal,Fiber Optic,4,4.0,0,No
100461,Female,20.0,Jenin,71,Two Year,88.43,6343.22,Bank Transfer,DSL,1,4.0,2,No
100462,Female,40.0,Bethlehem,32,Month-to-Month,92.29,2729.0,Credit Card,Fiber Optic,2,5.0,2,No
100463,Female,24.0,Gaza,63,Month-to-Month,102.82,6524.81,Credit Card,Fiber Optic,2,4.0,0,No
100464,Female,41.0,Hebron,57,Month-to-Month,39.22,2114.53,Cash,No Internet,0,4.0,1,Yes
100465,Female,36.0,Nablus,40,Month-to-Month,50.79,2154.02,Bank Transfer,DSL,1,4.0,0,No
100466,Male,26.0,Gaza,45,Month-to-Month,101.73,4247.96,PayPal,No Internet,1,4.0,1,No
100467,Male,42.0,Tulkarm,27,Month-to-Month,36.68,966.85,Credit Card,No Internet,3,3.0,2,No
100468,Male,40.0,Ramallah,33,Month-to-Month,96.24,2942.72,Cash,No Internet,1,4.0,5,No
100469,Female,18.0,Nablus,54,One Year,61.1,3370.53,PayPal,No Internet,2,,1,Yes
100470,Female,46.0,Nablus,43,Month-to-Month,56.58,2279.62,Credit Card,Fiber Optic,0,3.0,1,Yes
100471,Male,35.0,Tulkarm,68,Month-to-Month,52.9,3427.98,Cash,No Internet,3,1.0,1,No
100472,Male,51.0,Jericho,2,Two Year,86.56,168.73,Cash,DSL,1,3.0,2,No
100473,Male,44.0,Tulkarm,6,Month-to-Month,41.79,238.37,PayPal,Fiber Optic,0,3.0,2,No
100474,Male,66.0,Jericho,27,Month-to-Month,109.92,3123.44,PayPal,DSL,1,2.0,0,Yes
100475,Male,51.0,Hebron,69,Two Year,82.86,5297.91,Bank Transfer,No Internet,1,5.0,0,No
100476,Female,47.0,Gaza,72,Month-to-Month,28.08,2125.81,Bank Transfer,Fiber Optic,3,3.0,1,No
100477,Female,27.0,Jenin,17,Month-to-Month,65.82,1203.05,Credit Card,Fiber Optic,3,3.0,1,No
100478,Female,43.0,Jericho,6,Month-to-Month,79.79,480.22,Credit Card,No Internet,1,1.0,2,Yes
100479,Female,43.0,Bethlehem,10,Two Year,60.22,560.74,Cash,DSL,3,4.0,2,Yes
100480,Female,35.0,Khan Yunis,9,Two Year,96.54,866.78,Cash,DSL,2,5.0,1,No
100481,Male,43.0,Jericho,10,Two Year,45.41,474.66,Credit Card,Fiber Optic,1,5.0,1,No
100482,Male,35.0,Tulkarm,48,Month-to-Month,115.57,5974.45,Bank Transfer,No Internet,0,3.0,0,Yes
100483,Female,53.0,Tulkarm,25,One Year,104.44,2589.73,Credit Card,No Internet,1,3.0,0,No
100484,Female,60.0,Nablus,72,One Year,121.1,9369.69,Bank Transfer,Fiber Optic,0,4.0,0,No
100485,Male,34.0,Khan Yunis,58,Month-to-Month,92.68,5118.68,Bank Transfer,DSL,2,5.0,1,No
100486,Male,29.0,Jenin,12,One Year,61.72,722.07,PayPal,No Internet,1,2.0,2,No
100487,Male,42.0,Nablus,58,Two Year,51.49,3035.74,PayPal,Fiber Optic,0,3.0,1,No
100488,Female,42.0,Ramallah,26,Month-to-Month,61.5,1655.09,Credit Card,Fiber Optic,2,2.0,2,No
100489,Male,41.0,Rafah,41,One Year,65.1,2534.17,Bank Transfer,No Internet,3,3.0,0,No
100490,Female,36.0,Ramallah,11,Month-to-Month,115.5,1369.25,Bank Transfer,Fiber Optic,4,3.0,2,No
100491,Male,44.0,Gaza,31,One Year,107.78,3517.36,Bank Transfer,DSL,1,3.0,2,No
100492,Male,24.0,Rafah,42,Month-to-Month,110.51,4566.51,PayPal,No Internet,2,3.0,3,Yes
100493,Male,25.0,Bethlehem,54,Month-to-Month,50.49,2921.76,Cash,DSL,5,2.0,2,No
100494,Male,30.0,Hebron,4,One Year,47.64,182.34,Credit Card,Fiber Optic,1,4.0,0,No
100495,Male,,Rafah,1,Two Year,63.63,64.63,Bank Transfer,DSL,1,2.0,2,Yes
100496,Male,27.0,Khan Yunis,49,Two Year,119.97,6113.98,PayPal,Fiber Optic,2,3.0,1,No
100497,Female,57.0,Jenin,48,Month-to-Month,76.66,3954.45,Credit Card,No Internet,5,1.0,1,No
100498,Male,32.0,Ramallah,49,Month-to-Month,81.09,3795.85,Cash,No Internet,0,4.0,0,No
100499,Male,43.0,Rafah,53,Two Year,53.64,3058.19,Bank Transfer,DSL,4,2.0,1,No
100500,Male,36.0,Bethlehem,66,Month-to-Month,58.22,3708.39,Cash,DSL,3,4.0,2,No
100501,Male,32.0,Rafah,30,One Year,63.03,1976.67,Bank Transfer,No Internet,2,4.0,0,No
100502,Male,36.0,Khan Yunis,49,Two Year,98.41,4639.02,Cash,Fiber Optic,2,4.0,2,No
100503,Male,40.0,Khan Yunis,21,Month-to-Month,33.83,719.36,Bank Transfer,No Internet,1,4.0,1,No
100504,Female,45.0,Gaza,55,Two Year,20.0,1137.47,PayPal,No Internet,0,3.0,0,No
100505,Male,53.0,Tulkarm,70,One Year,94.95,6286.47,PayPal,Fiber Optic,1,2.0,2,No
100506,Female,39.0,Nablus,17,Two Year,88.96,1601.17,Credit Card,Fiber Optic,0,3.0,1,No
100507,Female,47.0,Rafah,71,Two Year,20.0,1429.95,Credit Card,No Internet,3,4.0,1,No
100508,Female,40.0,Nablus,57,Month-to-Month,123.3,7361.68,Credit Card,DSL,1,4.0,2,Yes
100509,Female,18.0,Jenin,20,One Year,56.01,1146.78,Bank Transfer,DSL,1,3.0,0,No
100510,Female,18.0,Rafah,46,One Year,89.79,4236.07,Bank Transfer,Fiber Optic,0,4.0,3,No
100511,Male,37.0,Ramallah,36,Month-to-Month,72.71,2553.92,Credit Card,Fiber Optic,2,3.0,2,No
100512,Male,18.0,Khan Yunis,22,Month-to-Month,60.09,1226.36,Bank Transfer,Fiber Optic,1,4.0,0,No
100513,Male,31.0,Nablus,5,Month-to-Month,77.13,407.24,Cash,No Internet,4,5.0,0,No
100514,Male,37.0,Hebron,34,Month-to-Month,20.0,649.27,Bank Transfer,Fiber Optic,0,3.0,2,No
100515,Female,54.0,Tulkarm,51,Month-to-Month,105.17,5139.47,Credit Card,No Internet,1,2.0,0,No
100516,Male,33.0,Gaza,9,Month-to-Month,40.86,342.32,PayPal,DSL,1,3.0,2,No
100517,Male,48.0,Rafah,54,One Year,41.66,2301.65,Credit Card,Fiber Optic,1,3.0,1,No
100518,Male,31.0,Ramallah,2,Month-to-Month,58.5,113.33,Cash,DSL,0,4.0,1,Yes
100519,Male,48.0,Jericho,55,Month-to-Month,81.52,4533.09,Bank Transfer,Fiber Optic,3,4.0,0,No
100520,Female,18.0,Ramallah,57,Month-to-Month,119.99,6915.27,Credit Card,DSL,2,4.0,1,Yes
100521,Male,41.0,Ramallah,34,Month-to-Month,64.02,2229.78,PayPal,No Internet,1,3.0,1,No
100522,Female,37.0,Ramallah,12,Month-to-Month,58.97,737.96,Bank Transfer,Fiber Optic,0,4.0,3,Yes
100523,Female,46.0,Ramallah,72,Two Year,121.47,8654.9,Credit Card,No Internet,2,4.0,1,No
100524,Female,44.0,Rafah,42,One Year,29.79,1256.02,PayPal,No Internet,2,3.0,0,No
100525,Female,73.0,Ramallah,13,Month-to-Month,50.76,612.3,PayPal,Fiber Optic,4,3.0,0,Yes
100526,Male,31.0,Khan Yunis,53,One Year,,3443.02,Credit Card,DSL,0,3.0,1,No
100527,Female,45.0,Bethlehem,19,One Year,52.43,1064.81,Bank Transfer,DSL,3,4.0,0,No
100528,Male,48.0,Gaza,46,Month-to-Month,87.78,4047.07,Bank Transfer,Fiber Optic,0,4.0,0,Yes
100529,Female,43.0,Jericho,35,One Year,71.87,2646.81,Cash,Fiber Optic,0,4.0,0,No
100530,Female,34.0,Khan Yunis,69,Month-to-Month,121.21,8697.42,Credit Card,Fiber Optic,4,4.0,2,No
100531,Female,45.0,Bethlehem,26,One Year,55.96,1445.49,Cash,Fiber Optic,1,3.0,3,No
100532,Female,41.0,Jericho,38,Month-to-Month,60.96,2254.92,Credit Card,No Internet,2,5.0,1,No
100533,Male,31.0,Jericho,72,One Year,69.69,4767.38,Cash,DSL,2,5.0,2,No
100534,Male,53.0,Nablus,28,One Year,82.41,2219.02,Credit Card,Fiber Optic,0,3.0,0,No
100535,Female,45.0,Gaza,72,One Year,96.08,6508.07,Bank Transfer,No Internet,1,5.0,0,Yes
100536,Male,50.0,Bethlehem,1,Month-to-Month,85.44,83.01,Credit Card,Fiber Optic,0,4.0,1,Yes
100537,Male,18.0,Nablus,53,Month-to-Month,92.68,5022.42,Bank Transfer,Fiber Optic,1,4.0,2,No
100538,Female,41.0,Jericho,3,Month-to-Month,72.98,208.84,Credit Card,DSL,1,4.0,0,No
100539,Male,38.0,Tulkarm,35,Month-to-Month,91.62,3377.4,PayPal,No Internet,2,3.0,0,Yes
100540,Female,50.0,Hebron,69,Month-to-Month,74.65,4946.73,Cash,DSL,2,4.0,0,No
100541,Male,18.0,Ramallah,3,Month-to-Month,88.84,268.47,Credit Card,No Internet,2,3.0,1,No
100542,Male,26.0,Ramallah,1,Two Year,89.62,89.81,Bank Transfer,No Internet,1,4.0,1,No
100543,Female,74.0,Ramallah,69,Month-to-Month,46.41,3419.4,Bank Transfer,No Internet,0,4.0,0,No
100544,Female,32.0,Ramallah,41,Month-to-Month,101.86,3936.1,,No Internet,1,4.0,0,No
100545,Female,18.0,Rafah,49,One Year,87.52,4481.08,Credit Card,DSL,4,3.0,1,No
100546,Female,36.0,Jenin,12,Month-to-Month,94.16,1120.75,Credit Card,No Internet,1,3.0,0,No
100547,Female,41.0,Ramallah,43,Month-to-Month,78.3,3588.96,PayPal,DSL,2,3.0,0,No
100548,Female,57.0,Nablus,15,Two Year,95.98,1365.38,PayPal,No Internet,3,4.0,1,No
100549,Male,41.0,Rafah,57,One Year,57.84,3191.08,Credit Card,Fiber Optic,5,3.0,2,No
100550,Male,35.0,Nablus,3,Month-to-Month,62.53,188.03,Bank Transfer,Fiber Optic,1,2.0,0,No
100551,Male,18.0,Khan Yunis,51,Two Year,60.84,2914.38,Credit Card,DSL,0,4.0,0,No
100552,Female,48.0,Gaza,69,One Year,78.42,5291.11,PayPal,No Internet,3,3.0,0,No
100553,Male,41.0,Gaza,55,Month-to-Month,99.11,5808.83,Credit Card,DSL,1,4.0,3,No
100554,Female,43.0,Jenin,52,,49.02,,Bank Transfer,Fiber Optic,0,4.0,1,No
100555,Female,28.0,Ramallah,8,Month-to-Month,90.35,725.71,Credit Card,DSL,2,3.0,3,No
100556,Female,47.0,Hebron,60,Month-to-Month,55.97,3535.48,Credit Card,Fiber Optic,3,4.0,2,Yes
100557,Male,21.0,Rafah,26,Month-to-Month,112.64,3022.89,Credit Card,DSL,0,4.0,1,No
100558,Female,39.0,Nablus,48,One Year,122.54,5642.71,PayPal,Fiber Optic,4,3.0,2,No
100559,Male,21.0,Rafah,70,Month-to-Month,71.5,5349.29,Credit Card,DSL,4,5.0,0,No
100560,Female,21.0,Jericho,55,Month-to-Month,70.72,3630.84,Credit Card,Fiber Optic,1,4.0,2,No
100561,Male,18.0,Bethlehem,59,One Year,44.13,2665.34,PayPal,No Internet,1,4.0,1,No
100562,Female,49.0,Khan Yunis,69,Month-to-Month,50.93,3461.82,PayPal,No Internet,1,3.0,1,Yes
100563,Male,39.0,Rafah,24,One Year,111.78,2644.57,Bank Transfer,Fiber Optic,2,3.0,0,No
100564,Male,22.0,Khan Yunis,66,Month-to-Month,43.82,2681.51,Cash,Fiber Optic,2,4.0,0,No
100565,Male,55.0,Hebron,67,Two Year,94.72,6695.73,Cash,Fiber Optic,1,4.0,0,No
100566,Female,39.0,Hebron,44,Month-to-Month,46.54,1978.68,Cash,No Internet,3,4.0,3,Yes
100567,Male,43.0,Nablus,11,Month-to-Month,81.85,900.73,PayPal,No Internet,2,2.0,2,No
100568,Female,50.0,Khan Yunis,27,Month-to-Month,48.86,1358.15,PayPal,Fiber Optic,3,3.0,1,No
100569,Female,38.0,Nablus,2,One Year,56.92,115.8,PayPal,Fiber Optic,3,4.0,0,No
100570,Male,42.0,Nablus,100,Month-to-Month,58.11,276.91,Credit Card,DSL,2,4.0,0,No
100571,Female,41.0,Jenin,33,Two Year,78.47,2737.07,PayPal,No Internet,1,2.0,1,No
100572,Male,46.0,Ramallah,9,Month-to-Month,65.74,629.8,Bank Transfer,DSL,0,4.0,0,No
100573,Female,40.0,Gaza,15,Month-to-Month,,1357.03,PayPal,DSL,3,2.0,2,No
100574,Female,45.0,Jenin,23,One Year,53.98,1213.48,Bank Transfer,Fiber Optic,2,1.0,0,Yes
100575,Female,33.0,Jenin,20,Month-to-Month,108.41,2187.0,PayPal,No Internet,2,4.0,0,No
100576,Male,47.0,,54,One Year,78.44,4540.25,Bank Transfer,No Internet,2,3.0,1,No
100577,Female,33.0,Tulkarm,16,Month-to-Month,71.25,1148.05,Credit Card,Fiber Optic,1,2.0,0,No
100578,Female,18.0,Rafah,21,Month-to-Month,93.48,1870.73,Bank Transfer,Fiber Optic,2,5.0,0,No
100579,Female,35.0,Khan Yunis,53,Month-to-Month,73.58,4119.71,PayPal,Fiber Optic,3,3.0,1,No
100580,Male,42.0,Ramallah,46,One Year,68.81,3030.73,Cash,Fiber Optic,2,4.0,0,No
100581,Female,18.0,Gaza,58,Two Year,73.43,4376.19,Bank Transfer,No Internet,3,4.0,2,No
100582,Female,46.0,Khan Yunis,19,Month-to-Month,90.49,1586.72,PayPal,No Internet,1,3.0,1,No
100583,Male,39.0,Bethlehem,15,Two Year,109.93,1775.88,PayPal,No Internet,0,4.0,2,No
100584,Female,31.0,Jericho,18,Month-to-Month,83.52,1513.03,Bank Transfer,DSL,1,4.0,1,No
100585,Male,47.0,Jenin,53,Month-to-Month,76.06,4304.12,Credit Card,DSL,2,5.0,2,No
100586,Male,20.0,Hebron,35,Month-to-Month,69.03,2243.84,Cash,No Internet,0,4.0,0,No
100587,Male,32.0,Gaza,43,Month-to-Month,28.87,1145.21,PayPal,Fiber Optic,3,4.0,1,No
100588,Male,29.0,Hebron,27,One Year,68.9,1962.15,Bank Transfer,No Internet,1,3.0,3,No
100589,Female,30.0,Tulkarm,57,One Year,78.03,4637.91,PayPal,DSL,0,4.0,2,No
100590,Female,38.0,Khan Yunis,24,Month-to-Month,94.85,2300.34,PayPal,No Internet,3,4.0,1,No
100591,Female,18.0,,26,Month-to-Month,84.52,2058.92,Bank Transfer,DSL,1,3.0,0,No
100592,Female,27.0,Jenin,4,One Year,82.59,304.14,Bank Transfer,DSL,0,1.0,0,No
100593,Female,61.0,Hebron,20,Month-to-Month,64.24,1227.46,Cash,No Internet,2,2.0,0,No
100594,Female,39.0,Bethlehem,41,One Year,119.16,4758.52,Cash,No Internet,1,2.0,1,No
100595,Female,37.0,Jenin,63,Month-to-Month,64.22,4021.29,PayPal,DSL,5,3.0,0,No
100596,Male,33.0,Bethlehem,2,Month-to-Month,97.02,189.84,Cash,No Internet,1,2.0,1,Yes
100597,Female,49.0,Khan Yunis,6,One Year,87.22,562.39,Bank Transfer,Fiber Optic,3,3.0,2,No
100598,Male,24.0,Jenin,35,Two Year,71.21,2358.21,Credit Card,DSL,5,3.0,1,No
100599,Male,36.0,Bethlehem,8,Month-to-Month,23.19,178.68,Credit Card,Fiber Optic,3,2.0,1,No
100600,Female,42.0,Tulkarm,21,Month-to-Month,71.32,1483.9,Bank Transfer,DSL,1,3.0,2,No
100601,Male,29.0,Rafah,67,Month-to-Month,94.5,6251.99,Credit Card,No Internet,2,4.0,0,No
100602,Male,58.0,Rafah,30,One Year,63.05,1865.51,Cash,No Internet,1,4.0,2,No
100603,Female,41.0,Tulkarm,56,Month-to-Month,114.96,6509.07,Credit Card,Fiber Optic,0,4.0,1,No
100604,Female,18.0,Jericho,55,Month-to-Month,126.05,6936.65,PayPal,Fiber Optic,3,4.0,1,No
100605,Male,54.0,Rafah,33,Month-to-Month,87.28,2991.44,Bank Transfer,No Internet,3,4.0,0,No
100606,Male,42.0,Gaza,28,Two Year,97.54,2789.57,PayPal,DSL,6,5.0,1,No
100607,Male,50.0,Rafah,42,Month-to-Month,123.96,5225.24,Credit Card,Fiber Optic,4,2.0,3,No
100608,Female,38.0,Tulkarm,31,One Year,66.17,2187.61,PayPal,DSL,2,1.0,0,No
100609,Female,22.0,Gaza,18,Month-to-Month,58.66,1070.54,Bank Transfer,No Internet,1,4.0,0,No
100610,Male,42.0,Hebron,16,Month-to-Month,62.34,1005.85,Bank Transfer,DSL,2,4.0,3,No
100611,Female,58.0,Ramallah,9,Month-to-Month,100.76,979.31,Credit Card,Fiber Optic,2,4.0,0,No
100612,Female,24.0,Tulkarm,54,Month-to-Month,124.07,6807.63,Cash,DSL,1,3.0,0,No
100613,Male,32.0,Ramallah,61,Two Year,62.51,4003.13,PayPal,Fiber Optic,1,3.0,2,No
100614,Male,39.0,Hebron,59,Month-to-Month,58.2,3573.22,Credit Card,No Internet,3,5.0,1,No
100615,Male,47.0,Tulkarm,17,Month-to-Month,76.89,1332.77,Bank Transfer,No Internet,0,2.0,1,Yes
100616,Male,47.0,Nablus,48,One Year,74.69,3521.26,Credit Card,Fiber Optic,2,2.0,0,No
100617,Female,49.0,Nablus,21,One Year,66.87,1467.29,Bank Transfer,DSL,0,2.0,0,No
100618,Male,35.0,Jenin,12,One Year,74.64,853.64,PayPal,No Internet,2,4.0,0,No
100619,Male,36.0,Tulkarm,12,Month-to-Month,84.14,1083.96,Credit Card,No Internet,2,4.0,2,No
100620,Male,47.0,Nablus,21,One Year,81.82,1828.63,PayPal,Fiber Optic,0,4.0,1,No
100621,Male,54.0,Bethlehem,70,One Year,94.95,6641.0,PayPal,DSL,3,2.0,2,No
100622,Male,40.0,Rafah,-2,Month-to-Month,54.06,298.85,Bank Transfer,Fiber Optic,1,5.0,0,No
100623,Male,47.0,Jericho,31,Month-to-Month,62.41,1958.53,PayPal,Fiber Optic,3,3.0,0,No
100624,Male,33.0,Nablus,21,Two Year,50.12,1123.26,Bank Transfer,No Internet,2,4.0,1,No
100625,Female,33.0,Jenin,29,Month-to-Month,101.01,2915.56,PayPal,Fiber Optic,3,1.0,1,No
100626,Male,36.0,Jenin,24,Month-to-Month,110.97,2640.42,Bank Transfer,No Internet,3,4.0,1,Yes
100627,Male,41.0,Gaza,57,Month-to-Month,20.0,1159.23,Credit Card,Fiber Optic,4,5.0,0,No
100628,Female,41.0,Rafah,50,One Year,64.54,3219.29,Bank Transfer,No Internet,2,3.0,1,No
100629,Male,26.0,Nablus,65,Month-to-Month,64.28,4289.02,PayPal,DSL,4,4.0,0,No
100630,Female,67.0,Rafah,24,Two Year,84.79,2099.25,PayPal,No Internet,2,4.0,1,No
100631,Male,21.0,Gaza,56,Two Year,60.0,3187.07,Cash,Fiber Optic,4,2.0,1,No
100632,Female,32.0,Ramallah,26,Month-to-Month,37.93,1032.88,PayPal,DSL,1,3.0,2,No
100633,Male,54.0,Rafah,21,One Year,55.87,1144.29,PayPal,Fiber Optic,1,5.0,0,No
100634,Male,31.0,Jenin,24,Two Year,93.35,2330.86,Bank Transfer,Fiber Optic,4,4.0,0,No
100635,Male,34.0,Bethlehem,35,One Year,102.83,3624.09,Credit Card,DSL,0,2.0,1,No
100636,Female,47.0,Tulkarm,32,One Year,48.01,1506.57,Cash,No Internet,3,5.0,1,No
100637,Male,44.0,Ramallah,9,Two Year,102.28,896.84,PayPal,DSL,2,3.0,0,No
100638,Female,18.0,Bethlehem,18,Two Year,72.87,1222.58,Cash,DSL,3,4.0,1,No
100639,Male,29.0,Khan Yunis,37,Two Year,76.95,2621.25,PayPal,DSL,1,3.0,2,No
100640,Female,38.0,Jericho,4,One Year,70.61,288.73,PayPal,Fiber Optic,2,4.0,2,Yes
100641,Male,47.0,Rafah,10,Two Year,34.76,,Credit Card,Fiber Optic,2,3.0,0,No
100642,Male,42.0,Nablus,63,Month-to-Month,104.83,6625.55,Bank Transfer,No Internet,1,5.0,1,Yes
100643,Female,60.0,Bethlehem,8,One Year,56.38,468.13,Bank Transfer,Fiber Optic,2,3.0,1,No
100644,Female,42.0,Khan Yunis,39,One Year,74.38,3104.44,PayPal,No Internet,2,4.0,0,No
100645,Male,43.0,Nablus,48,One Year,25.04,1238.14,Cash,Fiber Optic,1,5.0,0,No
100646,Female,27.0,Khan Yunis,23,Month-to-Month,53.55,1224.62,Bank Transfer,No Internet,1,3.0,1,No
100647,Female,34.0,Ramallah,64,Month-to-Month,91.07,5374.16,PayPal,Fiber Optic,2,4.0,1,No
100648,Male,37.0,Tulkarm,37,Month-to-Month,111.05,4392.94,Cash,DSL,0,4.0,2,No
100649,Female,46.0,Nablus,22,Two Year,90.22,2121.89,PayPal,Fiber Optic,1,3.0,1,No
100650,Male,39.0,Rafah,8,Two Year,52.89,428.92,PayPal,No Internet,2,2.0,0,No
100651,Female,51.0,Gaza,57,One Year,99.12,5970.82,Credit Card,No Internet,3,4.0,1,No
100652,Female,18.0,Khan Yunis,19,Two Year,45.45,920.14,Cash,No Internet,1,2.0,0,No
100653,Male,49.0,Nablus,71,One Year,27.68,1834.13,PayPal,No Internet,1,4.0,2,No
100654,Female,19.0,Tulkarm,72,One Year,103.76,7894.41,Cash,DSL,2,3.0,1,No
100655,Female,28.0,Rafah,47,Month-to-Month,50.51,2185.44,Cash,Fiber Optic,4,3.0,2,No
100656,Female,28.0,Khan Yunis,63,Month-to-Month,30.65,2055.56,Bank Transfer,No Internet,5,3.0,0,No
100657,Male,54.0,Hebron,37,One Year,44.12,1723.99,Cash,No Internet,3,5.0,2,No
100658,Male,40.0,Ramallah,4,One Year,100.84,432.25,Bank Transfer,No Internet,3,2.0,0,No
100659,Female,36.0,Jericho,58,Month-to-Month,25.92,1400.5,PayPal,No Internet,3,5.0,0,No
100660,Female,47.0,Tulkarm,62,One Year,66.1,4307.63,Credit Card,No Internet,2,3.0,1,No
100661,Male,38.0,Gaza,16,Month-to-Month,47.58,818.4,Cash,DSL,1,5.0,1,No
100662,Female,61.0,Jenin,45,One Year,57.22,2548.55,Cash,Fiber Optic,2,5.0,1,No
100663,Male,18.0,Bethlehem,62,One Year,87.79,5474.86,PayPal,Fiber Optic,0,4.0,0,No
100664,Male,32.0,Khan Yunis,55,One Year,96.04,5154.38,PayPal,Fiber Optic,0,4.0,1,No
100665,Female,,Gaza,3,Month-to-Month,119.98,379.02,PayPal,DSL,3,4.0,0,No
100666,Female,30.0,Khan Yunis,15,Month-to-Month,105.6,1661.53,Credit Card,Fiber Optic,1,3.0,0,No
100667,Female,28.0,Hebron,39,One Year,113.73,4721.14,Bank Transfer,No Internet,0,4.0,0,No
100668,Male,48.0,Jenin,18,One Year,53.76,980.96,PayPal,Fiber Optic,4,2.0,2,No
100669,Male,51.0,Khan Yunis,12,Two Year,90.02,1112.77,Credit Card,DSL,1,2.0,1,Yes
100670,Female,,Ramallah,25,Month-to-Month,90.43,2244.52,Cash,No Internet,2,4.0,1,No
100671,Female,37.0,Ramallah,1,Two Year,50.97,50.45,Credit Card,Fiber Optic,0,1.0,0,Yes
100672,Female,28.0,Rafah,15,Two Year,127.44,1890.94,Bank Transfer,Fiber Optic,0,3.0,1,No
100673,Male,24.0,,68,One Year,70.63,4443.93,Credit Card,No Internet,1,3.0,1,No
100674,Female,47.0,Nablus,15,Month-to-Month,137.57,2000.69,Bank Transfer,Fiber Optic,0,3.0,2,No
100675,Female,38.0,Bethlehem,47,Two Year,85.24,4300.52,Bank Transfer,Fiber Optic,0,3.0,0,No
100676,Female,20.0,Khan Yunis,31,Two Year,92.17,2701.13,Credit Card,Fiber Optic,4,4.0,0,No
100677,Male,30.0,Gaza,56,One Year,47.39,2769.71,Bank Transfer,DSL,0,2.0,1,No
100678,Female,58.0,Jenin,51,Two Year,73.93,3639.32,Bank Transfer,Fiber Optic,2,4.0,0,No
100679,Female,36.0,Khan Yunis,72,Two Year,51.5,3972.47,PayPal,DSL,4,4.0,0,No
100680,Male,43.0,Bethlehem,52,Month-to-Month,63.25,3187.01,Credit Card,Fiber Optic,0,3.0,2,No
100681,Male,39.0,Nablus,28,Month-to-Month,94.66,2705.28,Cash,No Internet,2,3.0,2,No
100682,Female,52.0,Nablus,53,One Year,100.31,5212.95,Cash,No Internet,2,4.0,0,No
100683,Female,38.0,Nablus,24,Two Year,81.23,1921.31,Cash,Fiber Optic,2,3.0,0,No
100684,Male,48.0,Nablus,25,Month-to-Month,92.91,2202.49,Credit Card,Fiber Optic,3,5.0,1,No
100685,Male,18.0,Jenin,3,One Year,47.89,153.65,PayPal,DSL,4,4.0,1,No
100686,Female,31.0,Gaza,71,Month-to-Month,56.55,4319.16,PayPal,No Internet,5,3.0,2,No
100687,Male,35.0,Jericho,13,Month-to-Month,65.0,837.21,Credit Card,No Internet,3,3.0,2,Yes
100688,Male,39.0,Jenin,31,Two Year,59.9,1953.59,Bank Transfer,No Internet,1,5.0,1,No
100689,Female,49.0,Tulkarm,39,Month-to-Month,71.66,2590.78,PayPal,No Internet,5,4.0,1,No
100690,Male,33.0,Ramallah,11,Month-to-Month,118.05,1204.76,PayPal,No Internet,2,3.0,0,Yes
100691,Female,41.0,Bethlehem,47,Month-to-Month,54.78,2731.61,Credit Card,No Internet,3,5.0,0,No
100692,Male,55.0,Gaza,57,Two Year,77.76,4191.71,PayPal,No Internet,3,3.0,1,No
100693,Male,26.0,Bethlehem,3,One Year,73.87,235.36,Cash,DSL,2,2.0,1,Yes
100694,Male,32.0,Ramallah,68,Two Year,96.33,6362.56,Cash,Fiber Optic,1,2.0,1,No
100695,Male,42.0,Ramallah,17,One Year,37.72,599.98,Credit Card,No Internet,2,5.0,1,No
100696,Female,58.0,Nablus,53,Month-to-Month,127.97,6619.42,Bank Transfer,Fiber Optic,0,5.0,3,No
100697,Female,39.0,Bethlehem,17,Month-to-Month,31.32,532.12,Cash,No Internet,4,3.0,0,No
100698,Male,22.0,Hebron,19,One Year,79.21,1474.46,Bank Transfer,DSL,4,3.0,1,No
100699,Female,54.0,Jericho,61,Month-to-Month,76.2,4498.01,Cash,No Internet,0,5.0,1,No
100700,Female,18.0,Ramallah,67,One Year,58.58,3974.95,Credit Card,DSL,1,4.0,2,No
100701,Female,44.0,Jenin,31,Month-to-Month,60.08,1731.84,Bank Transfer,Fiber Optic,1,2.0,2,No
100702,Female,24.0,Rafah,50,One Year,95.51,4772.21,PayPal,DSL,1,4.0,1,No
100703,Male,73.0,Ramallah,55,One Year,26.32,1376.49,Credit Card,DSL,2,3.0,1,No
100704,Male,42.0,Jenin,69,Two Year,52.53,3760.41,Credit Card,No Internet,1,5.0,0,No
100705,Male,72.0,Jericho,47,Month-to-Month,83.45,4137.37,PayPal,No Internet,1,4.0,1,Yes
100706,Female,53.0,Khan Yunis,33,Month-to-Month,76.61,2633.55,PayPal,No Internet,0,4.0,2,Yes
100707,Male,44.0,Jericho,68,One Year,54.56,3653.51,Bank Transfer,Fiber Optic,2,4.0,3,No
100708,Female,29.0,Bethlehem,49,Month-to-Month,54.15,2564.8,Credit Card,No Internet,2,4.0,3,No
100709,Male,50.0,Khan Yunis,69,Month-to-Month,20.0,1300.12,Cash,DSL,2,4.0,2,No
100710,Male,36.0,Rafah,13,Month-to-Month,20.0,,Bank Transfer,Fiber Optic,4,2.0,0,No
100711,Male,25.0,Jenin,18,Month-to-Month,86.91,1637.57,Bank Transfer,Fiber Optic,4,2.0,1,No
100712,Female,48.0,Tulkarm,39,Month-to-Month,48.03,1808.81,PayPal,DSL,5,5.0,0,No
100713,Female,44.0,Nablus,12,Two Year,94.98,1202.85,Bank Transfer,No Internet,5,4.0,1,Yes
100714,Male,18.0,Tulkarm,21,Month-to-Month,61.97,1343.28,PayPal,DSL,0,5.0,0,No
100715,Male,39.0,Khan Yunis,39,One Year,87.31,3262.58,Bank Transfer,DSL,4,3.0,2,No
100716,Female,40.0,Bethlehem,51,Two Year,90.15,4401.27,Bank Transfer,DSL,3,4.0,0,No
100717,Male,64.0,Khan Yunis,37,One Year,83.45,3022.03,Cash,DSL,3,3.0,1,No
100718,Female,23.0,Hebron,10,Month-to-Month,78.5,801.38,Cash,Fiber Optic,1,3.0,0,Yes
100719,Male,48.0,Hebron,19,Month-to-Month,77.36,1397.41,PayPal,DSL,3,2.0,0,No
100720,Female,45.0,Rafah,18,One Year,93.84,1638.46,Cash,No Internet,4,4.0,1,No
100721,Male,31.0,Hebron,18,Month-to-Month,80.86,1348.14,Credit Card,Fiber Optic,4,4.0,2,No
100722,Male,32.0,Jericho,64,One Year,78.65,5179.41,Cash,Fiber Optic,2,3.0,0,No
100723,Female,55.0,Jericho,56,Month-to-Month,71.32,3883.13,Credit Card,No Internet,4,4.0,2,No
100724,Male,31.0,Hebron,54,One Year,78.84,4352.86,PayPal,No Internet,2,4.0,0,No
100725,Male,29.0,Hebron,49,Two Year,96.56,4408.37,PayPal,No Internet,0,2.0,0,No
100726,Male,46.0,Jericho,12,Month-to-Month,93.21,1144.08,Bank Transfer,Fiber Optic,4,2.0,2,No
100727,Female,,Jericho,66,One Year,67.58,4798.77,Credit Card,Fiber Optic,1,5.0,0,No
100728,Male,39.0,Hebron,10,Month-to-Month,83.27,848.01,PayPal,Fiber Optic,2,3.0,0,Yes
100729,Male,48.0,Khan Yunis,67,One Year,79.5,5651.29,Credit Card,Fiber Optic,2,3.0,1,No
100730,Male,46.0,Tulkarm,15,Month-to-Month,37.29,523.55,PayPal,DSL,0,4.0,2,Yes
100731,Female,25.0,Hebron,14,Two Year,99.52,1302.32,PayPal,DSL,1,4.0,1,No
100732,Male,30.0,Tulkarm,46,Month-to-Month,28.05,1390.54,Cash,DSL,1,3.0,1,No
100733,Male,49.0,Jenin,50,Month-to-Month,44.66,2204.97,PayPal,DSL,0,3.0,2,No
100734,Male,101.0,Jericho,60,Month-to-Month,120.73,6906.13,Credit Card,No Internet,1,4.0,0,No
100735,Female,41.0,Tulkarm,28,Month-to-Month,45.57,1264.68,Bank Transfer,Fiber Optic,1,4.0,2,No
100736,Female,56.0,Jenin,38,Month-to-Month,69.34,2589.19,PayPal,No Internet,2,3.0,2,No
100737,Female,41.0,Hebron,60,Month-to-Month,111.82,7164.08,PayPal,No Internet,3,4.0,1,No
100738,Female,48.0,Khan Yunis,71,One Year,54.64,4098.2,PayPal,DSL,4,3.0,1,No
100739,Female,18.0,Ramallah,13,Two Year,76.59,1031.85,Credit Card,No Internet,1,3.0,1,No
100740,Male,32.0,Nablus,16,Month-to-Month,59.61,913.97,Cash,No Internet,3,5.0,2,No
100741,Male,39.0,Ramallah,60,Month-to-Month,20.0,1225.16,PayPal,No Internet,2,2.0,1,No
100742,Male,39.0,Rafah,71,Month-to-Month,90.28,6108.57,PayPal,Fiber Optic,4,3.0,1,Yes
100743,Male,21.0,Jericho,38,Month-to-Month,126.96,5002.02,Credit Card,No Internet,3,4.0,1,No
100744,Female,44.0,Jericho,51,Month-to-Month,54.99,2955.51,Credit Card,Fiber Optic,1,2.0,1,No
100745,Male,48.0,Khan Yunis,37,One Year,30.1,1034.46,Bank Transfer,Fiber Optic,1,2.0,0,No
100746,Male,19.0,Jericho,32,Month-to-Month,100.56,3346.2,Cash,No Internet,1,5.0,1,No
100747,Male,45.0,Ramallah,40,Month-to-Month,77.21,2868.04,Credit Card,DSL,3,4.0,0,No
100748,Female,67.0,Tulkarm,31,One Year,28.46,822.29,Cash,No Internet,3,3.0,1,No
100749,Male,49.0,Khan Yunis,45,Month-to-Month,104.98,4549.59,Bank Transfer,No Internet,2,3.0,2,No
100750,Female,33.0,Bethlehem,47,Two Year,107.11,4718.49,Bank Transfer,Fiber Optic,4,5.0,2,No
100751,Female,33.0,Jericho,71,One Year,53.68,4026.75,Credit Card,DSL,0,4.0,1,No
100752,Male,43.0,Khan Yunis,14,Month-to-Month,87.38,1166.47,Bank Transfer,DSL,3,5.0,1,No
100753,Female,49.0,Khan Yunis,17,Two Year,49.91,862.45,Bank Transfer,No Internet,3,3.0,1,No
100754,Female,65.0,Hebron,71,Month-to-Month,83.96,6054.92,Bank Transfer,DSL,1,3.0,1,No
100755,Male,24.0,Rafah,5,One Year,91.1,420.44,Credit Card,DSL,1,4.0,0,No
100756,Male,25.0,Hebron,41,Month-to-Month,30.86,1252.84,Bank Transfer,DSL,2,2.0,0,No
100757,Male,48.0,Jenin,10,Two Year,97.96,1051.87,Cash,DSL,2,3.0,3,No
100758,Female,21.0,Nablus,25,Month-to-Month,93.26,2403.69,Cash,DSL,2,3.0,2,No
100759,Female,50.0,Ramallah,27,Month-to-Month,79.03,2237.35,Cash,DSL,3,3.0,0,No
100760,Male,51.0,Jenin,23,One Year,51.02,1230.93,Cash,Fiber Optic,3,4.0,1,No
100761,Female,18.0,Ramallah,63,Month-to-Month,85.35,5340.0,Credit Card,Fiber Optic,2,4.0,0,No
100762,Female,42.0,Jericho,47,Two Year,63.81,3196.6,Credit Card,No Internet,1,4.0,1,No
100763,Female,30.0,Jericho,63,Two Year,64.19,4129.23,Bank Transfer,DSL,1,5.0,1,No
100764,Female,38.0,Rafah,49,Two Year,66.43,3167.16,Cash,No Internet,2,3.0,0,No
100765,Male,41.0,Gaza,41,Month-to-Month,90.61,3502.12,PayPal,DSL,2,2.0,0,No
100766,Female,35.0,Tulkarm,36,Two Year,70.3,2543.88,Cash,DSL,3,4.0,2,Yes
100767,Female,39.0,Bethlehem,3,Two Year,126.45,379.04,Credit Card,Fiber Optic,3,2.0,2,No
100768,Male,49.0,Bethlehem,14,One Year,93.87,1364.71,Bank Transfer,No Internet,0,1.0,1,No
100769,Female,36.0,Hebron,19,Two Year,77.92,1362.1,Bank Transfer,DSL,2,2.0,1,No
100770,Male,34.0,Rafah,9,Two Year,87.61,812.58,PayPal,Fiber Optic,3,4.0,0,No
100771,Female,19.0,Tulkarm,27,Month-to-Month,58.7,1691.68,Bank Transfer,DSL,4,3.0,0,No
100772,Male,24.0,Nablus,51,Month-to-Month,54.45,2941.31,Bank Transfer,Fiber Optic,1,3.0,1,Yes
100773,Male,63.0,Ramallah,70,One Year,108.82,7466.65,Cash,DSL,1,3.0,1,No
100774,Female,32.0,Ramallah,19,One Year,71.25,1442.5,Bank Transfer,DSL,0,4.0,3,No
100775,Male,23.0,Tulkarm,1,Month-to-Month,94.6,87.13,Credit Card,No Internet,0,3.0,0,No
100776,Female,33.0,Rafah,61,Month-to-Month,60.11,3559.16,Credit Card,DSL,3,3.0,0,No
100777,Female,22.0,Khan Yunis,29,One Year,90.97,2598.56,Bank Transfer,DSL,1,5.0,1,No
100778,Male,34.0,Jericho,1,Month-to-Month,112.18,116.86,Cash,DSL,0,3.0,0,Yes
100779,Female,34.0,Rafah,37,Month-to-Month,82.2,2877.46,Credit Card,DSL,1,4.0,4,No
100780,Male,28.0,Ramallah,25,One Year,44.42,1163.26,Bank Transfer,DSL,1,3.0,1,No
100781,Male,20.0,Nablus,32,One Year,84.11,2478.49,Cash,DSL,0,3.0,0,No
100782,Female,54.0,Jenin,66,Month-to-Month,43.24,2989.82,PayPal,DSL,2,4.0,0,No
100783,Female,41.0,Jericho,28,Two Year,43.28,1150.46,PayPal,DSL,3,5.0,1,No
100784,Male,-5.0,Hebron,48,Month-to-Month,110.62,5023.92,Bank Transfer,No Internet,1,4.0,2,No
100785,Male,49.0,Tulkarm,56,One Year,28.56,1721.17,Credit Card,Fiber Optic,0,2.0,0,No
100786,Male,34.0,Gaza,11,Month-to-Month,95.18,978.85,PayPal,No Internet,0,5.0,3,No
100787,Female,34.0,Jericho,37,One Year,89.47,3420.92,Cash,Fiber Optic,2,4.0,2,No
100788,Female,32.0,Hebron,19,One Year,62.7,1231.65,Cash,No Internet,8,4.0,0,No
100789,Male,18.0,Khan Yunis,53,Month-to-Month,72.3,3808.98,Cash,Fiber Optic,4,5.0,2,No
100790,Female,46.0,Rafah,44,Month-to-Month,87.91,4074.83,PayPal,No Internet,0,4.0,0,No
100791,Male,38.0,Khan Yunis,12,Two Year,63.44,776.65,Cash,No Internet,5,4.0,0,No
100792,Female,51.0,Khan Yunis,41,One Year,108.12,4605.66,Bank Transfer,DSL,2,1.0,0,No
100793,Male,22.0,Rafah,30,Month-to-Month,49.08,1430.93,Bank Transfer,DSL,1,2.0,0,No
100794,Male,30.0,Gaza,49,Month-to-Month,78.46,3909.75,Cash,DSL,1,3.0,1,No
100795,Female,41.0,Rafah,6,Month-to-Month,28.42,180.07,Bank Transfer,Fiber Optic,2,4.0,0,No
100796,Male,33.0,Gaza,29,One Year,99.78,2869.77,Bank Transfer,Fiber Optic,1,1.0,0,No
100797,Female,41.0,Hebron,44,Month-to-Month,58.64,2693.86,Cash,No Internet,0,1.0,0,No
100798,Female,58.0,Hebron,3,One Year,85.27,235.41,Bank Transfer,Fiber Optic,2,4.0,2,No
100799,Female,25.0,Jenin,1,Month-to-Month,20.0,20.79,Bank Transfer,DSL,1,3.0,2,No
100800,Male,39.0,Jenin,61,Month-to-Month,58.68,3657.49,Credit Card,No Internet,3,4.0,0,Yes
100801,Female,35.0,Hebron,55,Month-to-Month,54.97,3090.46,Bank Transfer,Fiber Optic,2,4.0,2,No
100802,Male,50.0,Ramallah,6,Month-to-Month,35.99,222.06,Credit Card,DSL,0,4.0,0,No
100803,Male,45.0,Hebron,22,Month-to-Month,107.88,2535.81,Credit Card,Fiber Optic,1,5.0,0,No
100804,Female,41.0,Jenin,44,Month-to-Month,82.73,3897.05,PayPal,DSL,1,3.0,0,No
100805,Female,39.0,Nablus,27,Month-to-Month,50.77,1451.75,Cash,Fiber Optic,1,2.0,0,No
100806,Female,66.0,Ramallah,59,Month-to-Month,101.51,6331.37,Cash,DSL,1,3.0,0,No
100807,Male,52.0,Hebron,39,One Year,46.75,1801.78,PayPal,DSL,5,3.0,0,No
100808,Male,33.0,Rafah,4,Month-to-Month,75.81,287.55,Credit Card,No Internet,3,2.0,1,No
100809,Female,42.0,Jenin,14,One Year,73.11,1005.22,Bank Transfer,Fiber Optic,5,4.0,2,No
100810,Male,42.0,Jenin,21,One Year,57.46,1238.35,PayPal,No Internet,2,2.0,0,Yes
100811,Male,27.0,Hebron,52,Month-to-Month,82.26,4204.41,Credit Card,Fiber Optic,5,4.0,0,No
100812,Male,19.0,Jenin,2,One Year,55.09,105.17,Credit Card,DSL,2,2.0,0,No
100813,Male,51.0,Jericho,3,One Year,,201.98,PayPal,No Internet,4,4.0,2,Yes
100814,Male,42.0,Hebron,37,One Year,85.17,3314.28,Cash,DSL,0,5.0,0,No
100815,Male,38.0,Gaza,72,Month-to-Month,20.0,1534.7,Bank Transfer,No Internet,2,2.0,1,No
100816,Male,54.0,Ramallah,52,Month-to-Month,75.22,3938.07,PayPal,Fiber Optic,3,4.0,1,No
100817,Female,35.0,Rafah,35,Month-to-Month,88.44,2979.03,Cash,Fiber Optic,4,4.0,0,No
100818,Male,18.0,Jenin,37,One Year,116.82,4596.89,Credit Card,DSL,4,2.0,2,No
100819,Female,18.0,Hebron,16,One Year,74.49,1129.24,Cash,No Internet,1,4.0,3,No
100820,Female,37.0,,28,Month-to-Month,75.75,2152.88,Cash,Fiber Optic,1,3.0,1,No
100821,Female,22.0,Khan Yunis,28,One Year,95.68,2724.56,Bank Transfer,DSL,5,3.0,1,No
100822,Female,33.0,Ramallah,12,Month-to-Month,75.55,884.82,Credit Card,No Internet,0,2.0,0,No
100823,Male,18.0,Bethlehem,57,Two Year,106.78,6298.0,Credit Card,No Internet,3,4.0,1,No
100824,Male,45.0,Khan Yunis,19,Two Year,92.77,1731.19,PayPal,No Internet,4,3.0,0,No
100825,Female,48.0,,44,Month-to-Month,58.32,2433.09,Credit Card,Fiber Optic,1,5.0,0,No
100826,Male,27.0,Ramallah,64,One Year,96.13,5817.95,Credit Card,Fiber Optic,2,2.0,1,No
100827,Male,31.0,Jericho,46,Month-to-Month,59.17,2557.89,PayPal,No Internet,2,3.0,0,No
100828,Female,41.0,Gaza,64,Month-to-Month,54.03,3453.43,Bank Transfer,Fiber Optic,1,2.0,2,No
100829,Male,30.0,Rafah,47,One Year,78.71,3418.99,Credit Card,DSL,1,3.0,1,No
100830,Female,42.0,Bethlehem,47,One Year,32.94,1459.77,Credit Card,No Internet,1,3.0,1,No
100831,Male,54.0,Jenin,52,Month-to-Month,52.12,2573.61,Credit Card,Fiber Optic,2,3.0,0,Yes
100832,Male,34.0,Khan Yunis,16,Two Year,55.37,872.25,PayPal,Fiber Optic,0,3.0,0,No
100833,Male,61.0,Khan Yunis,66,Month-to-Month,20.0,1245.43,PayPal,No Internet,1,3.0,1,No
100834,Female,59.0,Rafah,20,Month-to-Month,83.21,1756.26,PayPal,Fiber Optic,2,3.0,0,No
100835,Female,22.0,Khan Yunis,44,Month-to-Month,107.5,4415.08,Bank Transfer,No Internet,2,4.0,0,No
100836,Female,52.0,Bethlehem,45,Month-to-Month,41.71,1819.53,Bank Transfer,No Internet,3,4.0,1,No
100837,Female,53.0,Tulkarm,30,,59.53,1679.08,PayPal,No Internet,2,5.0,0,No
100838,Male,39.0,Tulkarm,32,Month-to-Month,41.02,1233.74,Bank Transfer,DSL,0,3.0,2,No
100839,Female,64.0,Gaza,37,Two Year,77.96,2914.78,Credit Card,DSL,5,3.0,1,No
100840,Female,21.0,Gaza,35,One Year,107.74,4032.28,Bank Transfer,Fiber Optic,2,4.0,2,No
100841,Female,33.0,Khan Yunis,33,Month-to-Month,77.38,2524.47,Cash,Fiber Optic,1,4.0,0,No
100842,Male,23.0,Jenin,34,Month-to-Month,65.23,2096.51,Bank Transfer,No Internet,2,1.0,1,No
100843,Female,43.0,Nablus,4,Month-to-Month,89.82,335.36,PayPal,No Internet,5,5.0,2,No
100844,Female,68.0,Rafah,12,Two Year,20.0,226.85,Cash,DSL,2,5.0,0,No
100845,Male,44.0,Jericho,14,Two Year,73.6,962.48,Bank Transfer,Fiber Optic,1,4.0,2,No
100846,Male,35.0,Gaza,34,One Year,96.6,3134.69,Bank Transfer,DSL,2,3.0,0,No
100847,Male,49.0,Hebron,5,Two Year,34.26,166.44,Credit Card,No Internet,1,4.0,1,No
100848,Female,51.0,Khan Yunis,50,One Year,84.97,4035.59,Credit Card,DSL,2,4.0,3,No
100849,Male,57.0,Ramallah,22,One Year,36.17,773.94,Credit Card,No Internet,0,4.0,1,No
100850,Female,50.0,Jericho,28,One Year,108.55,3130.94,Credit Card,Fiber Optic,3,4.0,1,No
100851,Male,45.0,Ramallah,17,Month-to-Month,127.95,2197.01,Bank Transfer,Fiber Optic,3,3.0,2,No
100852,Female,49.0,Jenin,34,Month-to-Month,47.79,1736.0,Credit Card,DSL,2,4.0,0,No
100853,Male,32.0,Ramallah,17,Month-to-Month,69.5,1211.55,PayPal,No Internet,0,3.0,1,No
100854,Male,47.0,Khan Yunis,68,Month-to-Month,65.31,4344.37,Cash,Fiber Optic,2,5.0,1,No
100855,Female,26.0,Jericho,9,Month-to-Month,75.45,671.42,Credit Card,Fiber Optic,3,3.0,1,No
100856,Female,18.0,Hebron,9,One Year,33.92,320.87,Bank Transfer,DSL,0,3.0,1,No
100857,Female,47.0,Ramallah,55,One Year,88.02,5092.59,Bank Transfer,No Internet,2,3.0,4,Yes
100858,Male,43.0,Rafah,9,Two Year,70.99,661.24,Credit Card,Fiber Optic,2,4.0,0,No
100859,Male,45.0,Nablus,12,Month-to-Month,94.68,1182.5,Credit Card,Fiber Optic,1,4.0,1,No
100860,Female,27.0,Gaza,5,Two Year,64.92,344.01,Bank Transfer,No Internet,1,4.0,1,No
100861,Female,27.0,Gaza,60,One Year,113.88,6492.11,Bank Transfer,Fiber Optic,1,4.0,0,No
100862,Female,46.0,Khan Yunis,65,One Year,70.01,4596.17,PayPal,No Internet,2,4.0,2,No
100863,Male,33.0,Tulkarm,44,One Year,127.19,5816.75,Credit Card,DSL,4,3.0,2,No
100864,Female,18.0,Gaza,46,Month-to-Month,78.92,3635.06,PayPal,No Internet,4,2.0,2,No
100865,Female,63.0,Bethlehem,2,Two Year,125.67,236.31,Credit Card,Fiber Optic,1,5.0,1,Yes
100866,Female,41.0,Hebron,49,Month-to-Month,91.56,4284.71,PayPal,No Internet,1,3.0,0,No
100867,Female,45.0,Rafah,42,Two Year,68.57,3043.71,Credit Card,Fiber Optic,1,4.0,0,No
100868,Male,27.0,Gaza,15,Month-to-Month,58.92,912.38,Cash,No Internet,2,4.0,1,No
100869,Male,29.0,Gaza,62,Month-to-Month,72.11,4474.82,Bank Transfer,No Internet,3,5.0,2,No
100870,Male,51.0,Khan Yunis,36,Month-to-Month,69.31,2658.41,Bank Transfer,Fiber Optic,3,4.0,1,No
100871,Male,56.0,Khan Yunis,33,One Year,71.32,2367.44,Bank Transfer,Fiber Optic,0,3.0,0,No
100872,Male,50.0,Nablus,56,,135.65,7056.35,PayPal,No Internet,3,3.0,1,No
100873,Male,48.0,Tulkarm,40,Two Year,124.17,4927.28,Cash,No Internet,3,3.0,2,No
100874,Female,30.0,Rafah,60,Month-to-Month,50.54,3165.76,Cash,Fiber Optic,2,3.0,1,No
100875,Male,32.0,Ramallah,15,One Year,28.03,401.59,Bank Transfer,No Internet,2,3.0,2,No
100876,Male,53.0,Tulkarm,16,One Year,94.34,1407.95,Cash,No Internet,2,3.0,0,No
100877,Female,39.0,Nablus,38,Two Year,85.89,3302.28,Credit Card,Fiber Optic,5,4.0,2,No
100878,Male,64.0,Bethlehem,69,Month-to-Month,59.15,4084.72,PayPal,DSL,3,5.0,0,No
100879,Female,38.0,Ramallah,62,Month-to-Month,64.69,3859.89,Cash,Fiber Optic,1,3.0,0,No
100880,Female,56.0,Jericho,25,Month-to-Month,51.14,1378.57,Cash,No Internet,5,3.0,0,Yes
100881,Female,70.0,Nablus,3,,56.01,160.27,PayPal,Fiber Optic,4,4.0,1,No
100882,Female,41.0,Ramallah,2,Month-to-Month,76.46,148.63,PayPal,DSL,4,4.0,1,No
100883,Male,42.0,Gaza,16,Month-to-Month,108.43,1758.72,PayPal,Fiber Optic,2,1.0,1,Yes
100884,Male,46.0,Hebron,42,Two Year,0.0,2452.46,Cash,Fiber Optic,3,5.0,0,No
100885,Female,46.0,Jericho,32,Month-to-Month,49.22,1613.83,PayPal,No Internet,2,5.0,2,No
100886,Male,32.0,Tulkarm,7,Month-to-Month,78.19,504.25,PayPal,Fiber Optic,2,3.0,3,No
100887,Female,57.0,Tulkarm,27,One Year,48.1,1259.66,Credit Card,No Internet,2,4.0,1,No
100888,Male,35.0,Hebron,54,Month-to-Month,72.02,3906.27,PayPal,No Internet,2,2.0,1,No
100889,Male,47.0,Hebron,45,Month-to-Month,37.02,1548.49,Bank Transfer,DSL,1,5.0,2,No
100890,Female,43.0,Rafah,43,Month-to-Month,70.41,2785.86,Cash,DSL,2,2.0,0,No
100891,Male,48.0,Rafah,48,Month-to-Month,20.0,975.56,PayPal,Fiber Optic,1,3.0,1,No
100892,Male,24.0,Tulkarm,14,One Year,79.62,1071.21,PayPal,DSL,2,4.0,0,No
100893,Male,35.0,Rafah,25,Month-to-Month,61.47,1523.62,Credit Card,DSL,1,4.0,1,Yes
100894,Male,18.0,Nablus,30,Month-to-Month,67.7,1904.99,Credit Card,Fiber Optic,4,3.0,2,No
100895,Male,34.0,Khan Yunis,24,One Year,64.17,1523.47,PayPal,No Internet,0,4.0,0,No
100896,Male,68.0,Tulkarm,20,One Year,76.35,1518.27,PayPal,Fiber Optic,0,4.0,0,No
100897,Male,25.0,Ramallah,39,One Year,131.99,4756.74,Cash,Fiber Optic,0,3.0,4,No
100898,Female,40.0,Jenin,44,One Year,62.54,2764.72,PayPal,DSL,2,5.0,2,No
100899,Male,35.0,Hebron,62,One Year,73.4,4447.03,Credit Card,No Internet,3,2.0,2,No
100900,Female,33.0,Rafah,48,One Year,60.88,3056.22,Credit Card,No Internet,0,3.0,2,Yes
100901,Female,26.0,Rafah,60,Two Year,74.18,4683.47,PayPal,DSL,1,3.0,3,No
100902,Male,39.0,Khan Yunis,5,Month-to-Month,50.48,251.98,Bank Transfer,No Internet,4,5.0,2,No
100903,Male,36.0,Gaza,15,One Year,53.3,784.17,Cash,Fiber Optic,0,3.0,0,No
100904,Male,55.0,Gaza,30,Month-to-Month,51.66,1461.65,Bank Transfer,DSL,0,4.0,0,No
100905,Female,18.0,Ramallah,18,Two Year,57.2,1066.97,Cash,No Internet,3,3.0,1,Yes
100906,Male,28.0,Rafah,30,Month-to-Month,86.85,2415.36,Bank Transfer,Fiber Optic,2,3.0,1,No
100907,Female,45.0,Tulkarm,61,Month-to-Month,101.62,5854.24,Credit Card,DSL,0,3.0,0,No
100908,Female,37.0,Ramallah,28,Two Year,103.46,2794.33,Credit Card,No Internet,4,3.0,0,No
100909,Female,49.0,Khan Yunis,48,Two Year,70.05,3584.81,Cash,No Internet,3,4.0,4,No
100910,Male,50.0,Rafah,38,Month-to-Month,58.99,2177.66,Bank Transfer,DSL,0,4.0,1,Yes
100911,Female,18.0,Ramallah,44,One Year,43.7,2062.6,PayPal,No Internet,3,3.0,1,No
100912,Male,63.0,Jericho,24,One Year,69.88,1553.48,Cash,No Internet,2,3.0,2,No
100913,Male,27.0,Gaza,-2,Month-to-Month,99.13,4095.61,PayPal,No Internet,2,4.0,0,No
100914,Male,46.0,Jericho,30,One Year,77.69,2298.13,PayPal,DSL,2,3.0,1,No
100915,Male,46.0,Gaza,47,Month-to-Month,102.59,5009.59,Cash,No Internet,4,3.0,1,No
100916,Female,56.0,Jenin,33,Month-to-Month,78.55,2443.22,Bank Transfer,Fiber Optic,1,3.0,2,No
100917,Female,53.0,Jericho,9,Month-to-Month,50.49,471.42,Credit Card,Fiber Optic,1,5.0,0,No
100918,Female,41.0,Rafah,44,Month-to-Month,58.75,2435.43,Credit Card,No Internet,4,3.0,2,No
100919,Female,36.0,Khan Yunis,3,Month-to-Month,63.04,197.24,Bank Transfer,DSL,3,4.0,1,Yes
100920,Male,21.0,Khan Yunis,63,One Year,20.0,1314.12,Bank Transfer,No Internet,3,3.0,1,No
100921,Male,26.0,Hebron,68,One Year,88.57,5883.42,Bank Transfer,DSL,0,4.0,2,No
100922,Male,28.0,Bethlehem,72,Month-to-Month,97.44,7571.5,PayPal,No Internet,2,5.0,1,No
100923,Female,18.0,Ramallah,37,One Year,114.39,4233.87,Credit Card,DSL,3,3.0,0,No
100924,Male,34.0,Jenin,45,One Year,75.31,3644.6,PayPal,Fiber Optic,4,4.0,0,No
100925,Female,29.0,Jenin,68,Month-to-Month,30.94,2158.25,Cash,No Internet,2,3.0,0,No
100926,Male,47.0,Hebron,71,Month-to-Month,65.73,4800.13,Credit Card,DSL,2,5.0,0,Yes
100927,Male,48.0,Hebron,16,Month-to-Month,79.81,1321.67,Bank Transfer,DSL,2,4.0,0,No
100928,Female,48.0,Ramallah,13,One Year,79.72,1020.91,Credit Card,No Internet,3,3.0,2,No
100929,Male,43.0,Rafah,55,One Year,77.7,3985.31,PayPal,No Internet,2,5.0,2,No
100930,Female,18.0,Gaza,70,Two Year,92.21,6235.89,Credit Card,DSL,2,3.0,3,No
100931,Female,38.0,Gaza,58,Month-to-Month,31.94,1721.56,Bank Transfer,No Internet,1,4.0,0,Yes
100932,Male,57.0,Jenin,66,Two Year,54.44,3623.22,Bank Transfer,No Internet,4,3.0,1,No
100933,Male,31.0,Jenin,48,Month-to-Month,63.78,2827.85,Cash,Fiber Optic,3,4.0,3,No
100934,Male,25.0,Hebron,57,Month-to-Month,65.82,3734.66,Bank Transfer,No Internet,4,4.0,1,Yes
100935,Female,32.0,Jericho,58,Month-to-Month,32.98,2011.76,Cash,Fiber Optic,4,3.0,3,Yes
100936,Female,36.0,Khan Yunis,23,Month-to-Month,67.0,1642.99,PayPal,Fiber Optic,4,2.0,2,No
100937,Male,36.0,Nablus,50,Month-to-Month,89.74,4378.93,PayPal,Fiber Optic,2,1.0,0,No
100938,Female,50.0,Jericho,37,Month-to-Month,95.26,3342.79,Bank Transfer,DSL,5,4.0,0,No
100939,Male,58.0,Rafah,46,Month-to-Month,72.78,3403.23,Cash,Fiber Optic,1,3.0,3,No
100940,Female,46.0,Nablus,19,One Year,68.3,1315.02,PayPal,DSL,1,3.0,1,No
100941,Female,35.0,Rafah,17,One Year,108.26,1757.13,Cash,Fiber Optic,0,3.0,3,No
100942,Female,19.0,Bethlehem,37,Month-to-Month,46.87,1761.36,PayPal,Fiber Optic,5,4.0,0,No
100943,Female,52.0,Rafah,46,One Year,76.0,3350.64,PayPal,Fiber Optic,0,1.0,0,No
100944,Female,35.0,Rafah,26,Month-to-Month,63.57,1673.81,Cash,DSL,3,2.0,0,Yes
100945,Male,51.0,Khan Yunis,22,One Year,75.89,1741.7,Credit Card,DSL,4,2.0,0,No
100946,Female,39.0,Khan Yunis,65,One Year,102.73,6581.13,Credit Card,DSL,1,4.0,2,No
100947,Female,37.0,Hebron,24,One Year,65.33,1595.15,Cash,No Internet,3,3.0,1,No
100948,Male,33.0,Bethlehem,16,Month-to-Month,120.58,1792.48,Cash,No Internet,6,3.0,0,No
100949,Female,20.0,Jericho,2,One Year,108.8,226.56,Bank Transfer,No Internet,2,5.0,2,No
100950,Male,29.0,Jericho,52,One Year,57.57,3009.09,PayPal,Fiber Optic,4,2.0,0,No
100951,Male,,Rafah,23,One Year,79.59,1834.06,Cash,DSL,2,3.0,0,No
100952,Male,26.0,Jericho,45,Two Year,62.4,2625.69,PayPal,DSL,0,4.0,1,No
100953,Male,28.0,Hebron,40,Month-to-Month,101.99,4299.79,Cash,No Internet,0,5.0,1,No
100954,Male,21.0,Ramallah,56,Two Year,67.55,3823.45,Cash,DSL,2,4.0,0,No
100955,Female,28.0,Hebron,7,One Year,74.17,551.48,Cash,No Internet,5,3.0,1,No
100956,Female,28.0,Tulkarm,52,Two Year,51.32,2649.58,Bank Transfer,Fiber Optic,2,2.0,0,No
100957,Female,36.0,Ramallah,12,One Year,88.6,1053.93,Bank Transfer,Fiber Optic,0,1.0,1,No
100958,Male,37.0,Gaza,70,Month-to-Month,101.6,6828.02,Bank Transfer,Fiber Optic,4,4.0,1,No
100959,Male,18.0,Tulkarm,39,Two Year,104.96,3778.13,PayPal,No Internet,2,3.0,1,No
100960,Female,35.0,Tulkarm,43,Month-to-Month,84.26,3890.99,Cash,No Internet,3,3.0,2,No
100961,Female,53.0,Bethlehem,72,Month-to-Month,61.55,4161.21,PayPal,Fiber Optic,0,4.0,2,No
100962,Male,50.0,Ramallah,29,Month-to-Month,78.75,2453.67,Credit Card,Fiber Optic,2,5.0,0,No
100963,Female,51.0,Tulkarm,45,One Year,83.33,3803.33,Cash,Fiber Optic,3,4.0,1,No
100964,Female,30.0,Jericho,60,Month-to-Month,126.38,7553.11,PayPal,No Internet,3,2.0,0,No
100965,Female,42.0,Tulkarm,36,Month-to-Month,76.95,2920.48,Bank Transfer,Fiber Optic,0,5.0,1,No
100966,Female,36.0,Hebron,24,Month-to-Month,87.17,2217.06,Bank Transfer,DSL,0,3.0,2,No
100967,Male,73.0,Gaza,13,Two Year,103.74,1307.65,PayPal,No Internet,2,5.0,1,No
100968,Male,18.0,Ramallah,42,Month-to-Month,52.23,2223.49,Bank Transfer,DSL,3,5.0,1,No
100969,Male,44.0,Hebron,58,Month-to-Month,91.6,5251.49,PayPal,No Internet,1,3.0,0,No
100970,Male,42.0,Khan Yunis,54,One Year,54.8,3092.96,Bank Transfer,No Internet,0,4.0,2,No
100971,Male,32.0,Rafah,17,Month-to-Month,64.38,1133.72,PayPal,No Internet,3,3.0,1,No
100972,Female,36.0,Tulkarm,13,Two Year,82.03,1062.62,Bank Transfer,DSL,2,4.0,1,No
100973,Female,62.0,Jericho,33,Month-to-Month,80.75,2554.88,Bank Transfer,Fiber Optic,2,2.0,0,Yes
100974,Male,20.0,Jenin,21,One Year,63.37,1310.0,Credit Card,DSL,2,3.0,0,No
100975,Male,51.0,Jenin,58,Month-to-Month,47.28,2776.61,Bank Transfer,Fiber Optic,3,4.0,2,Yes
100976,Female,30.0,Gaza,40,One Year,83.01,3085.35,Credit Card,No Internet,2,4.0,2,No
100977,Male,58.0,Rafah,35,Month-to-Month,104.03,3876.68,Bank Transfer,Fiber Optic,2,3.0,0,No
100978,Female,18.0,Ramallah,3,Month-to-Month,82.43,244.7,Credit Card,DSL,2,4.0,0,No
100979,Male,50.0,Rafah,43,,73.23,3222.65,PayPal,DSL,0,3.0,4,No
100980,Male,30.0,Hebron,51,Month-to-Month,76.61,3716.86,Bank Transfer,Fiber Optic,3,3.0,0,No
100981,Male,32.0,Gaza,34,One Year,105.1,3782.08,Cash,DSL,1,3.0,0,No
100982,Male,46.0,Tulkarm,65,Month-to-Month,77.13,5094.49,PayPal,DSL,4,3.0,1,No
100983,Female,21.0,Gaza,53,Month-to-Month,88.62,4383.43,Bank Transfer,DSL,2,4.0,1,No
100984,Male,33.0,Nablus,34,Month-to-Month,129.64,4163.76,Bank Transfer,DSL,3,2.0,0,No
100985,Female,54.0,Bethlehem,27,One Year,91.54,2511.2,Bank Transfer,DSL,1,2.0,0,No
100986,Female,47.0,Rafah,10,One Year,65.99,662.57,Cash,No Internet,2,4.0,1,No
100987,Female,75.0,Ramallah,72,One Year,47.6,3544.5,Bank Transfer,No Internet,3,2.0,2,No
100988,Male,18.0,Gaza,28,Month-to-Month,61.23,1806.58,PayPal,Fiber Optic,4,3.0,1,Yes
100989,Female,42.0,Hebron,42,One Year,46.52,1892.51,Bank Transfer,DSL,0,4.0,2,No
100990,Male,60.0,Gaza,22,Month-to-Month,76.61,1667.01,Cash,No Internet,1,4.0,0,Yes
100991,Male,30.0,Nablus,55,One Year,60.34,3224.34,Cash,DSL,2,4.0,2,No
100992,Male,53.0,Nablus,45,One Year,79.41,3797.64,Cash,DSL,4,3.0,1,No
100993,Male,40.0,Rafah,38,Month-to-Month,95.79,3541.38,Bank Transfer,DSL,1,4.0,1,No
100994,Female,40.0,Jenin,37,One Year,53.59,2033.21,Cash,Fiber Optic,2,2.0,0,No
100995,Female,23.0,Bethlehem,21,Month-to-Month,-10.0,1377.25,Credit Card,DSL,1,4.0,1,Yes
100996,Female,39.0,Nablus,27,Two Year,116.57,3397.78,PayPal,Fiber Optic,1,3.0,1,No
100997,Female,48.0,Nablus,9,One Year,20.0,178.84,Cash,No Internet,1,4.0,0,No
100998,Male,31.0,Rafah,56,One Year,58.7,3315.52,Bank Transfer,Fiber Optic,3,3.0,1,No
100999,Female,42.0,Rafah,45,Month-to-Month,43.99,2009.22,Credit Card,DSL,1,3.0,2,Yes
101000,Male,38.0,Tulkarm,13,Month-to-Month,131.43,1821.02,Bank Transfer,Fiber Optic,3,4.0,1,No
101001,Male,24.0,Khan Yunis,32,One Year,89.73,2820.62,PayPal,DSL,5,2.0,0,No
101002,Male,49.0,Khan Yunis,36,Month-to-Month,75.51,2673.52,Cash,Fiber Optic,3,3.0,0,No
101003,Female,39.0,Nablus,17,Month-to-Month,77.32,1286.74,Bank Transfer,DSL,1,5.0,2,No
101004,Male,44.0,Bethlehem,54,One Year,72.07,4095.37,Bank Transfer,Fiber Optic,3,4.0,3,No
101005,Female,41.0,Hebron,7,Two Year,138.38,1004.41,Cash,No Internet,1,3.0,0,No
101006,Male,45.0,Jenin,17,Month-to-Month,95.29,1516.05,PayPal,Fiber Optic,3,4.0,0,No
101007,Male,25.0,Rafah,27,One Year,66.9,1666.09,Cash,Fiber Optic,2,4.0,3,No
101008,Male,26.0,Rafah,62,Month-to-Month,65.31,4250.78,PayPal,Fiber Optic,2,3.0,1,Yes
101009,Female,33.0,Khan Yunis,56,One Year,74.4,4487.74,PayPal,Fiber Optic,2,4.0,1,No
101010,Male,41.0,Tulkarm,34,Month-to-Month,53.72,1942.76,Credit Card,Fiber Optic,1,3.0,1,Yes
101011,Female,44.0,Khan Yunis,56,One Year,94.47,5182.37,Cash,No Internet,1,2.0,2,No
101012,Male,22.0,Ramallah,68,One Year,70.56,4784.33,PayPal,No Internet,1,4.0,1,No
101013,Male,43.0,Hebron,24,Month-to-Month,36.46,878.77,Cash,Fiber Optic,1,3.0,1,No
101014,Female,67.0,Nablus,44,Month-to-Month,41.31,1882.96,PayPal,No Internet,2,2.0,0,Yes
101015,Male,54.0,Nablus,65,Month-to-Month,74.71,5193.78,PayPal,No Internet,0,2.0,0,No
101016,Male,27.0,Tulkarm,65,One Year,53.07,3599.36,Bank Transfer,No Internet,0,3.0,1,No
101017,Male,39.0,Bethlehem,31,One Year,59.84,1928.92,Cash,Fiber Optic,0,3.0,0,No
101018,Male,31.0,Jenin,34,One Year,89.84,2975.84,Cash,DSL,4,5.0,0,No
101019,Male,30.0,Rafah,69,Month-to-Month,100.1,6374.86,Cash,No Internet,1,5.0,0,No
101020,Female,51.0,Ramallah,53,Month-to-Month,109.04,6034.69,Credit Card,DSL,1,3.0,2,Yes
101021,Male,20.0,Jericho,66,Month-to-Month,57.46,4064.72,Bank Transfer,DSL,1,4.0,0,Yes
101022,Female,25.0,Ramallah,72,One Year,85.06,6131.38,Cash,Fiber Optic,2,4.0,1,No
101023,Female,52.0,Hebron,41,One Year,36.16,1424.55,Cash,No Internet,0,4.0,0,No
101024,Female,45.0,Jericho,7,One Year,75.19,563.2,Credit Card,No Internet,4,4.0,1,No
101025,Female,41.0,Gaza,14,Two Year,73.52,964.17,Cash,Fiber Optic,1,5.0,1,No
101026,Male,39.0,Jericho,19,Month-to-Month,114.96,2138.33,Bank Transfer,No Internet,3,4.0,1,No
101027,Male,60.0,Jenin,58,Month-to-Month,53.17,3037.06,Credit Card,Fiber Optic,3,4.0,1,No
101028,Female,44.0,Rafah,51,Month-to-Month,41.42,2150.35,Cash,Fiber Optic,0,3.0,0,No
101029,Female,52.0,Jenin,33,One Year,73.69,2545.45,Cash,DSL,0,1.0,3,Yes
101030,Female,18.0,Gaza,41,Month-to-Month,73.75,3212.49,Credit Card,No Internet,3,2.0,0,No
101031,Male,46.0,Gaza,44,Month-to-Month,57.38,2714.97,PayPal,No Internet,0,3.0,1,No
101032,Female,18.0,Jericho,35,Month-to-Month,60.71,2097.94,Bank Transfer,DSL,3,4.0,0,No
101033,Female,18.0,Hebron,7,Month-to-Month,78.16,531.69,Credit Card,DSL,2,3.0,0,No
101034,Female,48.0,Hebron,31,Month-to-Month,68.44,2190.35,PayPal,Fiber Optic,1,3.0,0,No
101035,Male,52.0,Tulkarm,34,Month-to-Month,,2052.05,Cash,Fiber Optic,2,4.0,1,No
101036,Female,62.0,Bethlehem,22,Two Year,97.46,2059.32,Cash,DSL,1,5.0,1,No
101037,Female,25.0,Hebron,9,One Year,30.33,286.13,Bank Transfer,Fiber Optic,3,4.0,1,No
101038,Female,41.0,Ramallah,15,Month-to-Month,63.51,897.46,Credit Card,DSL,4,5.0,0,No
101039,Female,71.0,Hebron,19,Month-to-Month,66.79,1362.46,Bank Transfer,No Internet,4,3.0,1,Yes
101040,Male,46.0,Jericho,29,Month-to-Month,65.96,1903.4,Cash,Fiber Optic,4,2.0,2,No
101041,Male,41.0,Jericho,70,Month-to-Month,72.57,4750.05,PayPal,DSL,1,5.0,1,No
101042,Male,49.0,Hebron,44,Month-to-Month,40.43,1684.09,Bank Transfer,DSL,6,2.0,1,No
101043,Male,18.0,Jericho,18,One Year,81.44,1447.69,Credit Card,DSL,1,5.0,1,No
101044,Female,29.0,Khan Yunis,17,Two Year,41.01,700.78,Credit Card,DSL,1,,2,Yes
101045,Male,18.0,Rafah,32,One Year,82.66,2459.4,PayPal,Fiber Optic,3,3.0,2,No
101046,Female,36.0,Hebron,56,Month-to-Month,45.43,2532.09,Cash,DSL,4,3.0,1,No
101047,Male,35.0,Gaza,51,Month-to-Month,77.5,4264.19,PayPal,No Internet,0,4.0,0,No
101048,Male,42.0,Rafah,29,Month-to-Month,73.08,2142.89,PayPal,Fiber Optic,2,3.0,2,No
101049,Female,,Rafah,13,Two Year,65.56,872.22,Credit Card,No Internet,2,5.0,1,No
101050,Female,56.0,Khan Yunis,58,Month-to-Month,108.46,6452.37,Credit Card,DSL,3,2.0,2,No
101051,Male,34.0,Nablus,10,Month-to-Month,65.86,614.79,Bank Transfer,No Internet,0,4.0,0,No
101052,Female,25.0,Gaza,44,Two Year,83.74,3531.04,Credit Card,DSL,0,3.0,2,No
101053,Female,59.0,Bethlehem,69,Month-to-Month,106.4,7381.49,Cash,No Internet,1,5.0,2,No
101054,Male,27.0,Ramallah,15,One Year,74.26,1091.14,Bank Transfer,Fiber Optic,1,,0,Yes
101055,Male,56.0,Hebron,11,One Year,75.97,858.57,Bank Transfer,DSL,0,4.0,3,No
101056,Female,23.0,Jenin,62,Two Year,98.72,5951.31,Credit Card,Fiber Optic,1,4.0,1,No
101057,Male,32.0,Rafah,50,Month-to-Month,78.01,3663.28,Bank Transfer,DSL,4,1.0,1,No
101058,Male,48.0,Hebron,27,One Year,62.08,1618.75,PayPal,Fiber Optic,0,4.0,0,No
101059,Female,37.0,Nablus,61,Month-to-Month,110.4,6669.91,Credit Card,Fiber Optic,3,3.0,1,No
101060,Female,45.0,Ramallah,29,Month-to-Month,106.8,2987.9,Cash,No Internet,1,3.0,1,No
101061,Female,52.0,Khan Yunis,67,Two Year,140.81,10132.79,Cash,DSL,2,3.0,0,Yes
101062,Male,22.0,Jenin,38,Month-to-Month,42.77,1566.66,Cash,Fiber Optic,4,4.0,1,No
101063,Female,35.0,Tulkarm,8,Month-to-Month,96.97,732.3,Bank Transfer,No Internet,4,2.0,1,No
101064,Female,40.0,Rafah,27,One Year,53.66,1496.83,Bank Transfer,No Internet,1,3.0,3,No
101065,Male,18.0,Jenin,22,Month-to-Month,73.59,1705.57,Cash,DSL,2,4.0,0,No
101066,Male,28.0,Ramallah,2,Month-to-Month,33.0,61.86,Bank Transfer,DSL,1,3.0,1,No
101067,Male,41.0,Khan Yunis,16,Month-to-Month,87.59,1442.8,Bank Transfer,Fiber Optic,1,4.0,3,Yes
101068,Male,26.0,Ramallah,17,Two Year,84.56,1360.39,Cash,Fiber Optic,1,4.0,1,No
101069,Male,46.0,Rafah,50,Month-to-Month,44.64,2209.83,Bank Transfer,DSL,5,3.0,2,No
101070,Male,43.0,Bethlehem,37,Month-to-Month,103.06,3589.54,Bank Transfer,Fiber Optic,1,5.0,0,No
101071,Male,44.0,Khan Yunis,31,Month-to-Month,72.35,2333.45,Bank Transfer,Fiber Optic,0,3.0,0,No
101072,Female,18.0,Ramallah,26,Two Year,84.45,2115.84,PayPal,DSL,1,2.0,0,No
101073,Female,36.0,Jenin,14,Month-to-Month,69.37,987.51,PayPal,DSL,1,5.0,1,No
101074,Male,24.0,Jericho,61,Two Year,99.32,6337.57,PayPal,DSL,0,5.0,2,No
101075,Male,59.0,Ramallah,15,One Year,52.15,831.06,Credit Card,DSL,5,4.0,2,No
101076,Male,130.0,Rafah,26,Month-to-Month,95.29,2646.23,Bank Transfer,Fiber Optic,1,2.0,0,No
101077,Male,29.0,Jericho,12,Month-to-Month,121.53,1365.07,Cash,DSL,2,4.0,1,No
101078,Female,20.0,Nablus,41,Month-to-Month,72.21,2934.04,PayPal,Fiber Optic,4,2.0,3,Yes
101079,Male,42.0,Bethlehem,62,Month-to-Month,119.73,7159.05,PayPal,Fiber Optic,2,4.0,1,No
101080,Female,18.0,Bethlehem,14,One Year,96.35,1376.34,Credit Card,DSL,0,3.0,1,No
101081,Female,37.0,Khan Yunis,9,Month-to-Month,82.88,,Credit Card,Fiber Optic,2,3.0,1,No
101082,Female,43.0,Rafah,60,One Year,,3911.55,Bank Transfer,Fiber Optic,1,4.0,2,No
101083,Female,54.0,Tulkarm,56,,66.61,3679.85,Cash,No Internet,2,2.0,2,No
101084,Female,42.0,Rafah,30,One Year,111.37,3256.06,Bank Transfer,Fiber Optic,0,4.0,1,No
101085,Female,48.0,Nablus,54,Two Year,54.98,2919.96,Credit Card,DSL,4,3.0,1,No
101086,Male,33.0,Khan Yunis,71,One Year,46.8,3115.77,PayPal,No Internet,1,5.0,2,No
101087,Male,44.0,Ramallah,56,One Year,87.25,5107.32,PayPal,DSL,1,3.0,0,No
101088,Female,23.0,Jericho,4,One Year,58.69,227.31,Bank Transfer,DSL,3,3.0,1,Yes
101089,Male,28.0,Gaza,25,One Year,92.04,2324.86,Cash,DSL,2,3.0,3,No
101090,Female,42.0,Nablus,72,Month-to-Month,81.85,5599.15,Bank Transfer,DSL,1,4.0,0,No
101091,Male,18.0,Gaza,47,Month-to-Month,54.4,2671.95,Credit Card,DSL,1,4.0,0,No
101092,Female,44.0,Jericho,50,Month-to-Month,50.66,2537.08,PayPal,No Internet,2,5.0,1,No
101093,Female,28.0,Nablus,52,Month-to-Month,96.66,4837.97,Bank Transfer,No Internet,3,3.0,2,No
101094,Female,45.0,Ramallah,70,One Year,54.82,3677.14,Credit Card,Fiber Optic,5,4.0,1,Yes
101095,Male,36.0,Bethlehem,62,Month-to-Month,58.36,3648.3,Cash,Fiber Optic,0,4.0,1,No
101096,Female,35.0,Gaza,58,Month-to-Month,71.72,4055.2,Bank Transfer,DSL,0,3.0,0,No
101097,Male,59.0,Ramallah,16,One Year,34.31,566.45,Credit Card,No Internet,0,4.0,0,No
101098,Female,52.0,Jenin,58,One Year,93.84,5358.23,Bank Transfer,No Internet,4,3.0,0,No
101099,Female,29.0,Ramallah,57,One Year,101.31,6134.73,Credit Card,Fiber Optic,0,2.0,0,No
101100,Female,45.0,Tulkarm,10,Month-to-Month,78.24,806.91,Bank Transfer,Fiber Optic,3,3.0,2,No
101101,Male,36.0,Hebron,51,Month-to-Month,83.1,4291.48,Credit Card,DSL,3,4.0,0,No
101102,Male,30.0,Gaza,34,Month-to-Month,69.55,2197.77,PayPal,DSL,1,3.0,0,Yes
101103,Female,47.0,Jericho,25,Month-to-Month,72.0,1905.05,Bank Transfer,Fiber Optic,1,2.0,0,No
101104,Male,,Hebron,71,One Year,136.78,10409.82,Cash,No Internet,0,4.0,0,Yes
101105,Male,26.0,Hebron,56,Month-to-Month,108.24,5776.45,Cash,Fiber Optic,1,2.0,1,No
101106,Male,29.0,Nablus,37,Month-to-Month,70.83,2491.78,Credit Card,DSL,1,1.0,2,No
101107,Male,58.0,Gaza,31,One Year,33.98,1086.9,Credit Card,DSL,0,4.0,1,Yes
101108,Male,46.0,Jenin,25,Month-to-Month,65.94,1742.92,Credit Card,Fiber Optic,2,3.0,1,No
101109,Male,25.0,Jericho,4,One Year,87.27,366.76,Cash,Fiber Optic,3,5.0,2,No
101110,Male,43.0,Jenin,25,One Year,97.83,2336.66,Bank Transfer,DSL,2,3.0,0,Yes
101111,Male,33.0,Khan Yunis,8,Month-to-Month,68.33,536.5,,Fiber Optic,0,4.0,0,No
101112,Male,29.0,Hebron,20,One Year,49.65,1048.02,Bank Transfer,Fiber Optic,2,3.0,2,No
101113,Male,20.0,Hebron,14,Two Year,89.69,1211.02,PayPal,DSL,2,5.0,3,No
101114,Male,48.0,Ramallah,38,One Year,82.57,3007.4,Bank Transfer,DSL,0,3.0,1,No
101115,Female,33.0,Nablus,66,Month-to-Month,58.53,4116.09,Bank Transfer,Fiber Optic,2,2.0,1,No
101116,Female,45.0,Bethlehem,47,Month-to-Month,61.87,3034.29,Bank Transfer,No Internet,2,5.0,0,No
101117,Female,36.0,Nablus,39,One Year,89.82,3461.75,PayPal,DSL,3,4.0,1,No
101118,Female,18.0,Hebron,15,Month-to-Month,85.65,1255.31,PayPal,DSL,3,3.0,3,No
101119,Male,25.0,Rafah,70,Two Year,94.69,6579.95,Bank Transfer,Fiber Optic,5,2.0,3,No
101120,Male,18.0,Tulkarm,44,Month-to-Month,25.51,1076.44,PayPal,No Internet,6,3.0,0,No
101121,Male,43.0,Tulkarm,4,One Year,125.11,524.12,PayPal,No Internet,2,3.0,0,Yes
101122,Male,35.0,Nablus,68,One Year,35.28,2497.43,Bank Transfer,Fiber Optic,2,5.0,0,No
101123,Female,30.0,Nablus,52,Month-to-Month,20.0,1109.82,Cash,DSL,0,3.0,2,No
101124,Female,47.0,Tulkarm,61,One Year,63.12,3741.61,Bank Transfer,DSL,2,3.0,0,No
101125,Female,60.0,Khan Yunis,47,One Year,35.32,1630.31,Bank Transfer,Fiber Optic,2,3.0,0,No
101126,Female,45.0,Rafah,42,One Year,60.69,2415.78,PayPal,Fiber Optic,4,3.0,0,No
101127,Male,56.0,Gaza,59,One Year,84.23,5124.11,Credit Card,DSL,2,2.0,0,No
101128,Female,42.0,Jericho,5,One Year,82.01,436.17,Bank Transfer,Fiber Optic,0,4.0,1,No
101129,Male,25.0,Khan Yunis,44,Month-to-Month,96.57,4172.36,PayPal,DSL,0,3.0,0,No
101130,Female,,Khan Yunis,66,Month-to-Month,84.54,5228.93,Bank Transfer,No Internet,3,3.0,0,No
101131,Male,37.0,Gaza,61,Month-to-Month,35.36,2038.1,PayPal,Fiber Optic,2,4.0,0,No
101132,Female,34.0,Rafah,30,Month-to-Month,93.5,2628.4,PayPal,Fiber Optic,0,3.0,2,No
101133,Female,42.0,Ramallah,69,Month-to-Month,67.53,4483.81,PayPal,DSL,4,4.0,0,No
101134,Female,54.0,Nablus,16,Month-to-Month,49.69,774.52,PayPal,No Internet,3,3.0,2,No
101135,Female,18.0,Rafah,1,One Year,73.28,74.95,Cash,No Internet,2,3.0,0,No
101136,Female,57.0,Jericho,3,Month-to-Month,69.85,222.93,Bank Transfer,DSL,4,4.0,0,No
101137,Male,67.0,Ramallah,52,Month-to-Month,76.65,4079.42,Bank Transfer,DSL,2,5.0,3,Yes
101138,Female,37.0,Tulkarm,12,One Year,93.18,1158.23,Credit Card,DSL,4,4.0,1,No
101139,Female,38.0,Gaza,62,Month-to-Month,64.56,3730.11,Cash,Fiber Optic,3,3.0,0,No
101140,Male,50.0,Nablus,21,Month-to-Month,39.01,866.7,Bank Transfer,Fiber Optic,1,5.0,2,No
101141,Female,27.0,Gaza,69,Month-to-Month,79.39,5782.54,PayPal,No Internet,3,3.0,2,Yes
101142,Female,28.0,Jenin,42,Two Year,100.46,4423.24,Credit Card,No Internet,1,3.0,1,No
101143,Female,28.0,Tulkarm,14,Month-to-Month,97.22,1378.34,PayPal,DSL,1,3.0,1,Yes
101144,Male,21.0,Hebron,62,One Year,84.16,5437.37,Bank Transfer,DSL,2,3.0,0,No
101145,Female,28.0,Ramallah,10,Month-to-Month,86.61,904.15,Bank Transfer,DSL,0,5.0,1,No
101146,Male,35.0,Khan Yunis,64,Two Year,39.1,2497.37,Cash,DSL,0,3.0,0,No
101147,Female,18.0,Hebron,7,Month-to-Month,58.35,428.26,Credit Card,No Internet,4,2.0,1,No
101148,Female,18.0,Jenin,5,Two Year,110.3,561.63,Credit Card,No Internet,1,3.0,0,No
101149,Male,31.0,Bethlehem,59,One Year,70.96,4448.1,Credit Card,No Internet,2,3.0,0,No
101150,Female,18.0,Tulkarm,49,Two Year,106.72,5622.08,Bank Transfer,Fiber Optic,4,4.0,1,No
101151,Female,38.0,Khan Yunis,40,Month-to-Month,65.47,2785.66,Cash,Fiber Optic,1,4.0,0,No
101152,Male,18.0,Jericho,31,One Year,100.06,2937.57,PayPal,Fiber Optic,2,1.0,2,No
101153,Female,46.0,Jenin,70,One Year,73.29,5171.58,PayPal,No Internet,2,2.0,0,No
101154,Male,48.0,Bethlehem,54,One Year,38.44,2085.59,PayPal,Fiber Optic,0,5.0,0,No
101155,Female,57.0,Tulkarm,66,Month-to-Month,70.96,4729.15,PayPal,DSL,6,3.0,0,No
101156,Male,55.0,Tulkarm,12,Two Year,78.38,951.07,Bank Transfer,DSL,2,4.0,1,No
101157,Male,54.0,Tulkarm,26,One Year,49.94,1400.21,Cash,Fiber Optic,3,5.0,1,No
101158,Female,33.0,Rafah,39,Month-to-Month,40.39,1551.06,PayPal,No Internet,1,4.0,1,Yes
101159,Male,35.0,Hebron,67,Two Year,20.0,1294.76,Cash,DSL,2,3.0,0,No
101160,Female,42.0,Khan Yunis,27,Month-to-Month,74.55,2072.18,Cash,No Internet,2,2.0,2,No
101161,Female,25.0,Gaza,5,Two Year,42.88,217.4,Credit Card,Fiber Optic,0,3.0,3,No
101162,Male,46.0,Tulkarm,19,Month-to-Month,59.67,1203.1,Bank Transfer,No Internet,0,4.0,1,No
101163,Male,39.0,Hebron,44,One Year,88.69,4118.31,Credit Card,No Internet,3,2.0,1,No
101164,Female,41.0,Rafah,59,One Year,61.06,3459.98,Credit Card,Fiber Optic,1,4.0,0,No
101165,Female,44.0,Bethlehem,42,One Year,74.89,3020.57,PayPal,No Internet,3,4.0,1,No
101166,Male,31.0,Ramallah,15,One Year,69.26,983.27,Credit Card,Fiber Optic,1,3.0,1,No
101167,Female,46.0,Jenin,62,Month-to-Month,85.28,5084.11,Credit Card,DSL,1,4.0,1,No
101168,Male,18.0,Bethlehem,1,One Year,126.04,130.82,PayPal,DSL,5,5.0,1,No
101169,Male,18.0,Bethlehem,69,One Year,36.31,2322.42,PayPal,No Internet,3,4.0,1,No
101170,Male,35.0,Gaza,63,Month-to-Month,83.92,5448.14,Cash,DSL,1,4.0,0,No
101171,Female,48.0,Nablus,61,One Year,73.71,4563.65,Cash,DSL,1,4.0,2,No
101172,Female,49.0,Jenin,71,Month-to-Month,42.21,2916.2,Bank Transfer,Fiber Optic,0,3.0,2,No
101173,Female,46.0,Hebron,62,Two Year,91.6,5230.4,Cash,DSL,2,3.0,0,No
101174,Female,40.0,Gaza,56,One Year,75.05,4181.67,Bank Transfer,Fiber Optic,3,3.0,1,No
101175,Female,31.0,Tulkarm,3,Two Year,88.99,277.93,Bank Transfer,No Internet,3,5.0,0,No
101176,Male,20.0,Ramallah,61,Month-to-Month,69.2,4067.27,Bank Transfer,No Internet,1,3.0,1,No
101177,Female,22.0,Rafah,15,Month-to-Month,62.99,955.49,Credit Card,Fiber Optic,1,5.0,1,No
101178,Female,55.0,Ramallah,69,One Year,75.62,5050.08,Credit Card,DSL,2,4.0,0,No
101179,Male,41.0,Nablus,25,Month-to-Month,113.9,2918.07,Cash,Fiber Optic,2,4.0,0,No
101180,Male,40.0,Jericho,43,Month-to-Month,74.26,3158.77,PayPal,DSL,3,5.0,1,No
101181,Male,40.0,Jenin,50,Month-to-Month,,4434.42,Cash,No Internet,3,4.0,0,No
101182,Female,24.0,Hebron,68,One Year,56.33,3554.33,Credit Card,DSL,3,5.0,1,No
101183,Female,40.0,Jericho,45,Month-to-Month,71.59,3275.97,Cash,Fiber Optic,2,3.0,0,No
101184,Male,53.0,Nablus,20,Two Year,109.52,2290.31,PayPal,Fiber Optic,3,5.0,1,No
101185,Male,62.0,Tulkarm,27,Month-to-Month,110.08,3010.92,PayPal,No Internet,3,4.0,2,No
101186,Female,38.0,Ramallah,19,Month-to-Month,76.18,1368.76,,Fiber Optic,1,3.0,1,Yes
101187,Female,41.0,Rafah,9,One Year,101.85,941.14,Credit Card,Fiber Optic,1,3.0,2,No
101188,Female,38.0,Jenin,31,One Year,35.37,1105.63,PayPal,DSL,2,3.0,0,No
101189,Male,62.0,Jenin,60,Month-to-Month,63.53,3872.08,Cash,DSL,2,5.0,1,No
101190,Male,35.0,Jenin,8,Month-to-Month,67.03,501.63,Bank Transfer,Fiber Optic,5,3.0,3,No
101191,Female,60.0,Jericho,22,One Year,78.69,1741.68,PayPal,Fiber Optic,2,4.0,0,No
101192,Female,27.0,,25,Month-to-Month,92.53,2203.72,Cash,No Internet,3,2.0,3,Yes
101193,Female,34.0,Nablus,64,Month-to-Month,81.38,4842.59,Credit Card,No Internet,0,4.0,0,No
101194,Male,18.0,Rafah,34,Month-to-Month,75.86,2685.9,Bank Transfer,No Internet,2,4.0,1,No
101195,Male,33.0,Gaza,31,Two Year,60.07,1930.35,Bank Transfer,No Internet,2,4.0,2,No
101196,Female,31.0,Bethlehem,6,One Year,111.47,670.42,Cash,No Internet,3,5.0,1,No
101197,Male,46.0,Khan Yunis,9,Month-to-Month,94.14,845.67,PayPal,DSL,1,5.0,1,Yes
101198,Female,50.0,Khan Yunis,18,Two Year,54.51,971.23,PayPal,Fiber Optic,3,4.0,1,No
101199,Male,20.0,Rafah,51,Month-to-Month,75.97,3577.37,Bank Transfer,No Internet,0,3.0,2,No
101200,Female,39.0,Jericho,67,Month-to-Month,62.24,4097.58,Bank Transfer,No Internet,0,2.0,0,No
101201,Female,30.0,Rafah,32,Month-to-Month,76.75,2271.23,Cash,No Internet,4,3.0,0,No
101202,Female,58.0,Gaza,49,Two Year,84.19,3885.76,Cash,Fiber Optic,2,3.0,1,No
101203,Female,37.0,Jenin,52,Month-to-Month,90.91,4901.43,Cash,No Internet,4,4.0,0,No
101204,Female,44.0,Gaza,52,Month-to-Month,28.93,1426.98,PayPal,DSL,3,4.0,0,Yes
101205,Female,58.0,Rafah,38,Two Year,47.82,1713.96,Credit Card,No Internet,2,3.0,0,No
101206,Male,42.0,Hebron,23,Two Year,52.65,1183.68,Bank Transfer,Fiber Optic,2,3.0,0,No
101207,Female,43.0,Jericho,6,Two Year,69.52,400.05,Cash,No Internet,2,5.0,1,No
101208,Male,26.0,Tulkarm,58,Two Year,20.0,1122.47,Credit Card,Fiber Optic,3,4.0,1,Yes
101209,Female,18.0,Gaza,61,One Year,86.82,5390.26,Bank Transfer,No Internet,1,1.0,0,No
101210,Female,27.0,Jericho,23,Two Year,68.16,1614.86,Credit Card,DSL,1,2.0,1,No
101211,Female,42.0,Rafah,27,Month-to-Month,,1724.17,Bank Transfer,No Internet,3,3.0,1,Yes
101212,Male,18.0,Jericho,7,One Year,-10.0,581.14,PayPal,DSL,3,3.0,2,No
101213,Male,24.0,Hebron,53,Two Year,63.18,3113.76,Credit Card,No Internet,3,4.0,1,No
101214,Male,22.0,Khan Yunis,44,Month-to-Month,80.42,3705.34,PayPal,Fiber Optic,4,5.0,0,No
101215,Female,39.0,Nablus,2,Month-to-Month,71.1,133.1,Credit Card,Fiber Optic,0,3.0,1,Yes
101216,Female,18.0,Ramallah,28,Month-to-Month,110.4,2863.18,Credit Card,DSL,2,3.0,3,No
101217,Female,46.0,Jericho,9,Month-to-Month,81.81,749.61,Cash,DSL,7,4.0,2,No
101218,Male,39.0,Rafah,47,One Year,57.78,2881.41,PayPal,DSL,3,4.0,1,No
101219,Female,18.0,Nablus,28,Month-to-Month,106.16,2870.37,PayPal,DSL,2,2.0,0,No
101220,Female,51.0,Nablus,25,One Year,45.06,1147.38,Credit Card,No Internet,2,5.0,1,No
101221,Male,36.0,Ramallah,7,Month-to-Month,67.42,496.39,PayPal,No Internet,1,4.0,0,No
101222,Female,33.0,Rafah,3,One Year,37.56,106.57,PayPal,Fiber Optic,3,5.0,1,No
101223,Male,49.0,Ramallah,21,Two Year,54.76,1225.05,Bank Transfer,Fiber Optic,1,4.0,1,No
101224,Male,33.0,Khan Yunis,14,One Year,74.18,1070.57,Credit Card,Fiber Optic,1,4.0,0,No
101225,Female,36.0,Nablus,4,Month-to-Month,74.74,316.99,PayPal,No Internet,4,4.0,0,No
101226,Female,44.0,Jenin,48,One Year,104.09,5273.75,Credit Card,No Internet,1,4.0,2,No
101227,Female,44.0,Ramallah,48,Month-to-Month,51.57,2448.66,Cash,DSL,4,3.0,0,No
101228,Female,45.0,Bethlehem,65,Month-to-Month,66.82,4518.97,PayPal,No Internet,2,2.0,0,No
101229,Female,130.0,Ramallah,52,Month-to-Month,66.62,3692.49,Cash,Fiber Optic,3,5.0,0,No
101230,Female,43.0,Nablus,38,Month-to-Month,65.81,2313.71,PayPal,No Internet,5,2.0,0,No
101231,Male,46.0,Ramallah,36,Month-to-Month,30.6,1149.74,PayPal,DSL,1,5.0,2,No
101232,Female,36.0,Jenin,8,One Year,56.2,474.01,Bank Transfer,No Internet,3,4.0,2,No
101233,Female,52.0,Jenin,52,One Year,46.9,2539.5,Credit Card,Fiber Optic,4,3.0,0,No
101234,Male,18.0,Hebron,20,Month-to-Month,91.58,1820.36,Credit Card,Fiber Optic,1,3.0,2,No
101235,Male,33.0,Tulkarm,68,Month-to-Month,106.25,6699.69,Cash,Fiber Optic,4,3.0,2,No
101236,Female,30.0,Tulkarm,65,Month-to-Month,68.72,4156.92,Credit Card,Fiber Optic,2,3.0,2,No
101237,Female,40.0,Rafah,47,Month-to-Month,81.13,3882.33,PayPal,Fiber Optic,2,2.0,0,Yes
101238,Male,61.0,Jenin,68,Two Year,49.7,3169.94,PayPal,Fiber Optic,1,3.0,1,No
101239,Female,36.0,Tulkarm,48,Month-to-Month,55.23,2587.69,PayPal,No Internet,0,4.0,0,Yes
101240,Female,36.0,Gaza,52,One Year,71.33,3731.12,PayPal,DSL,2,5.0,1,No
101241,Female,41.0,Hebron,58,Month-to-Month,81.54,4906.55,Credit Card,No Internet,3,2.0,1,No
101242,Male,32.0,Jenin,69,Month-to-Month,112.46,7764.93,PayPal,DSL,1,3.0,0,No
101243,Female,37.0,Rafah,54,Month-to-Month,64.46,3675.75,PayPal,Fiber Optic,0,4.0,1,No
101244,Female,39.0,Bethlehem,3,,79.45,239.95,PayPal,Fiber Optic,3,2.0,0,No
101245,Female,39.0,Jericho,30,Month-to-Month,93.02,2944.38,PayPal,Fiber Optic,0,4.0,0,No
101246,Female,30.0,Tulkarm,34,Two Year,80.26,2619.91,Bank Transfer,DSL,1,4.0,3,No
101247,Male,18.0,,18,One Year,-50.0,1968.23,Credit Card,No Internet,0,3.0,2,No
101248,Male,34.0,Jericho,46,Month-to-Month,69.36,2997.15,PayPal,Fiber Optic,1,5.0,0,No
101249,Female,26.0,Jenin,7,One Year,64.25,432.89,Cash,Fiber Optic,1,5.0,0,No
101250,Female,35.0,Jenin,56,One Year,57.28,3045.6,Bank Transfer,No Internet,0,2.0,0,No
101251,Male,34.0,Nablus,68,Month-to-Month,88.1,5824.8,Bank Transfer,DSL,0,3.0,3,No
101252,Male,43.0,Rafah,26,Month-to-Month,45.66,1177.15,Bank Transfer,DSL,3,2.0,1,No
101253,Female,19.0,Ramallah,20,One Year,89.23,1793.88,Credit Card,No Internet,2,3.0,0,No
101254,Female,40.0,Nablus,58,Month-to-Month,50.14,2797.55,Credit Card,No Internet,4,3.0,2,No
101255,Male,44.0,Khan Yunis,68,One Year,94.44,6562.01,Credit Card,No Internet,3,3.0,0,No
101256,Male,26.0,Bethlehem,2,Month-to-Month,75.01,154.19,Cash,No Internet,0,2.0,1,No
101257,Female,51.0,Nablus,58,Month-to-Month,64.72,3640.39,Cash,No Internet,2,4.0,1,No
101258,Male,53.0,Hebron,56,Month-to-Month,75.77,4104.14,PayPal,DSL,3,4.0,1,No
101259,Female,55.0,Bethlehem,49,One Year,76.73,3894.9,Bank Transfer,No Internet,3,1.0,0,Yes
101260,Female,33.0,Bethlehem,45,Month-to-Month,92.81,4407.65,Cash,Fiber Optic,1,2.0,0,No
101261,Male,44.0,Ramallah,48,One Year,104.37,5063.6,PayPal,DSL,1,3.0,1,No
101262,Female,55.0,Gaza,64,Two Year,91.41,6068.98,PayPal,Fiber Optic,2,4.0,1,No
101263,Male,55.0,Nablus,71,One Year,0.0,6062.01,Bank Transfer,DSL,0,3.0,0,No
101264,Female,30.0,Gaza,10,Month-to-Month,74.36,775.45,PayPal,Fiber Optic,1,5.0,2,No
101265,Male,46.0,Khan Yunis,38,One Year,84.97,2989.76,Bank Transfer,DSL,0,3.0,0,No
101266,Female,28.0,Bethlehem,69,Month-to-Month,73.06,4902.89,Bank Transfer,Fiber Optic,4,3.0,3,No
101267,Male,50.0,Tulkarm,22,Two Year,75.37,1628.43,PayPal,No Internet,1,3.0,0,No
101268,Female,18.0,Bethlehem,62,Month-to-Month,73.08,4586.22,PayPal,Fiber Optic,2,3.0,2,No
101269,Female,50.0,Tulkarm,26,Two Year,88.89,2133.36,Cash,No Internet,2,3.0,1,No
101270,Male,32.0,Khan Yunis,21,Two Year,47.26,966.08,Bank Transfer,No Internet,4,2.0,1,No
101271,Male,46.0,Gaza,24,Month-to-Month,40.4,1044.46,Bank Transfer,Fiber Optic,2,3.0,1,No
101272,Female,41.0,Khan Yunis,65,Two Year,101.36,6812.14,Credit Card,No Internet,3,3.0,2,No
101273,Female,18.0,Nablus,49,Month-to-Month,110.85,5102.29,Credit Card,No Internet,2,3.0,0,No
101274,Male,40.0,Rafah,27,Two Year,93.82,2536.72,Bank Transfer,Fiber Optic,2,3.0,1,No
101275,Male,32.0,Bethlehem,27,One Year,94.49,2399.86,Bank Transfer,DSL,1,3.0,1,No
101276,Male,41.0,Tulkarm,19,One Year,103.03,1842.04,Cash,Fiber Optic,0,3.0,0,No
101277,Female,40.0,Rafah,42,Month-to-Month,67.5,2729.77,Credit Card,Fiber Optic,1,4.0,0,No
101278,Male,49.0,Nablus,52,One Year,83.11,4125.65,Credit Card,DSL,3,5.0,0,No
101279,Female,41.0,Nablus,27,Two Year,43.98,1160.18,Bank Transfer,No Internet,1,3.0,1,No
101280,Female,54.0,Jenin,71,One Year,127.9,9304.02,PayPal,No Internet,2,2.0,2,No
101281,Female,49.0,Tulkarm,60,Month-to-Month,57.66,3295.9,Cash,Fiber Optic,3,4.0,0,No
101282,Female,29.0,Ramallah,65,Month-to-Month,100.0,6353.71,Credit Card,No Internet,2,4.0,0,No
101283,Male,59.0,Khan Yunis,10,Month-to-Month,71.78,703.81,Bank Transfer,Fiber Optic,1,2.0,0,No
101284,Male,25.0,Bethlehem,41,One Year,93.2,3601.65,Bank Transfer,Fiber Optic,5,3.0,2,No
101285,Female,34.0,Bethlehem,64,One Year,99.98,6459.93,Bank Transfer,DSL,3,4.0,1,No
101286,Male,40.0,Jericho,63,Month-to-Month,97.81,6045.04,PayPal,Fiber Optic,2,3.0,1,No
101287,Female,,Hebron,60,Two Year,112.38,6204.91,Cash,No Internet,3,4.0,0,No
101288,Female,65.0,Nablus,29,Month-to-Month,109.08,3182.81,Credit Card,DSL,2,3.0,1,Yes
101289,Female,19.0,Bethlehem,26,Month-to-Month,89.16,2238.99,PayPal,DSL,2,3.0,0,No
101290,Male,39.0,Ramallah,58,Two Year,86.04,4831.64,PayPal,DSL,1,3.0,2,No
101291,Female,30.0,Nablus,50,One Year,82.2,4282.96,PayPal,DSL,3,2.0,0,No
101292,Male,44.0,Rafah,59,Month-to-Month,47.97,2867.04,Bank Transfer,No Internet,3,3.0,1,No
101293,Male,52.0,Jericho,40,Month-to-Month,78.69,3291.3,Bank Transfer,No Internet,3,2.0,0,Yes
101294,Male,36.0,Hebron,64,One Year,69.3,4752.57,Credit Card,No Internet,3,3.0,1,No
101295,Male,30.0,Nablus,46,One Year,39.95,1751.34,Cash,Fiber Optic,2,3.0,2,No
101296,Female,36.0,Nablus,47,Month-to-Month,48.35,2322.76,Bank Transfer,DSL,1,4.0,2,No
101297,Male,41.0,Bethlehem,38,One Year,53.39,1947.31,PayPal,Fiber Optic,0,4.0,0,No
101298,Female,30.0,Tulkarm,50,Month-to-Month,60.09,3234.15,Bank Transfer,Fiber Optic,2,3.0,1,No
101299,Male,38.0,Jenin,6,Month-to-Month,74.08,446.7,Cash,Fiber Optic,0,5.0,1,Yes
101300,Female,35.0,Tulkarm,65,Month-to-Month,86.82,5428.69,Cash,Fiber Optic,5,2.0,1,Yes
101301,Male,27.0,Gaza,33,One Year,88.13,2961.0,Bank Transfer,DSL,2,4.0,3,No
101302,Female,30.0,Jenin,14,Month-to-Month,54.75,814.3,PayPal,Fiber Optic,3,2.0,0,Yes
101303,Male,57.0,Rafah,53,Month-to-Month,101.31,5207.9,PayPal,Fiber Optic,2,1.0,1,No
101304,Female,36.0,Nablus,51,Month-to-Month,78.7,3847.72,PayPal,Fiber Optic,1,5.0,0,No
101305,Male,18.0,Jenin,59,Month-to-Month,20.0,1267.41,Credit Card,Fiber Optic,1,3.0,2,No
101306,Male,37.0,Jenin,3,One Year,106.62,300.98,PayPal,DSL,0,3.0,1,No
101307,Male,23.0,Ramallah,58,Month-to-Month,59.75,3345.11,Bank Transfer,No Internet,2,4.0,0,No
101308,Female,75.0,Khan Yunis,19,Two Year,137.23,2678.17,PayPal,Fiber Optic,1,4.0,0,No
101309,Female,46.0,Ramallah,5,Month-to-Month,72.3,344.21,Credit Card,Fiber Optic,3,3.0,0,No
101310,Female,35.0,Tulkarm,40,Two Year,85.63,3158.55,Bank Transfer,No Internet,4,4.0,0,No
101311,Female,46.0,Gaza,14,Month-to-Month,90.26,1357.27,Cash,No Internet,3,4.0,1,No
101312,Male,34.0,Tulkarm,59,One Year,61.36,3741.82,Credit Card,Fiber Optic,3,3.0,1,No
101313,Female,40.0,Hebron,54,One Year,76.55,3871.62,Bank Transfer,No Internet,2,2.0,1,No
101314,Female,55.0,Jenin,10,Two Year,55.28,570.17,Cash,No Internet,3,2.0,1,No
101315,Female,46.0,Jericho,41,Two Year,45.55,1746.08,Bank Transfer,Fiber Optic,4,4.0,0,No
101316,Male,30.0,Jericho,13,Two Year,56.48,722.72,PayPal,Fiber Optic,0,3.0,1,No
101317,Female,,Khan Yunis,42,Two Year,20.0,776.43,PayPal,DSL,4,4.0,2,No
101318,Male,35.0,Khan Yunis,63,One Year,92.9,6283.4,Credit Card,No Internet,3,3.0,0,No
101319,Female,26.0,Jericho,7,Month-to-Month,79.1,590.53,Bank Transfer,DSL,1,3.0,1,Yes
101320,Male,18.0,Nablus,12,Month-to-Month,73.71,911.97,PayPal,DSL,2,4.0,1,No
101321,Male,41.0,Gaza,41,Two Year,54.01,2327.59,Bank Transfer,No Internet,1,3.0,1,No
101322,Male,27.0,Jericho,38,Two Year,42.26,1705.62,Bank Transfer,No Internet,2,5.0,0,No
101323,Female,34.0,Gaza,58,Month-to-Month,55.14,3172.14,Bank Transfer,DSL,2,2.0,0,No
101324,Male,59.0,Gaza,54,Two Year,22.2,1139.67,Cash,No Internet,0,3.0,0,No
101325,Female,36.0,Ramallah,23,Month-to-Month,105.13,2232.41,Cash,No Internet,1,5.0,1,No
101326,Male,21.0,Nablus,17,One Year,135.94,2329.4,Cash,No Internet,1,3.0,0,No
101327,Male,51.0,Khan Yunis,45,Month-to-Month,101.12,4439.3,Bank Transfer,Fiber Optic,1,3.0,0,No
101328,Female,54.0,Khan Yunis,20,Two Year,118.47,2463.33,PayPal,Fiber Optic,2,3.0,2,Yes
101329,Male,21.0,Bethlehem,68,Two Year,27.72,1945.87,PayPal,DSL,0,4.0,1,No
101330,Female,38.0,Rafah,2,Month-to-Month,86.35,181.46,Bank Transfer,No Internet,3,2.0,1,No
101331,Male,44.0,Gaza,14,One Year,71.6,1042.45,Bank Transfer,DSL,1,1.0,1,No
101332,Female,38.0,Hebron,38,One Year,55.61,2171.93,Bank Transfer,Fiber Optic,0,,1,No
101333,Male,56.0,Tulkarm,40,Two Year,67.94,2608.2,Credit Card,Fiber Optic,1,2.0,2,No
101334,Male,32.0,Nablus,38,Month-to-Month,82.97,3233.57,Credit Card,DSL,3,5.0,1,No
101335,Female,41.0,Jenin,53,Month-to-Month,74.16,3681.44,Cash,Fiber Optic,1,4.0,0,Yes
101336,Male,29.0,Bethlehem,15,Month-to-Month,102.39,1430.08,Cash,Fiber Optic,2,4.0,0,No
101337,Male,32.0,Rafah,66,One Year,26.49,1796.72,Credit Card,Fiber Optic,2,3.0,1,No
101338,Female,34.0,Bethlehem,53,Two Year,94.15,5289.5,Credit Card,Fiber Optic,0,3.0,0,No
101339,Male,30.0,Jenin,30,Month-to-Month,115.38,3459.24,PayPal,Fiber Optic,4,3.0,0,No
101340,Male,62.0,Jenin,43,Month-to-Month,66.47,2887.94,PayPal,DSL,0,4.0,0,Yes
101341,Male,51.0,Jericho,15,Month-to-Month,80.8,,Credit Card,DSL,2,2.0,0,No
101342,Male,60.0,Bethlehem,55,Month-to-Month,55.76,3242.35,Credit Card,DSL,1,5.0,3,No
101343,Male,52.0,Nablus,56,Month-to-Month,96.51,5056.65,Credit Card,No Internet,3,1.0,0,No
101344,Male,42.0,Jericho,27,One Year,60.27,1743.83,Cash,No Internet,1,2.0,2,No
101345,Female,36.0,Jericho,6,Month-to-Month,113.34,707.59,PayPal,Fiber Optic,0,3.0,0,No
101346,Male,55.0,Ramallah,40,Month-to-Month,73.02,2792.42,Bank Transfer,No Internet,2,5.0,1,No
101347,Female,43.0,Jenin,7,Month-to-Month,75.04,499.47,Cash,Fiber Optic,1,1.0,0,No
101348,Female,31.0,Bethlehem,64,Month-to-Month,61.74,4101.72,Credit Card,No Internet,2,4.0,1,No
101349,Male,24.0,Hebron,13,One Year,57.04,689.93,Credit Card,DSL,1,4.0,0,No
101350,Male,48.0,Nablus,65,Month-to-Month,94.39,5727.09,Bank Transfer,Fiber Optic,0,4.0,1,No
101351,Female,26.0,Jericho,16,One Year,73.07,1204.73,Bank Transfer,No Internet,6,1.0,2,No
101352,Female,41.0,Tulkarm,24,One Year,83.0,2021.72,Bank Transfer,Fiber Optic,3,3.0,2,No
101353,Male,50.0,Rafah,1,Month-to-Month,80.48,75.89,Cash,Fiber Optic,2,3.0,0,No
101354,Female,22.0,Jericho,16,One Year,67.17,1062.36,Cash,Fiber Optic,0,3.0,1,No
101355,Female,35.0,Tulkarm,69,Month-to-Month,39.03,2834.03,Cash,DSL,0,5.0,0,No
101356,Female,45.0,Gaza,54,Month-to-Month,135.02,6819.16,Credit Card,DSL,1,3.0,2,No
101357,Female,52.0,Rafah,51,Month-to-Month,44.82,2157.5,Cash,No Internet,0,4.0,2,Yes
101358,Male,43.0,Gaza,11,One Year,83.55,862.71,Cash,Fiber Optic,4,3.0,1,No
101359,Female,42.0,Ramallah,40,Month-to-Month,57.75,2351.64,Bank Transfer,No Internet,2,3.0,0,No
101360,Male,35.0,Jenin,64,Month-to-Month,108.61,6487.05,Credit Card,Fiber Optic,1,3.0,1,No
101361,Male,30.0,Bethlehem,22,Two Year,97.13,2134.42,Cash,DSL,0,5.0,0,No
101362,Female,24.0,Ramallah,61,Month-to-Month,86.87,5485.17,PayPal,No Internet,0,3.0,1,No
101363,Male,47.0,Hebron,31,Month-to-Month,44.57,1488.99,Cash,No Internet,4,2.0,0,Yes
101364,Female,35.0,Hebron,49,Month-to-Month,69.42,3191.67,Credit Card,No Internet,1,2.0,1,No
101365,Female,32.0,Ramallah,63,One Year,90.13,6007.3,Bank Transfer,Fiber Optic,1,3.0,2,No
101366,Male,45.0,Khan Yunis,50,Month-to-Month,20.0,1027.56,PayPal,Fiber Optic,1,3.0,2,No
101367,Male,37.0,Ramallah,37,One Year,62.76,2163.06,PayPal,No Internet,2,3.0,2,No
101368,Female,28.0,Ramallah,26,One Year,113.02,3027.64,Bank Transfer,No Internet,4,3.0,0,No
101369,Female,36.0,Rafah,65,Month-to-Month,67.44,4309.37,Bank Transfer,No Internet,4,4.0,0,No
101370,Male,38.0,Hebron,67,Month-to-Month,42.77,2832.02,Cash,Fiber Optic,2,3.0,1,No
101371,Male,18.0,Jenin,61,Month-to-Month,49.7,3074.41,PayPal,DSL,3,5.0,2,No
101372,Female,47.0,Jenin,30,One Year,44.23,1295.83,Credit Card,Fiber Optic,1,3.0,1,No
101373,Female,18.0,Hebron,46,One Year,57.84,2618.8,Credit Card,DSL,6,4.0,1,No
101374,Female,54.0,Rafah,58,Month-to-Month,71.48,4041.1,PayPal,DSL,2,5.0,3,No
101375,Female,40.0,Tulkarm,22,Month-to-Month,69.51,1456.48,Credit Card,Fiber Optic,1,3.0,0,No
101376,Male,42.0,Bethlehem,17,Month-to-Month,54.4,980.44,Credit Card,DSL,0,4.0,1,No
101377,Male,40.0,Jenin,11,Two Year,106.56,1095.08,Cash,Fiber Optic,4,3.0,0,No
101378,Male,50.0,Bethlehem,64,Month-to-Month,55.79,3763.47,Cash,No Internet,1,3.0,2,No
101379,Female,35.0,Hebron,52,Month-to-Month,67.0,3411.16,Cash,No Internet,3,4.0,0,No
101380,Male,37.0,Jenin,33,One Year,99.77,3130.23,Bank Transfer,DSL,0,2.0,1,No
101381,Female,53.0,Jericho,13,One Year,78.49,1061.48,Credit Card,DSL,2,1.0,0,No
101382,Male,50.0,Tulkarm,72,One Year,67.76,5052.9,Cash,Fiber Optic,3,4.0,0,No
101383,Male,35.0,Khan Yunis,16,One Year,75.37,1204.0,PayPal,No Internet,2,3.0,1,No
101384,Male,23.0,Bethlehem,33,One Year,66.5,2031.83,Cash,DSL,3,3.0,1,No
101385,Male,45.0,Rafah,58,One Year,111.78,6672.81,PayPal,No Internet,0,4.0,1,No
101386,Male,46.0,Jenin,71,Month-to-Month,29.45,2193.61,Credit Card,DSL,1,4.0,3,Yes
101387,Female,34.0,,5,One Year,56.33,283.49,PayPal,DSL,1,3.0,2,No
101388,Female,49.0,Bethlehem,65,One Year,78.64,5342.32,Credit Card,No Internet,1,3.0,1,No
101389,Male,43.0,Bethlehem,72,One Year,83.32,5848.77,PayPal,DSL,0,1.0,2,No
101390,Female,28.0,Hebron,16,Month-to-Month,80.64,1301.7,PayPal,Fiber Optic,2,3.0,0,No
101391,Female,26.0,Nablus,34,Month-to-Month,86.49,3123.25,Cash,Fiber Optic,0,5.0,0,No
101392,Female,34.0,Gaza,49,One Year,97.58,5066.48,Cash,Fiber Optic,3,3.0,5,No
101393,Female,18.0,Hebron,59,Month-to-Month,112.35,6528.09,Cash,DSL,3,3.0,2,No
101394,Male,36.0,Bethlehem,13,One Year,90.21,1217.01,Credit Card,Fiber Optic,3,4.0,2,Yes
101395,Female,52.0,Ramallah,52,Month-to-Month,38.6,2048.81,Credit Card,Fiber Optic,3,5.0,2,No
101396,Male,25.0,Tulkarm,68,One Year,91.14,6474.55,Cash,Fiber Optic,2,4.0,1,No
101397,Female,23.0,Ramallah,28,Two Year,77.54,2080.52,Bank Transfer,No Internet,4,3.0,1,No
101398,Female,21.0,Jenin,28,Month-to-Month,127.63,3408.66,Cash,Fiber Optic,2,4.0,2,No
101399,Female,45.0,Jericho,26,Two Year,123.8,3322.63,Cash,No Internet,3,3.0,1,No
101400,Female,18.0,Rafah,67,Month-to-Month,36.14,2452.14,PayPal,No Internet,1,2.0,0,No
101401,Female,30.0,Bethlehem,54,Month-to-Month,66.92,3737.73,,DSL,1,4.0,0,Yes
101402,Male,26.0,Tulkarm,72,One Year,108.92,8080.91,Cash,Fiber Optic,4,2.0,1,No
101403,Female,41.0,Tulkarm,18,Two Year,53.55,904.42,Cash,No Internet,1,5.0,1,No
101404,Male,36.0,Hebron,29,One Year,81.26,2386.41,Cash,DSL,0,3.0,2,No
101405,Male,45.0,,9,Two Year,74.76,640.93,PayPal,DSL,0,4.0,1,No
101406,Female,45.0,Nablus,56,Two Year,32.55,1723.68,Credit Card,No Internet,0,3.0,1,No
101407,Female,29.0,Ramallah,24,One Year,48.26,1198.17,Bank Transfer,Fiber Optic,1,3.0,0,No
101408,Male,36.0,Rafah,68,Month-to-Month,108.87,7737.0,PayPal,DSL,2,3.0,1,No
101409,Female,46.0,Gaza,53,One Year,44.56,2266.86,Credit Card,DSL,3,5.0,0,No
101410,Female,34.0,Rafah,29,Month-to-Month,76.2,2302.02,PayPal,DSL,2,3.0,0,No
101411,Male,52.0,Rafah,55,Month-to-Month,67.1,3655.75,Cash,DSL,1,3.0,1,No
101412,Male,18.0,Gaza,36,Two Year,63.97,2241.22,Credit Card,Fiber Optic,0,4.0,1,No
101413,Female,36.0,Ramallah,50,Month-to-Month,114.39,5656.95,Credit Card,No Internet,1,3.0,1,No
101414,Male,27.0,,21,One Year,31.49,698.52,Bank Transfer,Fiber Optic,3,4.0,0,No
101415,Male,49.0,Rafah,13,Month-to-Month,101.83,1313.78,Credit Card,No Internet,1,4.0,2,Yes
101416,Male,47.0,Tulkarm,7,One Year,92.6,655.05,Bank Transfer,DSL,3,3.0,0,No
101417,Female,39.0,Hebron,54,Month-to-Month,47.71,2646.87,Cash,DSL,3,3.0,2,Yes
101418,Male,37.0,Tulkarm,24,Two Year,73.05,1860.13,Credit Card,Fiber Optic,2,3.0,1,No
101419,Male,41.0,Hebron,42,Month-to-Month,70.63,2953.1,Credit Card,No Internet,3,5.0,3,Yes
101420,Female,35.0,Khan Yunis,2,Month-to-Month,100.7,200.39,Credit Card,DSL,2,3.0,0,Yes
101421,Male,41.0,Khan Yunis,7,Month-to-Month,73.33,483.75,PayPal,DSL,2,1.0,2,No
101422,Female,24.0,Bethlehem,1,Month-to-Month,93.53,88.94,Cash,Fiber Optic,0,4.0,0,Yes
101423,Female,18.0,Hebron,32,Month-to-Month,77.08,2511.72,PayPal,Fiber Optic,1,3.0,1,No
101424,Female,31.0,Gaza,18,Month-to-Month,75.75,1280.42,Credit Card,Fiber Optic,0,1.0,1,No
101425,Female,31.0,Nablus,18,Month-to-Month,48.85,901.15,Cash,DSL,3,4.0,0,No
101426,Female,24.0,Ramallah,32,Two Year,74.1,2381.13,Bank Transfer,Fiber Optic,3,3.0,2,No
101427,Female,47.0,Rafah,64,One Year,118.29,7227.38,Credit Card,DSL,1,2.0,2,No
101428,Female,45.0,Tulkarm,9,Month-to-Month,99.44,915.06,Cash,No Internet,2,3.0,1,No
101429,Male,28.0,Gaza,35,One Year,91.69,3115.08,Credit Card,DSL,4,2.0,2,No
101430,Male,25.0,Jericho,12,Month-to-Month,93.17,1072.87,Credit Card,Fiber Optic,2,5.0,3,No
101431,Male,39.0,Ramallah,55,Month-to-Month,54.38,2827.7,PayPal,Fiber Optic,2,2.0,1,No
101432,Female,57.0,Bethlehem,36,One Year,84.92,3086.28,Cash,DSL,4,4.0,0,No
101433,Male,58.0,Khan Yunis,25,Month-to-Month,88.04,2204.82,PayPal,No Internet,1,3.0,1,No
101434,Male,42.0,Bethlehem,21,One Year,38.75,797.96,Bank Transfer,Fiber Optic,0,3.0,0,No
101435,Male,28.0,Hebron,30,Month-to-Month,25.99,719.46,PayPal,No Internet,1,4.0,0,Yes
101436,Male,20.0,Nablus,36,Month-to-Month,63.02,2398.6,PayPal,Fiber Optic,3,3.0,0,No
101437,Male,50.0,Hebron,26,Two Year,138.65,3550.99,Cash,Fiber Optic,1,5.0,0,Yes
101438,Male,33.0,Hebron,29,Month-to-Month,51.33,1556.4,Credit Card,DSL,2,3.0,1,No
101439,Male,50.0,Hebron,33,One Year,87.86,2907.27,PayPal,Fiber Optic,2,3.0,0,No
101440,Female,47.0,Hebron,53,One Year,56.81,3173.88,Bank Transfer,DSL,4,5.0,0,No
101441,Female,38.0,Tulkarm,63,Month-to-Month,52.97,3281.54,Cash,DSL,0,3.0,2,No
101442,Female,48.0,Ramallah,17,Month-to-Month,57.6,1009.93,PayPal,Fiber Optic,2,5.0,4,No
101443,Male,42.0,Jenin,62,One Year,86.38,5519.86,Cash,No Internet,2,,2,No
101444,Female,52.0,Jenin,16,One Year,63.36,987.15,PayPal,DSL,3,2.0,1,No
101445,Male,29.0,Bethlehem,16,Month-to-Month,79.16,1242.43,Cash,No Internet,1,2.0,1,No
101446,Male,33.0,Gaza,36,Month-to-Month,20.0,694.31,Credit Card,No Internet,1,1.0,2,Yes
101447,Female,46.0,Tulkarm,63,One Year,116.91,7329.56,PayPal,No Internet,2,4.0,0,No
101448,Male,41.0,Tulkarm,38,Month-to-Month,63.97,2411.67,Credit Card,Fiber Optic,0,3.0,0,No
101449,Male,42.0,Tulkarm,42,Month-to-Month,130.51,5820.95,Bank Transfer,No Internet,5,3.0,0,No
101450,Female,37.0,Gaza,29,Month-to-Month,74.72,2069.04,PayPal,DSL,2,4.0,2,No
101451,Male,37.0,Bethlehem,33,One Year,45.12,1566.62,Credit Card,No Internet,1,4.0,1,No
101452,Female,50.0,Ramallah,47,One Year,59.8,2638.32,Bank Transfer,Fiber Optic,1,2.0,1,No
101453,Male,38.0,Gaza,2,One Year,65.43,126.88,Credit Card,Fiber Optic,3,4.0,0,No
101454,Female,43.0,Jericho,21,One Year,115.07,2377.98,Credit Card,No Internet,1,3.0,0,No
101455,Male,37.0,Tulkarm,42,Two Year,40.69,1591.11,Bank Transfer,No Internet,2,2.0,2,No
101456,Female,33.0,Jericho,49,Month-to-Month,92.63,4549.23,Bank Transfer,No Internet,4,3.0,1,No
101457,Male,40.0,Nablus,48,Month-to-Month,73.65,3814.49,Bank Transfer,Fiber Optic,2,3.0,0,No
101458,Female,74.0,Jenin,6,Month-to-Month,68.21,426.85,Credit Card,Fiber Optic,2,4.0,0,Yes
101459,Male,45.0,Tulkarm,44,One Year,96.37,4246.1,PayPal,No Internet,5,3.0,2,Yes
101460,Male,41.0,Bethlehem,59,Month-to-Month,66.11,3924.34,Cash,No Internet,2,3.0,1,No
101461,Male,25.0,Rafah,72,Month-to-Month,74.63,5639.67,Cash,Fiber Optic,1,5.0,1,No
101462,Male,34.0,Jenin,53,Month-to-Month,73.19,3795.12,PayPal,DSL,2,4.0,0,No
101463,Male,41.0,Nablus,18,One Year,83.23,1531.61,Bank Transfer,Fiber Optic,2,2.0,0,No
101464,Female,18.0,Gaza,47,Month-to-Month,81.07,3584.99,Cash,DSL,2,4.0,1,No
101465,Male,54.0,Gaza,28,Month-to-Month,37.83,1000.21,Bank Transfer,Fiber Optic,5,3.0,0,No
101466,Male,49.0,Nablus,22,One Year,77.26,1755.59,Cash,No Internet,2,4.0,1,No
101467,Female,36.0,Rafah,63,One Year,26.32,1618.06,PayPal,DSL,0,3.0,0,No
101468,Female,39.0,Bethlehem,6,One Year,97.41,544.48,Cash,DSL,1,4.0,2,No
101469,Male,50.0,Bethlehem,37,One Year,124.07,4590.26,Bank Transfer,Fiber Optic,1,3.0,1,No
101470,Female,43.0,Ramallah,33,Month-to-Month,69.78,2264.63,Credit Card,No Internet,1,2.0,0,No
101471,Male,30.0,Bethlehem,17,Month-to-Month,75.42,1305.78,PayPal,No Internet,0,3.0,1,No
101472,Female,25.0,Hebron,1,One Year,69.87,72.18,Credit Card,No Internet,4,3.0,0,No
101473,Male,31.0,Bethlehem,50,Two Year,103.25,5469.47,Credit Card,No Internet,3,5.0,0,No
101474,Female,44.0,Tulkarm,5,Month-to-Month,28.06,147.98,Credit Card,DSL,2,3.0,0,No
101475,Female,49.0,Nablus,20,Month-to-Month,51.68,1031.44,PayPal,DSL,2,5.0,1,No
101476,Male,43.0,Ramallah,44,One Year,67.4,2865.22,PayPal,Fiber Optic,0,4.0,2,No
101477,Female,36.0,Ramallah,61,Month-to-Month,133.47,8491.77,PayPal,Fiber Optic,2,5.0,1,No
101478,Male,33.0,Hebron,5,Month-to-Month,86.88,409.67,Cash,No Internet,4,3.0,2,No
101479,Male,101.0,Ramallah,10,One Year,93.23,1005.36,Bank Transfer,DSL,2,3.0,1,No
101480,Female,25.0,Rafah,10,One Year,51.08,534.42,Credit Card,No Internet,2,4.0,0,No
101481,Female,49.0,Nablus,59,Month-to-Month,62.53,3740.48,Bank Transfer,Fiber Optic,3,3.0,1,No
101482,Male,26.0,Bethlehem,54,Two Year,81.58,4201.66,PayPal,No Internet,2,3.0,0,No
101483,Female,38.0,Hebron,3,One Year,72.59,201.55,Cash,DSL,2,2.0,2,No
101484,Male,25.0,Bethlehem,34,Month-to-Month,87.0,2744.28,Cash,No Internet,2,4.0,3,Yes
101485,Male,58.0,Bethlehem,36,Two Year,93.93,3517.3,PayPal,No Internet,3,4.0,0,No
101486,Male,28.0,Tulkarm,62,One Year,28.34,1736.17,PayPal,DSL,1,4.0,2,No
101487,Male,36.0,Khan Yunis,49,One Year,107.1,4926.34,Cash,Fiber Optic,1,3.0,3,No
101488,Female,44.0,Bethlehem,48,Month-to-Month,30.28,1417.85,Cash,DSL,5,4.0,0,No
101489,Female,42.0,Ramallah,3,Two Year,80.76,249.36,Bank Transfer,Fiber Optic,0,4.0,1,No
101490,Male,30.0,Jericho,28,One Year,39.01,1054.73,Bank Transfer,DSL,2,4.0,0,No
101491,Female,52.0,Jericho,58,Month-to-Month,64.71,3526.33,PayPal,No Internet,1,4.0,1,No
101492,Female,18.0,Gaza,22,Two Year,73.79,1644.91,Bank Transfer,Fiber Optic,1,3.0,0,No
101493,Male,27.0,Gaza,18,Two Year,107.32,1889.79,Cash,DSL,5,2.0,0,No
101494,Male,50.0,,5,One Year,84.48,405.23,PayPal,DSL,4,3.0,0,No
101495,Female,53.0,Tulkarm,37,Month-to-Month,81.97,2895.64,PayPal,Fiber Optic,2,4.0,0,No
101496,Male,69.0,Khan Yunis,3,One Year,54.26,173.31,PayPal,Fiber Optic,2,2.0,1,No
101497,Male,44.0,Jenin,68,,86.62,6336.72,PayPal,No Internet,3,3.0,0,No
101498,Female,31.0,Jenin,6,Month-to-Month,75.2,440.62,Cash,Fiber Optic,3,5.0,1,Yes
101499,Male,28.0,Bethlehem,45,Month-to-Month,25.28,1139.75,Credit Card,No Internet,2,3.0,1,No
101500,Female,54.0,Tulkarm,5,One Year,75.02,359.06,Cash,Fiber Optic,1,3.0,2,No
101501,Male,32.0,Gaza,36,Month-to-Month,70.41,2430.8,Credit Card,No Internet,1,5.0,1,No
101502,Male,38.0,Tulkarm,36,One Year,89.65,3393.77,Cash,Fiber Optic,0,4.0,1,No
101503,Female,18.0,Jericho,65,Month-to-Month,64.6,4056.4,Cash,No Internet,1,4.0,1,No
101504,Male,38.0,Rafah,67,One Year,28.67,1941.17,PayPal,DSL,0,3.0,0,No
101505,Male,42.0,Nablus,28,One Year,33.2,936.48,Credit Card,Fiber Optic,1,3.0,0,No
101506,Male,48.0,Gaza,60,Month-to-Month,47.2,2697.91,PayPal,DSL,1,3.0,0,No
101507,Male,29.0,Tulkarm,3,One Year,89.76,259.17,PayPal,No Internet,2,4.0,2,Yes
101508,Male,23.0,Nablus,2,One Year,110.17,232.15,Bank Transfer,Fiber Optic,3,3.0,2,No
101509,Male,54.0,Tulkarm,6,One Year,101.33,580.82,Credit Card,DSL,1,9.0,3,No
101510,Female,41.0,Nablus,16,One Year,120.47,2003.1,Credit Card,Fiber Optic,3,5.0,1,No
101511,Male,46.0,Jericho,3,Two Year,93.57,261.89,Cash,Fiber Optic,1,2.0,0,No
101512,Male,30.0,Gaza,46,One Year,101.32,4315.78,Cash,No Internet,2,4.0,1,No
101513,Female,53.0,Gaza,39,Month-to-Month,69.57,,Credit Card,Fiber Optic,1,3.0,2,Yes
101514,Male,27.0,Tulkarm,34,Month-to-Month,54.36,1815.88,Credit Card,Fiber Optic,2,4.0,2,No
101515,Female,55.0,Khan Yunis,34,Month-to-Month,80.1,2618.6,PayPal,Fiber Optic,1,2.0,0,No
101516,Female,25.0,Jericho,55,One Year,96.37,4984.69,Cash,No Internet,5,3.0,1,No
101517,Male,36.0,Gaza,26,Month-to-Month,71.63,1741.07,Cash,Fiber Optic,1,3.0,0,No
101518,Male,37.0,Jericho,19,Month-to-Month,70.46,1320.46,Cash,No Internet,0,5.0,2,No
101519,Female,48.0,Nablus,21,Month-to-Month,77.46,1723.22,Bank Transfer,DSL,1,3.0,3,Yes
101520,Female,45.0,Rafah,42,Month-to-Month,78.9,3328.58,Credit Card,DSL,3,3.0,1,No
101521,Male,32.0,Khan Yunis,44,One Year,50.41,2341.82,Cash,Fiber Optic,1,4.0,1,No
101522,Male,48.0,Bethlehem,51,One Year,97.55,4763.36,Cash,DSL,1,2.0,0,No
101523,Female,25.0,Tulkarm,60,Two Year,70.94,4359.86,Credit Card,No Internet,4,4.0,0,No
101524,Male,26.0,Khan Yunis,43,Month-to-Month,71.94,3234.63,PayPal,Fiber Optic,3,2.0,1,No
101525,Female,38.0,Jenin,9,Month-to-Month,78.16,691.45,Cash,Fiber Optic,2,2.0,2,Yes
101526,Male,37.0,Tulkarm,56,Month-to-Month,58.75,3247.06,Credit Card,Fiber Optic,2,2.0,0,Yes
101527,Female,47.0,Jericho,72,Month-to-Month,28.47,2167.95,PayPal,Fiber Optic,1,4.0,2,No
101528,Female,36.0,Khan Yunis,70,One Year,41.99,2833.15,Bank Transfer,No Internet,3,3.0,1,No
101529,Female,37.0,Tulkarm,4,Month-to-Month,79.76,323.31,Cash,DSL,1,4.0,0,Yes
101530,Female,33.0,Rafah,72,One Year,90.58,7009.85,Cash,DSL,2,2.0,1,No
101531,Male,55.0,Ramallah,57,Month-to-Month,85.93,4978.5,Cash,DSL,0,3.0,0,No
101532,Female,39.0,Hebron,5,One Year,48.39,224.07,PayPal,No Internet,2,3.0,1,No
101533,Female,43.0,Rafah,38,Month-to-Month,99.39,3777.44,Bank Transfer,DSL,1,2.0,2,No
101534,Male,,Jenin,5,Two Year,96.01,472.55,Credit Card,DSL,3,2.0,1,No
101535,Male,58.0,Nablus,69,Month-to-Month,110.04,7372.93,Credit Card,No Internet,0,2.0,0,No
101536,Male,28.0,Nablus,23,Month-to-Month,,2450.55,Bank Transfer,No Internet,3,2.0,3,Yes
101537,Male,18.0,Tulkarm,25,Two Year,71.49,1820.49,Cash,DSL,1,4.0,2,No
101538,Male,42.0,Tulkarm,69,Month-to-Month,87.59,6211.69,Credit Card,No Internet,6,4.0,3,No
101539,Male,23.0,Tulkarm,51,Month-to-Month,53.62,2902.03,Bank Transfer,Fiber Optic,0,5.0,0,No
101540,Male,34.0,Jericho,58,Two Year,68.57,3932.33,PayPal,Fiber Optic,3,3.0,0,No
101541,Male,20.0,Ramallah,51,One Year,66.95,3569.45,Credit Card,DSL,3,3.0,1,No
101542,Male,53.0,Tulkarm,21,Two Year,71.0,1463.21,PayPal,DSL,2,4.0,4,No
101543,Female,18.0,Hebron,65,Month-to-Month,41.69,2498.9,Credit Card,DSL,3,5.0,0,No
101544,Male,62.0,Gaza,29,Month-to-Month,52.79,1610.54,PayPal,Fiber Optic,2,3.0,2,No
101545,Male,37.0,Rafah,30,Two Year,66.29,1910.54,PayPal,Fiber Optic,0,4.0,1,No
101546,Female,30.0,Jenin,72,Month-to-Month,72.5,5001.03,Bank Transfer,Fiber Optic,2,4.0,1,No
101547,Male,40.0,Tulkarm,63,Month-to-Month,79.13,5122.6,Bank Transfer,Fiber Optic,3,3.0,0,No
101548,Male,28.0,Khan Yunis,53,Month-to-Month,47.88,2491.32,Cash,DSL,1,3.0,0,No
101549,Male,49.0,Jenin,46,Month-to-Month,66.91,3076.01,Cash,DSL,3,5.0,0,No
101550,Female,35.0,Ramallah,13,Month-to-Month,91.64,1277.04,Bank Transfer,Fiber Optic,2,5.0,1,No
101551,Female,31.0,Ramallah,52,Two Year,79.54,3997.69,Cash,DSL,2,5.0,1,No
101552,Male,50.0,Nablus,24,One Year,90.5,2301.95,Cash,DSL,4,3.0,0,Yes
101553,Female,28.0,Gaza,53,Month-to-Month,81.6,4521.94,Cash,No Internet,3,4.0,0,No
101554,Female,53.0,Nablus,30,Month-to-Month,94.77,2646.79,PayPal,DSL,1,2.0,1,No
101555,Male,48.0,Bethlehem,72,One Year,88.27,6231.37,PayPal,No Internet,1,3.0,1,No
101556,Female,32.0,Ramallah,67,One Year,86.38,5791.91,Credit Card,Fiber Optic,4,3.0,1,No
101557,Female,44.0,Khan Yunis,23,One Year,34.72,750.34,Credit Card,No Internet,0,2.0,1,No
101558,Female,47.0,Tulkarm,18,Month-to-Month,66.43,1210.23,Credit Card,DSL,3,3.0,3,No
101559,Male,29.0,Tulkarm,18,Month-to-Month,20.0,356.92,Cash,No Internet,2,2.0,0,No
101560,Male,23.0,Jenin,60,Month-to-Month,51.88,2943.94,Credit Card,DSL,3,2.0,0,No
101561,Female,,Hebron,30,Two Year,41.47,1253.29,PayPal,No Internet,2,5.0,1,No
101562,Male,42.0,Hebron,42,One Year,129.17,5126.14,Cash,Fiber Optic,0,3.0,1,No
101563,Female,24.0,Hebron,37,Month-to-Month,80.43,2981.25,Cash,DSL,0,4.0,1,No
101564,Male,43.0,Tulkarm,60,Month-to-Month,68.41,4364.58,PayPal,No Internet,5,2.0,1,Yes
101565,Male,31.0,Hebron,6,Month-to-Month,61.54,388.69,Bank Transfer,DSL,2,3.0,1,No
101566,Male,28.0,Jenin,36,Month-to-Month,80.39,2689.27,Credit Card,DSL,6,2.0,1,No
101567,Female,52.0,Hebron,63,Month-to-Month,58.97,3529.58,Bank Transfer,Fiber Optic,1,3.0,1,No
101568,Female,51.0,Hebron,57,Month-to-Month,73.16,4286.02,Bank Transfer,DSL,2,5.0,0,Yes
101569,Female,47.0,Ramallah,25,Month-to-Month,106.77,2697.72,Bank Transfer,DSL,3,4.0,1,No
101570,Male,29.0,Gaza,30,Month-to-Month,63.82,1960.07,Cash,DSL,1,4.0,1,No
101571,Female,32.0,Hebron,22,Month-to-Month,50.31,1023.67,Bank Transfer,Fiber Optic,3,1.0,0,No
101572,Male,38.0,Ramallah,21,One Year,68.23,1354.36,Credit Card,Fiber Optic,3,2.0,0,Yes
101573,Male,47.0,Hebron,59,One Year,107.48,6804.63,PayPal,Fiber Optic,4,,2,No
101574,Female,30.0,Jenin,71,Month-to-Month,88.17,6337.4,PayPal,Fiber Optic,2,3.0,1,No
101575,Male,25.0,Hebron,-2,One Year,120.56,5529.39,PayPal,No Internet,2,3.0,2,No
101576,Female,31.0,Bethlehem,14,One Year,80.86,1109.19,PayPal,No Internet,1,5.0,1,No
101577,Male,48.0,Rafah,10,One Year,64.2,614.52,PayPal,No Internet,2,5.0,3,No
101578,Male,32.0,Ramallah,22,Two Year,30.36,699.93,Bank Transfer,No Internet,1,3.0,2,No
101579,Male,57.0,Hebron,12,Two Year,136.32,1672.05,PayPal,DSL,0,4.0,0,No
101580,Male,75.0,Ramallah,15,One Year,75.71,1112.53,PayPal,No Internet,3,3.0,0,No
101581,Female,48.0,Jericho,43,Month-to-Month,124.48,5714.15,Bank Transfer,Fiber Optic,3,3.0,1,No
101582,Male,40.0,Jericho,39,Month-to-Month,42.21,1538.56,Credit Card,No Internet,3,4.0,1,Yes
101583,Female,26.0,Jenin,28,Month-to-Month,20.93,546.05,Cash,DSL,3,4.0,1,No
101584,Male,18.0,Hebron,46,One Year,47.15,2151.2,Credit Card,No Internet,1,3.0,2,No
101585,Male,41.0,Jenin,58,Month-to-Month,52.3,3228.58,Cash,DSL,1,3.0,0,Yes
101586,Male,63.0,Hebron,46,Two Year,84.46,3780.77,Credit Card,Fiber Optic,5,3.0,3,Yes
101587,Female,39.0,Bethlehem,44,One Year,108.53,4485.51,Credit Card,No Internet,1,3.0,0,No
101588,Male,28.0,Tulkarm,8,Two Year,75.54,642.89,Bank Transfer,DSL,0,3.0,1,No
101589,Male,45.0,Bethlehem,4,Two Year,86.28,334.62,Cash,No Internet,0,2.0,0,No
101590,Male,29.0,Khan Yunis,13,Two Year,69.8,,Credit Card,No Internet,3,4.0,1,No
101591,Female,39.0,Jericho,14,One Year,51.08,770.1,Cash,DSL,0,5.0,1,No
101592,Female,50.0,Ramallah,56,Month-to-Month,68.72,3923.01,PayPal,Fiber Optic,2,3.0,3,No
101593,Male,54.0,Rafah,57,One Year,38.14,2187.69,Credit Card,DSL,1,3.0,2,No
101594,Male,44.0,Hebron,26,Month-to-Month,73.4,2014.37,PayPal,No Internet,5,5.0,1,Yes
101595,Female,57.0,Ramallah,29,Month-to-Month,104.17,3175.93,Cash,DSL,2,2.0,2,No
101596,Male,33.0,Nablus,32,One Year,76.75,2582.76,PayPal,Fiber Optic,2,4.0,1,No
101597,Female,37.0,Nablus,42,Month-to-Month,72.99,2988.09,Cash,No Internet,4,4.0,0,No
101598,Male,32.0,Tulkarm,2,One Year,55.03,103.37,PayPal,Fiber Optic,3,2.0,0,Yes
101599,Male,37.0,Ramallah,61,Month-to-Month,83.96,4845.2,Cash,Fiber Optic,0,3.0,3,Yes
101600,Male,41.0,Gaza,59,Month-to-Month,70.78,3991.73,Credit Card,No Internet,3,5.0,0,No
101601,Male,25.0,Hebron,44,One Year,70.43,3299.03,Cash,DSL,4,5.0,1,No
101602,Male,42.0,Jenin,10,One Year,56.89,553.52,Bank Transfer,DSL,1,5.0,0,No
101603,Female,,Khan Yunis,7,Month-to-Month,87.92,574.91,Credit Card,Fiber Optic,2,2.0,0,Yes
101604,Female,44.0,Nablus,10,Two Year,99.31,1061.87,PayPal,Fiber Optic,2,1.0,3,Yes
101605,Male,25.0,Tulkarm,52,Month-to-Month,67.43,3602.18,PayPal,Fiber Optic,0,5.0,2,No
101606,Female,56.0,Nablus,27,Month-to-Month,56.68,1616.98,PayPal,Fiber Optic,1,3.0,1,No
101607,Female,52.0,Bethlehem,5,Two Year,43.34,203.01,Credit Card,No Internet,2,5.0,2,No
101608,Male,42.0,Gaza,71,Month-to-Month,140.43,9627.43,Cash,Fiber Optic,2,3.0,1,No
101609,Male,34.0,Tulkarm,41,Month-to-Month,62.78,2611.04,Cash,No Internet,2,5.0,2,No
101610,Female,33.0,Bethlehem,59,One Year,73.68,4504.8,Credit Card,DSL,0,6.0,2,No
101611,Female,43.0,Nablus,5,Two Year,79.05,423.39,Credit Card,Fiber Optic,1,5.0,0,No
101612,Male,57.0,Tulkarm,64,One Year,93.51,5793.68,PayPal,No Internet,2,4.0,1,No
101613,Male,39.0,Nablus,40,One Year,54.36,2027.17,PayPal,No Internet,1,4.0,3,No
101614,Male,49.0,Ramallah,51,Month-to-Month,98.17,5051.08,PayPal,DSL,0,1.0,0,Yes
101615,Female,37.0,Jericho,19,Month-to-Month,55.95,1067.71,Bank Transfer,Fiber Optic,2,3.0,0,No
101616,Male,44.0,Tulkarm,24,One Year,62.55,1430.9,PayPal,No Internet,3,3.0,2,No
101617,Male,31.0,Tulkarm,22,Month-to-Month,98.8,2128.83,Credit Card,No Internet,6,4.0,1,No
101618,Male,39.0,Nablus,31,One Year,45.47,1461.2,Cash,DSL,1,3.0,1,No
101619,Male,36.0,Bethlehem,71,Month-to-Month,71.92,4838.71,PayPal,Fiber Optic,0,3.0,2,No
101620,Female,18.0,Bethlehem,71,Two Year,98.39,7207.68,Cash,DSL,3,4.0,1,No
101621,Female,54.0,Hebron,2,Month-to-Month,90.11,171.47,Cash,Fiber Optic,1,2.0,1,No
101622,Male,27.0,Tulkarm,21,Month-to-Month,44.95,929.57,Credit Card,No Internet,0,3.0,0,Yes
101623,Male,34.0,Jericho,52,Two Year,77.61,4051.12,Credit Card,DSL,3,3.0,0,No
101624,Male,18.0,Ramallah,4,Two Year,108.74,416.79,Bank Transfer,Fiber Optic,1,3.0,1,No
101625,Female,52.0,Ramallah,55,Month-to-Month,75.97,3904.96,,DSL,3,3.0,2,Yes
101626,Female,62.0,Rafah,17,One Year,108.69,1766.55,PayPal,No Internet,3,1.0,1,No
101627,Male,43.0,Jenin,10,Month-to-Month,53.09,516.9,Credit Card,Fiber Optic,3,4.0,1,No
101628,Male,61.0,Khan Yunis,53,Month-to-Month,76.29,4301.31,Cash,Fiber Optic,0,3.0,4,No
101629,Female,57.0,Khan Yunis,47,Month-to-Month,60.64,2791.83,Bank Transfer,No Internet,2,4.0,2,No
101630,Female,36.0,Ramallah,15,Month-to-Month,58.32,869.34,Bank Transfer,Fiber Optic,4,3.0,0,No
101631,Male,18.0,Hebron,59,One Year,83.1,4948.55,PayPal,No Internet,2,3.0,1,No
101632,Male,35.0,Rafah,50,Month-to-Month,80.16,3940.7,PayPal,DSL,3,4.0,0,No
101633,Female,35.0,Ramallah,7,One Year,79.39,573.38,Credit Card,DSL,2,4.0,1,No
101634,Male,27.0,Nablus,8,One Year,82.2,627.87,Credit Card,DSL,4,5.0,1,No
101635,Male,27.0,Hebron,6,One Year,57.1,326.94,Bank Transfer,Fiber Optic,1,4.0,2,No
101636,Male,50.0,Jenin,44,One Year,116.33,5086.6,Cash,No Internet,2,1.0,1,Yes
101637,Male,62.0,Jenin,13,Month-to-Month,36.97,512.76,Credit Card,No Internet,2,3.0,1,No
101638,Female,46.0,Gaza,60,One Year,60.64,3826.27,Credit Card,DSL,0,3.0,0,No
101639,Female,21.0,Jenin,4,Month-to-Month,46.36,185.47,PayPal,No Internet,4,4.0,2,No
101640,Female,54.0,Ramallah,20,Month-to-Month,58.34,1165.91,Credit Card,DSL,2,3.0,0,No
101641,Male,40.0,Khan Yunis,49,Month-to-Month,112.78,5759.13,Cash,Fiber Optic,2,2.0,1,No
101642,Male,48.0,Jenin,61,One Year,102.92,6165.43,Cash,Fiber Optic,1,1.0,1,No
101643,Male,45.0,Hebron,41,One Year,67.0,2556.02,Cash,No Internet,3,2.0,0,No
101644,Male,44.0,Khan Yunis,46,One Year,90.54,4495.29,Bank Transfer,DSL,0,4.0,0,No
101645,Female,36.0,Jericho,63,One Year,94.18,6199.94,PayPal,Fiber Optic,6,3.0,1,No
101646,Female,32.0,Hebron,39,Two Year,122.25,5108.46,Cash,No Internet,2,4.0,1,No
101647,Female,18.0,Nablus,53,One Year,70.93,3738.07,Credit Card,Fiber Optic,1,3.0,1,No
101648,Male,21.0,Rafah,19,One Year,121.63,2176.25,Credit Card,DSL,2,3.0,0,No
101649,Male,52.0,Nablus,3,Month-to-Month,95.12,308.02,Bank Transfer,No Internet,3,2.0,1,No
101650,Male,26.0,Rafah,33,Month-to-Month,27.3,898.01,Bank Transfer,DSL,3,4.0,1,Yes
101651,Female,18.0,Ramallah,23,Two Year,93.66,2191.94,Credit Card,No Internet,1,3.0,1,No
101652,Female,39.0,Tulkarm,44,Month-to-Month,125.27,5302.27,PayPal,No Internet,1,4.0,0,No
101653,Female,49.0,Khan Yunis,30,Two Year,39.03,1150.92,Bank Transfer,DSL,1,5.0,0,No
101654,Female,36.0,Jenin,34,Month-to-Month,77.2,2684.97,Credit Card,No Internet,2,4.0,4,No
101655,Male,22.0,Khan Yunis,25,Two Year,123.6,3130.8,Credit Card,Fiber Optic,2,3.0,1,Yes
101656,Male,38.0,Jericho,5,Two Year,52.9,282.33,PayPal,Fiber Optic,3,5.0,0,No
101657,Male,30.0,Bethlehem,52,Month-to-Month,78.95,4307.28,PayPal,DSL,5,5.0,1,No
101658,Female,47.0,Nablus,24,One Year,82.07,1970.05,Credit Card,Fiber Optic,2,4.0,1,No
101659,Female,,Tulkarm,16,One Year,52.7,862.29,Cash,DSL,2,5.0,0,No
101660,Female,50.0,Hebron,13,Month-to-Month,58.42,801.83,PayPal,Fiber Optic,3,4.0,0,No
101661,Male,45.0,Rafah,35,Month-to-Month,54.19,1889.11,Cash,No Internet,1,4.0,1,Yes
101662,Female,19.0,Gaza,27,Month-to-Month,22.64,585.54,Bank Transfer,DSL,2,5.0,0,No
101663,Male,43.0,Gaza,42,Two Year,104.81,4543.31,PayPal,DSL,3,4.0,0,No
101664,Male,39.0,Nablus,58,Month-to-Month,77.79,4352.08,Bank Transfer,DSL,4,5.0,1,No
101665,Female,38.0,Tulkarm,45,Month-to-Month,50.87,2128.48,Cash,No Internet,0,3.0,1,No
101666,Male,30.0,Nablus,18,Two Year,96.82,1658.89,PayPal,DSL,2,3.0,0,No
101667,Male,37.0,Bethlehem,23,Two Year,68.37,1650.65,PayPal,DSL,3,4.0,2,No
101668,Male,50.0,Tulkarm,21,Month-to-Month,83.39,1808.81,Bank Transfer,No Internet,1,5.0,1,No
101669,Male,39.0,Nablus,32,One Year,77.55,2306.8,Cash,DSL,1,4.0,0,No
101670,Female,42.0,Gaza,59,One Year,108.03,6212.62,Cash,DSL,2,,1,No
101671,Female,37.0,Nablus,3,Two Year,85.67,250.55,PayPal,DSL,2,3.0,0,No
101672,Female,24.0,Ramallah,66,One Year,55.68,3742.16,PayPal,No Internet,2,4.0,3,Yes
101673,Male,24.0,Hebron,1,Two Year,56.54,57.17,PayPal,No Internet,2,3.0,1,Yes
101674,Female,45.0,Hebron,28,One Year,104.75,,Bank Transfer,Fiber Optic,1,4.0,0,No
101675,Male,51.0,Bethlehem,44,Two Year,52.8,2406.79,Bank Transfer,Fiber Optic,2,4.0,0,No
101676,Male,26.0,Rafah,13,Month-to-Month,81.81,1083.08,PayPal,DSL,6,3.0,1,No
101677,Female,26.0,Khan Yunis,21,Month-to-Month,108.68,2227.66,Bank Transfer,Fiber Optic,2,4.0,1,No
101678,Female,39.0,Ramallah,52,Two Year,77.65,4016.56,Cash,No Internet,1,4.0,1,No
101679,Female,35.0,Jenin,21,Month-to-Month,65.38,1401.79,Credit Card,Fiber Optic,3,3.0,0,No
101680,Male,38.0,Jericho,40,One Year,48.42,2063.26,PayPal,Fiber Optic,1,4.0,0,No
101681,Male,101.0,Rafah,49,Month-to-Month,72.22,3736.24,Credit Card,No Internet,1,3.0,1,No
101682,Male,47.0,Rafah,13,Month-to-Month,61.17,826.16,PayPal,Fiber Optic,2,2.0,1,No
101683,Male,19.0,Bethlehem,40,Month-to-Month,40.71,1640.32,PayPal,DSL,1,3.0,0,No
101684,Female,55.0,Gaza,54,Two Year,26.94,1512.12,Bank Transfer,Fiber Optic,2,,1,No
101685,Female,33.0,Jenin,71,Month-to-Month,53.03,3640.05,PayPal,No Internet,4,3.0,1,No
101686,Female,44.0,Gaza,52,Month-to-Month,63.16,3025.68,Credit Card,Fiber Optic,3,2.0,1,No
101687,Female,38.0,Bethlehem,35,,70.18,2566.91,Cash,No Internet,0,2.0,0,No
101688,Female,48.0,Hebron,28,Two Year,91.66,2618.08,PayPal,Fiber Optic,2,4.0,1,No
101689,Male,40.0,Tulkarm,33,One Year,94.14,3025.53,Cash,DSL,3,4.0,3,No
101690,Female,49.0,Hebron,21,Two Year,70.02,1409.68,Credit Card,No Internet,0,3.0,0,No
101691,Female,43.0,Jenin,21,One Year,70.46,1584.05,Cash,DSL,2,3.0,1,No
101692,Female,64.0,Gaza,19,Month-to-Month,93.56,1868.58,Cash,Fiber Optic,1,2.0,1,Yes
101693,Male,38.0,Jericho,26,One Year,62.91,1697.69,PayPal,Fiber Optic,0,3.0,2,No
101694,Female,43.0,Bethlehem,69,One Year,58.97,4272.87,Cash,Fiber Optic,0,3.0,5,No
101695,Male,44.0,Khan Yunis,68,One Year,96.48,6045.33,Cash,No Internet,3,3.0,1,No
101696,Female,18.0,Gaza,36,One Year,52.06,1834.19,Bank Transfer,Fiber Optic,1,4.0,0,No
101697,Male,28.0,Nablus,23,Two Year,86.79,2046.33,PayPal,No Internet,2,3.0,0,No
101698,Female,38.0,Ramallah,25,Month-to-Month,46.9,1195.36,Credit Card,Fiber Optic,3,5.0,0,Yes
101699,Male,43.0,Tulkarm,25,Month-to-Month,57.66,1549.35,Credit Card,DSL,3,3.0,2,No
101700,Female,26.0,Nablus,63,One Year,65.67,4394.9,Cash,No Internet,1,3.0,3,No
101701,Female,52.0,Ramallah,54,Month-to-Month,67.25,3499.5,Cash,DSL,0,4.0,0,No
101702,Male,62.0,Nablus,14,Month-to-Month,94.99,1364.38,Bank Transfer,DSL,3,4.0,2,Yes
101703,Male,50.0,Ramallah,65,Month-to-Month,-50.0,4239.04,Bank Transfer,Fiber Optic,3,5.0,0,No
101704,Male,29.0,Khan Yunis,48,Month-to-Month,141.45,6335.81,Cash,Fiber Optic,1,2.0,2,Yes
101705,Male,18.0,Gaza,49,Two Year,60.49,3066.62,Bank Transfer,Fiber Optic,5,3.0,2,No
101706,Male,43.0,Jenin,66,Month-to-Month,70.13,4933.53,Bank Transfer,DSL,0,5.0,1,No
101707,Female,-5.0,Rafah,67,Month-to-Month,68.76,4596.42,PayPal,DSL,4,4.0,3,Yes
101708,Male,25.0,Jenin,29,Month-to-Month,46.54,1376.17,Cash,Fiber Optic,0,3.0,1,No
101709,Female,33.0,Tulkarm,18,One Year,116.55,2228.61,Credit Card,No Internet,1,3.0,1,No
101710,Male,37.0,Hebron,27,One Year,96.42,2809.5,PayPal,DSL,7,4.0,0,No
101711,Female,26.0,Bethlehem,20,Two Year,83.83,1553.72,Credit Card,No Internet,3,5.0,0,No
101712,Female,28.0,Bethlehem,37,Month-to-Month,66.76,2533.4,Credit Card,DSL,1,4.0,1,No
101713,Female,19.0,Jericho,16,Month-to-Month,96.88,1438.92,PayPal,DSL,1,3.0,1,Yes
101714,Female,43.0,Tulkarm,38,One Year,92.25,3743.73,Credit Card,Fiber Optic,5,4.0,2,No
101715,Male,24.0,Bethlehem,36,Month-to-Month,91.02,3225.17,Cash,Fiber Optic,4,5.0,2,No
101716,Male,39.0,Bethlehem,21,Month-to-Month,77.83,1679.04,Credit Card,Fiber Optic,0,3.0,1,No
101717,Female,48.0,Hebron,11,Month-to-Month,112.66,1203.69,PayPal,No Internet,4,4.0,2,Yes
101718,Male,60.0,Tulkarm,50,One Year,88.49,4342.19,Bank Transfer,No Internet,2,4.0,0,No
101719,Female,24.0,Jericho,21,Month-to-Month,73.64,1568.71,Credit Card,No Internet,3,2.0,0,Yes
101720,Female,27.0,Bethlehem,4,Two Year,103.46,446.59,Bank Transfer,Fiber Optic,1,3.0,0,No
101721,Female,49.0,Gaza,31,Month-to-Month,99.27,2935.38,Bank Transfer,DSL,0,2.0,1,No
101722,Female,33.0,Jericho,23,Month-to-Month,125.07,2754.74,PayPal,Fiber Optic,3,3.0,3,No
101723,Male,22.0,Rafah,32,One Year,79.8,2518.62,Bank Transfer,Fiber Optic,0,5.0,1,No
101724,Male,55.0,Bethlehem,43,Two Year,89.36,4061.78,Credit Card,Fiber Optic,1,3.0,0,No
101725,Female,27.0,Jenin,67,Month-to-Month,105.33,7117.4,Bank Transfer,DSL,1,3.0,0,No
101726,Female,34.0,Rafah,40,One Year,53.22,2022.37,Credit Card,DSL,2,4.0,1,No
101727,Female,56.0,Nablus,6,Month-to-Month,68.39,384.69,Bank Transfer,No Internet,4,3.0,1,No
101728,Male,58.0,Ramallah,62,Month-to-Month,63.49,3772.02,Credit Card,DSL,2,4.0,0,No
101729,Male,48.0,Ramallah,59,Two Year,68.14,4121.79,Credit Card,Fiber Optic,0,4.0,0,No
101730,Male,49.0,Gaza,38,One Year,22.22,859.62,Bank Transfer,Fiber Optic,3,4.0,0,No
101731,Male,18.0,Jenin,31,Month-to-Month,88.87,2667.06,Bank Transfer,No Internet,0,3.0,0,No
101732,Female,46.0,Ramallah,33,One Year,101.43,3148.01,Cash,No Internet,4,2.0,1,No
101733,Male,39.0,Jericho,40,Month-to-Month,39.06,1479.64,PayPal,No Internet,0,5.0,0,Yes
101734,Male,36.0,Jericho,57,Month-to-Month,85.06,5183.0,PayPal,No Internet,0,1.0,2,Yes
101735,Female,35.0,Hebron,1,Month-to-Month,105.59,113.39,Credit Card,DSL,0,5.0,0,No
101736,Female,18.0,Khan Yunis,32,One Year,90.94,3001.42,Cash,No Internet,2,3.0,0,No
101737,Male,49.0,Nablus,48,One Year,81.15,4080.89,PayPal,Fiber Optic,1,2.0,1,No
101738,Female,42.0,Tulkarm,44,Month-to-Month,0.0,3119.58,Cash,DSL,3,4.0,1,No
101739,Female,52.0,Jenin,4,Month-to-Month,113.3,429.33,PayPal,No Internet,0,3.0,0,Yes
101740,Male,47.0,Hebron,58,Month-to-Month,56.73,3224.06,Bank Transfer,DSL,0,5.0,2,No
101741,Male,18.0,Tulkarm,17,Two Year,94.38,1592.33,Cash,Fiber Optic,0,4.0,1,No
101742,Female,33.0,Jericho,71,Month-to-Month,110.89,7642.42,Credit Card,Fiber Optic,1,3.0,1,No
101743,Male,51.0,Hebron,13,Month-to-Month,107.42,1439.79,Credit Card,DSL,1,4.0,3,Yes
101744,Female,34.0,Bethlehem,72,Month-to-Month,99.95,7691.13,Bank Transfer,Fiber Optic,1,4.0,2,Yes
101745,Female,31.0,Hebron,13,Two Year,28.01,358.12,Cash,DSL,3,2.0,1,Yes
101746,Male,42.0,Rafah,2,Month-to-Month,115.89,220.78,Bank Transfer,DSL,2,2.0,0,No
101747,Female,49.0,Hebron,55,Month-to-Month,71.21,3856.91,Bank Transfer,Fiber Optic,3,3.0,3,No
101748,Female,24.0,Khan Yunis,53,Month-to-Month,93.65,4622.73,PayPal,Fiber Optic,4,3.0,1,No
101749,Male,23.0,Hebron,36,One Year,102.92,3989.56,Credit Card,Fiber Optic,4,6.0,0,No
101750,Male,35.0,Nablus,32,Two Year,48.22,1657.39,Credit Card,DSL,1,4.0,1,No
101751,Female,48.0,Tulkarm,56,Month-to-Month,36.0,2139.21,PayPal,Fiber Optic,3,4.0,0,No
101752,Female,39.0,Rafah,46,Month-to-Month,104.6,4996.77,Cash,Fiber Optic,3,4.0,1,No
101753,Female,45.0,Jericho,52,One Year,50.58,2477.36,Bank Transfer,No Internet,5,3.0,0,No
101754,Female,29.0,Jenin,53,Month-to-Month,87.49,4622.27,Cash,Fiber Optic,3,3.0,2,No
101755,Male,40.0,Bethlehem,52,Month-to-Month,36.74,1982.66,PayPal,Fiber Optic,0,2.0,2,Yes
101756,Female,18.0,Bethlehem,8,Two Year,88.29,687.57,Credit Card,Fiber Optic,0,2.0,0,No
101757,Male,51.0,Gaza,55,Two Year,116.86,6319.94,Bank Transfer,DSL,2,4.0,0,No
101758,Male,58.0,Rafah,29,One Year,122.75,3525.06,Credit Card,Fiber Optic,4,5.0,0,No
101759,Female,57.0,Hebron,71,One Year,43.78,2909.66,Cash,Fiber Optic,2,3.0,0,No
101760,Female,33.0,Rafah,30,One Year,97.14,3077.68,PayPal,No Internet,2,4.0,1,No
101761,Female,43.0,Jenin,46,Month-to-Month,20.0,948.21,Bank Transfer,DSL,2,3.0,1,No
101762,Female,23.0,Khan Yunis,3,Month-to-Month,54.15,165.34,PayPal,Fiber Optic,7,4.0,2,No
101763,Male,,Ramallah,30,Month-to-Month,104.07,3232.83,PayPal,Fiber Optic,1,3.0,4,No
101764,Female,28.0,Gaza,29,One Year,80.59,2160.9,Cash,No Internet,2,4.0,0,No
101765,Female,41.0,Hebron,22,One Year,20.0,464.43,Credit Card,Fiber Optic,2,3.0,1,No
101766,Male,54.0,Jenin,26,Two Year,49.18,1372.08,PayPal,No Internet,2,3.0,1,No
101767,Female,32.0,Bethlehem,19,Month-to-Month,64.08,1272.04,PayPal,No Internet,1,3.0,1,No
101768,Female,45.0,Hebron,2,Month-to-Month,113.48,239.58,Credit Card,No Internet,1,3.0,0,No
101769,Male,19.0,Tulkarm,27,One Year,91.68,2476.71,PayPal,No Internet,3,4.0,1,No
101770,Female,54.0,Nablus,63,Two Year,43.63,2551.05,Credit Card,DSL,0,4.0,0,No
101771,Male,30.0,Khan Yunis,1,Two Year,78.2,73.53,Bank Transfer,No Internet,0,4.0,2,No
101772,Female,41.0,Jenin,48,One Year,95.81,4262.43,Credit Card,DSL,0,4.0,0,No
101773,Female,27.0,Jericho,17,Month-to-Month,82.74,1469.48,Credit Card,Fiber Optic,3,5.0,1,Yes
101774,Female,45.0,Gaza,21,Month-to-Month,86.92,1906.28,Credit Card,DSL,1,5.0,3,Yes
101775,Male,20.0,Nablus,17,Month-to-Month,0.0,861.6,Bank Transfer,Fiber Optic,1,3.0,0,No
101776,Male,27.0,Jenin,51,Two Year,51.35,2515.03,Cash,Fiber Optic,3,4.0,2,No
101777,Female,40.0,Tulkarm,68,Month-to-Month,70.17,5096.53,PayPal,Fiber Optic,1,4.0,0,No
101778,Female,18.0,Ramallah,68,Two Year,83.48,6045.52,PayPal,No Internet,6,4.0,1,No
101779,Male,52.0,Hebron,1,Two Year,63.69,62.25,Bank Transfer,Fiber Optic,1,3.0,0,No
101780,Female,50.0,Nablus,20,Month-to-Month,78.4,1450.93,Bank Transfer,No Internet,2,5.0,0,No
101781,Male,44.0,Tulkarm,19,Two Year,33.71,665.68,PayPal,Fiber Optic,1,3.0,0,No
101782,Female,31.0,Khan Yunis,43,Month-to-Month,57.99,2330.03,Bank Transfer,DSL,0,5.0,1,No
101783,Female,25.0,Rafah,35,Month-to-Month,114.79,3831.72,Credit Card,No Internet,2,4.0,1,No
101784,Male,30.0,Ramallah,5,Month-to-Month,88.22,444.08,Bank Transfer,Fiber Optic,2,3.0,0,No
101785,Female,18.0,Gaza,1,One Year,111.8,104.94,PayPal,Fiber Optic,4,2.0,2,No
101786,Female,31.0,Gaza,39,Month-to-Month,92.91,3910.29,Credit Card,Fiber Optic,4,3.0,1,Yes
101787,Male,56.0,Bethlehem,23,Month-to-Month,79.15,1912.76,Credit Card,DSL,2,4.0,2,No
101788,Male,37.0,Nablus,16,One Year,75.27,1126.31,Credit Card,No Internet,2,5.0,2,No
101789,Female,31.0,Ramallah,54,Month-to-Month,75.01,3881.08,Cash,No Internet,2,3.0,1,No
101790,Female,21.0,Gaza,63,One Year,70.88,4720.03,PayPal,No Internet,2,3.0,1,No
101791,Male,49.0,Ramallah,63,One Year,56.2,3777.82,Credit Card,No Internet,1,4.0,0,No
101792,Female,36.0,Gaza,35,Month-to-Month,77.83,2559.82,PayPal,DSL,4,4.0,0,No
101793,Female,42.0,Rafah,59,Month-to-Month,61.67,3360.64,Cash,Fiber Optic,3,2.0,1,Yes
101794,Female,48.0,Jericho,44,Two Year,85.22,3968.39,Credit Card,DSL,3,3.0,1,No
101795,Male,40.0,Hebron,68,Month-to-Month,54.79,3473.81,Cash,No Internet,1,4.0,1,Yes
101796,Female,26.0,Rafah,4,One Year,69.74,256.74,Bank Transfer,DSL,3,2.0,0,No
101797,Female,42.0,Bethlehem,58,One Year,73.15,4055.68,Bank Transfer,DSL,3,4.0,1,No
101798,Female,43.0,Tulkarm,46,Month-to-Month,103.13,4922.32,PayPal,Fiber Optic,3,3.0,1,No
101799,Female,32.0,Gaza,3,Month-to-Month,101.0,281.99,Bank Transfer,Fiber Optic,2,4.0,0,No
101800,Female,34.0,Gaza,39,One Year,43.33,1749.68,Bank Transfer,Fiber Optic,2,3.0,2,No
101801,Female,46.0,Gaza,46,Month-to-Month,114.65,5607.46,Cash,DSL,3,3.0,0,No
101802,Male,47.0,Bethlehem,67,Month-to-Month,94.37,6782.19,PayPal,No Internet,2,4.0,0,No
101803,Female,22.0,Jericho,20,Month-to-Month,65.77,1247.57,Bank Transfer,DSL,4,5.0,0,No
101804,Female,54.0,Jenin,31,One Year,66.6,1949.92,PayPal,Fiber Optic,2,5.0,0,No
101805,Female,41.0,Rafah,14,Two Year,88.28,1195.91,Cash,No Internet,3,4.0,1,No
101806,Female,44.0,Ramallah,43,One Year,80.96,3388.33,Bank Transfer,No Internet,3,4.0,1,No
101807,Female,45.0,Nablus,28,Two Year,69.68,1829.37,Credit Card,Fiber Optic,2,3.0,2,No
101808,Male,27.0,Nablus,15,Two Year,48.92,745.0,PayPal,No Internet,0,3.0,0,No
101809,Male,41.0,Nablus,62,Month-to-Month,56.42,3661.7,Cash,No Internet,2,3.0,1,No
101810,Female,25.0,Nablus,48,Two Year,97.03,4845.97,Credit Card,No Internet,3,5.0,2,No
101811,Male,19.0,Rafah,21,Month-to-Month,42.33,864.18,Bank Transfer,No Internet,4,4.0,2,Yes
101812,Male,22.0,Bethlehem,68,One Year,79.02,4973.94,Credit Card,No Internet,2,4.0,1,Yes
101813,Male,37.0,Hebron,32,Month-to-Month,63.04,1868.77,Bank Transfer,DSL,3,5.0,2,Yes
101814,Male,51.0,Ramallah,4,Month-to-Month,65.3,248.09,,No Internet,1,3.0,1,No
101815,Male,56.0,Nablus,2,One Year,102.44,216.3,Cash,Fiber Optic,2,3.0,1,No
101816,Female,40.0,Tulkarm,15,One Year,84.68,1198.43,Credit Card,DSL,0,3.0,3,No
101817,Female,18.0,Hebron,47,Month-to-Month,66.7,3226.86,Cash,No Internet,0,4.0,2,No
101818,Female,64.0,Jericho,20,Two Year,80.95,1741.56,,Fiber Optic,1,3.0,0,No
101819,Male,31.0,Jericho,0,Month-to-Month,61.4,1253.49,Credit Card,Fiber Optic,3,2.0,1,No
101820,Male,60.0,Rafah,60,One Year,105.82,6013.01,Cash,Fiber Optic,2,3.0,2,No
101821,Male,40.0,Jenin,27,One Year,142.52,3639.07,Bank Transfer,DSL,5,3.0,2,No
101822,Male,41.0,Jenin,53,One Year,97.02,5048.72,Credit Card,No Internet,5,2.0,1,Yes
101823,Female,41.0,Tulkarm,29,One Year,75.72,2051.16,Credit Card,No Internet,0,3.0,0,No
101824,Female,42.0,Jenin,30,One Year,101.49,3093.72,Credit Card,Fiber Optic,1,3.0,1,No
101825,Female,25.0,Gaza,35,Month-to-Month,103.62,3675.05,Cash,Fiber Optic,2,4.0,0,No
101826,Male,36.0,Hebron,50,One Year,56.86,2933.35,PayPal,Fiber Optic,4,4.0,0,No
101827,Male,48.0,Bethlehem,66,One Year,35.27,2197.92,Credit Card,DSL,0,3.0,2,No
101828,Male,37.0,Khan Yunis,51,One Year,46.16,2493.01,PayPal,Fiber Optic,4,4.0,2,No
101829,Male,50.0,Rafah,12,Month-to-Month,77.32,857.8,Cash,No Internet,1,4.0,5,Yes
101830,Male,42.0,Gaza,12,Month-to-Month,58.11,674.09,Credit Card,Fiber Optic,2,3.0,2,No
101831,Female,33.0,Gaza,10,One Year,65.02,613.53,PayPal,Fiber Optic,1,4.0,0,No
101832,Male,38.0,Tulkarm,67,Month-to-Month,89.45,5867.56,PayPal,No Internet,1,3.0,1,No
101833,Female,36.0,Bethlehem,35,Month-to-Month,59.47,2108.46,Cash,DSL,3,1.0,2,No
101834,Male,32.0,Nablus,36,Month-to-Month,60.97,2173.86,Credit Card,Fiber Optic,3,5.0,0,Yes
101835,Male,20.0,Gaza,37,Month-to-Month,93.12,3545.82,Cash,Fiber Optic,2,5.0,1,No
101836,Male,39.0,Jenin,65,Month-to-Month,135.19,8189.36,Credit Card,DSL,3,2.0,0,Yes
101837,Male,24.0,Jenin,8,Month-to-Month,57.47,434.42,Cash,No Internet,3,4.0,0,No
101838,Male,25.0,Nablus,8,Month-to-Month,81.35,615.97,Bank Transfer,No Internet,4,5.0,1,No
101839,Female,26.0,Hebron,32,Month-to-Month,38.01,1142.25,PayPal,No Internet,4,2.0,0,No
101840,Female,30.0,Hebron,31,Month-to-Month,29.88,855.95,Bank Transfer,DSL,1,3.0,2,No
101841,Male,47.0,Bethlehem,52,One Year,50.38,2729.27,PayPal,No Internet,0,4.0,1,No
101842,Male,32.0,Hebron,9,Two Year,82.03,728.84,Cash,No Internet,2,4.0,2,No
101843,Male,22.0,Nablus,39,Month-to-Month,88.82,3461.51,Bank Transfer,No Internet,0,5.0,2,No
101844,Male,33.0,Rafah,43,One Year,79.89,3557.76,PayPal,Fiber Optic,5,3.0,0,No
101845,Female,24.0,Jenin,56,Month-to-Month,66.77,3580.22,PayPal,DSL,3,4.0,0,No
101846,Female,36.0,Jericho,8,Two Year,68.19,515.47,PayPal,DSL,0,4.0,3,Yes
101847,Female,49.0,Gaza,69,Month-to-Month,69.82,4477.27,Cash,Fiber Optic,4,3.0,0,No
101848,Male,62.0,Jenin,21,Month-to-Month,85.55,1702.48,Credit Card,No Internet,2,5.0,2,No
101849,Female,29.0,Jenin,2,One Year,71.21,137.67,Cash,Fiber Optic,1,4.0,1,No
101850,Female,71.0,Tulkarm,5,Month-to-Month,82.57,406.7,Credit Card,Fiber Optic,3,3.0,0,No
101851,Female,50.0,Khan Yunis,33,One Year,65.35,2181.61,PayPal,DSL,1,4.0,1,No
101852,Female,36.0,Ramallah,49,One Year,96.6,4976.7,PayPal,DSL,2,3.0,2,No
101853,Male,57.0,Gaza,29,One Year,116.57,3571.0,Bank Transfer,No Internet,1,5.0,0,No
101854,Male,44.0,Khan Yunis,37,Two Year,95.51,3790.32,Bank Transfer,DSL,1,3.0,1,No
101855,Female,39.0,Bethlehem,1,One Year,92.39,91.06,Bank Transfer,No Internet,0,4.0,1,Yes
101856,Male,33.0,Nablus,4,Month-to-Month,102.44,385.47,Bank Transfer,No Internet,3,2.0,1,No
101857,Male,50.0,Rafah,56,One Year,23.65,1335.67,PayPal,Fiber Optic,3,3.0,1,No
101858,Female,28.0,Rafah,18,Month-to-Month,66.13,1157.81,Cash,DSL,4,5.0,1,No
101859,Female,34.0,Jericho,47,Month-to-Month,79.73,3552.13,Bank Transfer,Fiber Optic,1,3.0,2,No
101860,Female,44.0,Jenin,48,Month-to-Month,37.7,1796.09,PayPal,Fiber Optic,3,4.0,1,No
101861,Male,18.0,Hebron,8,Month-to-Month,40.31,322.16,Credit Card,No Internet,0,2.0,1,Yes
101862,Female,25.0,Jericho,62,Month-to-Month,38.85,2254.67,Bank Transfer,Fiber Optic,4,2.0,0,No
101863,Female,18.0,Jenin,53,One Year,56.22,3022.11,Credit Card,No Internet,2,2.0,0,No
101864,Male,47.0,Jericho,49,Two Year,82.08,4278.41,Cash,DSL,2,5.0,1,No
101865,Male,49.0,Khan Yunis,39,,,2272.28,Credit Card,Fiber Optic,1,4.0,2,No
101866,Female,23.0,Nablus,16,Month-to-Month,86.57,1459.85,PayPal,DSL,0,1.0,2,No
101867,Female,49.0,Bethlehem,31,Month-to-Month,70.16,2270.83,PayPal,No Internet,3,5.0,1,No
101868,Female,36.0,Jericho,30,Month-to-Month,89.94,2886.67,Credit Card,Fiber Optic,0,5.0,2,No
101869,Male,24.0,Jericho,68,Month-to-Month,98.83,6732.15,Credit Card,Fiber Optic,3,4.0,0,No
101870,Female,24.0,Hebron,55,One Year,65.97,3478.01,PayPal,No Internet,5,3.0,0,No
101871,Female,18.0,Nablus,55,Month-to-Month,64.56,3779.79,Credit Card,Fiber Optic,3,3.0,1,No
101872,Female,40.0,Khan Yunis,8,One Year,80.46,619.03,Credit Card,No Internet,2,3.0,2,No
101873,Female,18.0,Bethlehem,16,One Year,91.19,1459.44,Bank Transfer,Fiber Optic,1,3.0,0,No
101874,Male,37.0,Bethlehem,17,Two Year,79.57,1417.78,Cash,DSL,1,3.0,1,No
101875,Male,40.0,Hebron,14,Month-to-Month,83.16,1090.95,PayPal,No Internet,3,3.0,0,No
101876,Male,37.0,Bethlehem,55,Two Year,54.11,2778.91,Credit Card,DSL,1,3.0,0,No
101877,Female,33.0,Tulkarm,2,One Year,20.0,37.16,Cash,No Internet,1,4.0,1,No
101878,Male,36.0,Tulkarm,4,Two Year,93.82,360.1,Cash,No Internet,3,4.0,1,No
101879,Female,47.0,Nablus,58,Month-to-Month,62.31,3635.16,Credit Card,DSL,1,5.0,3,No
101880,Female,28.0,Hebron,39,Month-to-Month,62.26,2544.28,Cash,DSL,1,4.0,1,No
101881,Female,25.0,Khan Yunis,12,Month-to-Month,106.21,1181.29,PayPal,No Internet,2,3.0,0,Yes
101882,Female,18.0,Gaza,8,Month-to-Month,84.48,669.58,Cash,Fiber Optic,3,3.0,2,No
101883,Female,36.0,Tulkarm,58,Month-to-Month,115.98,6924.71,Bank Transfer,Fiber Optic,3,4.0,2,No
101884,Female,32.0,Nablus,55,Month-to-Month,88.1,5230.95,Bank Transfer,DSL,0,3.0,0,No
101885,Male,39.0,Nablus,2,One Year,61.99,122.28,Bank Transfer,DSL,4,2.0,1,No
101886,Female,24.0,Jenin,11,Two Year,42.76,472.68,PayPal,No Internet,3,5.0,0,No
101887,Male,23.0,Ramallah,62,Month-to-Month,63.26,3798.13,Credit Card,No Internet,1,3.0,1,No
101888,Female,25.0,Tulkarm,2,One Year,79.45,167.78,Bank Transfer,DSL,2,3.0,1,No
101889,Female,26.0,Nablus,22,Month-to-Month,87.59,1832.92,Cash,DSL,3,3.0,6,No
101890,Female,33.0,Jenin,47,Month-to-Month,80.13,3557.01,Bank Transfer,DSL,3,2.0,1,Yes
101891,Male,62.0,Gaza,32,Month-to-Month,70.24,2146.51,Cash,DSL,1,3.0,0,No
101892,Female,23.0,Nablus,71,Month-to-Month,99.14,7038.45,Bank Transfer,DSL,1,3.0,1,No
101893,Female,29.0,Rafah,4,Month-to-Month,79.4,340.28,Cash,Fiber Optic,0,3.0,1,No
101894,Male,46.0,Hebron,26,Month-to-Month,105.81,2961.72,Bank Transfer,Fiber Optic,5,4.0,1,No
101895,Male,31.0,Gaza,15,Month-to-Month,74.96,1135.09,Credit Card,No Internet,2,4.0,1,No
101896,Female,69.0,Gaza,72,One Year,89.18,6702.76,Bank Transfer,Fiber Optic,2,3.0,1,No
101897,Female,31.0,Rafah,55,Month-to-Month,85.55,4416.21,Cash,DSL,1,4.0,1,No
101898,Male,42.0,Rafah,16,Month-to-Month,95.08,1445.88,PayPal,DSL,0,2.0,0,Yes
101899,Female,48.0,Nablus,11,Month-to-Month,110.99,1231.57,Bank Transfer,Fiber Optic,4,2.0,1,No
101900,Male,28.0,Bethlehem,45,One Year,20.0,846.87,Cash,No Internet,2,3.0,0,No
101901,Male,25.0,Bethlehem,3,Month-to-Month,77.46,233.55,Credit Card,DSL,3,4.0,1,No
101902,Female,42.0,Hebron,71,Month-to-Month,67.97,4816.23,Credit Card,No Internet,3,3.0,2,No
101903,Female,31.0,Hebron,3,One Year,89.64,260.72,Cash,DSL,3,5.0,1,No
101904,Male,18.0,Rafah,64,Month-to-Month,35.49,2157.11,Bank Transfer,Fiber Optic,1,5.0,1,No
101905,Male,24.0,Gaza,23,Month-to-Month,66.21,1438.01,PayPal,Fiber Optic,3,4.0,1,No
101906,Male,45.0,Gaza,66,Month-to-Month,49.96,3473.41,PayPal,No Internet,2,3.0,0,No
101907,Male,54.0,Bethlehem,54,Month-to-Month,62.14,3537.78,PayPal,No Internet,2,4.0,2,No
101908,Female,39.0,Hebron,2,One Year,102.82,210.95,Bank Transfer,No Internet,2,4.0,0,No
101909,Female,29.0,Jericho,62,Month-to-Month,57.66,3420.59,Bank Transfer,No Internet,1,4.0,1,No
101910,Male,42.0,Jenin,51,Month-to-Month,93.58,4911.04,PayPal,DSL,3,4.0,0,Yes
101911,Male,41.0,Ramallah,11,Month-to-Month,96.98,995.29,PayPal,DSL,1,3.0,2,No
101912,Female,32.0,Ramallah,72,One Year,95.12,6450.02,PayPal,DSL,4,1.0,2,No
101913,Male,39.0,Jenin,15,One Year,56.79,822.65,Bank Transfer,No Internet,3,,1,No
101914,Female,43.0,Gaza,49,Month-to-Month,62.78,3203.27,Bank Transfer,DSL,1,3.0,2,No
101915,Female,53.0,Tulkarm,44,One Year,86.87,4050.6,PayPal,DSL,2,3.0,0,No
101916,Male,18.0,Bethlehem,1,Two Year,104.42,100.48,Credit Card,DSL,1,2.0,2,No
101917,Male,45.0,Khan Yunis,55,Month-to-Month,67.76,4018.8,Cash,No Internet,2,5.0,0,No
101918,Female,43.0,Ramallah,26,Month-to-Month,61.68,1587.95,Credit Card,No Internet,1,5.0,1,No
101919,Female,33.0,Bethlehem,18,Month-to-Month,130.08,2509.26,Credit Card,No Internet,1,2.0,1,No
101920,Male,29.0,Ramallah,42,Month-to-Month,68.27,2654.75,PayPal,No Internet,2,4.0,2,No
101921,Female,33.0,Bethlehem,16,Month-to-Month,92.8,1498.69,PayPal,Fiber Optic,2,3.0,2,No
101922,Male,35.0,Gaza,42,One Year,54.16,2381.7,Credit Card,No Internet,1,2.0,2,No
101923,Female,45.0,Gaza,62,Month-to-Month,20.0,1266.49,Cash,DSL,3,2.0,2,No
101924,Male,37.0,Gaza,57,Month-to-Month,104.12,5915.77,Bank Transfer,No Internet,0,5.0,1,No
101925,Female,18.0,Ramallah,4,Month-to-Month,66.57,256.38,Bank Transfer,Fiber Optic,0,4.0,0,No
101926,Female,51.0,Gaza,36,Month-to-Month,44.71,1500.0,Credit Card,No Internet,1,4.0,0,No
101927,Male,44.0,Nablus,68,Two Year,69.4,4894.8,PayPal,Fiber Optic,3,5.0,3,No
101928,Female,40.0,Tulkarm,37,Two Year,63.39,2377.69,Credit Card,DSL,1,5.0,0,No
101929,Female,35.0,Jericho,35,Month-to-Month,97.94,3362.92,PayPal,DSL,2,3.0,0,No
101930,Female,34.0,Khan Yunis,60,Month-to-Month,69.42,4431.78,Bank Transfer,DSL,5,3.0,2,Yes
101931,Male,64.0,Tulkarm,12,Month-to-Month,114.37,1330.04,Credit Card,DSL,2,2.0,1,No
101932,Male,43.0,Rafah,2,One Year,88.59,186.82,Cash,No Internet,1,3.0,2,No
101933,Male,41.0,Rafah,31,Two Year,74.83,2291.4,Bank Transfer,DSL,2,4.0,0,No
101934,Female,31.0,Ramallah,50,One Year,80.2,4113.69,Credit Card,Fiber Optic,3,3.0,0,No
101935,Female,60.0,Jericho,12,One Year,24.18,273.43,Cash,Fiber Optic,3,5.0,0,No
101936,Female,39.0,Khan Yunis,10,Month-to-Month,59.95,605.4,Cash,Fiber Optic,2,2.0,0,No
101937,Female,42.0,Bethlehem,65,One Year,91.66,5919.56,Cash,Fiber Optic,2,5.0,1,No
101938,Female,28.0,Gaza,59,Month-to-Month,115.94,7039.17,Bank Transfer,No Internet,2,3.0,2,No
101939,Female,53.0,Khan Yunis,5,Month-to-Month,123.87,632.38,PayPal,DSL,2,3.0,1,No
101940,Female,41.0,Rafah,35,Two Year,88.73,3322.24,Credit Card,Fiber Optic,1,0.0,1,No
101941,Male,54.0,Gaza,51,Month-to-Month,42.9,2355.35,Cash,No Internet,0,5.0,0,Yes
101942,Female,23.0,Nablus,28,One Year,20.0,602.23,Credit Card,DSL,4,3.0,7,No
101943,Female,26.0,Ramallah,27,Month-to-Month,70.54,1852.77,PayPal,DSL,1,3.0,0,No
101944,Female,41.0,Jenin,46,Month-to-Month,118.75,5875.29,Bank Transfer,No Internet,4,4.0,0,Yes
101945,Male,,Ramallah,28,Two Year,78.04,2230.82,Bank Transfer,No Internet,4,2.0,2,No
101946,Female,30.0,Khan Yunis,33,One Year,78.66,2586.71,Bank Transfer,DSL,0,3.0,1,No
101947,Male,19.0,Ramallah,58,Month-to-Month,78.01,4693.52,PayPal,Fiber Optic,3,4.0,0,No
101948,Female,49.0,Nablus,46,Month-to-Month,81.36,3896.37,Credit Card,DSL,3,4.0,1,No
101949,Male,36.0,Khan Yunis,31,One Year,98.32,3166.8,PayPal,DSL,2,3.0,1,No
101950,Male,36.0,Nablus,23,Month-to-Month,52.32,1209.19,Bank Transfer,No Internet,0,2.0,2,No
101951,Male,66.0,Hebron,29,One Year,75.04,2187.89,Bank Transfer,DSL,3,4.0,0,No
101952,Female,32.0,Bethlehem,39,Two Year,73.64,2647.26,PayPal,DSL,1,5.0,2,No
101953,Male,46.0,Nablus,32,One Year,75.86,2371.57,Cash,Fiber Optic,2,3.0,0,No
101954,Female,48.0,Jericho,56,One Year,64.75,3365.09,Credit Card,Fiber Optic,1,2.0,3,No
101955,Female,53.0,Bethlehem,12,One Year,119.66,1494.41,Bank Transfer,No Internet,2,3.0,0,No
101956,Female,28.0,Hebron,43,Two Year,85.04,3910.58,Cash,Fiber Optic,3,4.0,2,No
101957,Male,48.0,Jericho,25,One Year,81.46,2034.73,Cash,Fiber Optic,2,4.0,2,No
101958,Female,18.0,Nablus,43,Month-to-Month,69.5,2978.47,Credit Card,Fiber Optic,2,4.0,0,No
101959,Female,28.0,Bethlehem,60,Month-to-Month,96.17,5539.34,,No Internet,1,5.0,0,No
101960,Female,37.0,Tulkarm,22,One Year,108.38,2324.85,PayPal,No Internet,5,2.0,2,No
101961,Female,26.0,Khan Yunis,34,Month-to-Month,62.67,2048.85,Credit Card,No Internet,6,3.0,1,No
101962,Female,32.0,Ramallah,50,Two Year,77.8,4175.89,PayPal,No Internet,3,1.0,2,No
101963,Female,18.0,Nablus,14,Month-to-Month,73.45,992.56,PayPal,No Internet,3,2.0,0,No
101964,Female,25.0,Rafah,19,Month-to-Month,70.07,1387.06,Bank Transfer,No Internet,2,4.0,1,Yes
101965,Male,19.0,Tulkarm,65,Month-to-Month,68.99,4300.77,Bank Transfer,Fiber Optic,2,4.0,1,No
101966,Male,39.0,Rafah,7,Two Year,36.69,265.45,Bank Transfer,No Internet,1,2.0,4,No
101967,Female,36.0,Nablus,43,Month-to-Month,50.75,2160.33,Bank Transfer,DSL,0,3.0,2,No
101968,Female,37.0,Gaza,29,Month-to-Month,86.65,2566.66,Bank Transfer,No Internet,3,5.0,0,Yes
101969,Female,62.0,Jenin,66,Month-to-Month,84.23,5988.97,Credit Card,No Internet,1,4.0,0,Yes
101970,Female,39.0,Jericho,69,Two Year,88.51,5688.39,PayPal,DSL,3,4.0,2,No
101971,Male,44.0,Gaza,33,Month-to-Month,44.16,1406.47,Bank Transfer,Fiber Optic,1,4.0,1,No
101972,Male,49.0,Ramallah,14,One Year,69.53,941.34,Credit Card,DSL,2,4.0,1,No
101973,Female,36.0,Gaza,28,Two Year,85.85,2332.66,Bank Transfer,Fiber Optic,3,3.0,0,No
101974,Male,54.0,Jericho,34,Two Year,52.54,1753.63,Credit Card,DSL,2,2.0,1,No
101975,Female,34.0,Ramallah,32,Two Year,20.0,645.28,Bank Transfer,No Internet,3,2.0,0,No
101976,Female,23.0,Gaza,2,Month-to-Month,116.82,249.56,Credit Card,Fiber Optic,1,4.0,1,No
101977,Female,29.0,Nablus,6,Two Year,100.88,622.81,Cash,DSL,0,3.0,0,No
101978,Female,30.0,Ramallah,2,Month-to-Month,104.17,224.55,Credit Card,DSL,1,4.0,1,No
101979,Female,60.0,Rafah,40,Month-to-Month,40.34,1498.9,Credit Card,No Internet,1,2.0,1,No
101980,Male,57.0,Ramallah,61,Two Year,111.9,6933.49,Credit Card,Fiber Optic,4,3.0,1,No
101981,Male,20.0,Ramallah,52,Month-to-Month,96.83,5166.95,Credit Card,Fiber Optic,0,5.0,1,No
101982,Male,46.0,Jenin,45,One Year,106.74,4436.16,Cash,No Internet,3,3.0,2,No
101983,Male,43.0,Tulkarm,12,One Year,125.9,1503.45,Bank Transfer,Fiber Optic,1,3.0,0,No
101984,Female,68.0,Hebron,20,Month-to-Month,66.19,1373.98,Cash,DSL,3,2.0,2,No
101985,Female,45.0,Jenin,32,Two Year,59.54,1881.78,PayPal,DSL,0,4.0,0,No
101986,Female,30.0,Bethlehem,64,Month-to-Month,96.96,5983.22,PayPal,No Internet,0,3.0,2,No
101987,Female,29.0,Ramallah,66,One Year,59.5,4053.78,Cash,No Internet,2,4.0,1,No
101988,Female,24.0,Hebron,6,Month-to-Month,84.51,503.0,Bank Transfer,No Internet,2,3.0,0,No
101989,Female,20.0,Nablus,40,Two Year,98.25,4055.84,Cash,DSL,3,2.0,1,No
101990,Male,31.0,Khan Yunis,23,Month-to-Month,85.16,1861.62,Cash,DSL,1,4.0,1,No
101991,Female,45.0,Jericho,34,Month-to-Month,74.3,2448.28,PayPal,No Internet,2,3.0,1,No
101992,Male,42.0,Bethlehem,27,One Year,68.77,1982.1,Credit Card,Fiber Optic,3,4.0,3,Yes
101993,Male,58.0,Ramallah,14,Month-to-Month,84.02,1193.97,Bank Transfer,DSL,1,4.0,0,No
101994,Male,42.0,Rafah,51,Month-to-Month,101.38,5340.8,PayPal,No Internet,2,5.0,0,No
101995,Female,18.0,Rafah,68,One Year,70.22,4739.18,Cash,DSL,1,,2,No
101996,Female,48.0,Tulkarm,41,One Year,60.02,2368.58,Bank Transfer,Fiber Optic,2,2.0,0,No
101997,Male,53.0,Tulkarm,24,Two Year,95.04,2209.83,PayPal,DSL,2,4.0,0,No
101998,Male,0.0,Ramallah,39,Two Year,66.38,2747.88,Cash,DSL,4,2.0,0,No
101999,Male,37.0,Jericho,36,Two Year,34.46,1195.74,Cash,Fiber Optic,0,4.0,0,No
102000,Male,44.0,Nablus,46,One Year,75.24,3249.88,Bank Transfer,Fiber Optic,4,4.0,0,No
102001,Male,58.0,Rafah,59,One Year,85.88,4702.85,Credit Card,No Internet,0,5.0,0,No
102002,Female,50.0,Jenin,37,Month-to-Month,73.75,2582.74,Credit Card,Fiber Optic,4,2.0,1,No
102003,Male,22.0,Hebron,13,Month-to-Month,59.55,813.11,Cash,No Internet,2,4.0,1,No
102004,Male,45.0,Rafah,11,One Year,88.41,1017.08,Cash,DSL,0,3.0,1,No
102005,Female,40.0,Hebron,71,Month-to-Month,109.98,7352.65,PayPal,No Internet,1,4.0,1,No
102006,Male,25.0,Nablus,29,Month-to-Month,40.27,1168.03,PayPal,Fiber Optic,5,4.0,0,No
102007,Female,23.0,Bethlehem,33,Month-to-Month,44.82,1548.24,Bank Transfer,No Internet,1,4.0,0,No
102008,Female,23.0,Khan Yunis,60,One Year,42.42,2427.86,Credit Card,DSL,4,4.0,1,No
102009,Male,41.0,Hebron,32,Month-to-Month,67.72,2210.75,Cash,Fiber Optic,1,3.0,1,No
102010,Male,18.0,Jericho,20,Month-to-Month,80.04,1490.21,PayPal,Fiber Optic,3,5.0,0,No
102011,Male,40.0,Gaza,57,One Year,86.36,5213.51,Cash,DSL,2,3.0,0,No
102012,Male,42.0,Tulkarm,52,Month-to-Month,66.13,3572.73,Cash,DSL,2,2.0,1,No
102013,Female,40.0,Gaza,10,Month-to-Month,96.71,956.55,Bank Transfer,DSL,0,3.0,1,No
102014,Male,42.0,Rafah,1,Month-to-Month,77.84,74.12,Credit Card,DSL,5,5.0,2,No
102015,Female,41.0,Gaza,3,One Year,62.85,201.15,Cash,DSL,3,3.0,4,Yes
102016,Female,60.0,Gaza,4,Month-to-Month,91.48,365.71,PayPal,No Internet,1,4.0,1,No
102017,Male,63.0,Jenin,14,Two Year,59.17,787.47,PayPal,DSL,1,2.0,1,No
102018,Female,31.0,Khan Yunis,20,,65.91,1370.22,Bank Transfer,DSL,0,5.0,0,No
102019,Female,54.0,Nablus,39,One Year,91.1,3751.53,Cash,DSL,2,3.0,0,No
102020,Male,47.0,Ramallah,68,One Year,54.94,3766.92,Credit Card,DSL,0,4.0,0,No
102021,Female,40.0,Hebron,5,Two Year,46.71,231.65,PayPal,DSL,0,3.0,0,No
102022,Male,46.0,Rafah,69,Month-to-Month,82.78,5467.68,PayPal,DSL,2,5.0,3,No
102023,Female,27.0,Jenin,40,Month-to-Month,82.07,3454.39,PayPal,DSL,2,3.0,0,No
102024,Male,46.0,Khan Yunis,9,One Year,66.67,645.32,Bank Transfer,Fiber Optic,3,3.0,0,No
102025,Female,42.0,Bethlehem,54,Month-to-Month,70.2,3972.68,Bank Transfer,No Internet,1,3.0,2,No
102026,Male,24.0,Khan Yunis,58,Month-to-Month,66.39,3680.69,PayPal,Fiber Optic,3,3.0,1,Yes
102027,Male,41.0,Ramallah,28,Month-to-Month,82.65,2266.65,PayPal,DSL,3,4.0,1,No
102028,Female,45.0,,47,Two Year,90.36,4085.98,Cash,No Internet,3,4.0,1,No
102029,Male,37.0,Nablus,24,Two Year,83.1,1840.98,Bank Transfer,DSL,1,2.0,2,No
102030,Male,33.0,Tulkarm,19,Month-to-Month,78.89,1587.86,Credit Card,DSL,2,3.0,3,No
102031,Female,54.0,Tulkarm,18,Two Year,100.47,1840.07,Credit Card,Fiber Optic,1,5.0,0,No
102032,Male,64.0,Tulkarm,50,Two Year,92.33,4511.3,Credit Card,Fiber Optic,2,4.0,1,No
102033,Male,53.0,Gaza,26,One Year,94.37,2536.25,Bank Transfer,No Internet,2,4.0,2,No
102034,Female,26.0,Jenin,67,Month-to-Month,58.26,3712.31,Cash,DSL,1,2.0,0,No
102035,Female,38.0,Ramallah,58,Month-to-Month,43.82,2593.56,Bank Transfer,DSL,0,4.0,2,Yes
102036,Female,43.0,Ramallah,29,Month-to-Month,106.69,3092.59,Bank Transfer,DSL,1,2.0,0,Yes
102037,Female,45.0,Nablus,37,Month-to-Month,51.04,1881.26,Cash,Fiber Optic,1,2.0,1,No
102038,Male,55.0,Jericho,4,Month-to-Month,120.56,456.05,Bank Transfer,No Internet,1,3.0,1,No
102039,Female,26.0,Jericho,43,One Year,79.1,3493.09,Bank Transfer,No Internet,1,4.0,1,No
102040,Male,18.0,Bethlehem,63,Month-to-Month,93.37,5674.12,Bank Transfer,DSL,1,5.0,0,No
102041,Female,40.0,Rafah,30,Month-to-Month,62.14,1828.07,Cash,No Internet,3,2.0,2,No
102042,Female,51.0,Tulkarm,1,One Year,76.05,77.28,Credit Card,No Internet,0,3.0,0,No
102043,Female,35.0,Khan Yunis,4,Two Year,93.31,393.89,Bank Transfer,Fiber Optic,2,4.0,2,No
102044,Female,30.0,Jenin,37,Month-to-Month,,1898.31,Bank Transfer,DSL,2,4.0,0,No
102045,Male,30.0,Jericho,5,Month-to-Month,58.07,279.5,Cash,No Internet,3,4.0,1,No
102046,Male,46.0,Jenin,9,Month-to-Month,117.03,1076.24,PayPal,Fiber Optic,1,3.0,2,No
102047,Female,38.0,Jericho,2,Month-to-Month,67.87,132.87,Credit Card,Fiber Optic,0,3.0,2,No
102048,Male,44.0,Jericho,10,Month-to-Month,71.77,682.82,Bank Transfer,Fiber Optic,1,5.0,1,No
102049,Female,35.0,Khan Yunis,68,Two Year,20.0,1290.9,PayPal,DSL,3,3.0,2,No
102050,Female,38.0,Bethlehem,26,One Year,73.49,1839.11,Bank Transfer,No Internet,5,3.0,1,No
102051,Female,43.0,Khan Yunis,1,Month-to-Month,43.43,41.73,PayPal,Fiber Optic,0,3.0,2,No
102052,Female,47.0,Jenin,34,Two Year,62.14,2148.68,PayPal,Fiber Optic,4,3.0,1,No
102053,Female,57.0,Gaza,37,Two Year,106.38,4122.08,Bank Transfer,DSL,0,5.0,3,No
102054,Male,31.0,Tulkarm,31,One Year,70.42,2224.34,PayPal,DSL,2,4.0,1,No
102055,Male,18.0,Ramallah,60,Month-to-Month,98.9,5706.22,Credit Card,No Internet,1,4.0,0,No
102056,Male,38.0,Bethlehem,5,One Year,93.69,441.42,Cash,Fiber Optic,0,4.0,1,No
102057,Male,42.0,Bethlehem,52,One Year,54.4,2876.04,Credit Card,No Internet,0,3.0,0,No
102058,Female,35.0,Khan Yunis,52,One Year,90.9,5073.12,Cash,Fiber Optic,2,4.0,3,No
102059,Male,55.0,Ramallah,15,Month-to-Month,159.3,2563.7,PayPal,No Internet,0,3.0,0,No
102060,Female,22.0,Nablus,35,Two Year,67.38,2220.84,Credit Card,Fiber Optic,0,5.0,1,No
102061,Female,30.0,Hebron,18,One Year,75.55,1290.06,Cash,DSL,1,5.0,2,No
102062,Female,43.0,Ramallah,31,Month-to-Month,35.74,1152.26,Cash,DSL,1,4.0,1,Yes
102063,Male,41.0,Tulkarm,37,One Year,70.88,2564.8,PayPal,DSL,2,4.0,0,No
102064,Female,38.0,Khan Yunis,5,Month-to-Month,96.68,471.56,Credit Card,No Internet,0,4.0,2,No
102065,Male,47.0,Rafah,29,One Year,57.91,1561.33,PayPal,No Internet,1,3.0,1,No
102066,Male,62.0,Bethlehem,30,Month-to-Month,53.37,1634.51,PayPal,No Internet,1,2.0,4,No
102067,Female,33.0,Tulkarm,45,Two Year,73.76,3160.06,Credit Card,Fiber Optic,3,4.0,4,No
102068,Male,35.0,Ramallah,39,Month-to-Month,66.9,2795.56,Bank Transfer,DSL,2,4.0,2,No
102069,Male,18.0,Rafah,32,One Year,55.92,1780.27,Cash,DSL,2,4.0,1,No
102070,Male,51.0,Rafah,26,Month-to-Month,72.37,1742.38,PayPal,Fiber Optic,3,4.0,2,No
102071,Female,61.0,Bethlehem,25,One Year,74.1,1787.06,PayPal,No Internet,3,5.0,2,No
102072,Male,18.0,Ramallah,44,Month-to-Month,94.89,4097.79,Cash,No Internet,0,2.0,4,No
102073,Female,40.0,Jericho,48,Month-to-Month,78.24,3850.82,Bank Transfer,No Internet,2,3.0,2,No
102074,Male,18.0,Jericho,68,Month-to-Month,73.31,4926.97,Bank Transfer,DSL,1,4.0,2,No
102075,Male,36.0,Ramallah,45,One Year,72.93,3502.58,Cash,No Internet,1,4.0,0,No
102076,Male,61.0,Gaza,52,Month-to-Month,66.47,3426.76,Cash,No Internet,2,3.0,1,No
102077,Female,18.0,Bethlehem,51,Month-to-Month,86.53,4307.46,PayPal,DSL,0,4.0,1,No
102078,Female,32.0,Ramallah,13,One Year,51.52,680.14,Bank Transfer,No Internet,3,4.0,1,No
102079,Female,33.0,Ramallah,57,Month-to-Month,86.57,4661.28,PayPal,Fiber Optic,2,4.0,1,No
102080,Male,49.0,Bethlehem,67,Month-to-Month,64.32,4603.99,Cash,DSL,2,5.0,1,No
102081,Male,35.0,Hebron,50,Month-to-Month,67.43,3227.24,Bank Transfer,DSL,3,4.0,3,Yes
102082,Male,39.0,Khan Yunis,23,Month-to-Month,89.01,2167.23,Cash,No Internet,0,2.0,1,No
102083,Female,25.0,Nablus,66,Month-to-Month,86.5,5518.05,Bank Transfer,No Internet,3,2.0,2,No
102084,Male,56.0,Gaza,36,Month-to-Month,87.62,3388.45,PayPal,No Internet,4,3.0,0,No
102085,Male,37.0,Hebron,34,One Year,74.2,2486.16,Cash,No Internet,1,2.0,1,No
102086,Female,40.0,Khan Yunis,8,One Year,44.93,358.58,Bank Transfer,Fiber Optic,1,5.0,0,No
102087,Male,38.0,Ramallah,23,One Year,70.91,1606.75,Bank Transfer,Fiber Optic,3,4.0,1,No
102088,Female,49.0,Rafah,50,Month-to-Month,71.91,3440.15,Credit Card,No Internet,1,2.0,0,No
102089,Male,19.0,Hebron,3,Two Year,36.84,109.15,PayPal,Fiber Optic,3,2.0,2,Yes
102090,Male,46.0,Khan Yunis,63,Month-to-Month,73.39,4954.33,Cash,No Internet,2,4.0,3,No
102091,Female,51.0,Nablus,17,Month-to-Month,52.77,898.3,PayPal,No Internet,2,2.0,2,No
102092,Female,34.0,Gaza,39,Month-to-Month,78.13,3253.0,Bank Transfer,DSL,1,3.0,4,No
102093,Male,49.0,Bethlehem,52,One Year,131.3,7373.28,PayPal,No Internet,2,3.0,0,No
102094,Female,28.0,Khan Yunis,34,Month-to-Month,79.14,2825.59,Cash,DSL,1,5.0,3,No
102095,Female,47.0,Rafah,52,Month-to-Month,43.56,2270.56,Credit Card,Fiber Optic,5,5.0,0,No
102096,Female,34.0,Rafah,33,Month-to-Month,117.56,3648.19,Cash,Fiber Optic,6,3.0,0,No
102097,Female,54.0,Nablus,26,Month-to-Month,53.44,1351.49,PayPal,DSL,2,5.0,1,No
102098,Male,29.0,Hebron,39,One Year,69.02,2478.87,Credit Card,Fiber Optic,3,3.0,1,No
102099,Female,43.0,Khan Yunis,20,Month-to-Month,62.68,1280.97,PayPal,Fiber Optic,1,5.0,2,No
102100,Male,60.0,Jericho,55,One Year,123.12,7291.73,Cash,DSL,0,5.0,2,No
102101,Male,33.0,Ramallah,58,Month-to-Month,45.71,2559.27,Cash,DSL,1,1.0,1,No
102102,Female,18.0,Jenin,60,Two Year,103.11,6599.83,Cash,DSL,1,3.0,0,No
102103,Female,42.0,Bethlehem,49,Month-to-Month,80.87,4271.84,Cash,DSL,0,4.0,1,No
102104,Female,50.0,Rafah,18,Month-to-Month,30.91,539.47,Bank Transfer,DSL,2,1.0,1,No
102105,Male,18.0,Tulkarm,33,One Year,102.58,3588.55,Credit Card,DSL,2,3.0,0,No
102106,Female,37.0,Jenin,57,Month-to-Month,98.33,5597.35,Credit Card,No Internet,4,3.0,2,No
102107,Female,46.0,Jenin,19,Month-to-Month,20.0,352.44,Bank Transfer,Fiber Optic,1,3.0,2,No
102108,Female,18.0,Khan Yunis,37,Month-to-Month,80.62,3198.01,Cash,Fiber Optic,1,4.0,2,No
102109,Female,51.0,Nablus,54,One Year,99.29,5301.22,Credit Card,Fiber Optic,1,4.0,1,No
102110,Female,39.0,Gaza,9,Month-to-Month,79.08,733.88,PayPal,No Internet,5,2.0,0,No
102111,Male,23.0,Jenin,41,Two Year,118.08,4894.72,PayPal,Fiber Optic,2,2.0,1,No
102112,Female,48.0,Khan Yunis,34,Month-to-Month,38.41,1258.92,Bank Transfer,DSL,2,4.0,1,No
102113,Male,57.0,Nablus,40,Two Year,46.37,1982.39,Bank Transfer,No Internet,2,4.0,0,No
102114,Male,22.0,Jericho,53,Month-to-Month,101.48,5109.3,Bank Transfer,No Internet,4,5.0,0,No
102115,Male,29.0,Bethlehem,37,Month-to-Month,47.73,1883.85,Bank Transfer,No Internet,5,3.0,0,Yes
102116,Male,48.0,Ramallah,18,One Year,105.66,1826.69,Credit Card,No Internet,3,3.0,1,No
102117,Female,45.0,Rafah,62,One Year,67.24,4134.42,Cash,Fiber Optic,3,4.0,0,No
102118,Female,38.0,Bethlehem,48,Month-to-Month,106.52,5356.87,Cash,No Internet,2,4.0,1,No
102119,Male,57.0,Ramallah,33,Two Year,70.44,2365.93,Credit Card,No Internet,4,4.0,2,No
102120,Female,27.0,Gaza,67,Month-to-Month,105.22,7415.1,Credit Card,No Internet,1,5.0,1,No
102121,Male,37.0,Khan Yunis,41,Month-to-Month,97.09,4176.83,Bank Transfer,No Internet,1,3.0,2,No
102122,Male,73.0,Nablus,38,Month-to-Month,111.15,4081.54,Credit Card,No Internet,3,5.0,0,No
102123,Male,35.0,Jericho,11,One Year,75.73,859.52,PayPal,No Internet,2,4.0,0,No
102124,Male,63.0,Tulkarm,16,One Year,20.0,306.24,Bank Transfer,DSL,1,2.0,2,No
102125,Male,18.0,Bethlehem,30,Month-to-Month,101.48,3134.87,Credit Card,Fiber Optic,1,4.0,1,No
102126,Female,29.0,Gaza,5,One Year,57.77,266.5,PayPal,No Internet,2,3.0,0,No
102127,Female,18.0,Gaza,36,Month-to-Month,84.11,3090.62,Credit Card,Fiber Optic,3,2.0,2,No
102128,Male,27.0,Jericho,40,Month-to-Month,115.36,4414.27,Bank Transfer,No Internet,0,2.0,1,Yes
102129,Female,43.0,Jericho,11,Month-to-Month,87.31,1032.27,Cash,Fiber Optic,2,2.0,2,No
102130,Male,48.0,Nablus,25,One Year,48.66,1164.15,Credit Card,No Internet,2,3.0,1,No
102131,Male,22.0,Khan Yunis,51,One Year,58.55,3101.61,Bank Transfer,Fiber Optic,0,2.0,2,No
102132,Male,50.0,Hebron,32,Month-to-Month,86.26,2758.91,Cash,DSL,1,4.0,2,No
102133,Male,50.0,Hebron,38,Month-to-Month,111.74,4112.8,Bank Transfer,Fiber Optic,2,4.0,1,No
102134,Female,44.0,Nablus,39,Month-to-Month,89.92,3785.86,PayPal,Fiber Optic,2,5.0,0,No
102135,Male,36.0,Tulkarm,39,Month-to-Month,78.75,2894.93,Credit Card,DSL,2,2.0,1,No
102136,Female,58.0,Jericho,70,Month-to-Month,48.34,3385.08,Credit Card,Fiber Optic,3,4.0,0,No
102137,Male,31.0,Ramallah,54,Two Year,62.0,3354.65,Cash,Fiber Optic,1,3.0,1,No
102138,Female,30.0,Bethlehem,45,Two Year,100.62,4540.01,PayPal,Fiber Optic,0,5.0,2,No
102139,Female,51.0,Rafah,45,Month-to-Month,30.12,1302.12,Bank Transfer,No Internet,0,2.0,1,Yes
102140,Male,67.0,Tulkarm,17,Month-to-Month,77.97,1220.92,PayPal,DSL,1,3.0,4,No
102141,Female,47.0,Jenin,32,Two Year,95.09,3042.38,Credit Card,DSL,2,2.0,0,No
102142,Male,29.0,Nablus,29,Two Year,101.45,2845.42,PayPal,DSL,3,3.0,0,No
102143,Female,33.0,Gaza,72,Month-to-Month,28.71,1964.96,Cash,Fiber Optic,2,3.0,2,No
102144,Male,53.0,Ramallah,64,Month-to-Month,113.11,7242.74,PayPal,Fiber Optic,2,3.0,2,Yes
102145,Female,50.0,Bethlehem,61,Month-to-Month,57.84,3773.69,PayPal,Fiber Optic,1,3.0,0,No
102146,Male,50.0,Ramallah,29,Month-to-Month,81.14,2446.65,Bank Transfer,Fiber Optic,1,4.0,1,Yes
102147,Male,60.0,Jenin,17,One Year,109.82,1748.58,PayPal,No Internet,0,5.0,1,Yes
102148,Female,44.0,Gaza,63,Month-to-Month,64.31,4357.4,Credit Card,DSL,0,3.0,0,No
102149,Male,42.0,Tulkarm,49,Month-to-Month,103.52,5246.07,Credit Card,No Internet,3,,1,No
102150,Male,18.0,Ramallah,21,Month-to-Month,105.67,2153.61,Credit Card,Fiber Optic,2,3.0,0,No
102151,Female,31.0,Nablus,12,Month-to-Month,77.89,961.0,Credit Card,DSL,3,2.0,1,Yes
102152,Female,53.0,Ramallah,61,Month-to-Month,98.13,6402.14,Credit Card,DSL,1,5.0,0,No
102153,Female,34.0,Ramallah,38,Month-to-Month,102.63,3995.87,Bank Transfer,No Internet,3,3.0,3,No
102154,Male,52.0,Rafah,56,One Year,55.16,3333.23,PayPal,No Internet,1,4.0,0,No
102155,Male,39.0,Hebron,33,Two Year,65.91,2077.91,Cash,Fiber Optic,3,3.0,2,No
102156,Male,46.0,Tulkarm,6,Month-to-Month,81.27,482.51,Bank Transfer,No Internet,6,2.0,0,Yes
102157,Male,23.0,Jenin,61,Month-to-Month,127.88,8171.93,Bank Transfer,No Internet,2,3.0,4,No
102158,Female,35.0,Ramallah,24,Two Year,51.0,1186.55,Bank Transfer,DSL,2,4.0,0,No
102159,Male,33.0,Tulkarm,43,Month-to-Month,66.31,2840.04,Credit Card,Fiber Optic,2,4.0,0,Yes
102160,Male,29.0,Hebron,38,Two Year,51.91,1886.71,Cash,DSL,0,4.0,2,Yes
102161,Female,31.0,Bethlehem,21,Month-to-Month,105.17,2129.5,Cash,No Internet,0,4.0,3,No
102162,Female,51.0,Rafah,4,Two Year,94.6,387.36,Cash,DSL,2,3.0,1,No
102163,Male,29.0,Jenin,13,One Year,87.31,1083.22,Bank Transfer,DSL,0,3.0,2,No
102164,Female,40.0,Rafah,54,Two Year,80.46,4508.22,PayPal,No Internet,1,4.0,0,No
102165,Female,18.0,Nablus,13,Month-to-Month,54.64,716.84,Bank Transfer,DSL,2,4.0,0,No
102166,Male,44.0,Nablus,57,One Year,77.19,4315.25,Cash,DSL,1,2.0,2,No
102167,Female,29.0,Ramallah,9,Two Year,98.87,850.44,Bank Transfer,DSL,0,5.0,0,No
102168,Male,29.0,Khan Yunis,54,Month-to-Month,63.74,3356.22,Cash,DSL,0,2.0,0,No
102169,Male,20.0,Ramallah,23,Two Year,97.35,2356.7,Cash,Fiber Optic,0,2.0,0,No
102170,Male,53.0,Jericho,65,Month-to-Month,71.2,4617.24,Credit Card,No Internet,1,3.0,0,No
102171,Male,33.0,Bethlehem,16,Month-to-Month,128.39,2065.01,Cash,Fiber Optic,1,3.0,1,No
102172,Male,34.0,Ramallah,6,One Year,95.45,583.29,PayPal,Fiber Optic,3,4.0,1,No
102173,Female,57.0,Jenin,11,Month-to-Month,52.66,605.75,PayPal,No Internet,2,3.0,2,No
102174,Female,33.0,Bethlehem,57,Two Year,78.38,4589.04,Cash,No Internet,2,1.0,1,No
102175,Female,18.0,Khan Yunis,49,Two Year,59.13,2722.28,Bank Transfer,Fiber Optic,4,4.0,0,Yes
102176,Male,44.0,Gaza,23,Two Year,66.36,1465.26,PayPal,Fiber Optic,2,2.0,2,No
102177,Male,43.0,Tulkarm,15,Month-to-Month,117.36,1722.86,Cash,No Internet,0,3.0,1,No
102178,Male,40.0,Bethlehem,37,Month-to-Month,64.7,2386.38,Credit Card,Fiber Optic,2,3.0,3,No
102179,Female,41.0,Nablus,11,Two Year,102.63,1109.97,Cash,Fiber Optic,0,5.0,0,No
102180,Female,52.0,Gaza,42,Month-to-Month,58.91,2593.26,Credit Card,No Internet,3,3.0,0,No
102181,Female,44.0,Hebron,2,Month-to-Month,,198.15,PayPal,DSL,1,4.0,1,Yes
102182,Female,46.0,Ramallah,47,Two Year,87.23,4415.03,Credit Card,No Internet,4,1.0,0,No
102183,Male,48.0,Tulkarm,47,Month-to-Month,73.19,3292.43,Bank Transfer,Fiber Optic,1,3.0,0,No
102184,Male,21.0,Rafah,40,One Year,62.4,2337.94,Bank Transfer,Fiber Optic,2,3.0,0,No
102185,Female,37.0,Hebron,54,One Year,98.59,5117.55,PayPal,No Internet,2,4.0,1,No
102186,Male,18.0,Jenin,8,Two Year,95.54,824.75,Bank Transfer,DSL,1,3.0,0,No
102187,Female,42.0,Bethlehem,9,One Year,57.71,489.37,Credit Card,Fiber Optic,1,3.0,2,No
102188,Male,41.0,Jericho,18,Month-to-Month,56.04,941.07,PayPal,Fiber Optic,2,4.0,4,No
102189,Male,34.0,,3,One Year,97.39,309.91,PayPal,No Internet,2,3.0,2,No
102190,Female,43.0,Gaza,14,Month-to-Month,53.05,749.91,Credit Card,No Internet,1,3.0,1,No
102191,Male,47.0,Jericho,61,Two Year,88.36,5812.06,Credit Card,Fiber Optic,2,4.0,1,No
102192,Female,33.0,Tulkarm,10,Two Year,66.44,624.35,Credit Card,DSL,1,4.0,0,No
102193,Female,50.0,Jericho,46,One Year,105.54,4481.98,Credit Card,DSL,1,4.0,1,No
102194,Female,42.0,Gaza,58,One Year,113.17,6332.49,Cash,No Internet,0,3.0,0,No
102195,Female,35.0,Nablus,60,Month-to-Month,100.26,5737.02,Bank Transfer,DSL,5,4.0,1,No
102196,Female,43.0,Bethlehem,70,One Year,116.56,7675.63,Bank Transfer,DSL,3,4.0,1,No
102197,Female,28.0,Gaza,1,Two Year,88.13,94.75,Bank Transfer,DSL,2,4.0,2,No
102198,Male,37.0,Hebron,45,One Year,88.41,3808.62,Bank Transfer,No Internet,2,3.0,3,No
102199,Male,25.0,Rafah,38,Month-to-Month,28.6,1154.94,Credit Card,DSL,2,4.0,0,No
102200,Male,42.0,Bethlehem,37,Month-to-Month,108.13,4316.8,Bank Transfer,Fiber Optic,0,3.0,0,No
102201,Female,39.0,Bethlehem,34,Two Year,20.0,661.13,PayPal,No Internet,3,3.0,1,No
102202,Female,28.0,Rafah,12,Month-to-Month,82.59,1027.11,Bank Transfer,DSL,0,3.0,2,No
102203,Male,50.0,Ramallah,50,One Year,57.4,2848.17,Bank Transfer,Fiber Optic,2,4.0,0,No
102204,Female,75.0,Khan Yunis,29,Month-to-Month,101.47,3057.46,Cash,DSL,1,4.0,3,No
102205,Male,39.0,Nablus,32,One Year,117.94,3727.46,PayPal,DSL,4,4.0,0,No
102206,Female,46.0,Tulkarm,3,Month-to-Month,89.29,272.02,Cash,DSL,2,2.0,2,No
102207,Female,28.0,Jericho,56,Month-to-Month,79.68,4145.25,Credit Card,DSL,7,3.0,1,No
102208,Male,54.0,Hebron,40,Two Year,48.66,1956.71,Cash,No Internet,2,3.0,2,No
102209,Male,33.0,Hebron,8,Two Year,71.81,575.77,Cash,Fiber Optic,3,4.0,1,Yes
102210,Male,53.0,Gaza,62,Month-to-Month,77.59,4465.67,Bank Transfer,Fiber Optic,5,4.0,2,No
102211,Female,29.0,Rafah,20,Two Year,97.44,1988.95,PayPal,No Internet,0,3.0,1,No
102212,Female,46.0,Ramallah,38,One Year,92.45,3517.83,PayPal,No Internet,4,3.0,1,No
102213,Female,32.0,Jenin,16,One Year,87.34,1392.08,Bank Transfer,DSL,4,2.0,0,No
102214,Male,18.0,Bethlehem,30,Month-to-Month,,3665.81,Bank Transfer,Fiber Optic,5,4.0,0,No
102215,Male,67.0,Khan Yunis,63,Two Year,97.69,6496.51,Cash,Fiber Optic,4,4.0,3,No
102216,Female,26.0,Khan Yunis,19,Two Year,38.62,718.56,Bank Transfer,Fiber Optic,2,3.0,0,No
102217,Female,34.0,Khan Yunis,43,One Year,107.14,4661.68,Cash,DSL,3,2.0,0,No
102218,Female,38.0,Jericho,67,Month-to-Month,84.65,6054.26,PayPal,DSL,1,4.0,1,No
102219,Male,42.0,Gaza,72,One Year,125.81,9103.78,PayPal,No Internet,0,2.0,3,Yes
102220,Female,25.0,Ramallah,54,One Year,106.96,5484.86,Credit Card,No Internet,2,2.0,0,No
102221,Female,38.0,Jericho,41,Month-to-Month,49.08,2082.21,Bank Transfer,No Internet,1,2.0,2,No
102222,Female,34.0,Ramallah,51,Month-to-Month,73.76,3997.2,PayPal,Fiber Optic,2,3.0,0,No
102223,Female,30.0,Bethlehem,26,One Year,58.12,1554.59,Cash,No Internet,0,,0,No
102224,Female,66.0,Ramallah,61,One Year,56.38,3684.61,Bank Transfer,Fiber Optic,4,4.0,0,No
102225,Female,43.0,Jericho,49,Two Year,80.24,4085.28,Credit Card,Fiber Optic,2,4.0,2,No
102226,Male,51.0,Hebron,8,One Year,61.15,519.8,Cash,No Internet,3,3.0,1,No
102227,Male,42.0,Gaza,49,One Year,58.15,2727.58,PayPal,No Internet,5,4.0,1,No
102228,Female,61.0,Jericho,4,Month-to-Month,77.96,289.39,PayPal,DSL,1,3.0,3,Yes
102229,Female,27.0,Ramallah,60,Month-to-Month,35.87,2314.78,Credit Card,DSL,2,2.0,2,No
102230,Female,39.0,Rafah,1,Month-to-Month,51.86,51.77,Credit Card,Fiber Optic,2,4.0,1,No
102231,Female,38.0,Nablus,11,Month-to-Month,46.56,495.91,Bank Transfer,DSL,1,3.0,1,Yes
102232,Male,28.0,Jericho,64,One Year,67.12,4175.02,Credit Card,No Internet,0,4.0,0,No
102233,Male,36.0,Gaza,52,Month-to-Month,129.98,6735.56,Credit Card,Fiber Optic,1,2.0,4,No
102234,Female,52.0,Nablus,61,Month-to-Month,87.57,4971.83,Cash,Fiber Optic,0,3.0,4,No
102235,Male,51.0,Bethlehem,5,One Year,70.29,338.27,Credit Card,No Internet,1,3.0,0,No
102236,Male,49.0,Rafah,26,Two Year,47.92,1158.58,Cash,No Internet,1,4.0,0,No
102237,Male,28.0,Jericho,40,Month-to-Month,111.12,4577.24,Credit Card,No Internet,2,2.0,1,No
102238,Male,47.0,Jenin,47,Two Year,62.68,2880.65,Bank Transfer,Fiber Optic,6,2.0,0,No
102239,Male,30.0,Nablus,53,Month-to-Month,61.72,3320.76,PayPal,Fiber Optic,3,4.0,1,No
102240,Female,54.0,Rafah,69,One Year,52.39,3667.27,PayPal,DSL,1,3.0,1,No
102241,Male,55.0,Bethlehem,19,Two Year,55.45,1098.74,Cash,DSL,0,4.0,0,No
102242,Female,26.0,Hebron,39,Month-to-Month,67.31,2443.32,PayPal,Fiber Optic,1,3.0,3,No
102243,Female,43.0,Jericho,26,Month-to-Month,114.98,3079.39,Credit Card,No Internet,1,4.0,0,No
102244,Female,24.0,Khan Yunis,60,Month-to-Month,32.02,1868.86,Cash,DSL,3,4.0,0,No
102245,Male,44.0,Jenin,62,Month-to-Month,72.56,4292.51,PayPal,DSL,3,2.0,1,No
102246,Male,24.0,Rafah,11,Month-to-Month,87.07,1011.69,Credit Card,DSL,1,3.0,1,Yes
102247,Female,21.0,Rafah,44,One Year,27.74,1154.61,Bank Transfer,No Internet,4,4.0,1,No
102248,Male,34.0,Hebron,21,One Year,94.96,2028.24,Credit Card,DSL,2,3.0,1,No
102249,Male,22.0,Bethlehem,29,Two Year,79.93,2252.73,Credit Card,No Internet,1,4.0,1,No
102250,Female,28.0,Hebron,45,Month-to-Month,88.61,3702.42,Bank Transfer,No Internet,1,5.0,1,No
102251,Female,28.0,Khan Yunis,45,Month-to-Month,97.33,4099.38,Cash,No Internet,2,3.0,0,No
102252,Male,38.0,Nablus,71,Month-to-Month,74.38,4919.04,PayPal,Fiber Optic,0,3.0,2,No
102253,Male,23.0,Hebron,35,Two Year,87.9,2999.7,PayPal,Fiber Optic,3,4.0,0,No
102254,Male,18.0,Tulkarm,54,One Year,50.08,2675.93,Cash,No Internet,2,2.0,1,No
102255,Male,47.0,Bethlehem,63,Month-to-Month,36.54,2442.23,Cash,DSL,3,1.0,2,No
102256,Female,37.0,Gaza,67,Two Year,57.0,3537.89,Cash,Fiber Optic,3,3.0,0,No
102257,Female,35.0,Tulkarm,52,One Year,35.52,1983.74,Bank Transfer,Fiber Optic,1,5.0,1,No
102258,Female,18.0,Tulkarm,71,Two Year,46.61,3524.75,Credit Card,DSL,0,3.0,2,No
102259,Male,44.0,Rafah,7,Two Year,51.35,364.17,Bank Transfer,No Internet,1,5.0,2,No
102260,Male,35.0,Rafah,57,Month-to-Month,84.26,4666.29,Cash,No Internet,1,3.0,0,No
102261,Male,21.0,Nablus,16,One Year,41.0,704.55,Cash,DSL,2,5.0,0,Yes
102262,Male,35.0,Jenin,26,Month-to-Month,47.45,1172.55,PayPal,DSL,1,4.0,2,No
102263,Female,34.0,Nablus,3,One Year,20.0,57.8,Credit Card,DSL,1,4.0,1,No
102264,Male,32.0,Khan Yunis,29,Two Year,53.04,1485.66,PayPal,Fiber Optic,2,3.0,0,No
102265,Female,52.0,Rafah,8,Month-to-Month,96.96,755.76,Credit Card,Fiber Optic,2,4.0,1,No
102266,Male,39.0,Nablus,42,Month-to-Month,92.43,3612.38,Credit Card,Fiber Optic,4,4.0,1,No
102267,Male,25.0,Rafah,41,Month-to-Month,81.66,3482.61,Credit Card,No Internet,0,3.0,0,No
102268,Male,53.0,Hebron,67,Two Year,50.65,3617.86,Bank Transfer,Fiber Optic,3,5.0,1,No
102269,Female,60.0,Jenin,71,One Year,113.25,8359.09,Cash,DSL,0,,1,No
102270,Male,41.0,Tulkarm,54,Month-to-Month,108.8,5647.73,PayPal,Fiber Optic,1,2.0,1,No
102271,Male,47.0,Ramallah,72,Two Year,70.09,4862.55,Cash,DSL,2,4.0,2,No
102272,Female,38.0,Nablus,37,One Year,55.3,2076.47,Cash,No Internet,3,4.0,1,No
102273,Male,18.0,Khan Yunis,57,One Year,63.01,3876.62,Bank Transfer,Fiber Optic,3,4.0,0,No
102274,Male,51.0,Jericho,50,Month-to-Month,70.57,3676.03,Cash,No Internet,0,4.0,1,Yes
102275,Male,23.0,Nablus,0,Two Year,110.6,2775.55,Cash,Fiber Optic,3,3.0,2,No
102276,Female,40.0,Jericho,67,Month-to-Month,70.4,4986.31,Credit Card,Fiber Optic,3,4.0,1,No
102277,Male,47.0,Gaza,48,One Year,66.1,3332.16,PayPal,No Internet,2,4.0,2,No
102278,Female,51.0,Rafah,69,One Year,52.18,3373.87,Cash,No Internet,3,5.0,2,No
102279,Female,31.0,Rafah,63,Month-to-Month,98.28,5795.45,Cash,DSL,1,4.0,0,No
102280,Male,33.0,Jenin,42,One Year,70.28,2793.03,Cash,DSL,2,3.0,2,No
102281,Female,53.0,Gaza,6,Two Year,69.73,399.6,PayPal,DSL,2,4.0,0,No
102282,Male,46.0,Tulkarm,6,Month-to-Month,94.67,607.53,Cash,No Internet,2,2.0,1,No
102283,Female,50.0,Tulkarm,59,Month-to-Month,131.45,8153.43,PayPal,No Internet,3,5.0,2,No
102284,Female,57.0,Bethlehem,44,Month-to-Month,106.24,4601.92,Bank Transfer,DSL,3,4.0,2,No
102285,Male,57.0,Hebron,29,One Year,68.41,2123.82,Cash,No Internet,0,2.0,0,No
102286,Female,56.0,Rafah,32,Month-to-Month,83.4,2481.84,PayPal,DSL,1,5.0,0,No
102287,Male,57.0,Rafah,42,One Year,-10.0,1325.96,Credit Card,No Internet,2,2.0,1,No
102288,Female,18.0,Gaza,16,One Year,76.39,1146.52,Cash,Fiber Optic,2,4.0,1,No
102289,Female,27.0,Khan Yunis,62,Month-to-Month,35.17,2295.52,PayPal,Fiber Optic,2,4.0,3,No
102290,Male,39.0,Tulkarm,9,Two Year,93.34,815.23,Cash,DSL,1,2.0,3,Yes
102291,Male,48.0,Tulkarm,5,Two Year,77.74,404.49,Cash,Fiber Optic,2,4.0,1,No
102292,Male,47.0,Rafah,48,Month-to-Month,94.48,4307.57,Bank Transfer,No Internet,2,3.0,0,No
102293,Male,44.0,Nablus,5,Two Year,50.77,236.34,Credit Card,Fiber Optic,5,4.0,1,No
102294,Male,54.0,Bethlehem,69,Month-to-Month,81.82,5903.75,Credit Card,DSL,3,3.0,3,No
102295,Male,26.0,Hebron,58,Two Year,115.64,6176.65,Bank Transfer,Fiber Optic,8,4.0,0,No
102296,Female,36.0,Rafah,72,Month-to-Month,47.66,3478.77,Bank Transfer,No Internet,1,2.0,0,No
102297,Male,18.0,Ramallah,7,Month-to-Month,37.55,263.19,Cash,DSL,3,3.0,1,No
102298,Female,47.0,Ramallah,55,Month-to-Month,77.38,4224.91,PayPal,No Internet,0,3.0,0,No
102299,Male,43.0,Nablus,50,Two Year,52.9,2474.13,Cash,DSL,2,4.0,1,No
102300,Female,70.0,Rafah,33,Month-to-Month,52.89,1728.47,PayPal,DSL,1,4.0,0,Yes
102301,Female,32.0,Rafah,14,Month-to-Month,67.52,874.13,Cash,DSL,2,3.0,1,Yes
102302,Female,21.0,Bethlehem,16,Two Year,115.65,1910.24,,DSL,1,4.0,3,No
102303,Female,46.0,Tulkarm,15,Month-to-Month,87.42,1210.04,Cash,Fiber Optic,2,2.0,2,Yes
102304,Male,46.0,Bethlehem,15,Two Year,127.55,1839.23,Bank Transfer,No Internet,2,4.0,0,No
102305,Female,34.0,Jericho,58,One Year,77.03,4564.34,PayPal,Fiber Optic,1,4.0,0,No
102306,Male,32.0,Bethlehem,67,One Year,102.86,7236.99,Bank Transfer,Fiber Optic,1,2.0,3,No
102307,Male,42.0,Rafah,64,Month-to-Month,78.12,5102.54,Bank Transfer,Fiber Optic,2,4.0,1,No
102308,Female,29.0,Jenin,59,Month-to-Month,99.31,6192.08,PayPal,DSL,0,3.0,0,No
102309,Female,45.0,Nablus,46,Month-to-Month,99.82,4345.13,Bank Transfer,No Internet,2,5.0,0,No
102310,Male,61.0,Jericho,9,Month-to-Month,69.97,646.39,Credit Card,DSL,0,3.0,1,No
102311,Female,55.0,Tulkarm,14,Month-to-Month,91.61,1267.05,Credit Card,No Internet,2,5.0,0,No
102312,Female,37.0,Bethlehem,28,One Year,106.62,3062.88,PayPal,DSL,4,2.0,1,No
102313,Female,40.0,Jenin,18,One Year,104.35,1814.64,Cash,DSL,1,4.0,1,No
102314,Female,36.0,Nablus,41,Month-to-Month,59.65,2410.22,Bank Transfer,No Internet,2,5.0,0,Yes
102315,Male,41.0,Nablus,72,Two Year,30.83,2077.83,Cash,Fiber Optic,3,3.0,1,Yes
102316,Male,24.0,Nablus,37,Month-to-Month,38.22,1442.93,Credit Card,Fiber Optic,3,4.0,2,Yes
102317,Female,18.0,Jericho,27,One Year,103.4,2978.82,Credit Card,Fiber Optic,2,4.0,1,No
102318,Female,53.0,Bethlehem,3,One Year,68.69,202.26,Credit Card,No Internet,1,4.0,1,No
102319,Male,37.0,Nablus,19,Month-to-Month,107.22,2165.11,Cash,Fiber Optic,0,4.0,1,No
102320,Female,41.0,Hebron,14,One Year,46.82,695.85,Cash,Fiber Optic,3,4.0,2,No
102321,Male,19.0,Rafah,34,One Year,53.19,1938.39,Cash,No Internet,0,3.0,2,No
102322,Male,18.0,Rafah,44,Two Year,31.3,1361.22,Bank Transfer,No Internet,3,2.0,1,No
102323,Male,48.0,Rafah,58,One Year,101.48,5710.7,Cash,No Internet,4,4.0,0,No
102324,Male,54.0,Jenin,21,Month-to-Month,71.05,1532.08,Cash,No Internet,3,3.0,0,Yes
102325,Male,44.0,Nablus,25,One Year,62.34,1617.89,Cash,Fiber Optic,5,4.0,2,No
102326,Male,39.0,Ramallah,31,Two Year,111.75,3724.11,PayPal,No Internet,1,3.0,2,No
102327,Female,38.0,Khan Yunis,37,Two Year,92.09,3424.4,Bank Transfer,Fiber Optic,0,3.0,3,No
102328,Male,38.0,Khan Yunis,54,Month-to-Month,59.9,3060.51,Credit Card,No Internet,0,4.0,1,No
102329,Female,22.0,Ramallah,12,Two Year,84.05,976.96,Credit Card,Fiber Optic,2,3.0,3,No
102330,Male,24.0,Jericho,41,Month-to-Month,64.55,2580.56,PayPal,Fiber Optic,2,3.0,0,No
102331,Female,41.0,Gaza,39,One Year,65.44,2434.96,Credit Card,DSL,3,5.0,2,No
102332,Female,47.0,Jericho,3,One Year,102.81,305.47,Credit Card,No Internet,4,3.0,2,No
102333,Female,28.0,Bethlehem,62,Month-to-Month,59.69,3837.95,PayPal,DSL,1,5.0,0,No
102334,Female,62.0,Khan Yunis,39,Month-to-Month,68.46,2480.25,Cash,Fiber Optic,8,4.0,1,No
102335,Female,35.0,Tulkarm,51,One Year,40.56,2020.11,PayPal,DSL,3,2.0,1,Yes
102336,Female,40.0,Rafah,2,Month-to-Month,51.46,108.2,PayPal,DSL,1,2.0,1,No
102337,Female,56.0,Tulkarm,1,Month-to-Month,45.84,44.13,Credit Card,Fiber Optic,1,3.0,0,No
102338,Male,35.0,Tulkarm,52,One Year,41.43,2096.45,Bank Transfer,Fiber Optic,1,5.0,0,No
102339,Male,51.0,Ramallah,56,Month-to-Month,49.91,2701.16,Cash,Fiber Optic,1,5.0,1,No
102340,Male,30.0,Jenin,40,Month-to-Month,69.01,2972.97,Bank Transfer,Fiber Optic,1,3.0,0,No
102341,Female,31.0,Khan Yunis,15,Month-to-Month,71.75,1122.92,Bank Transfer,Fiber Optic,2,3.0,0,No
102342,Female,35.0,Tulkarm,44,Month-to-Month,66.1,2935.8,PayPal,Fiber Optic,4,5.0,1,No
102343,Female,18.0,Nablus,10,Month-to-Month,95.95,956.14,Credit Card,DSL,0,5.0,0,No
102344,Male,50.0,Hebron,39,One Year,20.0,733.48,PayPal,Fiber Optic,2,3.0,0,No
102345,Female,42.0,Ramallah,53,Month-to-Month,47.62,2445.3,Bank Transfer,No Internet,3,3.0,0,Yes
102346,Male,47.0,Jericho,40,Month-to-Month,65.4,2518.27,Cash,No Internet,2,5.0,1,No
102347,Male,43.0,Bethlehem,22,Month-to-Month,107.03,2231.04,PayPal,Fiber Optic,3,3.0,3,No
102348,Male,26.0,Hebron,68,Month-to-Month,24.0,1616.26,Bank Transfer,No Internet,2,4.0,1,No
102349,Female,47.0,Rafah,48,Month-to-Month,110.34,4981.27,Bank Transfer,No Internet,1,4.0,0,No
102350,Male,41.0,Ramallah,46,Month-to-Month,102.82,4723.09,Bank Transfer,No Internet,0,4.0,0,No
102351,Male,75.0,Hebron,53,One Year,54.31,3022.63,PayPal,No Internet,1,5.0,2,No
102352,Male,39.0,Tulkarm,19,Month-to-Month,20.79,421.76,Cash,No Internet,2,5.0,0,Yes
102353,Female,27.0,Jericho,11,Month-to-Month,78.69,830.25,Bank Transfer,Fiber Optic,2,3.0,0,No
102354,Female,34.0,Ramallah,55,Month-to-Month,72.01,3933.74,Bank Transfer,Fiber Optic,2,4.0,0,No
102355,Male,49.0,Bethlehem,42,Month-to-Month,89.68,4013.98,Bank Transfer,No Internet,1,2.0,1,No
102356,Female,35.0,Bethlehem,12,Month-to-Month,61.36,707.63,PayPal,DSL,2,3.0,1,Yes
102357,Male,46.0,Jericho,62,One Year,65.73,3784.94,Credit Card,DSL,0,3.0,0,No
102358,Male,18.0,Khan Yunis,58,One Year,49.52,2840.17,Bank Transfer,Fiber Optic,3,3.0,1,No
102359,Male,58.0,Jenin,40,One Year,71.97,2827.49,Bank Transfer,Fiber Optic,2,3.0,0,No
102360,Female,18.0,Nablus,45,Month-to-Month,77.45,3321.55,Bank Transfer,DSL,2,3.0,1,Yes
102361,Female,23.0,Tulkarm,72,One Year,113.84,7813.78,Cash,No Internet,4,4.0,1,No
102362,Female,20.0,Rafah,20,Month-to-Month,69.62,1460.47,Bank Transfer,Fiber Optic,1,3.0,0,No
102363,Male,36.0,Jericho,64,One Year,77.24,5046.9,Cash,DSL,1,3.0,2,No
102364,Female,18.0,Khan Yunis,37,Two Year,66.24,2598.52,PayPal,DSL,2,3.0,0,No
102365,Female,25.0,Khan Yunis,37,Month-to-Month,76.61,2825.09,Credit Card,No Internet,3,4.0,0,No
102366,Male,40.0,Bethlehem,1,Month-to-Month,91.01,94.12,Credit Card,No Internet,2,3.0,1,No
102367,Male,50.0,Khan Yunis,36,Month-to-Month,100.99,3472.58,Credit Card,No Internet,0,4.0,0,No
102368,Male,39.0,Nablus,56,One Year,61.43,3227.72,Cash,Fiber Optic,5,2.0,2,No
102369,Male,60.0,Nablus,40,Month-to-Month,65.14,2451.24,Bank Transfer,DSL,0,3.0,4,Yes
102370,Male,36.0,Rafah,68,Month-to-Month,70.21,4664.84,PayPal,No Internet,4,5.0,1,No
102371,Female,50.0,Ramallah,57,Month-to-Month,30.99,1683.93,Credit Card,Fiber Optic,2,3.0,1,No
102372,Female,54.0,Hebron,17,Month-to-Month,78.95,1432.29,Cash,Fiber Optic,2,4.0,0,Yes
102373,Male,38.0,Hebron,19,One Year,42.25,819.88,PayPal,Fiber Optic,0,5.0,0,No
102374,Male,55.0,Ramallah,50,Month-to-Month,93.1,4653.09,Bank Transfer,DSL,3,4.0,3,No
102375,Female,48.0,Gaza,29,Month-to-Month,112.97,3432.42,Bank Transfer,DSL,3,3.0,1,No
102376,Female,47.0,Khan Yunis,38,Month-to-Month,102.78,4142.4,Credit Card,Fiber Optic,3,4.0,1,No
102377,Male,18.0,Jericho,37,Month-to-Month,47.8,1727.13,PayPal,Fiber Optic,4,4.0,1,Yes
102378,Female,44.0,Khan Yunis,33,Month-to-Month,63.61,2079.27,Cash,DSL,1,2.0,0,Yes
102379,Female,51.0,Jenin,68,Month-to-Month,92.04,6420.75,Bank Transfer,No Internet,3,,1,No
102380,Female,27.0,Bethlehem,41,Month-to-Month,50.63,2111.03,Cash,DSL,3,4.0,0,No
102381,Female,29.0,Rafah,72,Two Year,59.32,4350.13,Credit Card,DSL,4,2.0,1,No
102382,Female,37.0,Hebron,60,One Year,,5725.58,Cash,Fiber Optic,1,,3,No
102383,Male,31.0,Hebron,56,Month-to-Month,64.09,3384.15,Bank Transfer,No Internet,0,3.0,0,No
102384,Female,39.0,Bethlehem,44,One Year,53.93,2501.38,PayPal,Fiber Optic,4,3.0,2,No
102385,Female,54.0,Hebron,21,One Year,99.88,2157.53,Credit Card,DSL,1,2.0,0,No
102386,Female,43.0,Hebron,12,Month-to-Month,93.16,1067.94,PayPal,No Internet,1,1.0,0,No
102387,Female,46.0,Jericho,48,Month-to-Month,31.35,1425.23,Cash,DSL,2,3.0,3,No
102388,Male,32.0,Nablus,46,Month-to-Month,98.32,4567.35,Credit Card,Fiber Optic,0,2.0,4,No
102389,Male,30.0,Jenin,29,Two Year,69.21,1986.8,Credit Card,DSL,2,5.0,0,No
102390,Male,37.0,Nablus,52,Month-to-Month,84.38,4289.78,Credit Card,DSL,4,3.0,1,No
102391,Female,57.0,Bethlehem,63,Month-to-Month,71.41,4417.91,Credit Card,DSL,1,4.0,1,No
102392,Male,21.0,Nablus,4,Month-to-Month,86.66,341.22,Bank Transfer,Fiber Optic,3,5.0,1,Yes
102393,Male,19.0,Nablus,2,Month-to-Month,20.0,38.74,,DSL,2,2.0,0,No
102394,Male,29.0,Rafah,14,Month-to-Month,135.37,1911.92,Bank Transfer,DSL,2,3.0,2,Yes
102395,Male,60.0,Ramallah,6,Month-to-Month,93.86,572.86,Cash,Fiber Optic,5,3.0,0,No
102396,Male,66.0,Rafah,63,Month-to-Month,61.5,3619.91,PayPal,DSL,1,5.0,2,No
102397,Male,34.0,Nablus,31,Month-to-Month,109.41,3182.15,Bank Transfer,No Internet,1,5.0,1,No
102398,Female,21.0,Gaza,65,Month-to-Month,88.82,5566.0,Bank Transfer,Fiber Optic,3,5.0,2,No
102399,Male,,Gaza,52,Month-to-Month,104.47,5645.22,PayPal,No Internet,2,5.0,1,No
102400,Male,35.0,Gaza,18,Two Year,107.94,1862.61,Bank Transfer,DSL,2,0.0,2,No
102401,Female,57.0,Khan Yunis,42,Month-to-Month,77.14,3366.14,Cash,DSL,3,3.0,1,No
102402,Male,45.0,Bethlehem,13,One Year,47.29,591.18,Bank Transfer,DSL,3,3.0,2,No
102403,Female,32.0,Bethlehem,49,Month-to-Month,82.96,4258.35,Bank Transfer,Fiber Optic,1,5.0,2,No
102404,Female,18.0,Khan Yunis,19,One Year,60.5,1149.96,PayPal,DSL,2,2.0,0,No
102405,Female,23.0,Ramallah,33,Two Year,77.51,2756.54,Bank Transfer,DSL,5,5.0,0,Yes
102406,Male,18.0,Gaza,47,One Year,116.3,5507.8,Bank Transfer,No Internet,2,3.0,0,No
102407,Male,36.0,Jericho,7,Two Year,119.88,775.81,Bank Transfer,No Internet,1,2.0,1,No
102408,Male,44.0,Hebron,1,One Year,51.05,,PayPal,Fiber Optic,0,3.0,0,No
102409,Male,32.0,Khan Yunis,50,Two Year,110.08,5325.58,Credit Card,No Internet,2,4.0,1,No
102410,Male,26.0,Hebron,46,Month-to-Month,73.37,3472.48,Bank Transfer,DSL,2,3.0,2,No
102411,Female,33.0,Khan Yunis,14,Month-to-Month,51.96,685.58,PayPal,No Internet,2,4.0,4,No
102412,Female,36.0,Tulkarm,24,One Year,65.79,1675.59,Credit Card,Fiber Optic,4,3.0,2,No
102413,Male,40.0,Gaza,68,One Year,52.36,3740.12,Credit Card,DSL,1,3.0,0,No
102414,Female,27.0,Hebron,65,Month-to-Month,88.52,5567.77,PayPal,DSL,4,3.0,1,Yes
102415,Male,49.0,Hebron,3,Two Year,33.92,100.52,Credit Card,Fiber Optic,1,3.0,0,No
102416,Male,22.0,Nablus,58,Month-to-Month,96.85,5774.23,Credit Card,DSL,1,4.0,0,Yes
102417,Female,39.0,Tulkarm,60,Month-to-Month,77.34,4692.79,Credit Card,No Internet,2,3.0,2,Yes
102418,Female,38.0,Hebron,27,One Year,76.16,2014.61,Bank Transfer,DSL,1,3.0,0,No
102419,Male,35.0,Rafah,45,One Year,93.09,3885.13,Credit Card,DSL,3,4.0,0,No
102420,Female,40.0,Tulkarm,45,Month-to-Month,50.26,,Credit Card,DSL,1,4.0,2,Yes
102421,Female,18.0,Rafah,32,One Year,97.0,2911.69,Credit Card,DSL,2,2.0,2,No
102422,Male,28.0,Rafah,44,Month-to-Month,95.77,4497.01,Bank Transfer,No Internet,1,2.0,0,No
102423,Male,27.0,Rafah,26,Month-to-Month,89.67,2291.55,PayPal,No Internet,2,3.0,2,No
102424,Female,35.0,Gaza,50,Month-to-Month,102.64,5244.22,Bank Transfer,DSL,1,3.0,0,No
102425,Female,42.0,Hebron,39,One Year,118.8,4965.15,PayPal,Fiber Optic,2,2.0,0,No
102426,Male,34.0,Khan Yunis,60,Month-to-Month,46.38,2706.08,PayPal,Fiber Optic,4,4.0,2,Yes
102427,Female,26.0,Khan Yunis,53,Month-to-Month,160.2,9008.08,Credit Card,DSL,4,3.0,2,No
102428,Female,22.0,Ramallah,42,One Year,52.84,2322.1,PayPal,DSL,2,3.0,3,No
102429,Female,39.0,Tulkarm,27,Two Year,71.39,1894.14,Credit Card,No Internet,1,4.0,1,Yes
102430,Male,32.0,,4,Month-to-Month,43.84,174.96,PayPal,Fiber Optic,3,2.0,2,No
102431,Male,28.0,Tulkarm,33,Month-to-Month,105.61,3386.83,Credit Card,DSL,1,3.0,1,No
102432,Female,42.0,Hebron,53,Month-to-Month,91.12,5063.39,PayPal,No Internet,1,3.0,0,No
102433,Male,34.0,Ramallah,68,Two Year,78.3,5048.66,Cash,No Internet,1,4.0,2,No
102434,Male,43.0,Rafah,72,Two Year,88.16,5966.23,PayPal,DSL,0,2.0,1,No
102435,Female,24.0,Khan Yunis,15,One Year,100.04,1594.38,Credit Card,DSL,1,3.0,1,No
102436,Female,26.0,Nablus,69,Month-to-Month,78.09,5369.72,Credit Card,Fiber Optic,2,4.0,0,No
102437,Female,32.0,Rafah,35,Month-to-Month,62.67,2210.44,PayPal,No Internet,3,5.0,0,No
102438,Male,36.0,Nablus,62,Two Year,32.26,1953.03,Credit Card,Fiber Optic,1,3.0,2,No
102439,Male,51.0,Rafah,26,Month-to-Month,66.79,1857.73,Bank Transfer,No Internet,0,5.0,1,No
102440,Male,50.0,Jericho,70,Month-to-Month,61.95,4387.11,PayPal,Fiber Optic,6,5.0,2,Yes
102441,Male,21.0,Jenin,42,One Year,42.97,1901.55,Cash,No Internet,1,2.0,2,No
102442,Male,36.0,Khan Yunis,54,One Year,99.01,5700.68,Credit Card,Fiber Optic,2,4.0,1,Yes
102443,Male,40.0,Jenin,16,One Year,50.42,866.6,Cash,DSL,6,2.0,1,No
102444,Male,25.0,Hebron,17,Two Year,54.6,933.31,PayPal,DSL,3,3.0,0,No
102445,Female,73.0,Khan Yunis,13,Month-to-Month,90.97,1222.48,Credit Card,Fiber Optic,1,3.0,1,Yes
102446,Male,60.0,Nablus,16,One Year,90.51,1489.52,PayPal,No Internet,0,4.0,1,No
102447,Male,24.0,Hebron,30,Two Year,75.66,2121.12,PayPal,No Internet,1,4.0,1,No
102448,Female,34.0,Tulkarm,27,Month-to-Month,33.5,922.65,Credit Card,DSL,3,4.0,1,No
102449,Female,46.0,Gaza,38,Month-to-Month,49.13,1921.39,Cash,No Internet,1,2.0,0,No
102450,Female,59.0,Jericho,28,One Year,41.57,1104.74,Cash,No Internet,2,5.0,0,No
102451,Female,18.0,Ramallah,69,Two Year,69.91,4914.13,Cash,No Internet,3,3.0,5,No
102452,Male,42.0,Tulkarm,9,One Year,96.65,853.53,Credit Card,DSL,0,4.0,2,No
102453,Male,41.0,Gaza,34,Month-to-Month,30.51,1039.21,Bank Transfer,DSL,0,2.0,2,Yes
102454,Female,22.0,Jenin,23,Month-to-Month,80.19,1843.76,Bank Transfer,DSL,4,4.0,0,No
102455,Female,33.0,Tulkarm,24,Two Year,93.32,2105.23,Cash,DSL,5,2.0,0,No
102456,Female,20.0,Khan Yunis,55,Month-to-Month,68.6,3822.83,Credit Card,DSL,3,4.0,0,No
102457,Female,40.0,Jericho,37,One Year,106.15,3688.23,Cash,DSL,1,4.0,1,No
102458,Male,67.0,Jericho,20,Two Year,75.42,1455.63,Cash,DSL,1,4.0,1,No
102459,Female,43.0,Khan Yunis,62,Two Year,63.52,4032.17,PayPal,DSL,2,3.0,0,No
102460,Male,20.0,Jericho,6,Month-to-Month,93.06,555.81,Cash,No Internet,0,5.0,2,No
102461,Female,25.0,Khan Yunis,40,Month-to-Month,82.34,3075.53,Bank Transfer,Fiber Optic,1,3.0,0,No
102462,Male,32.0,Nablus,56,One Year,62.47,3486.04,Bank Transfer,No Internet,4,4.0,0,No
102463,Female,37.0,Ramallah,39,Month-to-Month,77.48,2851.66,PayPal,DSL,5,4.0,1,No
102464,Female,51.0,Jericho,58,Month-to-Month,72.59,4284.58,PayPal,No Internet,1,3.0,2,No
102465,Male,66.0,Jenin,20,Month-to-Month,48.69,1011.07,Credit Card,DSL,1,4.0,0,No
102466,Male,45.0,Nablus,26,One Year,62.52,1580.02,Cash,DSL,2,3.0,2,No
102467,Female,28.0,Khan Yunis,26,Two Year,103.85,2851.82,PayPal,Fiber Optic,3,4.0,1,No
102468,Female,48.0,Jericho,8,Month-to-Month,37.33,306.93,Credit Card,DSL,1,3.0,1,No
102469,Male,37.0,Ramallah,43,Month-to-Month,73.86,3217.15,Credit Card,DSL,3,4.0,1,No
102470,Male,75.0,Nablus,27,One Year,119.57,3461.6,Bank Transfer,Fiber Optic,3,3.0,2,No
102471,Male,38.0,Tulkarm,27,One Year,60.72,1660.06,Cash,Fiber Optic,1,1.0,1,No
102472,Male,48.0,Nablus,61,Two Year,59.02,3452.55,Bank Transfer,No Internet,0,3.0,0,No
102473,Male,21.0,Hebron,1,One Year,35.75,36.95,Cash,No Internet,2,3.0,0,No
102474,Female,45.0,Hebron,59,One Year,69.23,3948.53,Cash,Fiber Optic,2,4.0,1,No
102475,Male,39.0,Ramallah,68,One Year,43.65,3101.48,PayPal,Fiber Optic,4,3.0,1,No
102476,Male,44.0,Nablus,53,One Year,87.69,4453.98,Bank Transfer,DSL,3,2.0,1,Yes
102477,Female,35.0,Hebron,62,Month-to-Month,101.47,5969.48,Cash,DSL,3,4.0,0,No
102478,Male,56.0,Jenin,55,One Year,125.2,7109.28,Credit Card,Fiber Optic,2,4.0,2,No
102479,Female,46.0,Rafah,21,Month-to-Month,108.68,2296.94,Cash,Fiber Optic,2,2.0,1,No
102480,Female,28.0,Rafah,2,Month-to-Month,87.94,172.55,Cash,No Internet,1,4.0,1,Yes
102481,Female,32.0,Gaza,16,Two Year,48.32,830.54,Bank Transfer,Fiber Optic,1,3.0,0,No
102482,Female,35.0,Bethlehem,65,Two Year,104.08,6549.96,Credit Card,DSL,2,3.0,1,No
102483,Female,46.0,Jericho,69,Month-to-Month,111.36,8298.05,Cash,DSL,5,1.0,0,No
102484,Female,37.0,Ramallah,2,Month-to-Month,64.66,124.55,PayPal,Fiber Optic,2,2.0,0,Yes
102485,Female,29.0,Hebron,40,,69.97,2618.84,Bank Transfer,Fiber Optic,2,5.0,1,No
102486,Male,42.0,Jericho,47,Month-to-Month,98.7,4354.16,Cash,No Internet,2,4.0,3,No
102487,Male,24.0,Tulkarm,65,One Year,41.47,2626.0,Bank Transfer,DSL,1,3.0,2,No
102488,Female,43.0,Tulkarm,4,Month-to-Month,48.16,182.12,Credit Card,DSL,0,3.0,1,No
102489,Female,29.0,Jenin,8,Month-to-Month,44.46,342.63,PayPal,Fiber Optic,1,2.0,0,Yes
102490,Male,34.0,Gaza,55,Month-to-Month,78.3,4159.53,PayPal,DSL,2,2.0,1,No
102491,Male,32.0,Nablus,70,Month-to-Month,72.36,5143.36,Credit Card,DSL,3,4.0,0,No
102492,Female,44.0,Ramallah,55,Month-to-Month,94.65,5107.68,Bank Transfer,Fiber Optic,1,4.0,2,No
102493,Male,26.0,Hebron,5,Two Year,76.54,388.45,PayPal,DSL,1,3.0,1,No
102494,Male,51.0,Jericho,55,Month-to-Month,44.55,2264.98,Credit Card,No Internet,4,4.0,0,Yes
102495,Male,60.0,Jenin,70,One Year,106.89,8023.08,PayPal,DSL,3,2.0,0,No
102496,Male,75.0,Jericho,33,Two Year,132.68,4667.21,Credit Card,Fiber Optic,2,4.0,0,No
102497,Male,50.0,Khan Yunis,29,One Year,78.82,2117.94,Credit Card,DSL,1,5.0,2,No
102498,Male,37.0,Ramallah,25,One Year,41.52,1099.9,Cash,Fiber Optic,1,5.0,1,No
102499,Male,23.0,Jenin,19,One Year,64.52,1320.26,Credit Card,No Internet,2,5.0,2,No
102500,Male,53.0,Ramallah,53,Month-to-Month,56.23,3057.58,Credit Card,DSL,3,5.0,0,Yes
102501,Female,52.0,Jericho,52,Month-to-Month,72.3,3754.73,Bank Transfer,DSL,2,4.0,0,Yes
102502,Male,49.0,Hebron,54,Month-to-Month,71.25,3820.69,Cash,No Internet,1,5.0,1,No
102503,Female,53.0,Ramallah,12,One Year,97.51,1091.27,Credit Card,DSL,1,2.0,1,Yes
102504,Female,62.0,Khan Yunis,43,Month-to-Month,75.15,3156.86,PayPal,No Internet,2,2.0,1,No
102505,Female,50.0,Jericho,16,Month-to-Month,84.42,1305.61,PayPal,DSL,0,4.0,0,No
102506,Female,43.0,Ramallah,1,One Year,50.37,54.05,Credit Card,Fiber Optic,1,5.0,3,No
102507,Female,39.0,Nablus,72,Month-to-Month,93.55,7154.44,PayPal,DSL,3,3.0,1,No
102508,Female,,Rafah,40,Month-to-Month,87.65,3468.3,Cash,Fiber Optic,1,2.0,2,No
102509,Male,52.0,Rafah,32,Month-to-Month,99.65,2997.46,Cash,No Internet,2,3.0,0,No
102510,Male,35.0,Gaza,17,One Year,77.61,1362.65,Cash,DSL,1,5.0,1,No
102511,Female,55.0,Bethlehem,5,Month-to-Month,29.1,148.21,Cash,DSL,1,2.0,0,No
102512,Male,49.0,Ramallah,70,Month-to-Month,51.8,3671.19,Credit Card,DSL,2,4.0,0,No
102513,Female,36.0,Tulkarm,12,Month-to-Month,60.77,759.04,Credit Card,No Internet,4,2.0,0,No
102514,Female,38.0,Gaza,25,Month-to-Month,46.27,1098.32,PayPal,Fiber Optic,1,4.0,2,No
102515,Male,23.0,Gaza,36,Month-to-Month,92.04,3078.63,Credit Card,Fiber Optic,1,5.0,0,No
102516,Male,35.0,Gaza,20,One Year,69.39,1417.36,Cash,No Internet,1,5.0,2,No
102517,Female,32.0,Bethlehem,49,One Year,104.72,5417.18,PayPal,DSL,1,2.0,2,Yes
102518,Male,30.0,Khan Yunis,39,One Year,80.19,3205.86,Credit Card,DSL,2,4.0,2,No
102519,Male,18.0,Khan Yunis,9,One Year,74.26,705.7,Credit Card,Fiber Optic,0,5.0,1,No
102520,Female,48.0,Jenin,66,Two Year,63.21,3943.18,Cash,Fiber Optic,0,5.0,1,No
102521,Female,22.0,Jenin,50,One Year,99.04,4806.67,PayPal,Fiber Optic,0,3.0,1,No
102522,Male,37.0,Hebron,2,Month-to-Month,28.44,52.88,PayPal,No Internet,2,3.0,2,No
102523,Male,22.0,Tulkarm,70,Month-to-Month,40.83,2947.69,,Fiber Optic,1,5.0,0,No
102524,Male,54.0,Jenin,66,Month-to-Month,70.2,4840.09,PayPal,Fiber Optic,2,5.0,2,Yes
102525,Male,21.0,Rafah,67,Month-to-Month,82.17,5168.71,Credit Card,Fiber Optic,4,4.0,0,No
102526,Female,35.0,Jericho,23,One Year,57.36,1282.61,Bank Transfer,DSL,2,4.0,0,No
102527,Female,54.0,Bethlehem,70,Two Year,87.49,6207.81,,No Internet,1,5.0,3,No
102528,Female,33.0,Jericho,32,One Year,104.43,3192.99,Cash,Fiber Optic,2,1.0,1,No
102529,Female,51.0,Bethlehem,68,One Year,66.03,4560.54,Bank Transfer,DSL,1,3.0,2,No
102530,Male,,Jericho,34,Two Year,81.01,2823.16,Bank Transfer,DSL,4,5.0,1,No
102531,Male,53.0,Hebron,66,Month-to-Month,47.61,2977.07,Cash,DSL,2,4.0,1,No
102532,Female,51.0,,7,Two Year,73.2,513.06,PayPal,DSL,4,2.0,3,No
102533,Male,25.0,Ramallah,69,One Year,70.04,4706.12,PayPal,No Internet,3,3.0,1,No
102534,Male,45.0,Tulkarm,36,Month-to-Month,112.2,3816.57,PayPal,DSL,2,3.0,0,No
102535,Male,47.0,Bethlehem,25,Month-to-Month,68.15,1766.53,Bank Transfer,Fiber Optic,1,5.0,3,No
102536,Female,47.0,Tulkarm,6,Month-to-Month,89.12,537.53,Cash,DSL,0,4.0,0,No
102537,Male,33.0,Jericho,34,Month-to-Month,104.22,3726.82,Cash,DSL,2,5.0,1,No
102538,Female,28.0,Nablus,41,Month-to-Month,92.78,4054.61,Credit Card,Fiber Optic,4,4.0,3,No
102539,Male,29.0,Khan Yunis,5,Month-to-Month,56.39,298.4,PayPal,DSL,3,5.0,0,No
102540,Male,40.0,Gaza,9,Two Year,26.45,243.02,Credit Card,DSL,1,4.0,0,No
102541,Female,35.0,Bethlehem,16,Month-to-Month,70.39,1168.12,Credit Card,Fiber Optic,2,4.0,1,Yes
102542,Male,26.0,Gaza,65,Month-to-Month,43.95,2676.86,Credit Card,Fiber Optic,1,5.0,3,No
102543,Male,25.0,Ramallah,8,One Year,82.33,632.02,PayPal,DSL,0,2.0,0,No
102544,Male,46.0,Jericho,57,Month-to-Month,81.18,4295.81,Bank Transfer,Fiber Optic,1,4.0,1,No
102545,Female,49.0,Ramallah,71,Month-to-Month,94.11,6686.94,Credit Card,DSL,3,3.0,0,No
102546,Male,24.0,Tulkarm,59,One Year,70.33,3905.11,Bank Transfer,No Internet,4,5.0,2,No
102547,Female,51.0,Bethlehem,52,Month-to-Month,77.85,3772.1,Bank Transfer,DSL,1,4.0,3,No
102548,Female,58.0,Hebron,32,One Year,93.31,3134.59,Bank Transfer,No Internet,2,3.0,4,No
102549,Male,25.0,Ramallah,43,,71.25,3194.77,Credit Card,Fiber Optic,5,4.0,0,No
102550,Male,37.0,Nablus,67,Month-to-Month,35.64,2389.09,PayPal,Fiber Optic,2,5.0,0,No
102551,Female,44.0,Bethlehem,13,Month-to-Month,55.89,737.33,Cash,No Internet,2,2.0,0,Yes
102552,Female,55.0,Hebron,64,,74.33,4677.74,PayPal,No Internet,5,4.0,1,No
102553,Male,25.0,Bethlehem,57,Month-to-Month,70.35,4125.04,Credit Card,Fiber Optic,2,3.0,1,No
102554,Female,52.0,Tulkarm,28,Month-to-Month,90.66,2721.22,Cash,DSL,3,4.0,1,No
102555,Female,53.0,Rafah,45,Month-to-Month,80.36,3576.11,Cash,DSL,0,3.0,1,No
102556,Female,43.0,Jericho,58,One Year,64.35,3553.93,Cash,Fiber Optic,2,4.0,1,No
102557,Female,37.0,Tulkarm,15,Two Year,108.54,1603.88,Credit Card,DSL,0,3.0,1,No
102558,Male,40.0,Ramallah,3,Two Year,67.58,191.64,Cash,No Internet,1,3.0,0,No
102559,Male,52.0,Ramallah,46,One Year,111.24,5130.0,PayPal,Fiber Optic,1,3.0,1,No
102560,Female,69.0,Jericho,67,One Year,74.78,4676.25,Bank Transfer,DSL,3,4.0,2,No
102561,Male,60.0,Hebron,32,Month-to-Month,122.88,3638.65,Cash,DSL,1,3.0,3,No
102562,Female,24.0,Khan Yunis,45,One Year,112.33,5035.21,PayPal,No Internet,5,1.0,1,No
102563,Male,53.0,Tulkarm,46,Two Year,83.41,3545.79,Credit Card,DSL,2,3.0,2,No
102564,Female,47.0,Khan Yunis,13,Two Year,48.72,583.17,PayPal,Fiber Optic,3,5.0,3,No
102565,Male,38.0,Rafah,72,Month-to-Month,63.77,4425.69,PayPal,DSL,1,3.0,1,Yes
102566,Male,18.0,Bethlehem,45,Two Year,65.01,3062.76,Cash,DSL,9,2.0,0,No
102567,Male,53.0,Hebron,66,Month-to-Month,70.22,4900.76,Bank Transfer,DSL,3,3.0,3,No
102568,Male,29.0,Hebron,52,Month-to-Month,57.32,2875.83,PayPal,Fiber Optic,4,4.0,0,No
102569,Male,18.0,Jenin,11,Month-to-Month,100.59,1028.39,PayPal,Fiber Optic,1,4.0,1,No
102570,Female,22.0,Jericho,55,Month-to-Month,113.83,6379.96,Credit Card,DSL,0,4.0,0,No
102571,Female,39.0,Nablus,5,Two Year,99.28,490.2,Cash,DSL,5,3.0,0,No
102572,Male,40.0,Gaza,3,One Year,83.58,265.7,PayPal,Fiber Optic,1,3.0,2,No
102573,Female,19.0,,19,Month-to-Month,71.11,1330.37,Credit Card,Fiber Optic,1,4.0,1,No
102574,Male,39.0,Jenin,12,Two Year,97.41,1232.05,Bank Transfer,DSL,1,3.0,0,No
102575,Male,21.0,Bethlehem,8,Month-to-Month,-50.0,798.98,Credit Card,DSL,0,2.0,1,No
102576,Male,18.0,Nablus,60,Month-to-Month,84.21,4907.35,Cash,Fiber Optic,3,5.0,0,No
102577,Male,35.0,Nablus,45,Two Year,64.05,2703.23,Bank Transfer,Fiber Optic,4,3.0,0,Yes
102578,Male,31.0,Khan Yunis,14,Month-to-Month,98.61,1290.91,PayPal,No Internet,2,5.0,1,No
102579,Female,51.0,Nablus,33,Month-to-Month,165.28,5282.09,Bank Transfer,Fiber Optic,2,5.0,0,No
102580,Male,51.0,Khan Yunis,2,Month-to-Month,106.97,203.44,Bank Transfer,No Internet,4,3.0,0,No
102581,Male,60.0,Nablus,54,Month-to-Month,97.1,5067.3,Cash,Fiber Optic,1,3.0,1,No
102582,Male,21.0,Rafah,19,Month-to-Month,98.83,1851.26,Bank Transfer,Fiber Optic,4,4.0,0,No
102583,Female,36.0,Nablus,65,Month-to-Month,49.7,3197.74,PayPal,Fiber Optic,1,3.0,0,No
102584,Female,46.0,Jericho,37,Month-to-Month,78.51,2791.43,Credit Card,No Internet,2,4.0,1,No
102585,Female,46.0,Khan Yunis,65,Month-to-Month,33.49,2312.13,PayPal,DSL,1,3.0,1,No
102586,Male,46.0,Gaza,32,Month-to-Month,45.16,1344.26,PayPal,Fiber Optic,4,3.0,0,No
102587,Female,60.0,Bethlehem,64,Month-to-Month,70.38,4521.01,PayPal,No Internet,2,4.0,1,No
102588,Female,48.0,Nablus,70,Two Year,25.78,1883.59,Cash,Fiber Optic,3,3.0,1,No
102589,Male,32.0,Jericho,4,One Year,120.37,490.45,Cash,DSL,0,3.0,0,No
102590,Female,34.0,Nablus,21,Month-to-Month,101.3,2168.05,Credit Card,No Internet,3,3.0,1,No
102591,Female,39.0,Jenin,63,Month-to-Month,83.8,5645.36,Credit Card,Fiber Optic,0,1.0,2,No
102592,Male,53.0,Jenin,11,Month-to-Month,47.53,495.21,PayPal,Fiber Optic,4,4.0,2,No
102593,Male,46.0,Khan Yunis,30,Month-to-Month,73.3,2133.83,Bank Transfer,Fiber Optic,2,4.0,1,No
102594,Female,42.0,Gaza,63,Month-to-Month,84.4,5441.85,Credit Card,DSL,4,3.0,1,No
102595,Male,18.0,Khan Yunis,17,Month-to-Month,67.57,1202.99,Credit Card,DSL,1,4.0,1,No
102596,Female,27.0,Bethlehem,31,Month-to-Month,76.17,2420.99,Credit Card,Fiber Optic,1,3.0,1,No
102597,Male,46.0,Hebron,7,One Year,60.15,391.9,Credit Card,DSL,2,3.0,2,No
102598,Male,38.0,Khan Yunis,47,Month-to-Month,73.66,3702.86,Bank Transfer,No Internet,1,2.0,0,No
102599,Female,32.0,Gaza,43,One Year,45.93,1843.66,Bank Transfer,DSL,2,4.0,1,No
102600,Male,19.0,Ramallah,27,Month-to-Month,61.43,1636.86,Credit Card,Fiber Optic,5,2.0,0,No
102601,Male,23.0,Rafah,3,Two Year,51.19,142.01,Credit Card,DSL,2,2.0,1,No
102602,Male,42.0,Jenin,63,One Year,63.17,3678.51,Cash,No Internet,1,4.0,0,No
102603,Male,46.0,Nablus,16,Two Year,86.14,1422.07,Bank Transfer,Fiber Optic,2,3.0,1,No
102604,Male,32.0,Gaza,55,Month-to-Month,76.2,4401.71,PayPal,Fiber Optic,6,3.0,1,No
102605,Male,41.0,Tulkarm,64,One Year,97.18,5760.88,Credit Card,No Internet,0,3.0,0,No
102606,Male,30.0,Rafah,70,One Year,54.45,3968.91,Cash,Fiber Optic,1,4.0,3,No
102607,Female,58.0,Hebron,3,Month-to-Month,63.85,201.16,Bank Transfer,DSL,3,3.0,0,No
102608,Female,68.0,Jericho,57,Month-to-Month,71.65,4086.84,Bank Transfer,DSL,2,3.0,2,No
102609,Male,41.0,Tulkarm,46,Month-to-Month,20.0,941.92,Bank Transfer,No Internet,3,4.0,2,No
102610,Male,55.0,Tulkarm,55,One Year,67.19,3681.14,Cash,No Internet,1,3.0,2,Yes
102611,Male,38.0,Jericho,25,Month-to-Month,98.1,2349.15,Credit Card,No Internet,4,4.0,1,Yes
102612,Male,18.0,Hebron,43,Month-to-Month,52.2,2377.96,Credit Card,No Internet,2,3.0,0,No
102613,Male,48.0,Jenin,5,Month-to-Month,114.69,584.1,Credit Card,No Internet,1,3.0,2,No
102614,Male,41.0,Gaza,15,Month-to-Month,70.68,996.91,PayPal,Fiber Optic,0,5.0,5,Yes
102615,Male,56.0,Nablus,47,Month-to-Month,55.43,2459.64,Bank Transfer,DSL,4,4.0,1,No
102616,Female,52.0,Rafah,46,Two Year,100.3,4854.85,Cash,No Internet,3,1.0,1,No
102617,Male,34.0,Hebron,56,Month-to-Month,84.58,4676.34,PayPal,DSL,3,3.0,0,No
102618,Female,49.0,Gaza,8,Two Year,74.36,583.38,PayPal,DSL,1,3.0,1,No
102619,Male,26.0,Rafah,44,Month-to-Month,90.62,3850.67,Bank Transfer,Fiber Optic,3,2.0,0,No
102620,Male,38.0,Jenin,43,Month-to-Month,52.37,2202.36,Bank Transfer,Fiber Optic,1,3.0,0,No
102621,Male,34.0,Jericho,32,Month-to-Month,46.27,1363.65,PayPal,DSL,0,5.0,2,Yes
102622,Male,58.0,Jenin,18,Month-to-Month,85.38,1514.53,PayPal,DSL,4,4.0,0,No
102623,Female,44.0,Ramallah,27,Month-to-Month,34.11,876.35,Credit Card,Fiber Optic,2,4.0,3,No
102624,Male,50.0,Nablus,20,One Year,85.16,1659.4,Bank Transfer,No Internet,3,3.0,2,No
102625,Male,38.0,Jenin,30,Month-to-Month,74.23,2380.42,Bank Transfer,No Internet,3,2.0,0,No
102626,Male,62.0,Hebron,30,Month-to-Month,80.67,2453.03,Bank Transfer,DSL,0,2.0,0,Yes
102627,Male,37.0,Rafah,64,One Year,44.55,3015.7,,Fiber Optic,2,5.0,3,No
102628,Female,41.0,Jericho,49,Two Year,86.91,4480.55,Bank Transfer,Fiber Optic,3,5.0,0,No
102629,Female,58.0,Tulkarm,39,Month-to-Month,86.66,3614.77,Bank Transfer,No Internet,7,2.0,1,Yes
102630,Female,26.0,Jericho,71,One Year,62.36,4547.65,Bank Transfer,Fiber Optic,2,3.0,1,No
102631,Male,24.0,Bethlehem,70,Month-to-Month,65.52,4572.1,Credit Card,DSL,3,2.0,1,No
102632,Female,28.0,Rafah,22,Month-to-Month,46.52,1020.3,Cash,DSL,4,5.0,1,No
102633,Male,60.0,Nablus,71,Two Year,115.37,7783.79,Cash,Fiber Optic,1,3.0,0,Yes
102634,Female,45.0,Tulkarm,35,Month-to-Month,55.95,2037.13,Credit Card,Fiber Optic,1,3.0,2,Yes
102635,Female,31.0,Ramallah,49,One Year,50.15,2583.7,Cash,No Internet,0,5.0,1,No
102636,Male,71.0,Jenin,56,Month-to-Month,89.98,5209.78,Credit Card,No Internet,3,3.0,2,No
102637,Female,50.0,Hebron,58,Month-to-Month,90.86,5603.06,Credit Card,DSL,2,2.0,1,No
102638,Male,45.0,Jenin,72,Two Year,97.68,7245.34,Cash,Fiber Optic,0,3.0,0,No
102639,Male,50.0,Gaza,54,Month-to-Month,66.6,3479.56,PayPal,Fiber Optic,4,3.0,1,No
102640,Male,28.0,Nablus,2,One Year,110.8,228.75,Cash,No Internet,1,3.0,1,No
102641,Female,48.0,Bethlehem,58,Month-to-Month,69.98,3968.86,PayPal,No Internet,2,2.0,1,No
102642,Male,46.0,Jericho,37,One Year,55.25,2020.28,Credit Card,No Internet,2,3.0,1,Yes
102643,Male,34.0,Hebron,66,Month-to-Month,64.63,4231.44,Credit Card,No Internet,2,4.0,1,No
102644,Male,51.0,Ramallah,66,Month-to-Month,51.6,3208.24,Bank Transfer,DSL,0,2.0,0,No
102645,Male,49.0,Gaza,46,Month-to-Month,88.3,4318.69,Credit Card,No Internet,1,4.0,0,No
102646,Female,25.0,Tulkarm,56,Two Year,55.78,2990.58,Cash,No Internet,1,4.0,1,No
102647,Female,45.0,Tulkarm,12,Month-to-Month,62.34,763.77,Credit Card,Fiber Optic,5,3.0,2,No
102648,Female,52.0,Nablus,39,Month-to-Month,61.23,2417.57,Credit Card,Fiber Optic,0,5.0,1,No
102649,Male,55.0,Tulkarm,52,Month-to-Month,83.99,4588.69,Cash,No Internet,0,1.0,1,Yes
102650,Female,29.0,Rafah,10,One Year,66.92,707.73,Cash,No Internet,4,2.0,1,No
102651,Female,49.0,Tulkarm,12,One Year,48.99,560.57,Cash,No Internet,3,3.0,0,No
102652,Female,18.0,Jenin,70,Two Year,128.3,9505.87,Cash,No Internet,1,3.0,1,No
102653,Male,55.0,Tulkarm,67,One Year,75.83,5452.79,Bank Transfer,DSL,3,3.0,2,No
102654,Male,24.0,Jericho,43,One Year,68.74,2873.87,Credit Card,No Internet,1,2.0,1,No
102655,Male,36.0,Khan Yunis,37,Month-to-Month,70.75,2653.6,PayPal,DSL,3,1.0,1,Yes
102656,Male,46.0,Gaza,10,Two Year,88.43,829.67,Cash,No Internet,1,4.0,0,No
102657,Male,69.0,Gaza,13,Two Year,38.5,526.35,Credit Card,Fiber Optic,2,3.0,2,No
102658,Male,50.0,Jenin,48,One Year,33.23,1691.05,Bank Transfer,DSL,5,3.0,3,Yes
102659,Male,42.0,Tulkarm,27,One Year,114.54,2968.12,PayPal,Fiber Optic,2,5.0,1,No
102660,Male,58.0,Khan Yunis,69,Month-to-Month,91.59,6710.55,Cash,No Internet,2,4.0,1,No
102661,Male,24.0,Bethlehem,65,Month-to-Month,101.72,6461.53,PayPal,Fiber Optic,2,5.0,2,No
102662,Female,41.0,Gaza,25,One Year,69.48,1779.81,Credit Card,Fiber Optic,3,4.0,0,No
102663,Male,36.0,Gaza,36,One Year,63.75,2461.46,Credit Card,DSL,1,4.0,0,No
102664,Male,60.0,Nablus,29,Month-to-Month,105.77,2976.86,Cash,DSL,0,1.0,2,No
102665,Female,26.0,Gaza,35,Two Year,58.0,2012.2,Credit Card,No Internet,1,2.0,5,Yes
102666,Female,40.0,Nablus,58,,86.74,5423.4,Bank Transfer,DSL,1,3.0,0,No
102667,Male,36.0,Jericho,31,Month-to-Month,62.26,1806.42,PayPal,DSL,0,3.0,2,Yes
102668,Male,63.0,Ramallah,72,Month-to-Month,29.08,1963.63,Cash,DSL,2,4.0,0,No
102669,Female,44.0,Tulkarm,62,Month-to-Month,83.94,5032.78,PayPal,Fiber Optic,1,4.0,1,No
102670,Male,18.0,Jericho,21,Month-to-Month,72.87,1470.36,Credit Card,Fiber Optic,1,3.0,0,No
102671,Female,31.0,Bethlehem,5,One Year,63.03,320.2,Bank Transfer,Fiber Optic,3,2.0,1,No
102672,Male,44.0,Tulkarm,42,Month-to-Month,84.42,3590.5,PayPal,No Internet,3,5.0,0,No
102673,Female,61.0,Khan Yunis,23,Month-to-Month,59.17,1354.19,Cash,DSL,2,2.0,3,No
102674,Female,18.0,Ramallah,13,Month-to-Month,56.18,753.52,PayPal,No Internet,2,5.0,2,Yes
102675,Female,39.0,Gaza,28,Month-to-Month,68.22,2012.06,PayPal,Fiber Optic,2,5.0,0,No
102676,Female,45.0,Jericho,8,Month-to-Month,67.95,557.63,Bank Transfer,Fiber Optic,1,3.0,1,No
102677,Male,44.0,Ramallah,45,One Year,111.48,4697.71,Credit Card,Fiber Optic,1,3.0,0,No
102678,Male,65.0,Tulkarm,67,Month-to-Month,81.71,5778.59,Bank Transfer,No Internet,0,3.0,1,Yes
102679,Male,38.0,Jenin,35,Month-to-Month,74.46,2497.26,Bank Transfer,No Internet,3,5.0,0,No
102680,Female,18.0,Hebron,24,Month-to-Month,74.72,1881.89,Cash,DSL,6,3.0,0,No
102681,Male,31.0,Tulkarm,63,One Year,53.75,3216.49,Bank Transfer,Fiber Optic,0,3.0,1,No
102682,Female,29.0,Jericho,55,Month-to-Month,118.59,6867.96,Bank Transfer,No Internet,2,4.0,2,Yes
102683,Female,31.0,Tulkarm,53,Month-to-Month,64.86,3521.29,Bank Transfer,Fiber Optic,0,3.0,1,No
102684,Male,43.0,Bethlehem,9,Month-to-Month,75.87,647.49,PayPal,Fiber Optic,2,3.0,1,No
102685,Female,69.0,Nablus,59,Month-to-Month,68.64,4146.88,PayPal,Fiber Optic,2,3.0,1,No
102686,Female,27.0,Ramallah,27,Two Year,82.03,2099.51,Bank Transfer,DSL,3,3.0,0,No
102687,Male,55.0,Ramallah,72,One Year,59.31,4169.05,PayPal,Fiber Optic,2,4.0,0,No
102688,Male,41.0,Jenin,13,One Year,48.01,581.84,Cash,No Internet,0,3.0,2,No
102689,Female,43.0,Jenin,58,Month-to-Month,67.8,4018.16,PayPal,DSL,4,5.0,1,Yes
102690,Male,46.0,Hebron,28,Two Year,82.53,2403.18,Credit Card,DSL,2,3.0,0,No
102691,Male,37.0,Jenin,45,Month-to-Month,85.98,3922.34,Bank Transfer,No Internet,3,4.0,0,No
102692,Male,50.0,Bethlehem,1,Two Year,39.61,40.38,Credit Card,DSL,4,3.0,1,No
102693,Female,39.0,Hebron,19,One Year,75.45,1451.81,Cash,Fiber Optic,1,5.0,1,Yes
102694,Female,28.0,Hebron,40,Month-to-Month,100.87,4168.68,Bank Transfer,No Internet,3,3.0,1,No
102695,Female,26.0,Hebron,61,Month-to-Month,74.96,4362.13,Cash,Fiber Optic,2,2.0,0,No
102696,Female,35.0,Khan Yunis,58,Month-to-Month,51.77,3198.68,PayPal,No Internet,2,4.0,0,No
102697,Male,40.0,Jericho,39,Two Year,87.03,3484.78,Cash,Fiber Optic,3,4.0,0,No
102698,Male,43.0,Rafah,53,One Year,57.98,3220.91,Cash,Fiber Optic,2,4.0,0,No
102699,Male,52.0,Gaza,15,Month-to-Month,53.12,760.22,PayPal,Fiber Optic,3,5.0,0,No
102700,Female,21.0,Bethlehem,2,One Year,51.28,109.02,PayPal,Fiber Optic,2,5.0,0,No
102701,Female,40.0,Khan Yunis,26,Month-to-Month,74.12,2004.57,Credit Card,Fiber Optic,1,4.0,1,No
102702,Male,59.0,Gaza,59,Two Year,147.88,9289.33,Credit Card,DSL,2,3.0,1,No
102703,Male,47.0,Jericho,11,One Year,100.05,1112.02,Credit Card,Fiber Optic,0,3.0,1,No
102704,Female,37.0,Jenin,47,One Year,55.95,2513.43,Bank Transfer,No Internet,2,1.0,4,No
102705,Female,39.0,Gaza,46,Month-to-Month,80.52,3492.7,Cash,DSL,4,4.0,1,No
102706,Male,18.0,Gaza,6,Month-to-Month,48.37,312.21,Credit Card,DSL,1,5.0,1,No
102707,Female,18.0,Nablus,58,One Year,56.94,3376.4,Bank Transfer,Fiber Optic,0,4.0,3,No
102708,Female,32.0,Gaza,32,Month-to-Month,27.53,827.59,Cash,DSL,2,3.0,0,No
102709,Male,44.0,Hebron,21,Month-to-Month,66.04,1276.24,Cash,Fiber Optic,2,3.0,3,No
102710,Female,46.0,Tulkarm,54,Month-to-Month,83.92,4412.22,Credit Card,Fiber Optic,4,4.0,0,No
102711,Female,63.0,Ramallah,25,Month-to-Month,96.68,2253.78,PayPal,No Internet,0,4.0,1,Yes
102712,Male,37.0,Bethlehem,72,Month-to-Month,58.8,4301.48,Cash,DSL,4,4.0,3,No
102713,Male,30.0,Khan Yunis,15,Two Year,80.39,1141.23,Credit Card,Fiber Optic,2,4.0,1,No
102714,Male,30.0,Gaza,71,One Year,70.48,4824.52,Cash,Fiber Optic,2,4.0,2,No
102715,Female,63.0,Tulkarm,48,One Year,91.12,4101.02,Credit Card,Fiber Optic,6,4.0,0,No
102716,Male,41.0,Bethlehem,23,Month-to-Month,85.45,1953.27,Cash,Fiber Optic,0,3.0,0,No
102717,Female,52.0,Bethlehem,16,Two Year,44.69,685.37,Bank Transfer,Fiber Optic,2,3.0,1,No
102718,Male,37.0,Tulkarm,46,One Year,87.56,3925.76,Credit Card,DSL,2,4.0,1,No
102719,Male,56.0,Jericho,7,One Year,141.53,,Cash,No Internet,2,3.0,3,No
102720,Male,31.0,Nablus,54,Two Year,77.89,4245.78,Cash,DSL,3,4.0,0,No
102721,Female,55.0,Hebron,15,Two Year,126.05,1763.13,Bank Transfer,DSL,3,4.0,3,Yes
102722,Male,40.0,Tulkarm,37,Month-to-Month,57.56,2110.77,Credit Card,Fiber Optic,0,2.0,1,No
102723,Male,43.0,Gaza,10,Month-to-Month,69.15,703.42,Credit Card,No Internet,0,3.0,2,No
102724,Male,42.0,Jericho,3,Month-to-Month,73.21,226.2,Credit Card,No Internet,1,4.0,0,No
102725,Male,21.0,Jenin,1,Month-to-Month,45.01,44.64,Bank Transfer,No Internet,0,5.0,2,No
102726,Female,24.0,Jenin,63,Month-to-Month,87.53,5288.56,Cash,DSL,1,3.0,0,Yes
102727,Female,,Jericho,19,One Year,74.82,1442.35,PayPal,No Internet,1,3.0,1,No
102728,Female,37.0,Nablus,58,Month-to-Month,81.48,4379.89,Bank Transfer,Fiber Optic,2,4.0,1,No
102729,Female,39.0,Jericho,2,One Year,45.6,88.18,Cash,Fiber Optic,1,3.0,0,No
102730,Male,48.0,Khan Yunis,46,Month-to-Month,84.27,3909.99,Bank Transfer,No Internet,1,5.0,0,Yes
102731,Male,34.0,Ramallah,28,One Year,40.91,1175.02,Cash,Fiber Optic,2,3.0,3,No
102732,Male,37.0,Jenin,32,Month-to-Month,74.98,2415.76,Cash,DSL,1,3.0,1,No
102733,Male,44.0,Tulkarm,5,Month-to-Month,52.91,263.05,Credit Card,No Internet,2,3.0,0,No
102734,Male,48.0,Rafah,17,Month-to-Month,71.93,1266.7,PayPal,Fiber Optic,2,4.0,1,No
102735,Male,44.0,Jenin,48,One Year,101.53,4756.61,Cash,No Internet,3,4.0,0,No
102736,Female,23.0,Hebron,72,One Year,86.97,6473.36,Cash,No Internet,3,4.0,0,No
102737,Female,30.0,Gaza,21,Two Year,90.14,1767.32,Bank Transfer,DSL,1,3.0,0,No
102738,Male,44.0,Jericho,49,Two Year,98.48,4936.1,PayPal,DSL,4,3.0,1,No
102739,Male,49.0,Tulkarm,11,Month-to-Month,56.04,571.93,Bank Transfer,No Internet,1,3.0,1,No
102740,Female,55.0,Nablus,60,One Year,71.67,4179.02,PayPal,No Internet,3,3.0,0,No
102741,Male,38.0,Hebron,54,Month-to-Month,83.51,4173.3,Credit Card,No Internet,3,2.0,0,No
102742,Male,32.0,Hebron,46,Month-to-Month,92.73,4362.0,Bank Transfer,No Internet,0,5.0,2,No
102743,Male,34.0,Jenin,30,Month-to-Month,90.18,2533.01,Cash,DSL,1,3.0,0,No
102744,Female,43.0,Khan Yunis,24,Month-to-Month,23.74,586.98,Bank Transfer,No Internet,1,2.0,0,Yes
102745,Male,43.0,Rafah,17,Two Year,65.17,1150.96,Cash,Fiber Optic,2,2.0,0,No
102746,Female,18.0,Jericho,9,Month-to-Month,63.33,556.4,PayPal,DSL,1,3.0,1,No
102747,Female,28.0,Khan Yunis,38,Month-to-Month,75.28,2800.23,Cash,Fiber Optic,0,1.0,0,Yes
102748,Female,30.0,Gaza,21,Month-to-Month,130.73,2746.7,Credit Card,Fiber Optic,1,3.0,0,No
102749,Female,33.0,Nablus,67,Month-to-Month,86.39,,Bank Transfer,No Internet,1,3.0,2,Yes
102750,Female,20.0,Gaza,66,One Year,111.21,7772.89,PayPal,DSL,0,4.0,0,No
102751,Male,26.0,Jericho,25,One Year,72.3,1801.92,PayPal,No Internet,4,4.0,1,No
102752,Female,57.0,Hebron,54,Month-to-Month,20.0,995.81,Bank Transfer,DSL,2,4.0,1,No
102753,Female,33.0,Jericho,55,Month-to-Month,104.82,5877.4,Bank Transfer,DSL,2,4.0,0,No
102754,Female,39.0,Ramallah,16,Month-to-Month,71.24,1114.52,PayPal,DSL,0,2.0,1,No
102755,Female,29.0,Gaza,50,One Year,25.93,1205.04,Credit Card,No Internet,3,4.0,1,No
102756,Female,50.0,Tulkarm,40,Two Year,75.05,2885.68,Credit Card,Fiber Optic,1,4.0,0,No
102757,Male,18.0,Jenin,55,One Year,34.32,1844.62,Credit Card,DSL,2,5.0,1,No
102758,Female,19.0,Nablus,36,Two Year,55.22,2066.21,Cash,Fiber Optic,2,3.0,4,No
102759,Male,53.0,Bethlehem,47,Month-to-Month,116.87,5882.81,Bank Transfer,No Internet,2,5.0,1,No
102760,Female,55.0,Nablus,12,Two Year,95.19,1122.01,PayPal,No Internet,2,4.0,0,No
102761,Male,35.0,Ramallah,32,Two Year,98.96,3369.28,Credit Card,Fiber Optic,1,4.0,0,No
102762,Male,67.0,Hebron,25,One Year,111.63,2611.71,PayPal,Fiber Optic,3,4.0,0,Yes
102763,Female,31.0,Ramallah,40,Two Year,92.48,3939.42,PayPal,DSL,3,4.0,0,No
102764,Female,38.0,Nablus,16,One Year,75.75,1259.28,Cash,Fiber Optic,1,3.0,0,No
102765,Female,36.0,Jenin,34,Month-to-Month,58.81,2092.67,Bank Transfer,No Internet,2,2.0,0,No
102766,Female,,Gaza,37,Month-to-Month,52.31,1815.69,Cash,DSL,2,4.0,1,No
102767,Male,46.0,Tulkarm,63,Month-to-Month,50.19,3376.66,Bank Transfer,DSL,2,2.0,1,Yes
102768,Male,38.0,Jenin,44,Two Year,68.28,2938.26,Credit Card,DSL,1,4.0,2,No
102769,Male,48.0,Rafah,9,Month-to-Month,49.93,422.18,PayPal,No Internet,1,5.0,1,Yes
102770,Male,32.0,Gaza,70,Month-to-Month,92.6,6812.47,Cash,No Internet,0,3.0,1,No
102771,Male,18.0,Nablus,27,Month-to-Month,51.66,1296.63,Cash,DSL,2,4.0,2,No
102772,Male,45.0,Jericho,33,Month-to-Month,84.16,2705.85,Bank Transfer,No Internet,4,2.0,0,No
102773,Female,30.0,Hebron,10,Two Year,98.2,969.28,PayPal,Fiber Optic,2,4.0,0,No
102774,Male,54.0,Khan Yunis,36,Two Year,48.96,1827.96,Cash,No Internet,4,4.0,2,No
102775,Male,44.0,Bethlehem,37,One Year,77.15,2696.66,Cash,No Internet,1,5.0,1,No
102776,Male,31.0,Rafah,70,One Year,113.11,8370.86,PayPal,DSL,6,3.0,1,No
102777,Female,56.0,Rafah,19,One Year,61.31,1214.96,Credit Card,DSL,1,4.0,2,No
102778,Female,49.0,Khan Yunis,40,Two Year,88.56,3332.1,Cash,Fiber Optic,1,3.0,1,No
102779,Male,48.0,Nablus,19,Month-to-Month,72.8,1353.32,Cash,Fiber Optic,7,4.0,0,Yes
102780,Male,38.0,Nablus,18,Month-to-Month,77.15,1492.35,PayPal,No Internet,1,3.0,0,No
102781,Female,18.0,Khan Yunis,15,Two Year,106.1,1623.65,PayPal,Fiber Optic,1,5.0,0,No
102782,Male,18.0,Nablus,26,One Year,93.48,,Cash,Fiber Optic,1,3.0,0,No
102783,Female,36.0,Rafah,58,Two Year,,6732.17,Credit Card,No Internet,3,2.0,2,No
102784,Female,43.0,Hebron,72,One Year,32.55,2456.14,PayPal,No Internet,3,2.0,1,No
102785,Male,18.0,Ramallah,56,One Year,66.23,3843.77,Cash,Fiber Optic,3,5.0,1,No
102786,Male,33.0,Khan Yunis,42,Two Year,71.01,3195.31,PayPal,No Internet,2,3.0,0,No
102787,Female,18.0,Ramallah,44,One Year,72.3,2994.44,Bank Transfer,No Internet,2,3.0,1,No
102788,Male,45.0,Nablus,51,Month-to-Month,62.05,3047.03,Bank Transfer,DSL,3,4.0,3,No
102789,Female,32.0,Gaza,69,Month-to-Month,37.28,2483.74,PayPal,Fiber Optic,1,4.0,1,No
102790,Female,53.0,Rafah,44,Month-to-Month,87.79,3660.41,PayPal,DSL,2,2.0,0,Yes
102791,Male,54.0,Gaza,54,Month-to-Month,89.98,4866.55,PayPal,DSL,3,3.0,2,No
102792,Male,44.0,Rafah,20,Month-to-Month,58.27,1103.6,PayPal,No Internet,4,4.0,0,Yes
102793,Male,71.0,Jericho,35,One Year,88.25,3238.75,PayPal,No Internet,0,5.0,0,No
102794,Male,49.0,Bethlehem,63,Month-to-Month,52.34,3144.21,Cash,DSL,3,3.0,1,No
102795,Female,47.0,Khan Yunis,8,Two Year,126.27,1061.53,Credit Card,DSL,5,3.0,0,Yes
102796,Male,57.0,Bethlehem,44,One Year,86.43,3761.3,Credit Card,No Internet,4,4.0,0,No
102797,Female,40.0,Tulkarm,63,Month-to-Month,99.93,6168.72,PayPal,No Internet,1,4.0,0,Yes
102798,Male,70.0,Gaza,21,One Year,73.95,1438.63,Credit Card,Fiber Optic,3,1.0,2,No
102799,Female,36.0,Bethlehem,9,Month-to-Month,101.82,974.83,Bank Transfer,DSL,3,4.0,1,No
102800,Female,39.0,Jericho,11,Month-to-Month,75.79,879.16,PayPal,Fiber Optic,4,4.0,0,No
102801,Female,33.0,Ramallah,40,Month-to-Month,55.64,2134.09,Cash,No Internet,1,3.0,0,No
102802,Female,37.0,Tulkarm,34,Two Year,80.01,2623.59,Cash,Fiber Optic,1,4.0,2,No
102803,Male,18.0,Bethlehem,46,One Year,32.3,1418.64,PayPal,Fiber Optic,2,3.0,1,No
102804,Female,48.0,Ramallah,43,Month-to-Month,64.67,2583.85,Bank Transfer,No Internet,3,3.0,0,No
102805,Female,18.0,Tulkarm,38,Two Year,50.73,2055.63,Cash,No Internet,3,3.0,1,No
102806,Male,22.0,Hebron,65,Month-to-Month,21.42,1450.27,Bank Transfer,No Internet,1,3.0,1,No
102807,Male,40.0,Hebron,60,One Year,59.65,3844.06,Credit Card,No Internet,2,3.0,3,No
102808,Male,,Rafah,59,One Year,87.72,5146.85,Bank Transfer,DSL,1,3.0,2,No
102809,Male,50.0,Jericho,21,Two Year,80.18,1723.91,Bank Transfer,DSL,1,3.0,2,No
102810,Female,29.0,Hebron,3,One Year,96.01,285.45,Credit Card,Fiber Optic,0,4.0,1,No
102811,Male,24.0,Nablus,56,Month-to-Month,88.31,,PayPal,No Internet,2,2.0,1,No
102812,Female,41.0,Jericho,46,Month-to-Month,30.81,1517.3,Cash,DSL,3,3.0,0,Yes
102813,Female,49.0,Hebron,29,One Year,128.92,3908.46,PayPal,DSL,2,4.0,1,No
102814,Male,23.0,Bethlehem,33,Month-to-Month,93.86,3008.93,Bank Transfer,Fiber Optic,3,3.0,0,No
102815,Female,38.0,Jericho,67,Month-to-Month,90.17,6166.14,Cash,DSL,1,4.0,1,No
102816,Male,39.0,Hebron,45,Month-to-Month,69.95,2933.51,PayPal,DSL,2,3.0,2,No
102817,Female,56.0,Ramallah,18,Two Year,44.14,810.9,Credit Card,DSL,0,2.0,1,Yes
102818,Male,31.0,Bethlehem,43,Two Year,41.74,1745.1,Cash,DSL,3,3.0,4,No
102819,Male,47.0,Jericho,60,Month-to-Month,73.61,4478.68,PayPal,No Internet,2,3.0,1,No
102820,Male,50.0,Rafah,59,Month-to-Month,88.58,5593.46,Credit Card,DSL,4,3.0,0,No
102821,Female,19.0,Tulkarm,38,Month-to-Month,43.37,1572.65,Cash,Fiber Optic,3,4.0,1,No
102822,Female,29.0,Tulkarm,54,Two Year,102.22,5230.82,Credit Card,DSL,1,2.0,1,No
102823,Female,33.0,Rafah,58,Two Year,84.13,4981.59,PayPal,DSL,4,4.0,3,No
102824,Female,,Bethlehem,49,Month-to-Month,88.88,4397.65,Bank Transfer,No Internet,0,5.0,2,No
102825,Female,43.0,Jericho,30,Two Year,65.78,1902.39,PayPal,DSL,1,4.0,0,No
102826,Female,41.0,Ramallah,52,One Year,76.39,4165.58,Cash,DSL,3,2.0,1,No
102827,Male,26.0,Tulkarm,34,Two Year,73.44,2359.35,Bank Transfer,Fiber Optic,8,5.0,2,No
102828,Male,38.0,Gaza,8,Month-to-Month,49.54,413.58,Cash,DSL,3,5.0,1,No
102829,Male,53.0,Nablus,58,Month-to-Month,62.2,3806.81,Cash,Fiber Optic,1,2.0,1,No
102830,Male,37.0,Bethlehem,48,One Year,96.95,4484.29,Bank Transfer,Fiber Optic,3,4.0,0,No
102831,Female,35.0,Gaza,58,Month-to-Month,77.85,4474.45,Cash,No Internet,1,3.0,0,No
102832,Male,31.0,Nablus,7,One Year,72.25,484.75,Bank Transfer,DSL,6,3.0,1,No
102833,Female,18.0,Tulkarm,10,Month-to-Month,58.02,572.28,PayPal,Fiber Optic,2,3.0,0,No
102834,Male,50.0,Tulkarm,63,Month-to-Month,36.21,2304.08,PayPal,No Internet,2,4.0,0,No
102835,Female,22.0,Tulkarm,62,One Year,62.04,4001.31,Cash,No Internet,1,2.0,1,No
102836,Male,32.0,Bethlehem,45,Month-to-Month,20.0,939.34,Bank Transfer,Fiber Optic,1,4.0,3,No
102837,Male,42.0,Ramallah,47,Two Year,63.35,2767.75,Credit Card,No Internet,0,4.0,1,No
102838,Male,22.0,Hebron,35,Month-to-Month,73.8,2477.97,Cash,No Internet,2,3.0,1,No
102839,Male,32.0,Gaza,10,Month-to-Month,112.4,1186.93,PayPal,No Internet,0,4.0,1,No
102840,Male,48.0,Tulkarm,67,Month-to-Month,84.98,5311.93,Bank Transfer,DSL,1,2.0,0,Yes
102841,Female,38.0,Bethlehem,52,Month-to-Month,44.68,2493.35,Credit Card,No Internet,0,4.0,0,No
102842,Male,50.0,Rafah,33,Month-to-Month,65.83,2020.38,Cash,Fiber Optic,4,2.0,1,No
102843,Female,43.0,Jenin,26,Two Year,82.57,2128.35,Bank Transfer,No Internet,2,4.0,1,No
102844,Female,28.0,Ramallah,54,One Year,122.76,6589.25,Credit Card,DSL,3,3.0,1,No
102845,Female,24.0,Tulkarm,32,Month-to-Month,82.3,2436.28,Cash,No Internet,2,3.0,0,Yes
102846,Male,18.0,Rafah,57,Month-to-Month,97.47,5348.25,Credit Card,No Internet,1,4.0,0,Yes
102847,Male,31.0,Hebron,38,Month-to-Month,46.22,1677.76,PayPal,No Internet,5,3.0,2,Yes
102848,Male,52.0,Gaza,7,One Year,58.37,394.22,Bank Transfer,Fiber Optic,1,4.0,1,No
102849,Male,38.0,Tulkarm,33,Month-to-Month,85.69,2791.62,Cash,Fiber Optic,3,3.0,1,No
102850,Male,47.0,Jenin,72,One Year,103.38,7148.0,Cash,No Internet,3,2.0,0,No
102851,Male,24.0,Bethlehem,7,One Year,86.89,637.0,Bank Transfer,No Internet,0,4.0,2,No
102852,Male,19.0,Bethlehem,11,Two Year,79.64,898.3,Bank Transfer,DSL,3,2.0,1,No
102853,Female,48.0,Rafah,46,Month-to-Month,133.19,5964.4,Cash,Fiber Optic,2,4.0,0,No
102854,Male,35.0,Jericho,41,One Year,74.67,3188.78,Bank Transfer,DSL,0,4.0,1,No
102855,Female,51.0,Jericho,45,Two Year,84.71,3988.52,Credit Card,Fiber Optic,3,4.0,1,No
102856,Female,25.0,Gaza,45,Two Year,70.11,3353.82,Cash,No Internet,2,3.0,0,No
102857,Male,35.0,Bethlehem,18,Month-to-Month,90.71,1645.09,Cash,No Internet,4,4.0,1,Yes
102858,Female,44.0,Nablus,18,Two Year,86.2,1443.97,Cash,DSL,0,5.0,1,No
102859,Male,18.0,Jericho,49,One Year,51.78,2594.93,Cash,Fiber Optic,2,3.0,0,No
102860,Male,46.0,Ramallah,49,Month-to-Month,89.96,4402.54,Bank Transfer,DSL,3,5.0,4,No
102861,Male,23.0,Khan Yunis,21,One Year,91.92,1968.51,Cash,Fiber Optic,0,3.0,0,No
102862,Female,24.0,Jericho,28,Month-to-Month,58.52,1524.4,PayPal,No Internet,4,2.0,1,Yes
102863,Female,41.0,Bethlehem,32,Month-to-Month,81.98,2624.28,Cash,No Internet,3,1.0,0,No
102864,Female,50.0,Khan Yunis,39,One Year,95.95,3859.3,Bank Transfer,Fiber Optic,1,2.0,2,No
102865,Male,40.0,Gaza,54,Month-to-Month,75.04,4279.17,Cash,Fiber Optic,1,4.0,1,No
102866,Female,37.0,Nablus,41,Month-to-Month,107.06,4348.77,Bank Transfer,Fiber Optic,1,3.0,1,No
102867,Male,32.0,Hebron,70,Month-to-Month,37.2,2427.49,Credit Card,Fiber Optic,2,2.0,2,No
102868,Male,51.0,Jericho,54,One Year,37.86,2070.98,Bank Transfer,No Internet,0,2.0,0,No
102869,Female,30.0,Jenin,67,Month-to-Month,39.73,2828.22,Cash,Fiber Optic,2,5.0,0,No
102870,Male,53.0,Jericho,50,One Year,60.59,3019.67,PayPal,DSL,0,4.0,2,No
102871,Female,36.0,Nablus,24,Month-to-Month,74.62,1837.74,Credit Card,Fiber Optic,1,3.0,3,No
102872,Male,59.0,Nablus,41,Month-to-Month,50.41,2160.34,Cash,Fiber Optic,2,5.0,3,No
102873,Female,38.0,Tulkarm,63,Month-to-Month,64.08,4096.84,PayPal,No Internet,0,4.0,2,No
102874,Male,18.0,Nablus,43,Month-to-Month,88.8,4087.46,Credit Card,DSL,5,3.0,2,Yes
102875,Male,60.0,Gaza,9,Month-to-Month,115.87,1003.74,Credit Card,No Internet,3,3.0,0,Yes
102876,Female,45.0,Khan Yunis,4,One Year,87.22,372.96,PayPal,Fiber Optic,2,5.0,2,No
102877,Male,37.0,Gaza,33,Month-to-Month,54.17,1708.75,Bank Transfer,No Internet,0,5.0,1,No
102878,Male,54.0,Khan Yunis,63,Month-to-Month,112.44,7545.41,Credit Card,No Internet,4,2.0,2,No
102879,Female,45.0,Khan Yunis,63,Month-to-Month,120.14,8051.53,Credit Card,Fiber Optic,1,3.0,1,No
102880,Male,35.0,Nablus,17,One Year,63.09,1120.1,Bank Transfer,Fiber Optic,0,5.0,0,No
102881,Male,43.0,Bethlehem,56,One Year,53.05,3005.49,Credit Card,No Internet,0,3.0,0,No
102882,Male,18.0,Jericho,11,One Year,55.46,653.81,Bank Transfer,DSL,1,3.0,0,No
102883,Male,43.0,Bethlehem,47,Month-to-Month,89.84,4050.08,Bank Transfer,No Internet,1,4.0,0,No
102884,Male,48.0,Hebron,18,Month-to-Month,31.01,583.63,Bank Transfer,Fiber Optic,1,1.0,2,No
102885,Male,25.0,Nablus,59,One Year,86.24,4982.8,Cash,DSL,6,3.0,4,No
102886,Female,53.0,Bethlehem,10,Month-to-Month,78.23,727.18,Bank Transfer,No Internet,3,4.0,1,No
102887,Male,38.0,Hebron,64,Month-to-Month,59.22,3804.81,Credit Card,DSL,5,4.0,0,No
102888,Male,62.0,Gaza,66,Two Year,95.19,5859.26,Cash,DSL,1,2.0,0,No
102889,Female,42.0,Jericho,48,Two Year,55.29,2672.52,Cash,DSL,2,2.0,1,No
102890,Male,28.0,Ramallah,41,Month-to-Month,94.75,3864.06,Credit Card,DSL,0,3.0,1,No
102891,Female,34.0,Tulkarm,68,One Year,132.73,8879.18,Credit Card,DSL,1,4.0,0,No
102892,Female,46.0,Khan Yunis,72,Month-to-Month,79.83,5740.14,Credit Card,DSL,1,3.0,2,No
102893,Male,29.0,Gaza,48,Month-to-Month,98.53,4843.29,Cash,No Internet,2,4.0,1,No
102894,Male,24.0,Gaza,29,One Year,102.42,2817.26,Credit Card,Fiber Optic,1,4.0,1,No
102895,Female,35.0,Rafah,60,One Year,76.87,4822.76,PayPal,DSL,2,4.0,0,No
102896,Male,37.0,Bethlehem,67,Month-to-Month,90.35,5900.49,PayPal,No Internet,0,4.0,0,No
102897,Female,38.0,Jenin,2,One Year,99.01,212.51,PayPal,Fiber Optic,1,3.0,1,No
102898,Male,41.0,Ramallah,30,Two Year,105.93,3083.49,Bank Transfer,DSL,1,4.0,0,No
102899,Male,21.0,Nablus,35,Month-to-Month,36.65,1346.47,Credit Card,Fiber Optic,6,3.0,1,Yes
102900,Female,33.0,Khan Yunis,28,Month-to-Month,92.24,2418.82,Cash,Fiber Optic,1,4.0,1,No
102901,Male,30.0,Rafah,1,Month-to-Month,91.79,91.82,Cash,DSL,1,4.0,1,No
102902,Male,36.0,Bethlehem,8,Month-to-Month,36.05,279.92,PayPal,Fiber Optic,1,4.0,1,No
102903,Male,25.0,Bethlehem,66,Month-to-Month,80.37,5311.73,Credit Card,DSL,3,2.0,0,Yes
102904,Female,44.0,Rafah,7,Month-to-Month,68.84,510.15,Credit Card,Fiber Optic,3,5.0,0,No
102905,Female,40.0,Nablus,70,Month-to-Month,68.55,5012.46,Credit Card,DSL,4,3.0,0,No
102906,Female,30.0,Rafah,41,Month-to-Month,115.01,4769.04,Bank Transfer,Fiber Optic,1,2.0,0,No
102907,Male,37.0,Gaza,20,One Year,62.59,1262.13,Credit Card,No Internet,1,4.0,2,No
102908,Female,40.0,Rafah,68,Month-to-Month,67.41,4335.82,PayPal,No Internet,1,3.0,1,No
102909,Male,26.0,Hebron,31,Month-to-Month,120.7,3643.1,Credit Card,No Internet,3,3.0,0,No
102910,Male,37.0,Jericho,29,Month-to-Month,74.93,2150.37,PayPal,Fiber Optic,1,3.0,0,No
102911,Female,26.0,Jenin,42,Two Year,86.08,3701.13,PayPal,DSL,2,2.0,2,No
102912,Female,41.0,Jericho,25,Month-to-Month,90.38,2207.28,Credit Card,No Internet,5,3.0,0,Yes
102913,Female,47.0,Gaza,4,Month-to-Month,96.67,403.32,Credit Card,Fiber Optic,1,4.0,1,Yes
102914,Female,42.0,Nablus,48,Two Year,85.16,4351.73,Bank Transfer,DSL,3,2.0,0,No
102915,Male,18.0,Nablus,10,One Year,95.26,1012.33,Credit Card,DSL,1,3.0,1,Yes
102916,Male,32.0,Jenin,20,One Year,71.42,1428.02,Credit Card,Fiber Optic,1,2.0,0,No
102917,Male,24.0,Khan Yunis,29,One Year,56.77,1739.92,Credit Card,No Internet,1,2.0,1,No
102918,Female,37.0,Jericho,11,One Year,64.72,692.65,Credit Card,DSL,1,4.0,0,No
102919,Male,18.0,Bethlehem,17,Month-to-Month,70.3,1251.08,Cash,Fiber Optic,2,4.0,1,No
102920,Male,57.0,,61,Month-to-Month,100.22,6134.2,Bank Transfer,No Internet,4,3.0,0,No
102921,Female,48.0,Jericho,23,Two Year,86.6,2049.24,PayPal,No Internet,1,3.0,1,No
102922,Female,42.0,Jericho,43,Month-to-Month,36.77,1626.93,PayPal,No Internet,1,2.0,1,Yes
102923,Female,60.0,Nablus,21,Month-to-Month,41.82,884.08,PayPal,DSL,1,2.0,1,No
102924,Female,50.0,Jenin,42,Two Year,74.02,3113.38,Credit Card,DSL,4,4.0,2,No
102925,Male,24.0,Ramallah,55,Month-to-Month,65.36,3768.7,Bank Transfer,DSL,3,4.0,0,No
102926,Female,50.0,Jericho,26,Month-to-Month,73.71,2010.05,Credit Card,No Internet,5,3.0,3,No
102927,Female,52.0,Ramallah,23,Month-to-Month,82.72,2013.52,PayPal,No Internet,2,4.0,2,Yes
102928,Male,39.0,Khan Yunis,70,Month-to-Month,74.14,5417.62,PayPal,No Internet,3,2.0,1,No
102929,Female,25.0,Gaza,28,Two Year,106.6,3160.8,Cash,No Internet,1,4.0,1,No
102930,Female,42.0,Nablus,1,One Year,80.97,86.54,Credit Card,Fiber Optic,2,3.0,0,Yes
102931,Female,47.0,Ramallah,39,Month-to-Month,91.96,3514.8,Credit Card,Fiber Optic,3,2.0,0,No
102932,Female,61.0,Khan Yunis,10,Two Year,76.47,797.46,Credit Card,Fiber Optic,3,2.0,0,No
102933,Female,18.0,Jenin,26,Two Year,65.78,1832.67,Cash,Fiber Optic,2,4.0,1,No
102934,Female,24.0,Khan Yunis,20,One Year,92.0,1833.92,Cash,No Internet,0,4.0,1,No
102935,Female,50.0,Rafah,57,Two Year,83.95,4720.87,Credit Card,No Internet,4,4.0,0,No
102936,Female,40.0,Khan Yunis,33,Month-to-Month,41.28,1418.33,Credit Card,DSL,0,4.0,3,No
102937,Male,18.0,Ramallah,14,Month-to-Month,50.62,692.11,Cash,DSL,2,3.0,1,No
102938,Female,44.0,Nablus,44,One Year,70.47,2913.84,Credit Card,Fiber Optic,1,3.0,2,No
102939,Female,44.0,Ramallah,56,Month-to-Month,105.81,6076.41,PayPal,No Internet,0,2.0,1,No
102940,Female,28.0,Jericho,4,Two Year,88.48,379.59,PayPal,No Internet,1,3.0,1,No
102941,Female,59.0,Hebron,61,One Year,69.95,4380.14,Credit Card,DSL,1,4.0,0,No
102942,Female,53.0,Nablus,50,Two Year,104.64,5007.68,Bank Transfer,DSL,1,1.0,0,No
102943,Male,41.0,Ramallah,12,Month-to-Month,81.39,1016.69,PayPal,DSL,3,1.0,3,No
102944,Male,46.0,Bethlehem,29,One Year,42.38,1135.95,PayPal,DSL,2,3.0,2,No
102945,Female,32.0,Ramallah,70,Month-to-Month,92.86,6232.76,Bank Transfer,No Internet,3,5.0,2,No
102946,Female,31.0,Jenin,8,Month-to-Month,107.75,851.06,PayPal,DSL,3,3.0,3,No
102947,Female,37.0,Gaza,68,One Year,72.86,4885.22,Bank Transfer,DSL,1,1.0,2,No
102948,Female,36.0,Gaza,26,Month-to-Month,100.11,2474.0,Cash,No Internet,1,4.0,2,Yes
102949,Male,32.0,Bethlehem,3,Month-to-Month,96.36,267.14,Cash,No Internet,2,5.0,0,No
102950,Male,27.0,Gaza,33,Month-to-Month,89.43,2893.49,Cash,DSL,2,2.0,3,No
102951,Male,33.0,Jericho,59,One Year,66.81,3673.42,Credit Card,DSL,2,3.0,0,No
102952,Female,52.0,Ramallah,57,Month-to-Month,75.46,4030.06,PayPal,No Internet,4,3.0,1,No
102953,Male,52.0,Nablus,23,One Year,91.76,2234.23,Bank Transfer,Fiber Optic,2,4.0,0,No
102954,Male,43.0,Bethlehem,11,Month-to-Month,75.43,874.37,Cash,Fiber Optic,2,3.0,0,No
102955,Male,46.0,Rafah,62,One Year,65.13,4279.79,PayPal,Fiber Optic,3,5.0,1,No
102956,Male,31.0,Jenin,45,Month-to-Month,69.78,3139.36,Bank Transfer,No Internet,1,4.0,0,No
102957,Male,39.0,Ramallah,62,Month-to-Month,83.71,4805.05,Bank Transfer,DSL,1,3.0,1,No
102958,Female,19.0,,53,One Year,74.48,3914.32,Credit Card,DSL,1,3.0,3,No
102959,Male,20.0,Jenin,50,Month-to-Month,73.03,3531.94,Bank Transfer,Fiber Optic,1,4.0,2,Yes
102960,Male,62.0,Rafah,5,One Year,82.41,406.94,PayPal,No Internet,3,3.0,0,No
102961,Female,37.0,Jericho,47,Month-to-Month,25.03,1211.49,Credit Card,No Internet,4,3.0,0,No
102962,Male,34.0,Tulkarm,56,One Year,35.7,2002.7,PayPal,No Internet,4,4.0,1,No
102963,Female,21.0,Jenin,71,Month-to-Month,80.85,5486.48,PayPal,No Internet,1,3.0,1,No
102964,Male,37.0,Bethlehem,52,Two Year,85.14,4339.54,Cash,DSL,2,4.0,1,No
102965,Female,72.0,Jericho,23,One Year,61.1,1433.11,Cash,No Internet,2,2.0,0,No
102966,Female,52.0,Jenin,43,Two Year,110.46,4903.08,PayPal,No Internet,3,4.0,0,No
102967,Male,42.0,Bethlehem,52,Month-to-Month,110.41,5846.72,Bank Transfer,No Internet,1,4.0,1,No
102968,Male,18.0,Nablus,11,Month-to-Month,89.71,991.66,Credit Card,No Internet,3,2.0,0,No
102969,Male,59.0,Gaza,21,Month-to-Month,66.38,1461.28,PayPal,DSL,1,2.0,0,No
102970,Male,48.0,Bethlehem,64,Month-to-Month,43.79,2624.89,Credit Card,Fiber Optic,1,3.0,1,No
102971,Male,36.0,Hebron,60,Month-to-Month,73.6,4478.07,PayPal,Fiber Optic,4,4.0,2,No
102972,Male,43.0,Nablus,51,Month-to-Month,97.19,4800.63,Bank Transfer,DSL,4,5.0,0,No
102973,Female,45.0,Gaza,70,Month-to-Month,88.83,5781.27,Credit Card,Fiber Optic,1,5.0,1,Yes
102974,Female,31.0,Ramallah,8,One Year,72.99,623.09,Bank Transfer,No Internet,1,,1,No
102975,Male,,Jenin,68,Two Year,110.39,7866.05,PayPal,DSL,3,4.0,0,No
102976,Female,40.0,Tulkarm,54,One Year,24.51,1220.46,PayPal,DSL,2,4.0,0,No
102977,Female,35.0,Ramallah,10,Month-to-Month,65.31,616.34,Credit Card,DSL,3,3.0,2,No
102978,Female,53.0,Rafah,28,Month-to-Month,84.34,2319.82,Bank Transfer,No Internet,1,4.0,1,No
102979,Female,43.0,Bethlehem,64,Two Year,79.27,5456.6,Cash,Fiber Optic,1,3.0,1,No
102980,Male,37.0,Tulkarm,15,One Year,84.93,1373.16,Cash,Fiber Optic,5,2.0,1,No
102981,Female,35.0,Tulkarm,8,Two Year,35.9,304.85,Cash,No Internet,1,3.0,1,No
102982,Female,37.0,Gaza,43,Month-to-Month,72.48,3265.36,Credit Card,DSL,2,2.0,0,No
102983,Female,27.0,Hebron,33,One Year,56.63,1753.47,Credit Card,Fiber Optic,2,4.0,0,No
102984,Male,50.0,Ramallah,62,One Year,61.07,3952.07,Credit Card,Fiber Optic,1,4.0,1,No
102985,Female,33.0,Tulkarm,30,Month-to-Month,87.16,2485.25,PayPal,No Internet,4,3.0,1,No
102986,Male,49.0,Bethlehem,42,One Year,74.21,3222.7,Credit Card,DSL,2,2.0,0,No
102987,Female,30.0,Nablus,32,Month-to-Month,105.14,3475.32,Credit Card,DSL,0,3.0,0,Yes
102988,Female,18.0,Khan Yunis,68,Two Year,51.37,3585.95,PayPal,Fiber Optic,2,2.0,0,No
102989,Male,33.0,Nablus,6,Month-to-Month,100.53,646.29,,No Internet,2,4.0,0,No
102990,Female,30.0,Khan Yunis,17,Month-to-Month,82.04,1451.81,Cash,Fiber Optic,5,4.0,1,No
102991,Female,34.0,Rafah,68,Two Year,79.65,5265.26,Credit Card,DSL,5,1.0,0,No
102992,Female,18.0,Jenin,68,Month-to-Month,60.11,4138.7,Cash,No Internet,2,3.0,1,No
102993,Male,47.0,Ramallah,41,One Year,96.0,3786.77,Credit Card,Fiber Optic,3,5.0,2,No
102994,Female,25.0,Bethlehem,23,One Year,78.01,1837.88,Cash,DSL,4,3.0,1,No
102995,Female,28.0,Khan Yunis,71,Month-to-Month,57.89,4122.71,Credit Card,DSL,0,2.0,1,No
102996,Male,24.0,Bethlehem,69,One Year,74.61,4818.52,Bank Transfer,No Internet,4,3.0,2,No
102997,Male,48.0,Khan Yunis,13,Month-to-Month,45.11,614.8,Bank Transfer,DSL,2,2.0,0,Yes
102998,Female,56.0,Gaza,69,Month-to-Month,73.08,4716.6,Credit Card,No Internet,1,3.0,2,No
102999,Female,32.0,Jenin,44,Two Year,72.97,2956.88,PayPal,DSL,2,3.0,0,No
103000,Male,28.0,Nablus,58,One Year,61.89,3657.55,Cash,Fiber Optic,4,4.0,2,No
103001,Female,21.0,Jenin,25,Month-to-Month,59.05,1376.09,PayPal,No Internet,2,4.0,2,No
103002,Male,32.0,Rafah,49,Two Year,136.23,6725.26,PayPal,DSL,1,3.0,1,No
103003,Female,42.0,Ramallah,66,One Year,77.87,5265.66,PayPal,Fiber Optic,2,2.0,3,No
103004,Female,30.0,Ramallah,36,Month-to-Month,71.49,2591.04,Credit Card,DSL,2,5.0,1,No
103005,Male,65.0,Nablus,22,Month-to-Month,20.0,444.63,PayPal,Fiber Optic,3,2.0,1,Yes
103006,Male,29.0,Gaza,18,Two Year,46.02,848.49,PayPal,No Internet,4,4.0,1,No
103007,Female,26.0,Khan Yunis,57,Two Year,70.15,4207.48,Cash,DSL,2,5.0,2,No
103008,Male,33.0,Jenin,38,One Year,46.89,1673.1,Credit Card,Fiber Optic,2,4.0,1,No
103009,Male,47.0,Khan Yunis,37,Two Year,31.45,1086.0,Credit Card,No Internet,3,4.0,1,No
103010,Female,52.0,Khan Yunis,6,Two Year,100.71,652.44,Credit Card,DSL,1,3.0,2,No
103011,Female,53.0,Jenin,48,Month-to-Month,102.3,5159.27,Bank Transfer,DSL,3,3.0,0,No
103012,Male,50.0,Khan Yunis,52,Month-to-Month,75.23,3684.08,Bank Transfer,No Internet,3,2.0,0,Yes
103013,Male,59.0,Rafah,13,Month-to-Month,110.73,1492.1,Credit Card,Fiber Optic,0,4.0,2,No
103014,Female,46.0,Hebron,4,One Year,85.94,363.8,Credit Card,Fiber Optic,2,3.0,1,No
103015,Female,32.0,,43,One Year,70.85,2868.04,PayPal,No Internet,0,4.0,1,No
103016,Male,55.0,Jericho,19,One Year,121.79,2235.28,Credit Card,DSL,2,4.0,0,No
103017,Male,39.0,Rafah,65,Two Year,88.09,5442.04,Credit Card,DSL,1,4.0,1,No
103018,Female,29.0,Tulkarm,15,Two Year,103.25,1622.67,Cash,Fiber Optic,4,2.0,3,No
103019,Female,29.0,Jenin,3,One Year,56.94,165.27,,DSL,1,3.0,1,No
103020,Male,35.0,Jericho,52,Month-to-Month,101.09,5221.68,PayPal,Fiber Optic,1,3.0,2,No
103021,Male,18.0,Ramallah,71,One Year,73.73,5354.87,Credit Card,No Internet,0,2.0,3,No
103022,Female,19.0,Ramallah,56,One Year,75.99,3978.08,Cash,Fiber Optic,0,2.0,1,No
103023,Male,29.0,Jericho,27,Month-to-Month,123.93,3293.86,Cash,Fiber Optic,1,3.0,2,No
103024,Male,61.0,Gaza,59,Month-to-Month,60.12,3523.22,Cash,Fiber Optic,5,5.0,0,Yes
103025,Male,41.0,Khan Yunis,54,Month-to-Month,63.62,3527.33,PayPal,DSL,2,3.0,0,Yes
103026,Male,19.0,Khan Yunis,3,Month-to-Month,111.25,322.82,PayPal,No Internet,0,3.0,1,Yes
103027,Male,53.0,Jenin,21,Month-to-Month,47.44,1005.92,Cash,DSL,1,3.0,1,Yes
103028,Male,57.0,Hebron,64,Month-to-Month,69.88,4701.57,Bank Transfer,DSL,0,2.0,1,Yes
103029,Male,20.0,Jericho,13,One Year,38.29,534.88,Credit Card,DSL,1,2.0,2,No
103030,Male,53.0,Hebron,25,Month-to-Month,71.95,1893.64,Bank Transfer,DSL,1,4.0,1,No
103031,Female,43.0,Nablus,68,Month-to-Month,75.51,5253.64,Credit Card,Fiber Optic,1,3.0,0,No
103032,Male,34.0,Rafah,16,Month-to-Month,37.13,633.98,PayPal,Fiber Optic,0,2.0,3,No
103033,Female,19.0,Bethlehem,5,Month-to-Month,34.93,180.35,PayPal,DSL,0,3.0,0,No
103034,Male,24.0,Tulkarm,45,Two Year,104.45,4869.84,PayPal,No Internet,1,5.0,0,No
103035,Male,58.0,Gaza,22,Month-to-Month,77.52,1734.54,PayPal,DSL,3,4.0,0,No
103036,Male,48.0,Hebron,61,Month-to-Month,50.02,2861.43,Bank Transfer,Fiber Optic,3,4.0,1,Yes
103037,Male,65.0,Tulkarm,38,One Year,55.57,2187.17,Bank Transfer,No Internet,1,3.0,2,No
103038,Male,31.0,Bethlehem,21,Month-to-Month,112.33,2254.52,Cash,DSL,3,2.0,1,No
103039,Male,36.0,Tulkarm,5,Month-to-Month,103.38,546.2,PayPal,Fiber Optic,4,5.0,0,Yes
103040,Male,37.0,Khan Yunis,58,Month-to-Month,47.65,2942.7,Cash,No Internet,1,5.0,1,No
103041,Male,29.0,Rafah,39,Month-to-Month,56.88,2364.09,PayPal,No Internet,8,4.0,2,No
103042,Female,26.0,Ramallah,18,Month-to-Month,99.54,1793.91,Bank Transfer,DSL,1,3.0,0,Yes
103043,Female,54.0,Gaza,64,Two Year,75.56,5056.55,Cash,Fiber Optic,3,3.0,2,No
103044,Female,35.0,Bethlehem,6,Month-to-Month,100.29,594.42,PayPal,No Internet,3,3.0,1,Yes
103045,Male,29.0,Tulkarm,67,One Year,111.29,7857.8,Credit Card,DSL,5,5.0,1,No
103046,Male,28.0,Jericho,37,Two Year,90.96,3456.85,Bank Transfer,Fiber Optic,2,4.0,2,No
103047,Female,53.0,Bethlehem,58,Two Year,117.32,6871.15,Bank Transfer,Fiber Optic,1,3.0,3,No
103048,Male,18.0,Ramallah,65,Month-to-Month,105.27,6590.88,PayPal,DSL,0,5.0,2,No
103049,Male,25.0,Nablus,51,Month-to-Month,96.4,4767.84,Cash,DSL,0,4.0,2,No
103050,Female,32.0,Ramallah,42,Month-to-Month,90.33,4080.7,PayPal,DSL,1,4.0,0,No
103051,Female,18.0,Bethlehem,58,Month-to-Month,56.62,3502.41,Credit Card,DSL,0,2.0,1,Yes
103052,Female,28.0,Bethlehem,7,Month-to-Month,52.91,392.02,Bank Transfer,Fiber Optic,2,2.0,1,No
103053,Female,36.0,Bethlehem,51,Month-to-Month,88.06,4207.65,PayPal,Fiber Optic,1,4.0,1,No
103054,Male,25.0,Gaza,59,Month-to-Month,20.0,1163.94,Cash,Fiber Optic,1,5.0,0,No
103055,Male,32.0,Jericho,57,Two Year,52.19,2982.82,Credit Card,No Internet,2,4.0,1,No
103056,Male,45.0,Bethlehem,35,Month-to-Month,155.38,5750.69,PayPal,DSL,2,3.0,1,No
103057,Male,43.0,Ramallah,46,Two Year,78.96,3747.93,Bank Transfer,DSL,1,3.0,0,No
103058,Female,31.0,Jenin,61,Two Year,68.42,3843.01,Credit Card,Fiber Optic,0,1.0,2,No
103059,Male,38.0,Ramallah,6,Month-to-Month,46.44,294.81,Bank Transfer,No Internet,1,5.0,2,No
103060,Female,31.0,Nablus,37,Month-to-Month,138.36,5340.88,PayPal,No Internet,4,4.0,0,Yes
103061,Female,41.0,Gaza,62,Two Year,86.32,5379.68,PayPal,Fiber Optic,1,4.0,2,No
103062,Male,52.0,Nablus,37,Month-to-Month,67.82,2589.3,Credit Card,No Internet,2,3.0,0,No
103063,Male,36.0,Rafah,34,Month-to-Month,63.18,2224.94,Credit Card,No Internet,2,3.0,0,Yes
103064,Male,35.0,Gaza,72,Month-to-Month,102.07,7299.55,Bank Transfer,Fiber Optic,0,3.0,2,No
103065,Female,20.0,Gaza,12,Two Year,60.23,698.11,Cash,Fiber Optic,1,5.0,0,No
103066,Female,27.0,Jericho,53,Month-to-Month,75.18,3758.94,Bank Transfer,No Internet,6,4.0,0,No
103067,Female,36.0,Nablus,10,Month-to-Month,77.08,724.15,Bank Transfer,No Internet,4,5.0,1,No
103068,Male,45.0,Ramallah,55,One Year,85.76,4541.74,PayPal,DSL,2,3.0,0,No
103069,Female,38.0,Bethlehem,28,One Year,95.09,2472.39,Cash,No Internet,4,3.0,0,No
103070,Male,34.0,Tulkarm,58,Month-to-Month,86.37,5026.69,Credit Card,No Internet,4,5.0,0,No
103071,Male,53.0,Rafah,63,One Year,38.88,2603.54,Cash,DSL,3,4.0,2,No
103072,Male,35.0,Gaza,61,One Year,92.47,5714.54,Bank Transfer,DSL,1,2.0,0,No
103073,Female,40.0,Hebron,1,Month-to-Month,103.86,104.66,Cash,Fiber Optic,2,5.0,0,No
103074,Female,20.0,Rafah,39,Month-to-Month,85.27,3359.41,Bank Transfer,No Internet,2,4.0,3,No
103075,Female,23.0,Ramallah,62,One Year,51.53,3232.25,PayPal,No Internet,6,2.0,0,No
103076,Female,20.0,Gaza,46,Month-to-Month,42.75,2115.11,PayPal,DSL,2,4.0,0,No
103077,Female,46.0,Jenin,42,Month-to-Month,63.17,2552.2,Cash,No Internet,1,2.0,0,No
103078,Male,18.0,Tulkarm,12,Month-to-Month,112.82,1277.64,Bank Transfer,DSL,1,3.0,1,Yes
103079,Female,41.0,Bethlehem,20,Two Year,70.89,1458.17,Credit Card,DSL,0,3.0,0,No
103080,Male,58.0,Tulkarm,25,One Year,86.24,2290.32,Bank Transfer,DSL,3,2.0,0,No
103081,Female,39.0,Tulkarm,40,One Year,48.26,2061.38,Cash,Fiber Optic,3,4.0,4,No
103082,Male,51.0,Jericho,64,One Year,82.97,5014.19,Credit Card,No Internet,1,3.0,0,No
103083,Female,60.0,Nablus,41,Two Year,68.96,3029.79,Credit Card,DSL,3,3.0,1,No
103084,Male,32.0,Jericho,58,One Year,66.61,3804.98,Credit Card,Fiber Optic,3,4.0,0,No
103085,Male,35.0,Rafah,21,Month-to-Month,84.45,1716.26,PayPal,Fiber Optic,3,4.0,1,Yes
103086,Male,30.0,Bethlehem,40,One Year,69.83,2698.18,Bank Transfer,No Internet,2,2.0,1,No
103087,Male,33.0,Ramallah,61,Two Year,103.0,5952.13,Cash,No Internet,0,3.0,1,No
103088,Female,39.0,Hebron,59,Month-to-Month,62.85,3825.76,Bank Transfer,DSL,2,4.0,2,No
103089,Male,41.0,Gaza,25,One Year,57.45,1443.15,Credit Card,No Internet,0,4.0,3,Yes
103090,Female,25.0,Jericho,63,Month-to-Month,104.67,6846.22,Bank Transfer,Fiber Optic,1,5.0,1,No
103091,Male,38.0,Nablus,10,Month-to-Month,113.74,1068.98,Bank Transfer,Fiber Optic,1,2.0,0,No
103092,Male,45.0,Bethlehem,1,Month-to-Month,70.49,72.77,Bank Transfer,DSL,0,3.0,1,No
103093,Male,47.0,Rafah,51,One Year,70.51,3795.56,,Fiber Optic,2,4.0,0,No
103094,Female,50.0,Hebron,8,Two Year,65.83,521.0,Cash,DSL,2,4.0,4,No
103095,Female,35.0,Jericho,10,One Year,103.33,1058.71,Bank Transfer,No Internet,1,2.0,1,Yes
103096,Male,58.0,Gaza,32,Month-to-Month,52.96,1714.06,Credit Card,DSL,0,4.0,1,No
103097,Male,60.0,Jenin,58,Month-to-Month,52.85,2941.43,Credit Card,Fiber Optic,0,5.0,2,No
103098,Male,37.0,Jenin,32,One Year,45.44,1530.5,Bank Transfer,Fiber Optic,1,3.0,1,No
103099,Female,24.0,Gaza,60,Two Year,76.07,4734.62,Bank Transfer,Fiber Optic,5,4.0,1,No
103100,Male,48.0,Hebron,62,Month-to-Month,99.64,6465.46,Bank Transfer,No Internet,7,5.0,0,No
103101,Female,33.0,Bethlehem,59,One Year,91.41,5148.43,Cash,DSL,2,4.0,3,No
103102,Male,32.0,Bethlehem,35,One Year,103.72,3852.31,PayPal,Fiber Optic,2,3.0,1,No
103103,Female,37.0,Jericho,30,Month-to-Month,69.27,1920.9,Credit Card,No Internet,2,4.0,0,No
103104,Male,38.0,Nablus,33,Month-to-Month,87.03,2880.66,PayPal,No Internet,3,4.0,0,No
103105,Male,22.0,Rafah,60,Month-to-Month,96.11,6028.24,Bank Transfer,No Internet,3,4.0,0,No
103106,Male,18.0,Hebron,34,One Year,41.77,1353.11,Bank Transfer,DSL,3,4.0,2,No
103107,Female,60.0,Hebron,52,One Year,69.31,3855.21,Credit Card,Fiber Optic,2,5.0,2,No
103108,Male,26.0,Bethlehem,62,Month-to-Month,101.75,6655.43,Bank Transfer,Fiber Optic,1,4.0,1,No
103109,Male,50.0,Nablus,17,Month-to-Month,53.89,890.54,PayPal,Fiber Optic,1,4.0,0,No
103110,Male,31.0,Tulkarm,28,Two Year,77.63,2158.83,Cash,DSL,0,3.0,1,No
103111,Male,23.0,Jericho,29,Month-to-Month,90.65,2591.7,Credit Card,No Internet,2,3.0,0,No
103112,Male,24.0,Hebron,13,Month-to-Month,63.84,888.5,Cash,DSL,1,5.0,1,No
103113,Male,51.0,Gaza,44,Month-to-Month,69.57,3046.41,Credit Card,No Internet,3,5.0,0,Yes
103114,Male,41.0,Bethlehem,52,Two Year,73.56,3930.98,Cash,Fiber Optic,2,4.0,2,No
103115,Female,41.0,Khan Yunis,70,One Year,77.14,5200.62,Bank Transfer,Fiber Optic,1,4.0,1,No
103116,Male,42.0,Nablus,57,Month-to-Month,51.37,2736.65,PayPal,DSL,0,3.0,2,No
103117,Male,18.0,Jenin,28,Month-to-Month,79.02,2175.76,Bank Transfer,DSL,3,5.0,0,No
103118,Female,61.0,Bethlehem,18,Month-to-Month,48.61,922.36,Cash,Fiber Optic,1,1.0,1,No
103119,Female,40.0,Jenin,34,Month-to-Month,79.83,2557.27,Cash,DSL,1,3.0,0,No
103120,Male,42.0,Tulkarm,38,Month-to-Month,39.42,1616.35,Cash,Fiber Optic,4,4.0,2,No
103121,Female,53.0,Bethlehem,70,Two Year,83.61,6066.19,Cash,Fiber Optic,1,5.0,1,No
103122,Male,29.0,Jericho,26,Month-to-Month,62.79,1701.11,Cash,Fiber Optic,3,2.0,0,No
103123,Female,35.0,Ramallah,54,Two Year,112.04,5704.25,Cash,No Internet,2,4.0,2,No
103124,Male,45.0,Tulkarm,52,One Year,73.82,3952.26,Cash,Fiber Optic,0,3.0,0,Yes
103125,Male,27.0,Nablus,38,One Year,59.56,2138.99,Bank Transfer,No Internet,1,4.0,0,No
103126,Female,18.0,Gaza,60,One Year,111.01,6240.48,Bank Transfer,No Internet,5,4.0,1,No
103127,Male,18.0,Khan Yunis,24,Month-to-Month,60.61,1437.91,PayPal,Fiber Optic,1,4.0,0,Yes
103128,Male,40.0,Jericho,10,One Year,82.2,831.96,Bank Transfer,No Internet,1,4.0,1,No
103129,Female,57.0,Ramallah,50,One Year,99.73,4880.45,Credit Card,DSL,2,5.0,1,No
103130,Male,53.0,Bethlehem,9,One Year,71.63,604.55,Cash,DSL,4,3.0,0,Yes
103131,Male,46.0,Nablus,13,One Year,80.53,967.44,PayPal,No Internet,2,3.0,2,No
103132,Female,43.0,Ramallah,47,Two Year,69.96,3332.48,Bank Transfer,DSL,0,5.0,0,No
103133,Male,27.0,Nablus,72,Two Year,86.35,6352.52,Cash,Fiber Optic,3,5.0,3,No
103134,Male,51.0,Gaza,55,One Year,63.13,3746.41,Cash,No Internet,2,4.0,1,No
103135,Male,27.0,Hebron,11,Month-to-Month,78.52,923.74,Cash,No Internet,2,2.0,1,No
103136,Male,22.0,Jenin,68,Two Year,61.36,4121.53,Bank Transfer,DSL,0,3.0,2,No
103137,Male,41.0,Khan Yunis,70,Two Year,128.92,8730.41,Credit Card,Fiber Optic,2,3.0,2,No
103138,Female,40.0,Jericho,31,Month-to-Month,69.59,2306.82,Cash,No Internet,0,3.0,1,No
103139,Male,45.0,Ramallah,3,Month-to-Month,85.54,246.69,Credit Card,No Internet,0,5.0,3,Yes
103140,Male,51.0,Hebron,45,Month-to-Month,61.67,2731.31,Cash,Fiber Optic,3,3.0,2,Yes
103141,Male,18.0,Nablus,32,One Year,99.15,3347.52,Cash,DSL,1,4.0,0,No
103142,Male,0.0,Khan Yunis,49,One Year,,4375.16,Credit Card,DSL,2,2.0,0,Yes
103143,Female,22.0,Tulkarm,14,Month-to-Month,78.98,1182.4,Cash,Fiber Optic,1,5.0,1,Yes
103144,Female,47.0,Jericho,67,One Year,46.13,2980.07,Cash,DSL,3,3.0,1,No
103145,Male,48.0,Jericho,26,Month-to-Month,67.44,1854.39,Cash,Fiber Optic,2,5.0,3,No
103146,Male,29.0,Jericho,10,One Year,119.61,1184.3,Credit Card,DSL,0,5.0,1,No
103147,Male,52.0,Rafah,46,One Year,65.12,3166.91,Bank Transfer,DSL,2,4.0,0,No
103148,Male,44.0,Jericho,2,Two Year,36.62,70.73,Cash,Fiber Optic,6,3.0,1,Yes
103149,Male,42.0,Khan Yunis,48,Two Year,60.17,2663.95,Bank Transfer,Fiber Optic,2,4.0,1,Yes
103150,Male,30.0,Jericho,3,One Year,49.57,145.0,Credit Card,Fiber Optic,1,5.0,1,No
103151,Male,30.0,Khan Yunis,4,Two Year,94.07,392.59,Credit Card,DSL,0,3.0,1,No
103152,Female,56.0,Tulkarm,64,Month-to-Month,99.41,6840.22,PayPal,Fiber Optic,1,3.0,2,No
103153,Male,75.0,Nablus,16,Month-to-Month,51.38,852.78,PayPal,DSL,3,4.0,2,No
103154,Female,39.0,Jenin,42,Month-to-Month,85.62,3330.85,,No Internet,0,4.0,1,No
103155,Female,29.0,Hebron,3,Month-to-Month,58.3,174.42,Bank Transfer,No Internet,2,4.0,0,No
103156,Female,60.0,Bethlehem,2,One Year,42.91,86.49,Credit Card,DSL,0,5.0,1,No
103157,Female,55.0,Hebron,27,One Year,27.95,713.74,Cash,Fiber Optic,0,3.0,1,No
103158,Male,18.0,Nablus,42,Month-to-Month,42.59,1682.33,Bank Transfer,Fiber Optic,2,2.0,0,No
103159,Male,41.0,Bethlehem,71,Month-to-Month,102.89,7563.76,Bank Transfer,DSL,0,4.0,1,No
103160,Male,61.0,Khan Yunis,44,One Year,54.93,2254.99,PayPal,No Internet,1,5.0,0,No
103161,Female,44.0,Ramallah,4,Two Year,45.07,169.33,Cash,No Internet,1,4.0,0,No
103162,Male,33.0,Jericho,45,Month-to-Month,77.58,3456.04,PayPal,DSL,2,3.0,3,No
103163,Male,32.0,Ramallah,66,Month-to-Month,56.47,3885.86,Bank Transfer,DSL,2,4.0,1,No
103164,Female,51.0,Gaza,7,Two Year,69.55,448.12,Bank Transfer,No Internet,2,3.0,1,No
103165,Male,27.0,Gaza,41,Month-to-Month,44.14,1750.46,Cash,Fiber Optic,1,3.0,0,No
103166,Female,23.0,Tulkarm,2,Month-to-Month,28.19,58.21,Credit Card,DSL,3,2.0,1,No
103167,Female,33.0,Tulkarm,42,Two Year,99.5,4131.92,Bank Transfer,DSL,2,5.0,0,No
103168,Female,52.0,Bethlehem,26,Month-to-Month,102.78,2641.41,Cash,DSL,1,1.0,1,No
103169,Female,39.0,Jenin,5,Two Year,50.81,253.8,PayPal,DSL,3,1.0,2,No
103170,Female,33.0,Nablus,10,Two Year,75.34,794.72,PayPal,Fiber Optic,1,4.0,0,No
103171,Male,49.0,Bethlehem,64,Two Year,91.61,5428.28,Bank Transfer,DSL,2,4.0,1,No
103172,Male,28.0,Jericho,33,Month-to-Month,86.07,3045.63,Bank Transfer,No Internet,3,4.0,1,No
103173,Male,47.0,Bethlehem,31,Two Year,55.48,1617.59,Cash,DSL,2,4.0,1,No
103174,Female,23.0,Jericho,48,One Year,73.44,3576.44,PayPal,DSL,1,5.0,3,No
103175,Male,40.0,Hebron,67,Month-to-Month,78.64,4865.59,Credit Card,DSL,3,3.0,0,No
103176,Male,43.0,Bethlehem,57,Two Year,78.5,4339.58,Credit Card,DSL,4,3.0,1,No
103177,Female,34.0,Gaza,66,Month-to-Month,,3998.46,Bank Transfer,No Internet,1,4.0,1,No
103178,Male,22.0,Tulkarm,64,One Year,56.43,3643.72,Credit Card,DSL,2,5.0,0,No
103179,Male,61.0,Gaza,3,One Year,51.3,142.72,PayPal,No Internet,2,4.0,1,No
103180,Female,25.0,Hebron,27,Month-to-Month,66.38,1733.79,Credit Card,No Internet,0,3.0,0,No
103181,Male,41.0,Rafah,68,Two Year,105.98,6968.33,Bank Transfer,Fiber Optic,1,5.0,1,Yes
103182,Female,65.0,Khan Yunis,36,Month-to-Month,82.33,2995.18,PayPal,Fiber Optic,2,3.0,2,Yes
103183,Female,39.0,Ramallah,57,Two Year,70.99,3833.35,Cash,DSL,4,2.0,2,No
103184,Male,18.0,Tulkarm,71,One Year,45.12,3028.72,PayPal,DSL,3,4.0,2,No
103185,Female,52.0,Gaza,72,Month-to-Month,81.62,6067.06,Credit Card,DSL,4,3.0,0,No
103186,Male,19.0,Khan Yunis,58,Month-to-Month,49.11,2981.33,PayPal,DSL,2,3.0,1,No
103187,Male,39.0,Rafah,21,Two Year,60.75,1315.36,PayPal,DSL,2,3.0,0,No
103188,Female,61.0,Tulkarm,12,Month-to-Month,35.96,414.19,Cash,Fiber Optic,5,5.0,0,No
103189,Male,52.0,Gaza,22,Month-to-Month,88.87,2016.25,Bank Transfer,Fiber Optic,1,4.0,0,Yes
103190,Male,41.0,Gaza,20,One Year,106.41,2167.02,Bank Transfer,DSL,1,5.0,0,No
103191,Male,46.0,Gaza,45,One Year,88.22,4253.03,Credit Card,Fiber Optic,3,2.0,2,No
103192,Male,61.0,Nablus,3,Month-to-Month,78.37,246.57,Bank Transfer,Fiber Optic,2,3.0,0,No
103193,Male,33.0,Nablus,58,Month-to-Month,70.8,3872.53,PayPal,Fiber Optic,3,3.0,0,No
103194,Male,39.0,Hebron,68,One Year,86.84,5788.32,PayPal,No Internet,1,3.0,1,No
103195,Female,32.0,Ramallah,70,One Year,57.94,4119.54,Credit Card,Fiber Optic,1,3.0,1,No
103196,Female,32.0,Bethlehem,65,Month-to-Month,85.8,5156.71,Cash,No Internet,0,4.0,2,No
103197,Male,27.0,Jericho,9,One Year,50.43,444.98,Cash,No Internet,4,2.0,1,No
103198,Male,44.0,Bethlehem,33,One Year,79.7,2462.36,Cash,No Internet,2,4.0,0,No
103199,Male,36.0,Hebron,48,Month-to-Month,88.41,4294.29,Cash,Fiber Optic,2,4.0,0,No
103200,Female,39.0,Hebron,16,Month-to-Month,107.63,1626.65,Cash,No Internet,4,4.0,0,No
103201,Female,27.0,Bethlehem,22,One Year,87.39,1865.34,PayPal,No Internet,1,3.0,1,No
103202,Male,25.0,Bethlehem,35,One Year,88.86,2862.8,Cash,Fiber Optic,1,1.0,3,No
103203,Female,63.0,Gaza,69,Month-to-Month,82.4,5951.33,PayPal,DSL,0,4.0,1,No
103204,Female,57.0,Gaza,27,Month-to-Month,53.22,1339.94,Cash,DSL,2,4.0,2,Yes
103205,Male,37.0,Khan Yunis,12,One Year,57.15,702.27,Cash,Fiber Optic,2,5.0,2,No
103206,Female,44.0,Nablus,18,Month-to-Month,120.67,2244.4,Cash,DSL,2,2.0,2,Yes
103207,Male,42.0,Khan Yunis,36,Month-to-Month,89.42,,Cash,No Internet,2,4.0,2,No
103208,Female,40.0,Jenin,63,Month-to-Month,91.33,5483.13,Bank Transfer,DSL,4,3.0,1,No
103209,Female,42.0,Ramallah,63,Month-to-Month,86.22,5337.48,Cash,Fiber Optic,2,6.0,2,No
103210,Male,64.0,Ramallah,10,Two Year,49.15,516.08,Cash,No Internet,2,1.0,0,No
103211,Female,48.0,Jenin,1,Month-to-Month,94.58,95.88,Cash,DSL,3,3.0,1,No
103212,Male,38.0,Ramallah,4,One Year,27.09,100.27,Cash,No Internet,1,4.0,0,No
103213,Female,32.0,Ramallah,31,Two Year,110.14,3523.39,Bank Transfer,Fiber Optic,1,4.0,0,No
103214,Female,39.0,Hebron,68,Month-to-Month,32.79,2292.77,PayPal,Fiber Optic,2,3.0,2,Yes
103215,Male,53.0,Jenin,1,Month-to-Month,58.98,60.95,PayPal,No Internet,3,3.0,3,No
103216,Male,50.0,Gaza,57,One Year,83.84,4432.89,PayPal,No Internet,1,3.0,1,No
103217,Female,51.0,Nablus,46,Month-to-Month,66.11,2810.9,Bank Transfer,Fiber Optic,3,4.0,0,No
103218,Male,33.0,Tulkarm,62,Month-to-Month,71.74,4336.94,Cash,DSL,1,5.0,1,No
103219,Female,40.0,Tulkarm,10,One Year,63.53,605.95,Cash,No Internet,4,3.0,4,No
103220,Female,21.0,Tulkarm,34,Two Year,105.15,3432.04,Credit Card,DSL,1,5.0,1,No
103221,Male,34.0,Bethlehem,5,One Year,60.95,282.91,Bank Transfer,DSL,4,4.0,1,No
103222,Male,35.0,Bethlehem,16,One Year,30.47,525.44,Credit Card,DSL,1,3.0,1,No
103223,Male,34.0,Jericho,53,Two Year,38.6,2129.27,Bank Transfer,DSL,2,3.0,0,No
103224,Male,53.0,Jericho,65,Month-to-Month,82.16,5467.07,PayPal,No Internet,3,3.0,2,Yes
103225,Female,52.0,Khan Yunis,6,Two Year,82.19,497.12,PayPal,DSL,1,5.0,0,No
103226,Male,28.0,Ramallah,53,One Year,76.1,3789.16,Credit Card,DSL,3,5.0,1,No
103227,Male,47.0,Nablus,49,Month-to-Month,59.87,2979.43,PayPal,Fiber Optic,2,3.0,2,No
103228,Male,48.0,Jenin,30,Month-to-Month,82.25,2378.06,Credit Card,Fiber Optic,2,3.0,1,No
103229,Female,28.0,Jericho,21,One Year,128.98,2538.14,PayPal,DSL,2,1.0,2,No
103230,Female,35.0,Gaza,47,One Year,63.63,3135.51,PayPal,Fiber Optic,4,3.0,0,No
103231,Female,36.0,Hebron,65,Month-to-Month,78.72,4851.04,Credit Card,No Internet,2,1.0,0,No
103232,Female,32.0,Tulkarm,47,Two Year,39.85,2021.57,Credit Card,DSL,2,4.0,0,No
103233,Female,49.0,Khan Yunis,13,Two Year,57.31,787.9,PayPal,DSL,0,3.0,0,No
103234,Male,48.0,Jericho,5,Month-to-Month,84.37,415.13,Bank Transfer,Fiber Optic,1,2.0,3,No
103235,Female,24.0,Bethlehem,71,Month-to-Month,62.02,4651.61,Bank Transfer,Fiber Optic,1,4.0,1,Yes
103236,Female,24.0,Ramallah,2,Month-to-Month,38.91,79.65,Cash,Fiber Optic,4,4.0,2,No
103237,Male,32.0,Bethlehem,41,Month-to-Month,75.39,3211.33,Credit Card,DSL,2,4.0,1,No
103238,Female,40.0,Jericho,26,Month-to-Month,64.83,1780.55,PayPal,DSL,1,2.0,0,No
103239,Male,51.0,Ramallah,12,Month-to-Month,54.47,672.31,PayPal,No Internet,1,3.0,0,No
103240,Female,40.0,Rafah,24,Month-to-Month,68.88,1651.14,PayPal,DSL,2,4.0,0,No
103241,Female,49.0,Nablus,71,One Year,94.31,6312.43,PayPal,Fiber Optic,4,3.0,1,No
103242,Male,21.0,Jenin,50,Month-to-Month,100.94,5403.57,Bank Transfer,Fiber Optic,0,4.0,0,No
103243,Female,43.0,Hebron,52,Month-to-Month,73.39,4099.67,PayPal,Fiber Optic,2,2.0,0,No
103244,Female,38.0,Jericho,61,Month-to-Month,83.62,5198.56,PayPal,No Internet,1,3.0,1,No
103245,Male,38.0,Nablus,26,Month-to-Month,78.41,2152.28,Bank Transfer,Fiber Optic,1,4.0,2,No
103246,Female,40.0,Hebron,44,One Year,88.17,3674.9,Credit Card,No Internet,2,4.0,0,No
103247,Male,61.0,Ramallah,5,Month-to-Month,80.22,387.78,Bank Transfer,DSL,5,4.0,0,No
103248,Female,57.0,Tulkarm,37,Month-to-Month,74.4,2836.9,Cash,DSL,3,4.0,1,No
103249,Female,39.0,Jericho,29,Month-to-Month,37.75,1043.1,Bank Transfer,No Internet,3,3.0,0,No
103250,Female,44.0,Jericho,50,One Year,54.89,2946.19,PayPal,DSL,5,4.0,0,No
103251,Female,23.0,Hebron,6,Two Year,80.81,457.53,Bank Transfer,DSL,2,3.0,0,No
103252,Female,51.0,Hebron,67,One Year,126.81,8188.88,Bank Transfer,No Internet,2,3.0,2,No
103253,Female,27.0,Jericho,4,Month-to-Month,125.84,476.71,Credit Card,DSL,1,4.0,0,Yes
103254,Male,55.0,Jericho,2,One Year,76.06,147.1,Cash,No Internet,3,3.0,0,No
103255,Female,44.0,Jenin,9,Two Year,46.77,443.34,Cash,No Internet,5,4.0,1,No
103256,Female,55.0,Gaza,1,Two Year,20.0,18.52,Cash,Fiber Optic,3,2.0,1,No
103257,Female,34.0,Ramallah,51,Month-to-Month,41.71,2227.23,PayPal,No Internet,5,3.0,0,No
103258,Female,48.0,Nablus,65,Two Year,53.45,3284.17,Cash,Fiber Optic,3,3.0,0,No
103259,Female,46.0,Ramallah,7,Month-to-Month,62.12,418.38,Credit Card,No Internet,4,4.0,0,Yes
103260,Male,34.0,Rafah,21,Month-to-Month,48.48,1016.14,Bank Transfer,DSL,3,3.0,0,No
103261,Male,58.0,Jenin,61,Two Year,47.99,2929.75,PayPal,DSL,0,1.0,0,No
103262,Male,44.0,Ramallah,18,Month-to-Month,61.96,1173.89,Credit Card,Fiber Optic,3,4.0,5,No
103263,Female,47.0,Jenin,72,Month-to-Month,114.12,7657.38,PayPal,Fiber Optic,1,3.0,1,No
103264,Male,22.0,Gaza,70,Month-to-Month,74.02,5083.61,Cash,No Internet,3,5.0,0,No
103265,Male,34.0,Hebron,33,Two Year,83.04,2950.69,PayPal,DSL,0,5.0,0,No
103266,Female,18.0,Hebron,47,Two Year,84.29,4006.85,Bank Transfer,No Internet,1,4.0,1,No
103267,Female,39.0,Gaza,55,Month-to-Month,77.34,4396.26,PayPal,Fiber Optic,3,3.0,2,No
103268,Male,18.0,Jenin,20,Two Year,95.07,1821.89,Bank Transfer,No Internet,1,2.0,1,No
103269,Female,30.0,Tulkarm,14,Month-to-Month,106.72,1554.44,PayPal,Fiber Optic,2,4.0,0,No
103270,Female,28.0,Gaza,3,Month-to-Month,97.65,270.72,Cash,DSL,2,3.0,1,No
103271,Female,21.0,Ramallah,51,Two Year,67.93,3253.7,Cash,Fiber Optic,0,4.0,1,No
103272,Female,48.0,Jenin,23,Two Year,57.81,1417.13,,DSL,3,3.0,1,No
103273,Male,18.0,Jenin,53,Month-to-Month,30.99,1536.54,Cash,No Internet,0,3.0,1,No
103274,Female,41.0,Khan Yunis,27,Month-to-Month,59.34,1697.75,Credit Card,Fiber Optic,1,3.0,2,No
103275,Female,55.0,Ramallah,41,One Year,75.06,2832.69,Bank Transfer,DSL,2,5.0,1,No
103276,Male,45.0,Nablus,10,One Year,78.17,801.61,PayPal,DSL,4,4.0,0,No
103277,Female,37.0,Hebron,58,Two Year,81.03,4932.25,Credit Card,DSL,1,4.0,2,No
103278,Male,33.0,Hebron,59,Month-to-Month,66.5,4028.28,Bank Transfer,Fiber Optic,1,3.0,1,No
103279,Female,26.0,Tulkarm,9,Month-to-Month,91.37,796.41,PayPal,DSL,3,5.0,1,No
103280,Male,29.0,Hebron,62,Month-to-Month,57.26,3311.97,Cash,Fiber Optic,0,5.0,1,No
103281,Male,37.0,Gaza,2,One Year,67.19,126.95,Cash,Fiber Optic,4,3.0,3,No
103282,Male,42.0,Hebron,39,Month-to-Month,45.62,1817.58,Cash,Fiber Optic,3,4.0,1,No
103283,Female,34.0,Tulkarm,1,Month-to-Month,45.57,45.13,PayPal,DSL,6,2.0,1,Yes
103284,Female,35.0,Rafah,32,Month-to-Month,86.64,2968.68,Bank Transfer,Fiber Optic,1,2.0,1,No
103285,Female,47.0,Jericho,13,Month-to-Month,68.25,860.86,Bank Transfer,DSL,6,3.0,2,No
103286,Male,27.0,Jenin,69,Month-to-Month,31.13,2081.88,Bank Transfer,Fiber Optic,1,3.0,1,No
103287,Male,41.0,Hebron,63,Month-to-Month,57.4,3838.44,Bank Transfer,DSL,1,3.0,1,No
103288,Female,29.0,Ramallah,24,Month-to-Month,64.55,1641.05,Credit Card,Fiber Optic,9,5.0,1,Yes
103289,Male,47.0,Nablus,67,One Year,69.99,4680.83,PayPal,No Internet,3,4.0,0,No
103290,Male,65.0,Jenin,21,Month-to-Month,85.8,1791.3,Credit Card,DSL,2,3.0,0,Yes
103291,Female,18.0,Jenin,57,Month-to-Month,63.73,3828.89,PayPal,No Internet,1,4.0,1,No
103292,Female,37.0,Rafah,58,One Year,90.91,5101.95,Bank Transfer,DSL,2,5.0,1,No
103293,Male,36.0,Jenin,51,Month-to-Month,93.74,5142.83,Credit Card,DSL,1,5.0,1,No
103294,Female,37.0,Ramallah,2,Month-to-Month,69.77,131.9,PayPal,No Internet,2,3.0,1,No
103295,Male,20.0,Ramallah,24,Month-to-Month,116.24,2736.32,Cash,DSL,4,5.0,0,No
103296,Female,31.0,Tulkarm,44,One Year,45.51,1868.83,PayPal,No Internet,2,2.0,0,No
103297,Male,32.0,Hebron,5,Month-to-Month,99.06,504.05,PayPal,Fiber Optic,2,3.0,2,No
103298,Male,61.0,Ramallah,68,One Year,44.79,3228.86,Credit Card,Fiber Optic,1,3.0,1,No
103299,Male,40.0,Khan Yunis,38,Month-to-Month,47.24,1912.68,PayPal,No Internet,2,4.0,2,No
103300,Female,58.0,Jericho,22,Month-to-Month,117.86,2687.65,Credit Card,No Internet,1,3.0,1,No
103301,Male,32.0,Rafah,33,Two Year,75.52,2637.88,Credit Card,DSL,0,3.0,1,No
103302,Male,41.0,Jericho,61,Month-to-Month,74.82,4275.01,Cash,DSL,3,4.0,2,Yes
103303,Female,53.0,Bethlehem,44,Month-to-Month,86.11,3866.52,Cash,No Internet,2,5.0,2,No
103304,Male,45.0,Rafah,4,Month-to-Month,110.58,461.79,Credit Card,Fiber Optic,2,5.0,3,No
103305,Female,56.0,Jenin,39,Month-to-Month,99.66,3893.95,Cash,Fiber Optic,3,2.0,2,No
103306,Male,55.0,Bethlehem,39,One Year,81.51,2988.41,Bank Transfer,Fiber Optic,1,4.0,1,No
103307,Female,42.0,Bethlehem,64,Month-to-Month,30.19,2028.41,Bank Transfer,No Internet,3,3.0,3,No
103308,Male,18.0,Hebron,57,Two Year,91.62,4949.11,Credit Card,No Internet,1,3.0,1,No
103309,Female,18.0,Jenin,15,One Year,110.88,1605.71,Bank Transfer,DSL,0,,2,No
103310,Female,55.0,Khan Yunis,21,Two Year,110.12,2495.78,PayPal,No Internet,3,3.0,0,No
103311,Male,28.0,Jenin,62,One Year,124.55,7344.89,PayPal,Fiber Optic,5,4.0,1,No
103312,Female,32.0,Jericho,15,One Year,79.57,1131.79,PayPal,No Internet,2,4.0,0,Yes
103313,Female,,Hebron,65,One Year,38.89,2455.25,PayPal,DSL,1,3.0,0,No
103314,Male,40.0,Tulkarm,59,Month-to-Month,94.98,5723.86,PayPal,No Internet,0,3.0,0,No
103315,Female,36.0,Tulkarm,7,One Year,136.85,918.64,Cash,DSL,2,2.0,0,No
103316,Female,33.0,Bethlehem,65,Month-to-Month,59.8,3622.35,Cash,Fiber Optic,2,3.0,0,No
103317,Male,40.0,Tulkarm,12,Two Year,103.08,1147.41,Credit Card,DSL,3,4.0,0,No
103318,Male,33.0,Gaza,60,Month-to-Month,77.54,4857.09,Bank Transfer,No Internet,0,2.0,4,Yes
103319,Female,34.0,Nablus,24,One Year,77.34,1771.63,Credit Card,DSL,0,5.0,1,No
103320,Female,37.0,Hebron,17,Two Year,32.41,560.48,Credit Card,Fiber Optic,2,3.0,1,No
103321,Female,22.0,Hebron,49,One Year,88.43,4618.78,PayPal,Fiber Optic,0,4.0,1,No
103322,Male,34.0,Tulkarm,12,Month-to-Month,32.7,395.19,Cash,No Internet,0,4.0,1,No
103323,Male,67.0,Gaza,64,One Year,60.99,3932.07,PayPal,DSL,4,5.0,2,No
103324,Male,56.0,Khan Yunis,10,Month-to-Month,95.06,1014.84,Bank Transfer,Fiber Optic,2,3.0,2,No
103325,Male,25.0,Khan Yunis,28,Month-to-Month,94.74,2522.58,Credit Card,Fiber Optic,2,4.0,1,No
103326,Male,25.0,Ramallah,24,Month-to-Month,73.43,1896.43,Credit Card,No Internet,1,3.0,2,No
103327,Male,36.0,Ramallah,55,Month-to-Month,136.36,7010.09,Credit Card,DSL,4,2.0,1,No
103328,Male,52.0,Bethlehem,69,One Year,127.07,8621.36,Cash,DSL,1,3.0,1,No
103329,Female,21.0,Jenin,70,One Year,65.2,4572.01,Credit Card,Fiber Optic,2,3.0,2,No
103330,Female,28.0,Jenin,36,One Year,23.36,890.28,Credit Card,DSL,5,4.0,0,No
103331,Male,24.0,Gaza,7,Month-to-Month,96.76,687.51,Credit Card,DSL,1,3.0,1,No
103332,Female,40.0,Rafah,58,Month-to-Month,77.96,4310.63,PayPal,Fiber Optic,3,5.0,0,No
103333,Female,47.0,Tulkarm,29,Two Year,93.75,2525.69,Bank Transfer,DSL,3,2.0,4,No
103334,Male,48.0,Jericho,67,One Year,107.78,6942.37,PayPal,No Internet,3,4.0,0,No
103335,Male,32.0,Nablus,63,Month-to-Month,75.29,4866.13,Cash,No Internet,1,4.0,1,No
103336,Male,41.0,Nablus,69,Two Year,44.43,3277.64,Cash,Fiber Optic,1,5.0,2,No
103337,Male,18.0,Jenin,63,Month-to-Month,61.45,4147.55,Cash,No Internet,0,5.0,0,No
103338,Male,30.0,Jenin,43,Month-to-Month,89.67,3910.29,PayPal,No Internet,1,4.0,1,No
103339,Male,34.0,Nablus,39,Two Year,61.33,2257.43,PayPal,No Internet,1,4.0,1,No
103340,Female,26.0,Jericho,57,Month-to-Month,33.19,1893.88,Bank Transfer,No Internet,2,4.0,0,No
103341,Male,54.0,Khan Yunis,26,One Year,72.76,1937.79,Cash,Fiber Optic,4,4.0,1,No
103342,Male,0.0,Tulkarm,57,One Year,61.08,3645.1,PayPal,DSL,1,2.0,1,Yes
103343,Male,45.0,Gaza,34,Month-to-Month,116.09,4084.11,Credit Card,Fiber Optic,1,4.0,2,No
103344,Male,30.0,Khan Yunis,37,Month-to-Month,71.67,2635.26,Bank Transfer,Fiber Optic,4,2.0,0,Yes
103345,Male,39.0,Gaza,39,One Year,66.69,2783.91,Bank Transfer,No Internet,2,5.0,0,No
103346,Female,42.0,Hebron,17,Month-to-Month,97.09,1621.71,Cash,No Internet,3,2.0,0,No
103347,Male,34.0,Tulkarm,27,One Year,56.41,1602.07,Cash,No Internet,1,5.0,2,No
103348,Male,31.0,Gaza,68,One Year,43.36,2952.1,PayPal,DSL,2,3.0,0,No
103349,Female,38.0,Tulkarm,17,One Year,65.39,1023.23,Cash,Fiber Optic,2,4.0,2,No
103350,Male,38.0,Khan Yunis,2,Month-to-Month,69.77,131.82,PayPal,No Internet,2,4.0,1,No
103351,Male,31.0,Rafah,26,One Year,69.3,1798.33,PayPal,No Internet,2,2.0,0,No
103352,Male,36.0,Khan Yunis,50,Month-to-Month,83.74,4177.94,PayPal,Fiber Optic,0,4.0,0,No
103353,Female,18.0,Khan Yunis,37,Month-to-Month,80.31,3112.74,Bank Transfer,Fiber Optic,3,3.0,1,Yes
103354,Male,22.0,Khan Yunis,45,Month-to-Month,67.07,3136.84,Cash,Fiber Optic,2,5.0,2,Yes
103355,Male,44.0,Nablus,71,Two Year,71.56,5206.46,Cash,DSL,1,4.0,2,No
103356,Male,33.0,Khan Yunis,9,Two Year,53.61,492.71,PayPal,DSL,2,1.0,1,No
103357,Male,18.0,Tulkarm,46,One Year,67.73,3135.15,PayPal,DSL,4,3.0,0,No
103358,Female,18.0,Bethlehem,63,Month-to-Month,56.78,3482.37,Cash,Fiber Optic,4,4.0,0,No
103359,Male,38.0,Jenin,6,One Year,79.33,481.39,Cash,Fiber Optic,2,2.0,1,No
103360,Female,63.0,Tulkarm,8,One Year,71.44,580.89,Credit Card,DSL,3,4.0,2,No
103361,Female,54.0,Jericho,26,Two Year,80.44,1955.31,PayPal,No Internet,1,3.0,0,No
103362,Female,50.0,Bethlehem,49,Two Year,60.08,2900.35,PayPal,Fiber Optic,3,1.0,2,No
103363,Male,48.0,Tulkarm,28,One Year,69.82,1867.24,PayPal,DSL,1,3.0,0,Yes
103364,Female,28.0,Ramallah,11,One Year,71.95,824.45,Bank Transfer,No Internet,2,3.0,1,No
103365,Female,40.0,Hebron,5,Two Year,65.47,317.7,Bank Transfer,No Internet,3,3.0,1,No
103366,Male,52.0,Bethlehem,41,Month-to-Month,87.11,3772.15,Bank Transfer,Fiber Optic,2,4.0,0,No
103367,Male,27.0,Rafah,45,One Year,78.89,3332.21,Bank Transfer,Fiber Optic,1,2.0,0,No
103368,Female,53.0,Jenin,68,One Year,78.5,5758.51,PayPal,Fiber Optic,4,4.0,0,No
103369,Female,34.0,Nablus,70,One Year,71.83,5141.23,PayPal,No Internet,3,4.0,0,No
103370,Male,51.0,Khan Yunis,1,One Year,87.1,80.5,PayPal,DSL,2,4.0,2,No
103371,Female,29.0,Jericho,24,One Year,32.61,756.86,Bank Transfer,DSL,0,3.0,0,No
103372,Male,22.0,Jericho,61,Month-to-Month,39.52,2454.54,Bank Transfer,Fiber Optic,0,3.0,0,No
103373,Female,54.0,Khan Yunis,21,Month-to-Month,41.44,936.18,Bank Transfer,Fiber Optic,2,4.0,0,No
103374,Male,42.0,Tulkarm,41,Month-to-Month,93.72,3555.7,Bank Transfer,No Internet,0,5.0,1,No
103375,Female,42.0,Gaza,35,One Year,71.85,2615.86,Cash,No Internet,2,4.0,2,No
103376,Male,34.0,Bethlehem,58,One Year,74.39,4271.67,Cash,Fiber Optic,0,2.0,1,No
103377,Male,35.0,Tulkarm,25,Two Year,70.35,1889.08,Cash,DSL,2,3.0,1,No
103378,Male,43.0,Gaza,51,Month-to-Month,105.8,5096.08,Cash,DSL,1,2.0,1,No
103379,Male,36.0,Hebron,9,One Year,59.2,543.97,Credit Card,No Internet,1,3.0,2,No
103380,Male,32.0,Gaza,4,Two Year,97.36,402.48,Bank Transfer,DSL,4,2.0,1,No
103381,Male,36.0,Jericho,16,Month-to-Month,69.95,1074.54,PayPal,DSL,1,3.0,2,No
103382,Male,66.0,Khan Yunis,24,Two Year,60.58,1503.66,Bank Transfer,DSL,3,3.0,0,No
103383,Male,25.0,Rafah,11,Two Year,92.64,1034.89,Bank Transfer,Fiber Optic,1,3.0,0,No
103384,Female,26.0,Tulkarm,57,Month-to-Month,90.45,5360.85,PayPal,Fiber Optic,0,5.0,0,No
103385,Female,70.0,Hebron,8,One Year,131.28,1006.62,Credit Card,DSL,6,3.0,0,No
103386,Female,46.0,Jericho,27,Month-to-Month,40.42,1099.74,Cash,DSL,2,5.0,0,Yes
103387,Female,52.0,Tulkarm,22,Two Year,24.5,579.1,PayPal,No Internet,2,3.0,2,No
103388,Male,50.0,Nablus,58,Month-to-Month,82.39,5132.72,PayPal,Fiber Optic,1,3.0,0,No
103389,Male,52.0,Gaza,57,Month-to-Month,78.54,4611.82,Credit Card,No Internet,2,2.0,1,No
103390,Male,18.0,Gaza,14,One Year,79.41,1077.56,Cash,DSL,2,3.0,0,No
103391,Female,23.0,Ramallah,29,Two Year,115.93,3385.46,Credit Card,DSL,4,3.0,2,No
103392,Female,41.0,Khan Yunis,34,Month-to-Month,91.46,2970.89,PayPal,DSL,1,4.0,2,No
103393,Female,0.0,Ramallah,52,Month-to-Month,99.56,4824.14,Cash,Fiber Optic,1,5.0,1,No
103394,Female,44.0,Rafah,51,Month-to-Month,48.12,2594.6,Cash,DSL,0,3.0,1,No
103395,Male,39.0,Ramallah,19,Two Year,79.46,1486.11,Credit Card,No Internet,2,4.0,0,No
103396,Female,27.0,Rafah,35,Month-to-Month,57.43,2071.12,Credit Card,DSL,4,3.0,0,No
103397,Female,18.0,Jenin,27,Month-to-Month,96.88,2518.63,Bank Transfer,No Internet,0,5.0,2,No
103398,Male,37.0,Jericho,50,One Year,84.13,4481.97,PayPal,DSL,1,3.0,0,No
103399,Male,51.0,Khan Yunis,46,Month-to-Month,22.95,1088.02,Cash,DSL,2,4.0,0,No
103400,Male,29.0,Jenin,38,Month-to-Month,79.96,3046.22,Bank Transfer,No Internet,2,2.0,1,No
103401,Male,40.0,Gaza,68,Month-to-Month,52.83,3426.97,Cash,DSL,2,4.0,1,Yes
103402,Male,40.0,Nablus,1,Month-to-Month,74.35,75.92,PayPal,Fiber Optic,0,2.0,0,Yes
103403,Female,44.0,Rafah,62,Two Year,66.55,4081.24,Cash,DSL,6,5.0,1,No
103404,Male,20.0,Jericho,48,One Year,134.56,6718.0,Bank Transfer,No Internet,0,3.0,0,No
103405,Female,23.0,Ramallah,26,Month-to-Month,48.48,1229.0,Cash,No Internet,3,2.0,2,No
103406,Female,37.0,Ramallah,47,One Year,59.81,2984.14,Bank Transfer,Fiber Optic,3,3.0,3,No
103407,Female,32.0,Rafah,13,Month-to-Month,72.54,924.83,Bank Transfer,No Internet,2,3.0,1,No
103408,Female,41.0,Gaza,39,Month-to-Month,75.37,3120.78,Credit Card,DSL,1,5.0,0,Yes
103409,Female,21.0,Rafah,24,Month-to-Month,90.48,2017.6,Bank Transfer,DSL,1,4.0,3,Yes
103410,Male,42.0,Bethlehem,14,Month-to-Month,98.8,1319.32,Cash,DSL,2,4.0,1,No
103411,Female,45.0,Nablus,50,Month-to-Month,92.08,4315.73,PayPal,Fiber Optic,3,3.0,3,No
103412,Female,19.0,Hebron,51,Month-to-Month,89.1,4822.34,Bank Transfer,DSL,3,3.0,0,No
103413,Male,44.0,,35,Two Year,112.55,3831.14,Cash,DSL,2,3.0,1,No
103414,Male,51.0,Nablus,33,Month-to-Month,86.93,2937.33,Cash,DSL,2,3.0,1,Yes
103415,Male,35.0,Hebron,26,Month-to-Month,51.93,1413.79,Cash,DSL,4,5.0,0,No
103416,Male,28.0,Khan Yunis,23,Two Year,87.94,1982.83,Credit Card,DSL,3,3.0,1,No
103417,Female,33.0,Hebron,47,One Year,85.2,3937.96,Credit Card,DSL,3,5.0,0,No
103418,Female,34.0,Nablus,39,Two Year,76.48,2900.97,Bank Transfer,Fiber Optic,0,3.0,0,No
103419,Female,19.0,Bethlehem,52,Month-to-Month,59.84,2990.5,Cash,DSL,1,4.0,1,No
103420,Male,,Nablus,53,One Year,67.38,3528.66,Credit Card,DSL,0,3.0,0,No
103421,Female,46.0,Jenin,15,Month-to-Month,112.93,1736.87,PayPal,DSL,0,4.0,0,No
103422,Female,59.0,Ramallah,50,Month-to-Month,54.56,2619.63,PayPal,No Internet,1,4.0,0,No
103423,Male,19.0,Hebron,72,Two Year,29.67,2134.03,PayPal,Fiber Optic,1,4.0,0,No
103424,Female,27.0,Tulkarm,12,One Year,93.22,1198.1,Bank Transfer,DSL,1,3.0,1,No
103425,Male,37.0,Gaza,33,Month-to-Month,113.67,3702.48,Credit Card,Fiber Optic,2,3.0,0,No
103426,Female,20.0,Hebron,49,One Year,43.35,2014.1,Credit Card,No Internet,1,3.0,0,No
103427,Female,49.0,Ramallah,35,Two Year,65.25,2366.53,Credit Card,No Internet,7,4.0,1,No
103428,Female,36.0,Jenin,28,Month-to-Month,103.93,2760.42,Cash,No Internet,0,3.0,0,No
103429,Female,35.0,Jericho,7,Month-to-Month,86.34,631.67,PayPal,No Internet,1,5.0,1,No
103430,Female,42.0,Rafah,2,Month-to-Month,63.38,131.06,Bank Transfer,No Internet,3,4.0,0,Yes
103431,Male,34.0,Khan Yunis,46,One Year,69.28,3306.92,Credit Card,No Internet,1,3.0,0,No
103432,Female,31.0,Jericho,28,Month-to-Month,99.93,2940.89,PayPal,No Internet,2,3.0,1,Yes
103433,Male,43.0,Ramallah,28,One Year,85.96,2254.88,Bank Transfer,No Internet,2,1.0,2,No
103434,Female,49.0,Nablus,48,One Year,46.93,2093.27,PayPal,Fiber Optic,1,4.0,1,No
103435,Female,51.0,Jenin,59,Two Year,129.47,8150.96,Bank Transfer,Fiber Optic,2,3.0,1,No
103436,Male,36.0,Tulkarm,21,One Year,49.12,1001.06,PayPal,Fiber Optic,2,4.0,1,No
103437,Male,18.0,Nablus,62,One Year,50.7,3152.58,Cash,No Internet,0,4.0,1,No
103438,Female,40.0,Tulkarm,62,Month-to-Month,20.0,1274.76,Credit Card,Fiber Optic,0,4.0,0,Yes
103439,Female,37.0,Khan Yunis,8,One Year,60.85,493.32,Credit Card,DSL,0,4.0,3,No
103440,Male,28.0,Gaza,27,Two Year,96.25,2460.92,Cash,Fiber Optic,1,2.0,3,No
103441,Female,50.0,Bethlehem,54,Month-to-Month,77.98,4003.82,Cash,No Internet,6,4.0,0,No
103442,Male,60.0,Hebron,52,Two Year,52.95,2742.85,Bank Transfer,Fiber Optic,1,4.0,2,No
103443,Male,38.0,Rafah,56,One Year,74.33,4332.39,Credit Card,No Internet,6,5.0,1,No
103444,Female,58.0,Gaza,1,Month-to-Month,68.97,72.04,Credit Card,Fiber Optic,3,4.0,0,Yes
103445,Male,55.0,Gaza,65,One Year,81.81,5115.08,Cash,No Internet,2,3.0,3,No
103446,Female,41.0,Jenin,59,Month-to-Month,99.12,6035.7,Cash,No Internet,1,4.0,0,No
103447,Male,31.0,Tulkarm,52,Two Year,30.47,1627.1,Credit Card,No Internet,3,5.0,0,No
103448,Male,34.0,Khan Yunis,5,Month-to-Month,92.53,427.73,Credit Card,Fiber Optic,1,3.0,0,No
103449,Male,29.0,Jenin,37,Month-to-Month,71.64,2446.77,Cash,No Internet,2,3.0,1,Yes
103450,Female,32.0,Khan Yunis,54,Month-to-Month,60.71,3506.2,PayPal,Fiber Optic,3,2.0,1,No
103451,Female,44.0,Nablus,41,Month-to-Month,66.47,2609.79,Cash,No Internet,2,5.0,1,No
103452,Female,42.0,Jericho,25,Month-to-Month,48.36,1223.19,Cash,Fiber Optic,1,3.0,2,No
103453,Male,25.0,Gaza,52,Month-to-Month,66.99,3463.7,Bank Transfer,No Internet,2,2.0,0,No
103454,Female,32.0,Nablus,11,Month-to-Month,60.85,719.5,Bank Transfer,No Internet,3,5.0,0,No
103455,Male,39.0,Nablus,9,Two Year,77.11,736.29,Bank Transfer,DSL,0,3.0,2,No
103456,Female,49.0,Jericho,54,Two Year,82.61,4780.33,Cash,DSL,1,4.0,0,No
103457,Male,27.0,Tulkarm,57,Month-to-Month,68.73,3801.15,Bank Transfer,Fiber Optic,3,3.0,1,No
103458,Male,27.0,Ramallah,34,Month-to-Month,93.16,3274.42,Cash,DSL,1,3.0,3,No
103459,Male,31.0,Khan Yunis,37,Month-to-Month,70.51,2808.2,PayPal,No Internet,5,3.0,0,No
103460,Male,37.0,Jenin,33,Month-to-Month,70.1,2188.1,Cash,No Internet,4,5.0,1,Yes
103461,Female,41.0,Nablus,39,Month-to-Month,24.07,911.39,PayPal,Fiber Optic,5,4.0,1,No
103462,Female,59.0,Bethlehem,48,Month-to-Month,53.17,2661.25,Cash,DSL,1,4.0,1,Yes
103463,Female,29.0,Tulkarm,44,One Year,54.41,2415.57,Bank Transfer,Fiber Optic,1,4.0,1,No
103464,Male,44.0,Hebron,10,Two Year,42.87,405.59,Credit Card,Fiber Optic,0,2.0,1,No
103465,Female,48.0,Ramallah,27,Month-to-Month,77.51,1934.53,PayPal,DSL,3,4.0,1,No
103466,Male,18.0,Jenin,8,Month-to-Month,79.83,683.68,Bank Transfer,No Internet,2,3.0,3,Yes
103467,Male,36.0,Jericho,5,Month-to-Month,46.77,229.38,Bank Transfer,Fiber Optic,1,3.0,1,Yes
103468,Male,41.0,Tulkarm,28,Two Year,67.88,1818.15,PayPal,DSL,0,3.0,3,No
103469,Male,,,9,Month-to-Month,93.74,838.9,Cash,Fiber Optic,4,1.0,1,No
103470,Female,30.0,Jericho,18,Month-to-Month,48.88,841.06,PayPal,DSL,1,3.0,2,No
103471,Female,18.0,Nablus,53,Two Year,28.78,1594.87,Cash,DSL,0,3.0,0,No
103472,Male,44.0,Rafah,66,One Year,91.37,5559.56,Credit Card,DSL,3,3.0,1,No
103473,Female,19.0,Khan Yunis,51,Month-to-Month,26.16,1271.06,Credit Card,Fiber Optic,0,4.0,1,No
103474,Female,25.0,Gaza,34,One Year,62.49,2137.15,Cash,DSL,1,4.0,0,No
103475,Male,44.0,Khan Yunis,32,Two Year,144.18,4322.36,PayPal,Fiber Optic,2,3.0,2,No
103476,Female,37.0,Khan Yunis,3,One Year,68.68,209.41,Cash,No Internet,1,3.0,2,No
103477,Female,19.0,Rafah,65,,91.15,5649.85,Credit Card,DSL,1,5.0,2,No
103478,Male,55.0,Jericho,65,Month-to-Month,90.39,6068.16,Credit Card,DSL,2,4.0,1,No
103479,Female,65.0,Gaza,5,Month-to-Month,63.63,321.62,Cash,No Internet,2,3.0,1,No
103480,Female,18.0,Ramallah,52,Month-to-Month,77.66,3980.92,Credit Card,DSL,1,3.0,0,Yes
103481,Male,39.0,Nablus,65,Month-to-Month,63.04,4118.29,Credit Card,No Internet,1,3.0,1,No
103482,Male,49.0,Gaza,62,One Year,44.53,2691.9,Bank Transfer,DSL,2,5.0,2,No
103483,Female,32.0,Jericho,6,Month-to-Month,109.26,705.87,Bank Transfer,Fiber Optic,2,4.0,0,Yes
103484,Female,18.0,Hebron,66,One Year,52.49,3495.45,Credit Card,Fiber Optic,5,4.0,0,No
103485,Female,27.0,Nablus,61,One Year,102.72,6084.69,Cash,Fiber Optic,1,5.0,5,No
103486,Female,30.0,Gaza,61,One Year,66.85,4396.46,PayPal,Fiber Optic,1,3.0,4,No
103487,Female,52.0,Hebron,25,One Year,50.61,1295.47,Cash,Fiber Optic,3,3.0,0,No
103488,Female,28.0,Ramallah,37,Month-to-Month,79.25,3079.49,Cash,DSL,0,2.0,2,No
103489,Male,30.0,Ramallah,63,Month-to-Month,40.2,2405.82,PayPal,Fiber Optic,1,4.0,0,No
103490,Male,40.0,Gaza,26,Month-to-Month,52.06,1443.35,Cash,DSL,3,3.0,0,No
103491,Female,50.0,Hebron,35,Month-to-Month,74.01,2642.91,Credit Card,DSL,2,4.0,0,No
103492,Female,64.0,Ramallah,39,Month-to-Month,68.13,2514.16,Credit Card,Fiber Optic,3,5.0,4,No
103493,Female,45.0,Hebron,44,One Year,76.18,3462.22,PayPal,DSL,3,4.0,1,Yes
103494,Female,33.0,Hebron,27,One Year,92.11,2297.12,PayPal,No Internet,2,5.0,2,No
103495,Female,49.0,Rafah,17,One Year,114.4,1956.84,Bank Transfer,Fiber Optic,2,2.0,2,Yes
103496,Male,48.0,Bethlehem,54,Month-to-Month,59.33,3241.85,Credit Card,Fiber Optic,3,3.0,2,No
103497,Female,37.0,Nablus,46,One Year,119.77,5879.36,Cash,Fiber Optic,2,3.0,0,No
103498,Male,36.0,Nablus,21,One Year,42.63,882.89,Cash,No Internet,1,5.0,0,No
103499,Female,31.0,Nablus,11,One Year,109.08,1129.44,PayPal,DSL,4,,1,No
100049,Male,32.0,Hebron,5,Month-to-Month,75.13,402.94,Bank Transfer,DSL,4,3.0,0,No
101257,Female,51.0,Nablus,58,Month-to-Month,64.72,3640.39,Cash,No Internet,2,4.0,1,No
100753,Female,49.0,Khan Yunis,17,Two Year,49.91,862.45,Bank Transfer,No Internet,3,3.0,1,No
102190,Female,43.0,Gaza,14,Month-to-Month,53.05,749.91,Credit Card,No Internet,1,3.0,1,No
103036,Male,48.0,Hebron,61,Month-to-Month,50.02,2861.43,Bank Transfer,Fiber Optic,3,4.0,1,Yes
102893,Male,29.0,Gaza,48,Month-to-Month,98.53,4843.29,Cash,No Internet,2,4.0,1,No
101482,Male,26.0,Bethlehem,54,Two Year,81.58,4201.66,PayPal,No Internet,2,3.0,0,No
100628,Female,41.0,Rafah,50,One Year,64.54,3219.29,Bank Transfer,No Internet,2,3.0,1,No
101486,Male,28.0,Tulkarm,62,One Year,28.34,1736.17,PayPal,DSL,1,4.0,2,No
100070,Female,18.0,Nablus,66,Two Year,99.92,6721.42,Bank Transfer,No Internet,3,4.0,2,No
100776,Female,33.0,Rafah,61,Month-to-Month,60.11,3559.16,Credit Card,DSL,3,3.0,0,No
100032,Female,44.0,Hebron,16,One Year,94.37,1485.4,PayPal,DSL,0,3.0,1,No
102607,Female,58.0,Hebron,3,Month-to-Month,63.85,201.16,Bank Transfer,DSL,3,3.0,0,No
103107,Female,60.0,Hebron,52,One Year,69.31,3855.21,Credit Card,Fiber Optic,2,5.0,2,No
102023,Female,27.0,Jenin,40,Month-to-Month,82.07,3454.39,PayPal,DSL,2,3.0,0,No
101152,Male,18.0,Jericho,31,One Year,100.06,2937.57,PayPal,Fiber Optic,2,1.0,2,No
102523,Male,22.0,Tulkarm,70,Month-to-Month,40.83,2947.69,Bank Transfer,Fiber Optic,1,5.0,0,No
101539,Male,23.0,Tulkarm,51,Month-to-Month,53.62,2902.03,Bank Transfer,Fiber Optic,0,5.0,0,No
102466,Male,45.0,Nablus,26,One Year,62.52,1580.02,Cash,DSL,2,3.0,2,No
101155,Female,57.0,Tulkarm,66,Month-to-Month,70.96,4729.15,PayPal,DSL,6,3.0,0,No
101659,Female,35.0,Tulkarm,16,One Year,52.7,862.29,Cash,DSL,2,5.0,0,No
103465,Female,48.0,Ramallah,27,Month-to-Month,77.51,1934.53,PayPal,DSL,3,4.0,1,No
101002,Male,49.0,Khan Yunis,36,Month-to-Month,75.51,2673.52,Cash,Fiber Optic,3,3.0,0,No
100438,Male,22.0,Ramallah,60,One Year,116.61,7384.07,Bank Transfer,Fiber Optic,1,4.0,2,No
101799,Female,32.0,Gaza,3,Month-to-Month,101.0,281.99,Bank Transfer,Fiber Optic,2,4.0,0,No
101749,Male,,Hebron,36,One Year,102.92,3989.56,Credit Card,Fiber Optic,4,4.0,0,No
101307,Male,23.0,Ramallah,58,Month-to-Month,59.75,3345.11,Bank Transfer,No Internet,2,4.0,0,No
102927,Female,52.0,Ramallah,23,Month-to-Month,82.72,2013.52,PayPal,No Internet,2,4.0,2,Yes
100486,Male,29.0,Jenin,12,One Year,61.72,722.07,PayPal,No Internet,1,2.0,2,No
100695,Male,42.0,Ramallah,17,One Year,37.72,599.98,Credit Card,No Internet,2,5.0,1,No
101855,Female,39.0,Bethlehem,1,One Year,92.39,91.06,Bank Transfer,No Internet,0,4.0,1,Yes
102154,Male,52.0,Rafah,56,One Year,55.16,3333.23,PayPal,No Internet,1,4.0,0,No
101051,Male,34.0,Nablus,10,Month-to-Month,65.86,614.79,Bank Transfer,No Internet,0,4.0,0,No
101458,Female,74.0,Jenin,6,Month-to-Month,68.21,426.85,Credit Card,Fiber Optic,2,4.0,0,Yes
103017,Male,39.0,Rafah,65,Two Year,88.09,5442.04,Credit Card,DSL,1,4.0,1,No
