Customer_ID,Gender,Age,City,Tenure_Months,Contract_Type,Monthly_Charges,Total_Charges,Payment_Method,Internet_Service,Support_Calls,Satisfaction_Score,Late_Payments,Churn,Age_Group,Tenure_Group
100000,Female,45.0,Hebron,72.0,One Year,71.54,5150.88,Cash,Fiber Optic,1,5.0,0,Yes,45-54,49-72 Months
100001,Male,48.0,Jericho,2.0,One Year,80.83,161.66,PayPal,Fiber Optic,0,4.0,3,No,45-54,0-12 Months
100002,Male,18.0,Khan Yunis,60.0,Month-to-Month,90.09,5405.400000000001,Cash,No Internet,2,5.0,0,No,Under 25,49-72 Months
100003,Male,44.0,Rafah,51.0,One Year,61.87,3155.37,Bank Transfer,Fiber Optic,0,5.0,2,No,35-44,49-72 Months
100004,Female,29.0,Bethlehem,60.0,One Year,55.54,3332.4,Bank Transfer,Fiber Optic,0,3.0,1,No,25-34,49-72 Months
100005,Male,44.0,Nablus,2.0,Month-to-Month,40.55,81.1,PayPal,Fiber Optic,1,3.0,2,No,35-44,0-12 Months
100006,Female,27.0,Gaza,62.0,Month-to-Month,104.72,6492.64,PayPal,No Internet,1,3.0,0,No,25-34,49-72 Months
100007,Male,52.0,Khan Yunis,41.0,Month-to-Month,53.91,2210.31,Bank Transfer,No Internet,0,3.0,1,No,45-54,25-48 Months
100008,Male,51.0,Nablus,5.0,One Year,91.94,459.7,Credit Card,No Internet,5,4.0,1,No,45-54,0-12 Months
100009,Male,61.0,Hebron,35.0,Month-to-Month,49.05,1716.75,Credit Card,DSL,4,3.0,1,No,55+,25-48 Months
100010,Female,20.0,Ramallah,4.0,Month-to-Month,101.06,404.24,Bank Transfer,DSL,2,3.0,1,No,Under 25,0-12 Months
100011,Male,33.0,Jericho,66.0,Month-to-Month,38.33,2529.7799999999997,Cash,No Internet,0,4.0,1,No,25-34,49-72 Months
100012,Female,34.0,Jenin,62.0,One Year,93.77,5813.74,Cash,No Internet,0,5.0,0,No,25-34,49-72 Months
100013,Male,35.0,Hebron,70.0,Month-to-Month,20.0,1400.0,Credit Card,DSL,1,4.0,0,No,35-44,49-72 Months
100014,Female,41.0,Hebron,52.0,Month-to-Month,24.44,1270.88,PayPal,DSL,3,3.0,1,Yes,35-44,49-72 Months
100015,Male,71.0,Jenin,1.0,Two Year,60.63,60.63,Cash,Fiber Optic,2,3.0,2,No,55+,0-12 Months
100016,Female,57.0,Jericho,70.0,One Year,39.95,2796.5,PayPal,DSL,3,3.0,1,No,55+,49-72 Months
100017,Female,50.0,Nablus,67.0,Month-to-Month,61.6,4127.2,Credit Card,Fiber Optic,0,4.0,2,No,45-54,49-72 Months
100018,Female,54.0,Jericho,50.0,Month-to-Month,96.83,4841.5,Credit Card,DSL,4,3.0,1,No,45-54,49-72 Months
100019,Female,36.0,Khan Yunis,37.0,Month-to-Month,71.33,2639.21,Credit Card,No Internet,4,4.0,5,No,35-44,25-48 Months
100020,Female,26.0,Bethlehem,66.0,One Year,47.65,3144.9,Credit Card,DSL,2,5.0,1,No,25-34,49-72 Months
100021,Female,28.0,Khan Yunis,7.0,Month-to-Month,74.36,520.52,Cash,No Internet,3,5.0,2,No,25-34,0-12 Months
100022,Female,18.0,Khan Yunis,28.0,Two Year,53.82,1506.96,Cash,Fiber Optic,2,3.0,1,No,Under 25,25-48 Months
100023,Male,41.0,Jericho,6.0,Month-to-Month,71.9,431.40000000000003,Bank Transfer,DSL,4,4.0,1,Yes,35-44,0-12 Months
100024,Female,48.0,Hebron,58.0,Month-to-Month,77.31,4483.9800000000005,Credit Card,Fiber Optic,1,2.0,0,No,45-54,49-72 Months
100025,Male,57.0,Rafah,2.0,Two Year,97.07,194.14,Credit Card,No Internet,1,3.0,1,No,55+,0-12 Months
100026,Female,47.0,Khan Yunis,60.0,One Year,39.1,2346.0,Cash,DSL,3,3.0,3,No,45-54,49-72 Months
100027,Male,35.0,Khan Yunis,51.0,One Year,132.87,6776.37,Cash,No Internet,2,2.0,0,No,35-44,49-72 Months
100028,Female,27.0,Rafah,8.0,Month-to-Month,66.63,533.04,PayPal,Fiber Optic,2,3.0,0,No,25-34,0-12 Months
100029,Male,30.0,Jericho,55.0,Month-to-Month,72.32,3977.5999999999995,Cash,No Internet,2,3.0,0,Yes,25-34,49-72 Months
100030,Male,62.0,Hebron,1.0,Month-to-Month,58.06,58.06,Credit Card,Fiber Optic,1,5.0,0,Yes,55+,0-12 Months
100031,Male,44.0,Jenin,1.0,Two Year,128.05,128.05,PayPal,Fiber Optic,1,4.0,0,Yes,35-44,0-12 Months
100032,Female,44.0,Hebron,16.0,One Year,94.37,1509.92,PayPal,DSL,0,3.0,1,No,35-44,13-24 Months
100033,Female,22.0,Bethlehem,10.0,Month-to-Month,75.05,750.5,PayPal,DSL,6,4.0,2,Yes,Under 25,0-12 Months
100034,Male,45.0,Gaza,12.0,Month-to-Month,86.68,1040.16,PayPal,No Internet,3,4.0,0,No,45-54,0-12 Months
100035,Male,30.0,Hebron,8.0,Month-to-Month,113.87,910.96,Cash,No Internet,1,2.0,1,No,25-34,0-12 Months
100036,Female,44.0,Rafah,36.0,Month-to-Month,73.03,2629.08,Cash,Fiber Optic,1,5.0,2,No,35-44,25-48 Months
100037,Male,31.0,Gaza,62.0,Month-to-Month,36.65,2272.2999999999997,Credit Card,Fiber Optic,2,4.0,1,No,25-34,49-72 Months
100038,Male,18.0,Tulkarm,19.0,Two Year,53.93,1024.67,PayPal,DSL,1,4.0,1,No,Under 25,13-24 Months
100039,Male,37.0,Ramallah,16.0,Month-to-Month,30.2,483.2,PayPal,Fiber Optic,3,3.0,1,No,35-44,13-24 Months
100040,Female,39.0,Jenin,5.0,Two Year,58.07,290.35,PayPal,No Internet,7,4.0,1,No,35-44,0-12 Months
100041,Female,35.0,Ramallah,29.0,Two Year,38.8,1125.1999999999998,Cash,DSL,5,2.0,2,No,35-44,25-48 Months
100042,Male,38.0,Bethlehem,13.0,Month-to-Month,49.94,649.22,Credit Card,Fiber Optic,3,3.0,3,Yes,35-44,13-24 Months
100043,Male,18.0,Gaza,33.0,One Year,80.6,2659.7999999999997,Credit Card,Fiber Optic,0,3.0,2,No,Under 25,25-48 Months
100044,Male,33.0,Tulkarm,54.0,Month-to-Month,121.5,6561.0,Credit Card,No Internet,2,5.0,0,Yes,25-34,49-72 Months
100045,Male,28.0,Tulkarm,36.0,Month-to-Month,21.9,788.4,Bank Transfer,DSL,1,3.0,3,No,25-34,25-48 Months
100046,Male,46.0,Jenin,29.0,Month-to-Month,99.26,2878.54,PayPal,Fiber Optic,0,3.0,0,No,45-54,25-48 Months
100047,Female,47.0,Nablus,25.0,One Year,92.51,2312.75,Credit Card,DSL,1,3.0,0,No,45-54,25-48 Months
100048,Male,42.0,Nablus,63.0,One Year,47.57,2996.91,Cash,No Internet,3,4.0,0,No,35-44,49-72 Months
100049,Male,32.0,Hebron,5.0,Month-to-Month,75.13,375.65,Bank Transfer,DSL,4,3.0,0,No,25-34,0-12 Months
100050,Female,21.0,Jericho,32.0,Month-to-Month,88.39,2828.48,Credit Card,No Internet,0,3.0,0,No,Under 25,25-48 Months
100051,Male,33.0,Ramallah,3.0,One Year,104.48,313.44,Bank Transfer,Fiber Optic,3,3.0,0,No,25-34,0-12 Months
100052,Male,47.0,Jenin,66.0,Two Year,109.22,7208.5199999999995,Bank Transfer,No Internet,6,4.0,0,No,45-54,49-72 Months
100053,Female,61.0,Khan Yunis,30.0,Month-to-Month,99.54,2986.2000000000003,PayPal,DSL,2,4.0,1,No,55+,25-48 Months
100054,Male,38.0,Tulkarm,43.0,Two Year,85.08,3658.44,Bank Transfer,Fiber Optic,1,4.0,0,No,35-44,25-48 Months
100055,Female,26.0,Ramallah,56.0,Month-to-Month,99.93,5596.08,PayPal,No Internet,3,3.0,1,No,25-34,49-72 Months
100056,Male,39.0,Nablus,5.0,One Year,62.78,313.9,Cash,No Internet,1,5.0,0,No,35-44,0-12 Months
100057,Male,39.0,Tulkarm,47.0,Month-to-Month,57.51,2702.97,Cash,Fiber Optic,2,4.0,0,No,35-44,25-48 Months
100058,Male,29.0,Bethlehem,47.0,Month-to-Month,89.49,4206.03,Cash,No Internet,2,4.0,1,No,25-34,25-48 Months
100059,Female,26.0,Jericho,18.0,Month-to-Month,113.09,2035.6200000000001,Cash,Fiber Optic,1,1.0,1,Yes,25-34,13-24 Months
100060,Male,30.0,Tulkarm,44.0,Two Year,47.96,2110.2400000000002,Credit Card,Fiber Optic,1,3.0,1,No,25-34,25-48 Months
100061,Female,67.0,Hebron,34.0,One Year,127.11,4321.74,Bank Transfer,Fiber Optic,2,5.0,2,No,55+,25-48 Months
100062,Male,45.0,Rafah,53.0,One Year,70.14,3717.42,Cash,Fiber Optic,0,3.0,0,No,45-54,49-72 Months
100063,Female,32.0,Hebron,62.0,One Year,94.94,5886.28,Cash,Fiber Optic,0,4.0,2,No,25-34,49-72 Months
100064,Female,42.0,Nablus,26.0,One Year,119.58,3109.08,Bank Transfer,DSL,2,4.0,0,No,35-44,25-48 Months
100065,Female,18.0,Gaza,47.0,One Year,99.69,4685.43,Credit Card,DSL,0,4.0,2,No,Under 25,25-48 Months
100066,Female,29.0,Gaza,5.0,Month-to-Month,21.53,107.65,Credit Card,No Internet,0,3.0,1,No,25-34,0-12 Months
100067,Female,48.0,Tulkarm,17.0,Month-to-Month,73.21,1244.57,Credit Card,DSL,2,2.0,2,No,45-54,13-24 Months
100068,Male,47.0,Tulkarm,64.0,Two Year,70.27,4497.28,Credit Card,No Internet,2,3.0,1,No,45-54,49-72 Months
100069,Male,34.0,Bethlehem,26.0,Two Year,68.15,1771.9,PayPal,Fiber Optic,3,4.0,2,No,25-34,25-48 Months
100070,Female,18.0,Nablus,66.0,Two Year,99.92,6594.72,Bank Transfer,No Internet,3,4.0,2,No,Under 25,49-72 Months
100071,Female,33.0,Jenin,27.0,Month-to-Month,62.82,1696.14,Cash,Fiber Optic,1,4.0,1,No,25-34,25-48 Months
100072,Male,45.0,Jericho,38.0,Month-to-Month,83.34,3166.92,Bank Transfer,DSL,2,2.0,1,No,45-54,25-48 Months
100073,Female,75.0,Hebron,45.0,One Year,96.74,4353.3,PayPal,No Internet,2,5.0,0,Yes,55+,25-48 Months
100074,Female,41.0,Rafah,72.0,One Year,95.89,6904.08,Cash,No Internet,1,3.0,2,No,35-44,49-72 Months
100075,Male,33.0,Nablus,43.0,Month-to-Month,77.73,3342.3900000000003,Bank Transfer,No Internet,3,4.0,1,No,25-34,25-48 Months
100076,Male,41.0,Hebron,11.0,One Year,77.5,852.5,Bank Transfer,Fiber Optic,1,5.0,2,No,35-44,0-12 Months
100077,Male,45.0,Hebron,53.0,One Year,101.77,5393.8099999999995,PayPal,No Internet,0,3.0,0,No,45-54,49-72 Months
100078,Female,49.0,Jericho,2.0,Two Year,76.83,153.66,Cash,No Internet,3,3.0,0,Yes,45-54,0-12 Months
100079,Male,43.0,Ramallah,52.0,One Year,95.11,4945.72,Credit Card,Fiber Optic,2,3.0,0,No,35-44,49-72 Months
100080,Female,35.0,Gaza,63.0,One Year,47.34,2982.42,Cash,Fiber Optic,3,3.0,1,No,35-44,49-72 Months
100081,Female,41.0,Rafah,45.0,Month-to-Month,102.15,4596.75,PayPal,No Internet,2,3.0,1,No,35-44,25-48 Months
100082,Female,59.0,Rafah,4.0,Month-to-Month,74.55,298.2,Bank Transfer,Fiber Optic,3,2.0,0,Yes,55+,0-12 Months
100083,Female,61.0,Hebron,32.0,Two Year,98.39,3148.48,Bank Transfer,DSL,0,5.0,0,No,55+,25-48 Months
100084,Female,40.0,Bethlehem,67.0,Unknown,71.74,4806.58,Bank Transfer,No Internet,7,2.0,1,No,35-44,49-72 Months
100085,Female,27.0,Ramallah,7.0,Month-to-Month,92.22,645.54,Cash,Fiber Optic,0,4.0,3,Yes,25-34,0-12 Months
100086,Female,52.0,Tulkarm,67.0,Month-to-Month,62.31,4174.77,Credit Card,Fiber Optic,2,2.0,1,No,45-54,49-72 Months
100087,Male,31.0,Jericho,24.0,Two Year,79.16,1899.84,PayPal,DSL,2,2.0,1,No,25-34,13-24 Months
100088,Female,28.0,Unknown,22.0,Month-to-Month,115.52,2541.44,Cash,DSL,3,4.0,0,No,25-34,13-24 Months
100089,Male,26.0,Tulkarm,17.0,Month-to-Month,73.28,1245.76,Bank Transfer,No Internet,1,1.0,0,No,25-34,13-24 Months
100090,Male,50.0,Rafah,12.0,One Year,52.09,625.08,Cash,No Internet,4,4.0,1,No,45-54,0-12 Months
100091,Male,37.0,Nablus,53.0,One Year,39.14,2074.42,PayPal,Fiber Optic,1,4.0,0,No,35-44,49-72 Months
100092,Female,46.0,Tulkarm,55.0,Two Year,31.16,1713.8,Bank Transfer,Fiber Optic,3,4.0,0,No,45-54,49-72 Months
100093,Female,19.0,Jenin,62.0,Month-to-Month,63.0,3906.0,PayPal,DSL,1,5.0,1,No,Under 25,49-72 Months
100094,Male,28.0,Bethlehem,44.0,Two Year,73.11,3216.84,Cash,No Internet,1,4.0,0,No,25-34,25-48 Months
100095,Male,31.0,Gaza,17.0,Month-to-Month,73.14,1243.38,Cash,Fiber Optic,1,4.0,3,No,25-34,13-24 Months
100096,Male,33.0,Ramallah,12.0,Two Year,90.82,1089.84,PayPal,No Internet,3,4.0,2,No,25-34,0-12 Months
100097,Female,40.0,Jenin,7.0,Unknown,86.17,603.19,Bank Transfer,Fiber Optic,5,3.0,1,No,35-44,0-12 Months
100098,Male,33.0,Ramallah,3.0,One Year,67.27,201.81,Bank Transfer,Fiber Optic,3,5.0,0,No,25-34,0-12 Months
100099,Female,41.0,Tulkarm,33.0,One Year,81.68,2695.44,Cash,Fiber Optic,1,4.0,1,No,35-44,25-48 Months
100100,Male,48.0,Nablus,39.0,One Year,76.18,2971.0200000000004,Bank Transfer,No Internet,0,5.0,0,No,45-54,25-48 Months
100101,Male,30.0,Bethlehem,10.0,One Year,68.34,683.4000000000001,PayPal,No Internet,2,3.0,1,No,25-34,0-12 Months
100102,Female,38.0,Gaza,48.0,Month-to-Month,115.35,5536.799999999999,PayPal,DSL,0,2.0,2,No,35-44,25-48 Months
100103,Female,47.0,Ramallah,61.0,Month-to-Month,89.08,5433.88,PayPal,Fiber Optic,6,2.0,1,No,45-54,49-72 Months
100104,Female,37.0,Jericho,41.0,One Year,62.47,2561.27,PayPal,DSL,2,3.0,0,No,35-44,25-48 Months
100105,Female,23.0,Bethlehem,62.0,Month-to-Month,130.89,8115.179999999999,Cash,Fiber Optic,1,3.0,2,No,Under 25,49-72 Months
100106,Female,36.0,Jericho,67.0,Month-to-Month,30.95,2073.65,PayPal,DSL,5,4.0,1,No,35-44,49-72 Months
100107,Male,26.0,Rafah,70.0,Month-to-Month,97.69,6838.3,Cash,DSL,4,3.0,2,No,25-34,49-72 Months
100108,Female,32.0,Khan Yunis,45.0,One Year,51.24,2305.8,Credit Card,No Internet,4,3.0,2,No,25-34,25-48 Months
100109,Female,40.0,Rafah,30.0,Two Year,114.18,3425.4,Cash,No Internet,1,4.0,0,No,35-44,25-48 Months
100110,Female,26.0,Gaza,60.0,Month-to-Month,78.86,4731.6,Credit Card,DSL,0,5.0,1,No,25-34,49-72 Months
100111,Female,35.0,Jericho,37.0,Month-to-Month,63.84,2362.08,Bank Transfer,DSL,2,4.0,1,No,35-44,25-48 Months
100112,Female,31.0,Bethlehem,7.0,One Year,84.43,591.01,PayPal,DSL,0,3.0,1,No,25-34,0-12 Months
100113,Male,48.0,Bethlehem,46.0,Month-to-Month,91.96,4230.16,Credit Card,No Internet,0,3.0,3,No,45-54,25-48 Months
100114,Male,29.0,Hebron,27.0,One Year,93.28,2518.56,Cash,No Internet,2,2.0,5,No,25-34,25-48 Months
100115,Female,23.0,Nablus,34.0,Month-to-Month,43.71,1486.14,Cash,DSL,3,5.0,4,No,Under 25,25-48 Months
100116,Male,41.0,Khan Yunis,46.0,Month-to-Month,92.73,4265.58,Cash,DSL,1,4.0,1,No,35-44,25-48 Months
100117,Female,18.0,Ramallah,60.0,Month-to-Month,78.2,4692.0,PayPal,Fiber Optic,2,3.0,1,Yes,Under 25,49-72 Months
100118,Female,33.0,Rafah,38.0,Two Year,20.0,760.0,PayPal,DSL,4,3.0,1,No,25-34,25-48 Months
100119,Female,23.0,Nablus,20.0,Month-to-Month,104.59,2091.8,Credit Card,DSL,1,3.0,2,Yes,Under 25,13-24 Months
100120,Male,20.0,Ramallah,38.0,Month-to-Month,47.32,1798.16,Cash,No Internet,3,4.0,0,No,Under 25,25-48 Months
100121,Male,28.0,Nablus,6.0,Two Year,117.54,705.24,PayPal,No Internet,4,5.0,2,Yes,25-34,0-12 Months
100122,Female,67.0,Rafah,22.0,One Year,104.31,2294.82,PayPal,DSL,3,2.0,0,No,55+,13-24 Months
100123,Female,32.0,Jericho,55.0,Two Year,87.65,4820.75,Credit Card,No Internet,1,1.0,1,No,25-34,49-72 Months
100124,Male,45.0,Hebron,49.0,Two Year,64.5,3160.5,Bank Transfer,No Internet,4,2.0,1,No,45-54,49-72 Months
100125,Male,65.0,Ramallah,66.0,Month-to-Month,107.92,7122.72,Credit Card,DSL,3,4.0,1,No,55+,49-72 Months
100126,Female,48.0,Gaza,42.0,Month-to-Month,57.07,2396.94,Cash,DSL,2,3.0,2,No,45-54,25-48 Months
100127,Female,52.0,Nablus,2.0,One Year,81.71,163.42,Cash,DSL,1,3.0,1,No,45-54,0-12 Months
100128,Male,18.0,Tulkarm,23.0,One Year,113.65,2613.9500000000003,Credit Card,No Internet,1,3.0,0,No,Under 25,13-24 Months
100129,Female,22.0,Ramallah,1.0,Month-to-Month,129.74,129.74,Credit Card,Fiber Optic,2,2.0,1,Yes,Under 25,0-12 Months
100130,Female,58.0,Unknown,44.0,Month-to-Month,79.44,3495.3599999999997,Credit Card,DSL,3,2.0,0,No,55+,25-48 Months
100131,Female,47.0,Khan Yunis,59.0,One Year,76.97,4541.23,PayPal,DSL,0,1.0,0,No,45-54,49-72 Months
100132,Female,40.0,Bethlehem,57.0,Month-to-Month,86.31,4919.67,Bank Transfer,Fiber Optic,2,2.0,0,Yes,35-44,49-72 Months
100133,Male,40.0,Jenin,52.0,Month-to-Month,51.54,2680.08,Credit Card,Fiber Optic,2,4.0,1,No,35-44,49-72 Months
100134,Female,46.0,Ramallah,55.0,Month-to-Month,52.07,2863.85,PayPal,No Internet,2,4.0,0,No,45-54,49-72 Months
100135,Female,41.0,Bethlehem,72.0,One Year,90.45,6512.400000000001,PayPal,DSL,3,4.0,0,No,35-44,49-72 Months
100136,Male,49.0,Bethlehem,48.0,Month-to-Month,65.04,3121.92,PayPal,No Internet,1,4.0,0,Yes,45-54,25-48 Months
100137,Female,28.0,Khan Yunis,4.0,Month-to-Month,101.17,404.68,Credit Card,DSL,4,4.0,1,No,25-34,0-12 Months
100138,Male,22.0,Tulkarm,21.0,Month-to-Month,33.91,712.1099999999999,Credit Card,No Internet,2,3.0,1,No,Under 25,13-24 Months
100139,Male,35.0,Hebron,66.0,Two Year,20.0,1320.0,Bank Transfer,No Internet,3,3.0,0,No,35-44,49-72 Months
100140,Male,57.0,Hebron,44.0,One Year,29.4,1293.6,Bank Transfer,No Internet,2,3.0,2,No,55+,25-48 Months
100141,Female,55.0,Nablus,15.0,Month-to-Month,77.61,1164.15,Credit Card,No Internet,0,3.0,1,No,55+,13-24 Months
100142,Male,18.0,Jenin,52.0,One Year,72.54,3772.0800000000004,Credit Card,No Internet,4,2.0,1,No,Under 25,49-72 Months
100143,Male,39.0,Rafah,39.0,Month-to-Month,121.17,4725.63,Credit Card,No Internet,0,4.0,1,No,35-44,25-48 Months
100144,Female,57.0,Khan Yunis,1.0,Two Year,73.12,73.12,Bank Transfer,DSL,2,4.0,0,No,55+,0-12 Months
100145,Male,68.0,Rafah,26.0,Two Year,87.49,2274.74,Cash,DSL,3,2.0,0,No,55+,25-48 Months
100146,Male,49.0,Nablus,60.0,Month-to-Month,60.99,3659.4,Bank Transfer,DSL,3,4.0,1,No,45-54,49-72 Months
100147,Female,34.0,Gaza,21.0,Month-to-Month,105.61,2217.81,Bank Transfer,No Internet,1,5.0,1,No,25-34,13-24 Months
100148,Female,28.0,Ramallah,39.0,Month-to-Month,115.98,4523.22,PayPal,No Internet,1,4.0,0,No,25-34,25-48 Months
100149,Female,54.0,Rafah,32.0,Month-to-Month,65.52,2096.64,Bank Transfer,Fiber Optic,0,3.0,1,No,45-54,25-48 Months
100150,Female,30.0,Unknown,68.0,Two Year,44.4,3019.2,PayPal,Fiber Optic,3,5.0,1,No,25-34,49-72 Months
100151,Female,50.0,Tulkarm,58.0,Month-to-Month,105.69,6130.0199999999995,Cash,DSL,4,2.0,0,No,45-54,49-72 Months
100152,Female,26.0,Nablus,62.0,Two Year,90.74,5625.88,PayPal,Fiber Optic,2,3.0,0,No,25-34,49-72 Months
100153,Male,43.0,Tulkarm,23.0,One Year,47.69,1096.87,Cash,Fiber Optic,6,3.0,1,No,35-44,13-24 Months
100154,Female,48.0,Jericho,14.0,Month-to-Month,98.92,1384.88,PayPal,No Internet,0,2.0,0,No,45-54,13-24 Months
100155,Female,19.0,Bethlehem,65.0,Month-to-Month,53.8,3497.0,PayPal,No Internet,3,2.0,3,No,Under 25,49-72 Months
100156,Female,40.0,Hebron,35.0,Month-to-Month,72.53,2538.55,Credit Card,DSL,3,3.0,0,Yes,35-44,25-48 Months
100157,Male,51.0,Rafah,2.0,Two Year,92.81,185.62,Cash,No Internet,2,4.0,1,No,45-54,0-12 Months
100158,Female,32.0,Gaza,41.0,Month-to-Month,98.29,4029.8900000000003,Bank Transfer,DSL,2,3.0,1,Yes,25-34,25-48 Months
100159,Female,38.0,Jericho,13.0,Month-to-Month,93.14,1210.82,Cash,Fiber Optic,0,3.0,0,Yes,35-44,13-24 Months
100160,Female,21.0,Jericho,5.0,Month-to-Month,35.93,179.65,Cash,DSL,2,3.0,1,No,Under 25,0-12 Months
100161,Female,33.0,Jenin,62.0,Two Year,55.76,3457.12,PayPal,DSL,3,3.0,0,No,25-34,49-72 Months
100162,Female,45.0,Jenin,38.0,One Year,49.3,1873.3999999999999,Cash,Fiber Optic,1,2.0,2,No,45-54,25-48 Months
100163,Female,18.0,Tulkarm,5.0,Month-to-Month,74.25,371.25,Bank Transfer,DSL,1,3.0,0,No,Under 25,0-12 Months
100164,Female,40.0,Rafah,65.0,Two Year,47.03,3056.9500000000003,Credit Card,Fiber Optic,3,3.0,0,No,35-44,49-72 Months
100165,Female,33.0,Jenin,11.0,Month-to-Month,104.91,1154.01,Credit Card,No Internet,0,3.0,1,No,25-34,0-12 Months
100166,Male,36.0,Jericho,52.0,Month-to-Month,117.79,6125.08,PayPal,DSL,3,4.0,0,Yes,35-44,49-72 Months
100167,Female,41.0,Hebron,48.0,One Year,91.95,4413.6,Cash,No Internet,0,3.0,2,No,35-44,25-48 Months
100168,Male,42.0,Nablus,17.0,Month-to-Month,94.99,1614.83,Credit Card,DSL,0,3.0,1,No,35-44,13-24 Months
100169,Female,61.0,Ramallah,72.0,One Year,80.92,5826.24,Credit Card,DSL,0,3.0,0,No,55+,49-72 Months
100170,Male,21.0,Ramallah,11.0,Month-to-Month,50.71,557.8100000000001,Bank Transfer,No Internet,4,3.0,2,No,Under 25,0-12 Months
100171,Male,37.0,Jenin,8.0,Month-to-Month,90.18,721.44,PayPal,DSL,1,5.0,0,No,35-44,0-12 Months
100172,Male,47.0,Rafah,62.0,One Year,105.62,6548.4400000000005,Credit Card,Fiber Optic,2,4.0,1,No,45-54,49-72 Months
100173,Female,38.0,Khan Yunis,32.0,One Year,53.66,1717.12,Bank Transfer,Fiber Optic,2,4.0,1,No,35-44,25-48 Months
100174,Male,46.0,Rafah,30.0,One Year,78.69,2360.7,Bank Transfer,No Internet,3,3.0,2,Yes,45-54,25-48 Months
100175,Female,46.0,Bethlehem,21.0,One Year,68.78,1444.38,Credit Card,No Internet,4,5.0,3,No,45-54,13-24 Months
100176,Female,44.0,Jericho,27.0,Month-to-Month,58.72,1585.44,Cash,No Internet,2,5.0,0,Yes,35-44,25-48 Months
100177,Female,32.0,Tulkarm,3.0,Month-to-Month,89.14,267.42,Credit Card,Fiber Optic,4,2.0,1,No,25-34,0-12 Months
100178,Female,36.0,Nablus,10.0,Month-to-Month,53.74,537.4,Credit Card,Fiber Optic,4,4.0,1,Yes,35-44,0-12 Months
100179,Female,42.0,Bethlehem,14.0,Two Year,95.67,1339.38,PayPal,No Internet,4,4.0,0,No,35-44,13-24 Months
100180,Female,54.0,Nablus,26.0,One Year,90.48,2352.48,PayPal,No Internet,2,2.0,0,No,45-54,25-48 Months
100181,Male,55.0,Bethlehem,20.0,Month-to-Month,99.51,1990.2,Cash,DSL,2,3.0,0,No,55+,13-24 Months
100182,Female,38.0,Nablus,30.0,Month-to-Month,58.34,1750.2,Bank Transfer,No Internet,3,3.0,0,No,35-44,25-48 Months
100183,Male,33.0,Tulkarm,31.0,Two Year,77.04,2388.2400000000002,Bank Transfer,Fiber Optic,1,5.0,1,No,25-34,25-48 Months
100184,Female,49.0,Nablus,45.0,Two Year,97.06,4367.7,Cash,No Internet,1,4.0,1,No,45-54,25-48 Months
100185,Male,50.0,Bethlehem,69.0,One Year,62.78,4331.82,Cash,Fiber Optic,1,2.0,0,No,45-54,49-72 Months
100186,Male,40.0,Jericho,51.0,One Year,30.79,1570.29,Cash,Fiber Optic,2,3.0,2,No,35-44,49-72 Months
100187,Male,57.0,Jenin,70.0,Month-to-Month,62.83,4398.099999999999,Cash,Fiber Optic,3,4.0,0,No,55+,49-72 Months
100188,Male,35.0,Gaza,24.0,One Year,50.02,1200.48,Cash,Fiber Optic,1,2.0,0,No,35-44,13-24 Months
100189,Female,26.0,Gaza,10.0,Month-to-Month,97.84,978.4000000000001,Cash,DSL,2,3.0,1,No,25-34,0-12 Months
100190,Male,18.0,Nablus,7.0,Month-to-Month,97.1,679.6999999999999,PayPal,DSL,0,4.0,0,No,Under 25,0-12 Months
100191,Male,60.0,Rafah,48.0,One Year,35.94,1725.12,Cash,No Internet,3,3.0,0,No,55+,25-48 Months
100192,Female,45.0,Rafah,12.0,Month-to-Month,74.11,889.3199999999999,Credit Card,Fiber Optic,1,3.0,0,No,45-54,0-12 Months
100193,Female,28.0,Nablus,33.0,Two Year,49.6,1636.8,PayPal,No Internet,2,3.0,2,No,25-34,25-48 Months
100194,Male,22.0,Bethlehem,2.0,Two Year,73.55,147.1,Cash,Fiber Optic,2,4.0,2,Yes,Under 25,0-12 Months
100195,Female,30.0,Tulkarm,59.0,Month-to-Month,58.82,3470.38,Unknown,DSL,2,3.0,0,No,25-34,49-72 Months
100196,Male,40.0,Khan Yunis,14.0,Month-to-Month,115.62,1618.68,Cash,DSL,1,3.0,2,No,35-44,13-24 Months
100197,Female,29.0,Rafah,42.0,Month-to-Month,50.66,2127.72,PayPal,DSL,5,3.0,1,No,25-34,25-48 Months
100198,Female,63.0,Jenin,55.0,One Year,102.0,5610.0,Bank Transfer,Fiber Optic,1,2.0,2,No,55+,49-72 Months
100199,Male,41.0,Nablus,3.0,One Year,138.59,415.77,Credit Card,DSL,0,4.0,0,No,35-44,0-12 Months
100200,Male,31.0,Khan Yunis,70.0,Month-to-Month,98.61,6902.7,Credit Card,No Internet,2,3.0,1,No,25-34,49-72 Months
100201,Male,42.0,Tulkarm,30.0,Two Year,48.44,1453.1999999999998,Bank Transfer,No Internet,2,4.0,0,No,35-44,25-48 Months
100202,Male,62.0,Jenin,34.0,Two Year,80.6,2740.3999999999996,Bank Transfer,DSL,1,4.0,1,No,55+,25-48 Months
100203,Male,35.0,Rafah,60.0,Month-to-Month,67.41,4044.6,Cash,Fiber Optic,2,1.0,2,No,35-44,49-72 Months
100204,Male,49.0,Jenin,62.0,Month-to-Month,88.67,5497.54,Cash,DSL,4,5.0,1,No,45-54,49-72 Months
100205,Male,45.0,Jericho,15.0,Two Year,62.77,941.5500000000001,Bank Transfer,Fiber Optic,1,4.0,1,No,45-54,13-24 Months
100206,Female,36.0,Bethlehem,58.0,Month-to-Month,60.15,3488.7,Bank Transfer,Fiber Optic,2,4.0,0,No,35-44,49-72 Months
100207,Female,21.0,Nablus,17.0,Month-to-Month,93.09,1582.53,Cash,No Internet,3,4.0,1,Yes,Under 25,13-24 Months
100208,Male,53.0,Tulkarm,72.0,One Year,71.99,5183.28,PayPal,DSL,0,3.0,1,No,45-54,49-72 Months
100209,Female,38.0,Jericho,14.0,Month-to-Month,69.45,972.3000000000001,Credit Card,Fiber Optic,5,4.0,2,No,35-44,13-24 Months
100210,Male,47.0,Nablus,14.0,Month-to-Month,65.34,914.76,Bank Transfer,DSL,1,2.0,0,No,45-54,13-24 Months
100211,Female,45.0,Tulkarm,53.0,One Year,48.66,2578.98,Bank Transfer,Fiber Optic,1,2.0,3,No,45-54,49-72 Months
100212,Female,48.0,Nablus,30.0,One Year,58.77,1763.1000000000001,Bank Transfer,No Internet,1,3.0,2,No,45-54,25-48 Months
100213,Female,29.0,Gaza,61.0,One Year,46.99,2866.3900000000003,Cash,DSL,1,3.0,0,No,25-34,49-72 Months
100214,Male,57.0,Jenin,51.0,Two Year,68.21,3478.7099999999996,Cash,Fiber Optic,1,3.0,0,No,55+,49-72 Months
100215,Male,18.0,Gaza,66.0,One Year,69.81,4607.46,PayPal,No Internet,2,2.0,1,No,Under 25,49-72 Months
100216,Male,49.0,Khan Yunis,65.0,Month-to-Month,80.15,5209.75,Bank Transfer,Fiber Optic,2,5.0,1,No,45-54,49-72 Months
100217,Female,29.0,Gaza,49.0,Month-to-Month,102.11,5003.39,PayPal,Fiber Optic,2,3.0,2,No,25-34,49-72 Months
100218,Female,34.0,Tulkarm,39.0,Two Year,55.1,2148.9,Bank Transfer,Fiber Optic,1,4.0,1,No,25-34,25-48 Months
100219,Male,37.0,Jericho,40.0,Month-to-Month,29.92,1196.8000000000002,PayPal,No Internet,3,2.0,3,No,35-44,25-48 Months
100220,Male,40.0,Hebron,18.0,Two Year,59.63,1073.3400000000001,PayPal,No Internet,0,3.0,1,No,35-44,13-24 Months
100221,Female,35.0,Bethlehem,15.0,Month-to-Month,61.84,927.6,Cash,DSL,4,5.0,0,Yes,35-44,13-24 Months
100222,Male,35.0,Khan Yunis,70.0,One Year,67.07,4694.9,Cash,DSL,0,2.0,1,No,35-44,49-72 Months
100223,Male,40.0,Hebron,12.0,Month-to-Month,71.79,861.48,Credit Card,Fiber Optic,1,2.0,0,No,35-44,0-12 Months
100224,Male,55.0,Nablus,38.0,Month-to-Month,53.35,2027.3,Cash,No Internet,4,3.0,0,No,55+,25-48 Months
100225,Female,57.0,Jericho,67.0,Month-to-Month,129.77,8694.59,Bank Transfer,No Internet,1,2.0,1,No,55+,49-72 Months
100226,Female,37.0,Rafah,24.0,Month-to-Month,66.36,1592.6399999999999,Bank Transfer,DSL,1,3.0,1,No,35-44,13-24 Months
100227,Male,49.0,Jenin,29.0,One Year,20.0,580.0,PayPal,DSL,0,4.0,1,No,45-54,25-48 Months
100228,Female,54.0,Nablus,56.0,Month-to-Month,77.78,4355.68,Credit Card,No Internet,3,4.0,1,No,45-54,49-72 Months
100229,Male,39.0,Rafah,27.0,One Year,30.82,832.14,Cash,DSL,1,2.0,1,No,35-44,25-48 Months
100230,Male,20.0,Rafah,35.0,One Year,38.67,1353.45,Credit Card,DSL,4,4.0,2,No,Under 25,25-48 Months
100231,Male,18.0,Gaza,49.0,Two Year,43.3,2121.7,Cash,No Internet,2,4.0,2,No,Under 25,49-72 Months
100232,Male,24.0,Bethlehem,11.0,Month-to-Month,93.66,1030.26,Bank Transfer,DSL,2,5.0,0,No,Under 25,0-12 Months
100233,Male,27.0,Bethlehem,51.0,Month-to-Month,92.76,4730.76,Credit Card,DSL,1,4.0,1,No,25-34,49-72 Months
100234,Female,40.0,Jenin,36.0,Month-to-Month,72.88,2623.68,Cash,DSL,1,3.0,1,No,35-44,25-48 Months
100235,Female,18.0,Jenin,11.0,Month-to-Month,58.04,638.4399999999999,PayPal,Fiber Optic,2,3.0,3,No,Under 25,0-12 Months
100236,Female,18.0,Khan Yunis,33.0,One Year,73.03,2409.9900000000002,PayPal,No Internet,4,5.0,2,No,Under 25,25-48 Months
100237,Male,23.0,Tulkarm,7.0,One Year,104.15,729.0500000000001,Bank Transfer,Fiber Optic,1,3.0,2,No,Under 25,0-12 Months
100238,Male,64.0,Bethlehem,43.0,Month-to-Month,68.96,2965.2799999999997,PayPal,Fiber Optic,5,5.0,2,Yes,55+,25-48 Months
100239,Male,20.0,Unknown,13.0,Month-to-Month,95.01,1235.13,Credit Card,No Internet,4,4.0,1,Yes,Under 25,13-24 Months
100240,Male,30.0,Bethlehem,72.0,One Year,71.39,5140.08,Cash,No Internet,0,3.0,2,No,25-34,49-72 Months
100241,Male,46.0,Rafah,40.0,Month-to-Month,71.59,2863.6000000000004,Unknown,DSL,1,2.0,1,Yes,45-54,25-48 Months
100242,Female,18.0,Jericho,55.0,Month-to-Month,56.06,3083.3,Bank Transfer,No Internet,3,3.0,3,No,Under 25,49-72 Months
100243,Male,43.0,Jenin,23.0,One Year,71.58,1646.34,PayPal,Fiber Optic,4,4.0,0,No,35-44,13-24 Months
100244,Female,45.0,Rafah,4.0,Month-to-Month,31.55,126.2,Bank Transfer,DSL,1,2.0,0,No,45-54,0-12 Months
100245,Male,38.0,Hebron,49.0,Month-to-Month,59.35,2908.15,Cash,DSL,2,3.0,1,No,35-44,49-72 Months
100246,Female,27.0,Khan Yunis,11.0,Month-to-Month,103.14,1134.54,Credit Card,No Internet,1,2.0,2,No,25-34,0-12 Months
100247,Female,23.0,Nablus,51.0,Two Year,81.63,4163.13,Cash,DSL,2,3.0,1,No,Under 25,49-72 Months
100248,Female,51.0,Nablus,33.0,Month-to-Month,105.9,3494.7000000000003,Cash,DSL,1,5.0,2,No,45-54,25-48 Months
100249,Female,33.0,Gaza,17.0,Two Year,85.2,1448.4,PayPal,No Internet,2,3.0,0,No,25-34,13-24 Months
100250,Male,32.0,Bethlehem,13.0,Month-to-Month,71.31,927.03,Cash,Fiber Optic,3,3.0,1,No,25-34,13-24 Months
100251,Female,43.0,Ramallah,45.0,Month-to-Month,72.54,3264.3,Cash,Fiber Optic,1,3.0,2,Yes,35-44,25-48 Months
100252,Male,71.0,Rafah,21.0,Month-to-Month,50.19,1053.99,PayPal,No Internet,1,3.0,0,No,55+,13-24 Months
100253,Female,25.0,Hebron,53.0,Month-to-Month,47.94,2540.8199999999997,Cash,No Internet,4,4.0,1,Yes,25-34,49-72 Months
100254,Female,50.0,Nablus,25.0,Two Year,51.29,1282.25,Bank Transfer,Fiber Optic,3,3.0,2,No,45-54,25-48 Months
100255,Female,41.0,Jericho,25.0,Month-to-Month,77.55,1938.75,PayPal,Fiber Optic,1,5.0,0,Yes,35-44,25-48 Months
100256,Male,41.0,Khan Yunis,51.0,Month-to-Month,76.27,3889.77,Cash,No Internet,0,2.0,3,No,35-44,49-72 Months
100257,Female,28.0,Hebron,29.0,Month-to-Month,72.42,2100.18,PayPal,Fiber Optic,2,2.0,6,No,25-34,25-48 Months
100258,Female,30.0,Nablus,57.0,One Year,60.05,3422.85,Credit Card,DSL,3,2.0,2,No,25-34,49-72 Months
100259,Female,50.0,Bethlehem,52.0,Two Year,106.08,5516.16,Bank Transfer,No Internet,1,3.0,3,Yes,45-54,49-72 Months
100260,Female,37.0,Hebron,38.0,Month-to-Month,61.4,2333.2,Credit Card,No Internet,1,3.0,1,No,35-44,25-48 Months
100261,Male,34.0,Bethlehem,46.0,One Year,60.91,2801.8599999999997,Bank Transfer,No Internet,1,3.0,0,No,25-34,25-48 Months
100262,Female,44.0,Rafah,28.0,Month-to-Month,84.28,2359.84,Cash,Fiber Optic,1,4.0,1,No,35-44,25-48 Months
100263,Female,37.0,Gaza,11.0,Month-to-Month,95.58,1051.3799999999999,Bank Transfer,Fiber Optic,1,3.0,0,No,35-44,0-12 Months
100264,Male,45.0,Bethlehem,17.0,Month-to-Month,93.98,1597.66,Bank Transfer,No Internet,4,4.0,1,No,45-54,13-24 Months
100265,Female,22.0,Jenin,59.0,Unknown,82.65,4876.35,Credit Card,No Internet,4,4.0,0,No,Under 25,49-72 Months
100266,Male,39.0,Bethlehem,48.0,Month-to-Month,41.92,2012.16,Bank Transfer,Fiber Optic,0,5.0,1,No,35-44,25-48 Months
100267,Female,35.0,Rafah,9.0,One Year,74.82,673.3799999999999,PayPal,DSL,3,4.0,0,No,35-44,0-12 Months
100268,Female,18.0,Bethlehem,17.0,Two Year,64.44,1095.48,Bank Transfer,Fiber Optic,2,2.0,0,No,Under 25,13-24 Months
100269,Male,48.0,Khan Yunis,20.0,One Year,75.36,1507.2,Bank Transfer,DSL,1,2.0,0,Yes,45-54,13-24 Months
100270,Female,33.0,Jenin,68.0,Month-to-Month,92.16,6266.88,PayPal,No Internet,3,4.0,1,No,25-34,49-72 Months
100271,Female,35.0,Bethlehem,40.0,One Year,110.51,4420.400000000001,PayPal,Fiber Optic,3,3.0,0,No,35-44,25-48 Months
100272,Female,33.0,Jenin,68.0,One Year,77.16,5246.88,Credit Card,Fiber Optic,2,4.0,0,No,25-34,49-72 Months
100273,Male,38.0,Gaza,4.0,One Year,30.54,122.16,Cash,No Internet,1,4.0,0,No,35-44,0-12 Months
100274,Male,30.0,Nablus,10.0,One Year,75.85,758.5,Cash,No Internet,1,4.0,0,No,25-34,0-12 Months
100275,Male,36.0,Jericho,68.0,Month-to-Month,105.43,7169.240000000001,Cash,No Internet,2,3.0,0,No,35-44,49-72 Months
100276,Female,32.0,Nablus,47.0,Month-to-Month,86.55,4067.85,Cash,No Internet,5,5.0,0,No,25-34,25-48 Months
100277,Female,43.0,Hebron,9.0,Month-to-Month,94.38,849.42,Credit Card,Fiber Optic,3,2.0,0,No,35-44,0-12 Months
100278,Female,48.0,Khan Yunis,51.0,One Year,99.0,5049.0,Credit Card,DSL,5,3.0,4,No,45-54,49-72 Months
100279,Male,46.0,Jericho,6.0,One Year,51.45,308.70000000000005,Bank Transfer,No Internet,0,4.0,2,No,45-54,0-12 Months
100280,Male,36.0,Ramallah,32.0,Two Year,25.87,827.84,Credit Card,DSL,2,4.0,1,No,35-44,25-48 Months
100281,Male,55.0,Bethlehem,4.0,Month-to-Month,76.35,305.4,Bank Transfer,No Internet,3,5.0,0,No,55+,0-12 Months
100282,Female,44.0,Ramallah,20.0,Month-to-Month,67.43,1348.6000000000001,Cash,DSL,2,4.0,2,No,35-44,13-24 Months
100283,Male,36.0,Ramallah,51.0,Month-to-Month,76.74,3913.74,Cash,DSL,1,3.0,0,Yes,35-44,49-72 Months
100284,Female,54.0,Rafah,69.0,Month-to-Month,53.29,3677.0099999999998,Cash,No Internet,0,5.0,1,No,45-54,49-72 Months
100285,Female,30.0,Rafah,66.0,Two Year,62.42,4119.72,PayPal,DSL,3,2.0,3,Yes,25-34,49-72 Months
100286,Female,38.0,Nablus,17.0,Two Year,68.32,1161.4399999999998,PayPal,DSL,0,4.0,2,Yes,35-44,13-24 Months
100287,Male,22.0,Ramallah,49.0,One Year,37.59,1841.91,PayPal,No Internet,1,3.0,0,No,Under 25,49-72 Months
100288,Male,41.0,Khan Yunis,43.0,Two Year,76.73,3299.3900000000003,Cash,DSL,1,5.0,1,No,35-44,25-48 Months
100289,Male,30.0,Bethlehem,66.0,Month-to-Month,104.75,6913.5,Bank Transfer,Fiber Optic,2,4.0,3,No,25-34,49-72 Months
100290,Female,36.0,Ramallah,22.0,Month-to-Month,81.92,1802.24,Bank Transfer,No Internet,2,3.0,1,No,35-44,13-24 Months
100291,Male,48.0,Jericho,10.0,One Year,103.11,1031.1,Cash,Fiber Optic,1,3.0,1,No,45-54,0-12 Months
100292,Female,27.0,Jericho,25.0,One Year,71.48,1787.0,Credit Card,Fiber Optic,1,3.0,1,No,25-34,25-48 Months
100293,Female,37.0,Hebron,41.0,Month-to-Month,95.19,3902.79,PayPal,No Internet,0,2.0,0,No,35-44,25-48 Months
100294,Female,28.0,Jenin,69.0,One Year,57.74,3984.06,PayPal,Fiber Optic,0,2.0,1,No,25-34,49-72 Months
100295,Female,34.0,Rafah,16.0,One Year,85.2,1363.2,Credit Card,No Internet,3,4.0,2,No,25-34,13-24 Months
100296,Female,36.0,Rafah,6.0,Month-to-Month,59.51,357.06,Cash,DSL,5,4.0,1,No,35-44,0-12 Months
100297,Female,50.0,Bethlehem,40.0,One Year,124.81,4992.4,PayPal,Fiber Optic,1,3.0,1,No,45-54,25-48 Months
100298,Male,30.0,Bethlehem,54.0,One Year,75.1,4055.3999999999996,Cash,DSL,0,4.0,0,No,25-34,49-72 Months
100299,Male,25.0,Nablus,1.0,Month-to-Month,112.19,112.19,Credit Card,DSL,6,3.0,2,No,25-34,0-12 Months
100300,Female,35.0,Hebron,25.0,Two Year,78.89,1972.25,Cash,DSL,3,2.0,1,No,35-44,25-48 Months
100301,Male,29.0,Ramallah,61.0,Two Year,101.62,6198.820000000001,PayPal,No Internet,1,1.0,4,No,25-34,49-72 Months
100302,Female,24.0,Gaza,37.0,Month-to-Month,83.98,3107.26,Credit Card,DSL,2,4.0,1,No,Under 25,25-48 Months
100303,Male,44.0,Jericho,18.0,Month-to-Month,84.36,1518.48,Bank Transfer,Fiber Optic,2,2.0,1,No,35-44,13-24 Months
100304,Female,26.0,Jenin,28.0,Month-to-Month,80.24,2246.72,Credit Card,Fiber Optic,1,3.0,0,No,25-34,25-48 Months
100305,Female,23.0,Tulkarm,24.0,Month-to-Month,100.53,2412.7200000000003,Bank Transfer,Fiber Optic,2,5.0,2,No,Under 25,13-24 Months
100306,Male,52.0,Bethlehem,34.0,Month-to-Month,68.97,2344.98,Bank Transfer,Fiber Optic,0,3.0,2,No,45-54,25-48 Months
100307,Female,48.0,Jericho,17.0,Month-to-Month,63.18,1074.06,Credit Card,Fiber Optic,2,2.0,1,No,45-54,13-24 Months
100308,Female,38.0,Khan Yunis,29.0,Two Year,55.88,1620.52,Bank Transfer,Fiber Optic,2,4.0,0,No,35-44,25-48 Months
100309,Male,61.0,Gaza,41.0,Month-to-Month,22.85,936.85,Credit Card,Fiber Optic,2,3.0,2,No,55+,25-48 Months
100310,Female,55.0,Ramallah,51.0,One Year,63.57,3242.07,Cash,DSL,1,2.0,0,No,55+,49-72 Months
100311,Female,37.0,Jericho,57.0,Two Year,74.09,4223.13,Bank Transfer,No Internet,2,4.0,1,No,35-44,49-72 Months
100312,Female,40.0,Jericho,40.0,Month-to-Month,67.92,2716.8,Bank Transfer,DSL,0,4.0,1,No,35-44,25-48 Months
100313,Male,55.0,Tulkarm,30.0,One Year,91.29,2738.7000000000003,Bank Transfer,No Internet,1,3.0,2,No,55+,25-48 Months
100314,Female,44.0,Jenin,45.0,Two Year,111.4,5013.0,Cash,No Internet,3,3.0,0,No,35-44,25-48 Months
100315,Female,58.0,Ramallah,6.0,Month-to-Month,83.9,503.40000000000003,Cash,Fiber Optic,5,4.0,0,No,55+,0-12 Months
100316,Male,26.0,Gaza,8.0,One Year,98.33,786.64,PayPal,DSL,1,4.0,3,No,25-34,0-12 Months
100317,Male,59.0,Tulkarm,50.0,Month-to-Month,103.9,5195.0,PayPal,No Internet,3,3.0,0,No,55+,49-72 Months
100318,Male,20.0,Khan Yunis,45.0,One Year,102.63,4618.349999999999,Bank Transfer,No Internet,2,4.0,2,No,Under 25,25-48 Months
100319,Male,45.0,Rafah,70.0,Month-to-Month,91.64,6414.8,Bank Transfer,No Internet,1,4.0,0,No,45-54,49-72 Months
100320,Female,31.0,Jericho,35.0,Month-to-Month,35.91,1256.85,PayPal,Fiber Optic,5,3.0,2,No,25-34,25-48 Months
100321,Female,42.0,Hebron,54.0,Two Year,136.24,7356.960000000001,Bank Transfer,DSL,1,2.0,3,No,35-44,49-72 Months
100322,Female,35.0,Bethlehem,38.0,One Year,61.8,2348.4,PayPal,DSL,0,3.0,2,No,35-44,25-48 Months
100323,Female,24.0,Jenin,3.0,One Year,99.17,297.51,Credit Card,No Internet,4,4.0,1,No,Under 25,0-12 Months
100324,Female,48.0,Bethlehem,55.0,One Year,78.98,4343.900000000001,Cash,DSL,3,3.0,2,No,45-54,49-72 Months
100325,Male,48.0,Bethlehem,61.0,Month-to-Month,104.74,6389.139999999999,PayPal,No Internet,2,5.0,1,No,45-54,49-72 Months
100326,Male,21.0,Khan Yunis,65.0,Month-to-Month,96.69,6284.849999999999,Bank Transfer,No Internet,2,4.0,1,No,Under 25,49-72 Months
100327,Male,45.0,Hebron,20.0,One Year,70.52,1410.3999999999999,Credit Card,No Internet,6,2.0,2,Yes,45-54,13-24 Months
100328,Male,41.0,Gaza,20.0,Two Year,54.1,1082.0,Credit Card,DSL,0,4.0,1,No,35-44,13-24 Months
100329,Male,42.0,Gaza,62.0,Month-to-Month,76.04,4714.4800000000005,Cash,DSL,5,5.0,0,No,35-44,49-72 Months
100330,Female,50.0,Rafah,57.0,One Year,115.19,6565.83,Cash,DSL,2,4.0,0,No,45-54,49-72 Months
100331,Male,43.0,Jericho,19.0,Month-to-Month,110.86,2106.34,Cash,No Internet,1,4.0,1,No,35-44,13-24 Months
100332,Male,37.0,Ramallah,3.0,One Year,55.72,167.16,PayPal,Fiber Optic,2,3.0,0,No,35-44,0-12 Months
100333,Female,32.0,Rafah,56.0,Two Year,65.46,3665.7599999999998,Cash,No Internet,2,3.0,0,No,25-34,49-72 Months
100334,Male,33.0,Gaza,22.0,Two Year,51.83,1140.26,Bank Transfer,No Internet,2,4.0,1,No,25-34,13-24 Months
100335,Female,74.0,Jenin,44.0,One Year,72.61,3194.84,PayPal,No Internet,0,2.0,1,No,55+,25-48 Months
100336,Male,37.0,Khan Yunis,9.0,One Year,59.11,531.99,PayPal,DSL,1,4.0,2,No,35-44,0-12 Months
100337,Male,25.0,Rafah,40.0,Month-to-Month,45.39,1815.6,Bank Transfer,No Internet,3,3.0,1,Yes,25-34,25-48 Months
100338,Female,18.0,Jericho,68.0,Month-to-Month,51.89,3528.52,Cash,Fiber Optic,5,4.0,2,No,Under 25,49-72 Months
100339,Female,37.0,Tulkarm,32.0,One Year,58.26,1864.32,Bank Transfer,Fiber Optic,2,3.0,1,No,35-44,25-48 Months
100340,Male,56.0,Rafah,72.0,Month-to-Month,121.83,8771.76,Bank Transfer,Fiber Optic,2,4.0,2,Yes,55+,49-72 Months
100341,Female,60.0,Jenin,52.0,Month-to-Month,47.44,2466.88,Bank Transfer,DSL,2,4.0,0,No,55+,49-72 Months
100342,Female,42.0,Bethlehem,20.0,One Year,84.38,1687.6,Cash,Fiber Optic,1,2.0,0,No,35-44,13-24 Months
100343,Male,42.0,Tulkarm,72.0,One Year,51.59,3714.4800000000005,Bank Transfer,No Internet,2,3.0,1,No,35-44,49-72 Months
100344,Female,18.0,Bethlehem,17.0,Month-to-Month,62.51,1062.67,Cash,Fiber Optic,4,2.0,2,No,Under 25,13-24 Months
100345,Female,47.0,Jericho,52.0,Two Year,87.71,4560.92,Bank Transfer,DSL,0,5.0,0,No,45-54,49-72 Months
100346,Male,54.0,Hebron,1.0,One Year,69.53,69.53,Credit Card,No Internet,2,5.0,0,No,45-54,0-12 Months
100347,Male,36.0,Jericho,8.0,Month-to-Month,54.64,437.12,Credit Card,Fiber Optic,2,3.0,1,No,35-44,0-12 Months
100348,Male,48.0,Jericho,40.0,Two Year,47.04,1881.6,Cash,Fiber Optic,2,3.0,0,No,45-54,25-48 Months
100349,Male,55.0,Hebron,11.0,Month-to-Month,50.09,550.99,PayPal,Fiber Optic,1,2.0,2,No,55+,0-12 Months
100350,Male,50.0,Rafah,37.0,Two Year,37.69,1394.53,Cash,No Internet,3,4.0,1,No,45-54,25-48 Months
100351,Female,52.0,Jenin,58.0,Month-to-Month,57.37,3327.46,Credit Card,DSL,2,3.0,4,No,45-54,49-72 Months
100352,Male,32.0,Jericho,56.0,Month-to-Month,58.98,3302.8799999999997,Credit Card,Fiber Optic,1,3.0,2,Yes,25-34,49-72 Months
100353,Male,18.0,Nablus,26.0,Month-to-Month,42.16,1096.1599999999999,PayPal,Fiber Optic,1,4.0,0,No,Under 25,25-48 Months
100354,Male,36.0,Tulkarm,53.0,Month-to-Month,111.97,5934.41,Bank Transfer,DSL,3,3.0,1,No,35-44,49-72 Months
100355,Female,34.0,Tulkarm,66.0,Month-to-Month,61.78,4077.48,Credit Card,No Internet,2,2.0,2,No,25-34,49-72 Months
100356,Male,49.0,Bethlehem,46.0,Two Year,34.38,1581.48,Credit Card,Fiber Optic,3,2.0,0,No,45-54,25-48 Months
100357,Male,41.0,Hebron,23.0,Two Year,56.47,1298.81,Credit Card,Fiber Optic,2,5.0,0,No,35-44,13-24 Months
100358,Female,29.0,Khan Yunis,69.0,Two Year,68.79,4746.51,PayPal,Fiber Optic,0,4.0,2,No,25-34,49-72 Months
100359,Female,66.0,Hebron,72.0,Month-to-Month,83.35,6001.2,Credit Card,Fiber Optic,4,3.0,0,No,55+,49-72 Months
100360,Male,40.0,Hebron,55.0,One Year,67.46,3710.2999999999997,Cash,Fiber Optic,2,4.0,0,No,35-44,49-72 Months
100361,Male,42.0,Hebron,22.0,Month-to-Month,20.89,459.58000000000004,Credit Card,DSL,2,3.0,0,Yes,35-44,13-24 Months
100362,Male,19.0,Ramallah,6.0,Month-to-Month,20.0,120.0,Bank Transfer,Fiber Optic,1,5.0,0,No,Under 25,0-12 Months
100363,Female,44.0,Jericho,31.0,One Year,85.27,2643.37,Bank Transfer,Fiber Optic,0,3.0,2,No,35-44,25-48 Months
100364,Male,18.0,Tulkarm,70.0,Month-to-Month,58.54,4097.8,Bank Transfer,DSL,2,3.0,2,No,Under 25,49-72 Months
100365,Male,18.0,Tulkarm,35.0,Month-to-Month,69.59,2435.65,PayPal,Fiber Optic,4,3.0,1,No,Under 25,25-48 Months
100366,Female,25.0,Khan Yunis,58.0,Two Year,30.33,1759.1399999999999,Bank Transfer,No Internet,2,3.0,0,No,25-34,49-72 Months
100367,Female,38.0,Ramallah,4.0,Month-to-Month,45.0,180.0,PayPal,Fiber Optic,2,3.0,1,Yes,35-44,0-12 Months
100368,Male,43.0,Rafah,57.0,Two Year,68.6,3910.2,Credit Card,No Internet,1,2.0,0,No,35-44,49-72 Months
100369,Male,18.0,Tulkarm,23.0,Month-to-Month,78.8,1812.3999999999999,Cash,DSL,3,5.0,0,No,Under 25,13-24 Months
100370,Female,69.0,Bethlehem,6.0,Month-to-Month,20.0,120.0,Credit Card,No Internet,1,3.0,0,No,55+,0-12 Months
100371,Female,44.0,Tulkarm,5.0,One Year,81.77,408.84999999999997,Credit Card,Fiber Optic,1,4.0,1,No,35-44,0-12 Months
100372,Male,36.0,Rafah,18.0,Month-to-Month,40.89,736.02,Cash,DSL,0,2.0,1,No,35-44,13-24 Months
100373,Male,46.0,Hebron,30.0,Month-to-Month,63.65,1909.5,Credit Card,No Internet,4,4.0,0,No,45-54,25-48 Months
100374,Male,31.0,Jericho,11.0,Two Year,69.38,763.18,Cash,DSL,3,3.0,0,No,25-34,0-12 Months
100375,Female,38.0,Tulkarm,59.0,Two Year,70.44,4155.96,PayPal,No Internet,2,3.0,1,No,35-44,49-72 Months
100376,Female,18.0,Khan Yunis,27.0,One Year,83.52,2255.04,PayPal,DSL,2,3.0,1,No,Under 25,25-48 Months
100377,Female,28.0,Bethlehem,63.0,Month-to-Month,57.31,3610.53,Cash,DSL,2,3.0,1,No,25-34,49-72 Months
100378,Male,18.0,Ramallah,67.0,Month-to-Month,65.63,4397.21,Credit Card,DSL,3,4.0,0,Yes,Under 25,49-72 Months
100379,Female,35.0,Jenin,25.0,One Year,54.84,1371.0,Cash,Fiber Optic,2,2.0,0,No,35-44,25-48 Months
100380,Male,26.0,Rafah,62.0,Unknown,90.21,5593.0199999999995,Bank Transfer,DSL,2,4.0,0,No,25-34,49-72 Months
100381,Female,43.0,Rafah,20.0,One Year,99.46,1989.1999999999998,Cash,No Internet,1,4.0,1,No,35-44,13-24 Months
100382,Female,34.0,Ramallah,42.0,One Year,69.84,2933.28,Credit Card,No Internet,2,5.0,0,No,25-34,25-48 Months
100383,Male,29.0,Gaza,31.0,Month-to-Month,67.99,2107.69,PayPal,Fiber Optic,2,2.0,0,No,25-34,25-48 Months
100384,Male,34.0,Gaza,31.0,Two Year,85.93,2663.8300000000004,Cash,No Internet,4,2.0,1,No,25-34,25-48 Months
100385,Female,30.0,Rafah,2.0,Month-to-Month,82.09,164.18,Credit Card,Fiber Optic,0,5.0,0,Yes,25-34,0-12 Months
100386,Male,25.0,Khan Yunis,10.0,One Year,66.4,664.0,Bank Transfer,No Internet,2,4.0,1,No,25-34,0-12 Months
100387,Female,43.0,Ramallah,41.0,Two Year,35.14,1440.74,Credit Card,Fiber Optic,0,5.0,0,Yes,35-44,25-48 Months
100388,Female,44.0,Bethlehem,39.0,One Year,84.71,3303.6899999999996,Bank Transfer,DSL,3,4.0,0,No,35-44,25-48 Months
100389,Female,40.0,Jericho,12.0,Month-to-Month,45.81,549.72,Cash,No Internet,0,4.0,0,No,35-44,0-12 Months
100390,Male,43.0,Gaza,22.0,Month-to-Month,74.36,1635.92,Credit Card,DSL,1,5.0,0,No,35-44,13-24 Months
100391,Male,42.0,Gaza,33.0,Month-to-Month,84.34,2783.2200000000003,Cash,Fiber Optic,2,5.0,0,No,35-44,25-48 Months
100392,Female,28.0,Jericho,70.0,Month-to-Month,65.62,4593.400000000001,Credit Card,No Internet,3,3.0,0,No,25-34,49-72 Months
100393,Female,18.0,Jenin,27.0,Two Year,113.38,3061.2599999999998,Credit Card,Fiber Optic,1,3.0,0,No,Under 25,25-48 Months
100394,Male,22.0,Ramallah,54.0,One Year,56.05,3026.7,Bank Transfer,Fiber Optic,0,3.0,4,No,Under 25,49-72 Months
100395,Female,54.0,Nablus,69.0,Two Year,40.28,2779.32,Bank Transfer,Fiber Optic,0,3.0,0,No,45-54,49-72 Months
100396,Female,57.0,Khan Yunis,16.0,One Year,20.0,320.0,Bank Transfer,DSL,4,2.0,1,No,55+,13-24 Months
100397,Male,53.0,Khan Yunis,3.0,One Year,96.07,288.21,Bank Transfer,Fiber Optic,0,5.0,1,No,45-54,0-12 Months
100398,Male,40.0,Bethlehem,13.0,Month-to-Month,70.72,919.36,PayPal,DSL,0,5.0,0,No,35-44,13-24 Months
100399,Female,25.0,Rafah,72.0,Month-to-Month,73.65,5302.8,Cash,DSL,2,2.0,0,No,25-34,49-72 Months
100400,Male,54.0,Jericho,11.0,One Year,131.96,1451.5600000000002,PayPal,Fiber Optic,2,3.0,1,No,45-54,0-12 Months
100401,Male,24.0,Nablus,65.0,One Year,75.96,4937.4,Credit Card,DSL,1,4.0,0,No,Under 25,49-72 Months
100402,Male,29.0,Tulkarm,51.0,Month-to-Month,104.06,5307.06,Bank Transfer,DSL,1,2.0,0,No,25-34,49-72 Months
100403,Female,54.0,Rafah,49.0,Month-to-Month,45.25,2217.25,Bank Transfer,DSL,3,3.0,1,Yes,45-54,49-72 Months
100404,Female,28.0,Rafah,14.0,Month-to-Month,73.42,1027.88,PayPal,Fiber Optic,1,2.0,2,Yes,25-34,13-24 Months
100405,Male,35.0,Jericho,51.0,Month-to-Month,54.73,2791.23,Bank Transfer,DSL,2,5.0,1,No,35-44,49-72 Months
100406,Male,31.0,Khan Yunis,50.0,Month-to-Month,55.85,2792.5,Cash,No Internet,2,3.0,1,No,25-34,49-72 Months
100407,Male,47.0,Ramallah,1.0,One Year,71.97,71.97,Bank Transfer,DSL,0,3.0,0,No,45-54,0-12 Months
100408,Male,42.0,Tulkarm,43.0,Month-to-Month,28.51,1225.93,Bank Transfer,DSL,3,3.0,0,Yes,35-44,25-48 Months
100409,Female,24.0,Jenin,17.0,Month-to-Month,25.22,428.74,Cash,No Internet,2,3.0,0,No,Under 25,13-24 Months
100410,Male,35.0,Rafah,53.0,One Year,92.12,4882.360000000001,Credit Card,Fiber Optic,1,5.0,0,No,35-44,49-72 Months
100411,Female,18.0,Jericho,19.0,Month-to-Month,140.84,2675.96,PayPal,DSL,5,4.0,1,No,Under 25,13-24 Months
100412,Male,30.0,Jenin,15.0,Month-to-Month,64.92,973.8000000000001,Bank Transfer,No Internet,1,3.0,0,No,25-34,13-24 Months
100413,Female,35.0,Ramallah,38.0,Two Year,67.66,2571.08,PayPal,DSL,0,2.0,3,No,35-44,25-48 Months
100414,Female,55.0,Jericho,6.0,Month-to-Month,80.32,481.91999999999996,Cash,DSL,2,3.0,0,No,55+,0-12 Months
100415,Female,40.0,Bethlehem,51.0,Month-to-Month,102.57,5231.07,Credit Card,No Internet,1,5.0,2,No,35-44,49-72 Months
100416,Male,31.0,Khan Yunis,29.0,Month-to-Month,80.87,2345.23,Credit Card,No Internet,0,3.0,0,No,25-34,25-48 Months
100417,Female,49.0,Jenin,12.0,Month-to-Month,82.15,985.8000000000001,Credit Card,DSL,3,1.0,1,No,45-54,0-12 Months
100418,Female,61.0,Hebron,9.0,One Year,122.43,1101.8700000000001,Bank Transfer,No Internet,2,5.0,0,No,55+,0-12 Months
100419,Female,46.0,Nablus,72.0,Month-to-Month,63.64,4582.08,PayPal,No Internet,1,3.0,0,No,45-54,49-72 Months
100420,Female,29.0,Khan Yunis,43.0,Month-to-Month,42.89,1844.27,Credit Card,DSL,2,4.0,1,No,25-34,25-48 Months
100421,Male,23.0,Nablus,51.0,One Year,103.69,5288.19,Cash,No Internet,3,3.0,1,No,Under 25,49-72 Months
100422,Male,45.0,Jericho,45.0,One Year,76.42,3438.9,PayPal,DSL,1,4.0,0,No,45-54,25-48 Months
100423,Male,52.0,Nablus,47.0,Two Year,52.56,2470.32,Bank Transfer,Fiber Optic,5,3.0,1,No,45-54,25-48 Months
100424,Male,45.0,Rafah,55.0,Month-to-Month,61.66,3391.2999999999997,Bank Transfer,DSL,2,4.0,1,No,45-54,49-72 Months
100425,Male,49.0,Bethlehem,38.0,Month-to-Month,87.57,3327.66,Credit Card,DSL,1,1.0,1,No,45-54,25-48 Months
100426,Male,56.0,Nablus,43.0,Month-to-Month,45.78,1968.54,Cash,DSL,4,2.0,1,No,55+,25-48 Months
100427,Male,29.0,Khan Yunis,47.0,Month-to-Month,73.77,3467.1899999999996,PayPal,DSL,2,3.0,2,No,25-34,25-48 Months
100428,Female,35.0,Bethlehem,20.0,Month-to-Month,136.04,2720.7999999999997,Credit Card,DSL,1,2.0,1,No,35-44,13-24 Months
100429,Male,38.0,Bethlehem,45.0,Month-to-Month,58.03,2611.35,Credit Card,No Internet,0,3.0,1,No,35-44,25-48 Months
100430,Male,27.0,Khan Yunis,35.0,One Year,109.46,3831.1,Cash,No Internet,2,3.0,3,No,25-34,25-48 Months
100431,Female,56.0,Hebron,1.0,Month-to-Month,51.4,51.4,PayPal,No Internet,2,3.0,1,No,55+,0-12 Months
100432,Female,46.0,Tulkarm,10.0,Month-to-Month,54.74,547.4,Credit Card,No Internet,1,5.0,0,No,45-54,0-12 Months
100433,Female,33.0,Tulkarm,63.0,One Year,64.68,4074.8400000000006,Credit Card,No Internet,1,4.0,0,No,25-34,49-72 Months
100434,Male,51.0,Jericho,18.0,Month-to-Month,106.5,1917.0,Credit Card,No Internet,2,4.0,1,No,45-54,13-24 Months
100435,Female,27.0,Nablus,9.0,Month-to-Month,65.18,586.6200000000001,Bank Transfer,No Internet,2,2.0,1,No,25-34,0-12 Months
100436,Female,54.0,Jericho,23.0,Two Year,87.01,2001.23,PayPal,No Internet,2,3.0,0,No,45-54,13-24 Months
100437,Female,27.0,Rafah,2.0,Month-to-Month,73.13,146.26,Cash,No Internet,3,4.0,0,Yes,25-34,0-12 Months
100438,Male,22.0,Ramallah,60.0,One Year,116.61,6996.6,Bank Transfer,Fiber Optic,1,4.0,2,No,Under 25,49-72 Months
100439,Female,42.0,Ramallah,49.0,Month-to-Month,105.94,5191.0599999999995,PayPal,DSL,0,5.0,2,Yes,35-44,49-72 Months
100440,Female,41.0,Ramallah,42.0,One Year,56.03,2353.26,PayPal,No Internet,4,3.0,1,No,35-44,25-48 Months
100441,Male,50.0,Khan Yunis,46.0,One Year,79.01,3634.46,Cash,DSL,0,5.0,0,No,45-54,25-48 Months
100442,Female,37.0,Jericho,56.0,Month-to-Month,83.52,4677.12,Credit Card,DSL,3,5.0,4,No,35-44,49-72 Months
100443,Male,58.0,Tulkarm,7.0,Two Year,69.91,489.37,PayPal,DSL,2,5.0,2,No,55+,0-12 Months
100444,Female,71.0,Rafah,48.0,One Year,81.62,3917.76,Cash,Fiber Optic,3,4.0,3,No,55+,25-48 Months
100445,Male,46.0,Jenin,50.0,One Year,48.01,2400.5,Credit Card,DSL,0,2.0,0,No,45-54,49-72 Months
100446,Female,48.0,Jericho,62.0,Month-to-Month,49.05,3041.1,PayPal,No Internet,3,3.0,0,No,45-54,49-72 Months
100447,Female,35.0,Khan Yunis,62.0,Month-to-Month,79.72,4942.64,Bank Transfer,No Internet,1,2.0,1,No,35-44,49-72 Months
100448,Female,30.0,Khan Yunis,54.0,Two Year,71.77,3875.58,Cash,DSL,3,4.0,1,No,25-34,49-72 Months
100449,Male,50.0,Jenin,58.0,Month-to-Month,105.49,6118.42,Credit Card,DSL,2,4.0,0,No,45-54,49-72 Months
100450,Male,28.0,Rafah,42.0,Month-to-Month,141.2,5930.4,Credit Card,Fiber Optic,1,4.0,3,No,25-34,25-48 Months
100451,Female,41.0,Jericho,4.0,Month-to-Month,20.57,82.28,PayPal,Fiber Optic,3,4.0,0,No,35-44,0-12 Months
100452,Male,55.0,Gaza,43.0,One Year,63.79,2742.97,Bank Transfer,No Internet,4,3.0,1,No,55+,25-48 Months
100453,Female,42.0,Jenin,40.0,Month-to-Month,97.74,3909.6,Bank Transfer,No Internet,3,3.0,2,No,35-44,25-48 Months
100454,Male,40.0,Ramallah,71.0,Month-to-Month,47.09,3343.3900000000003,PayPal,Fiber Optic,1,2.0,0,No,35-44,49-72 Months
100455,Male,23.0,Ramallah,29.0,Two Year,81.6,2366.3999999999996,Cash,Fiber Optic,4,5.0,4,No,Under 25,25-48 Months
100456,Female,61.0,Rafah,16.0,One Year,70.78,1132.48,Cash,No Internet,2,3.0,3,No,55+,13-24 Months
100457,Female,27.0,Rafah,46.0,One Year,128.41,5906.86,Credit Card,No Internet,2,2.0,2,No,25-34,25-48 Months
100458,Female,35.0,Khan Yunis,18.0,One Year,51.4,925.1999999999999,Bank Transfer,No Internet,1,4.0,1,No,35-44,13-24 Months
100459,Female,52.0,Bethlehem,57.0,Two Year,75.84,4322.88,Credit Card,No Internet,3,5.0,1,No,45-54,49-72 Months
100460,Female,28.0,Nablus,41.0,Month-to-Month,127.52,5228.32,PayPal,Fiber Optic,4,4.0,0,No,25-34,25-48 Months
100461,Female,20.0,Jenin,71.0,Two Year,88.43,6278.530000000001,Bank Transfer,DSL,1,4.0,2,No,Under 25,49-72 Months
100462,Female,40.0,Bethlehem,32.0,Month-to-Month,92.29,2953.28,Credit Card,Fiber Optic,2,5.0,2,No,35-44,25-48 Months
100463,Female,24.0,Gaza,63.0,Month-to-Month,102.82,6477.66,Credit Card,Fiber Optic,2,4.0,0,No,Under 25,49-72 Months
100464,Female,41.0,Hebron,57.0,Month-to-Month,39.22,2235.54,Cash,No Internet,0,4.0,1,Yes,35-44,49-72 Months
100465,Female,36.0,Nablus,40.0,Month-to-Month,50.79,2031.6,Bank Transfer,DSL,1,4.0,0,No,35-44,25-48 Months
100466,Male,26.0,Gaza,45.0,Month-to-Month,101.73,4577.85,PayPal,No Internet,1,4.0,1,No,25-34,25-48 Months
100467,Male,42.0,Tulkarm,27.0,Month-to-Month,36.68,990.36,Credit Card,No Internet,3,3.0,2,No,35-44,25-48 Months
100468,Male,40.0,Ramallah,33.0,Month-to-Month,96.24,3175.9199999999996,Cash,No Internet,1,4.0,5,No,35-44,25-48 Months
100469,Female,18.0,Nablus,54.0,One Year,61.1,3299.4,PayPal,No Internet,2,3.0,1,Yes,Under 25,49-72 Months
100470,Female,46.0,Nablus,43.0,Month-to-Month,56.58,2432.94,Credit Card,Fiber Optic,0,3.0,1,Yes,45-54,25-48 Months
100471,Male,35.0,Tulkarm,68.0,Month-to-Month,52.9,3597.2,Cash,No Internet,3,1.0,1,No,35-44,49-72 Months
100472,Male,51.0,Jericho,2.0,Two Year,86.56,173.12,Cash,DSL,1,3.0,2,No,45-54,0-12 Months
100473,Male,44.0,Tulkarm,6.0,Month-to-Month,41.79,250.74,PayPal,Fiber Optic,0,3.0,2,No,35-44,0-12 Months
100474,Male,66.0,Jericho,27.0,Month-to-Month,109.92,2967.84,PayPal,DSL,1,2.0,0,Yes,55+,25-48 Months
100475,Male,51.0,Hebron,69.0,Two Year,82.86,5717.34,Bank Transfer,No Internet,1,5.0,0,No,45-54,49-72 Months
100476,Female,47.0,Gaza,72.0,Month-to-Month,28.08,2021.7599999999998,Bank Transfer,Fiber Optic,3,3.0,1,No,45-54,49-72 Months
100477,Female,27.0,Jenin,17.0,Month-to-Month,65.82,1118.9399999999998,Credit Card,Fiber Optic,3,3.0,1,No,25-34,13-24 Months
100478,Female,43.0,Jericho,6.0,Month-to-Month,79.79,478.74,Credit Card,No Internet,1,1.0,2,Yes,35-44,0-12 Months
100479,Female,43.0,Bethlehem,10.0,Two Year,60.22,602.2,Cash,DSL,3,4.0,2,Yes,35-44,0-12 Months
100480,Female,35.0,Khan Yunis,9.0,Two Year,96.54,868.86,Cash,DSL,2,5.0,1,No,35-44,0-12 Months
100481,Male,43.0,Jericho,10.0,Two Year,45.41,454.09999999999997,Credit Card,Fiber Optic,1,5.0,1,No,35-44,0-12 Months
100482,Male,35.0,Tulkarm,48.0,Month-to-Month,115.57,5547.36,Bank Transfer,No Internet,0,3.0,0,Yes,35-44,25-48 Months
100483,Female,53.0,Tulkarm,25.0,One Year,104.44,2611.0,Credit Card,No Internet,1,3.0,0,No,45-54,25-48 Months
100484,Female,60.0,Nablus,72.0,One Year,121.1,8719.199999999999,Bank Transfer,Fiber Optic,0,4.0,0,No,55+,49-72 Months
100485,Male,34.0,Khan Yunis,58.0,Month-to-Month,92.68,5375.4400000000005,Bank Transfer,DSL,2,5.0,1,No,25-34,49-72 Months
100486,Male,29.0,Jenin,12.0,One Year,61.72,740.64,PayPal,No Internet,1,2.0,2,No,25-34,0-12 Months
100487,Male,42.0,Nablus,58.0,Two Year,51.49,2986.42,PayPal,Fiber Optic,0,3.0,1,No,35-44,49-72 Months
100488,Female,42.0,Ramallah,26.0,Month-to-Month,61.5,1599.0,Credit Card,Fiber Optic,2,2.0,2,No,35-44,25-48 Months
100489,Male,41.0,Rafah,41.0,One Year,65.1,2669.1,Bank Transfer,No Internet,3,3.0,0,No,35-44,25-48 Months
100490,Female,36.0,Ramallah,11.0,Month-to-Month,115.5,1270.5,Bank Transfer,Fiber Optic,4,3.0,2,No,35-44,0-12 Months
100491,Male,44.0,Gaza,31.0,One Year,107.78,3341.18,Bank Transfer,DSL,1,3.0,2,No,35-44,25-48 Months
100492,Male,24.0,Rafah,42.0,Month-to-Month,110.51,4641.42,PayPal,No Internet,2,3.0,3,Yes,Under 25,25-48 Months
100493,Male,25.0,Bethlehem,54.0,Month-to-Month,50.49,2726.46,Cash,DSL,5,2.0,2,No,25-34,49-72 Months
100494,Male,30.0,Hebron,4.0,One Year,47.64,190.56,Credit Card,Fiber Optic,1,4.0,0,No,25-34,0-12 Months
100495,Male,38.0,Rafah,1.0,Two Year,63.63,63.63,Bank Transfer,DSL,1,2.0,2,Yes,35-44,0-12 Months
100496,Male,27.0,Khan Yunis,49.0,Two Year,119.97,5878.53,PayPal,Fiber Optic,2,3.0,1,No,25-34,49-72 Months
100497,Female,57.0,Jenin,48.0,Month-to-Month,76.66,3679.68,Credit Card,No Internet,5,1.0,1,No,55+,25-48 Months
100498,Male,32.0,Ramallah,49.0,Month-to-Month,81.09,3973.4100000000003,Cash,No Internet,0,4.0,0,No,25-34,49-72 Months
100499,Male,43.0,Rafah,53.0,Two Year,53.64,2842.92,Bank Transfer,DSL,4,2.0,1,No,35-44,49-72 Months
100500,Male,36.0,Bethlehem,66.0,Month-to-Month,58.22,3842.52,Cash,DSL,3,4.0,2,No,35-44,49-72 Months
100501,Male,32.0,Rafah,30.0,One Year,63.03,1890.9,Bank Transfer,No Internet,2,4.0,0,No,25-34,25-48 Months
100502,Male,36.0,Khan Yunis,49.0,Two Year,98.41,4822.09,Cash,Fiber Optic,2,4.0,2,No,35-44,49-72 Months
100503,Male,40.0,Khan Yunis,21.0,Month-to-Month,33.83,710.43,Bank Transfer,No Internet,1,4.0,1,No,35-44,13-24 Months
100504,Female,45.0,Gaza,55.0,Two Year,20.0,1100.0,PayPal,No Internet,0,3.0,0,No,45-54,49-72 Months
100505,Male,53.0,Tulkarm,70.0,One Year,94.95,6646.5,PayPal,Fiber Optic,1,2.0,2,No,45-54,49-72 Months
100506,Female,39.0,Nablus,17.0,Two Year,88.96,1512.32,Credit Card,Fiber Optic,0,3.0,1,No,35-44,13-24 Months
100507,Female,47.0,Rafah,71.0,Two Year,20.0,1420.0,Credit Card,No Internet,3,4.0,1,No,45-54,49-72 Months
100508,Female,40.0,Nablus,57.0,Month-to-Month,123.3,7028.099999999999,Credit Card,DSL,1,4.0,2,Yes,35-44,49-72 Months
100509,Female,18.0,Jenin,20.0,One Year,56.01,1120.2,Bank Transfer,DSL,1,3.0,0,No,Under 25,13-24 Months
100510,Female,18.0,Rafah,46.0,One Year,89.79,4130.34,Bank Transfer,Fiber Optic,0,4.0,3,No,Under 25,25-48 Months
100511,Male,37.0,Ramallah,36.0,Month-to-Month,72.71,2617.56,Credit Card,Fiber Optic,2,3.0,2,No,35-44,25-48 Months
100512,Male,18.0,Khan Yunis,22.0,Month-to-Month,60.09,1321.98,Bank Transfer,Fiber Optic,1,4.0,0,No,Under 25,13-24 Months
100513,Male,31.0,Nablus,5.0,Month-to-Month,77.13,385.65,Cash,No Internet,4,5.0,0,No,25-34,0-12 Months
100514,Male,37.0,Hebron,34.0,Month-to-Month,20.0,680.0,Bank Transfer,Fiber Optic,0,3.0,2,No,35-44,25-48 Months
100515,Female,54.0,Tulkarm,51.0,Month-to-Month,105.17,5363.67,Credit Card,No Internet,1,2.0,0,No,45-54,49-72 Months
100516,Male,33.0,Gaza,9.0,Month-to-Month,40.86,367.74,PayPal,DSL,1,3.0,2,No,25-34,0-12 Months
100517,Male,48.0,Rafah,54.0,One Year,41.66,2249.64,Credit Card,Fiber Optic,1,3.0,1,No,45-54,49-72 Months
100518,Male,31.0,Ramallah,2.0,Month-to-Month,58.5,117.0,Cash,DSL,0,4.0,1,Yes,25-34,0-12 Months
100519,Male,48.0,Jericho,55.0,Month-to-Month,81.52,4483.599999999999,Bank Transfer,Fiber Optic,3,4.0,0,No,45-54,49-72 Months
100520,Female,18.0,Ramallah,57.0,Month-to-Month,119.99,6839.429999999999,Credit Card,DSL,2,4.0,1,Yes,Under 25,49-72 Months
100521,Male,41.0,Ramallah,34.0,Month-to-Month,64.02,2176.68,PayPal,No Internet,1,3.0,1,No,35-44,25-48 Months
100522,Female,37.0,Ramallah,12.0,Month-to-Month,58.97,707.64,Bank Transfer,Fiber Optic,0,4.0,3,Yes,35-44,0-12 Months
100523,Female,46.0,Ramallah,72.0,Two Year,121.47,8745.84,Credit Card,No Internet,2,4.0,1,No,45-54,49-72 Months
100524,Female,44.0,Rafah,42.0,One Year,29.79,1251.18,PayPal,No Internet,2,3.0,0,No,35-44,25-48 Months
100525,Female,73.0,Ramallah,13.0,Month-to-Month,50.76,659.88,PayPal,Fiber Optic,4,3.0,0,Yes,55+,13-24 Months
100526,Male,31.0,Khan Yunis,53.0,One Year,74.36,3941.08,Credit Card,DSL,0,3.0,1,No,25-34,49-72 Months
100527,Female,45.0,Bethlehem,19.0,One Year,52.43,996.17,Bank Transfer,DSL,3,4.0,0,No,45-54,13-24 Months
100528,Male,48.0,Gaza,46.0,Month-to-Month,87.78,4037.88,Bank Transfer,Fiber Optic,0,4.0,0,Yes,45-54,25-48 Months
100529,Female,43.0,Jericho,35.0,One Year,71.87,2515.4500000000003,Cash,Fiber Optic,0,4.0,0,No,35-44,25-48 Months
100530,Female,34.0,Khan Yunis,69.0,Month-to-Month,121.21,8363.49,Credit Card,Fiber Optic,4,4.0,2,No,25-34,49-72 Months
100531,Female,45.0,Bethlehem,26.0,One Year,55.96,1454.96,Cash,Fiber Optic,1,3.0,3,No,45-54,25-48 Months
100532,Female,41.0,Jericho,38.0,Month-to-Month,60.96,2316.48,Credit Card,No Internet,2,5.0,1,No,35-44,25-48 Months
100533,Male,31.0,Jericho,72.0,One Year,69.69,5017.68,Cash,DSL,2,5.0,2,No,25-34,49-72 Months
100534,Male,53.0,Nablus,28.0,One Year,82.41,2307.48,Credit Card,Fiber Optic,0,3.0,0,No,45-54,25-48 Months
100535,Female,45.0,Gaza,72.0,One Year,96.08,6917.76,Bank Transfer,No Internet,1,5.0,0,Yes,45-54,49-72 Months
100536,Male,50.0,Bethlehem,1.0,Month-to-Month,85.44,85.44,Credit Card,Fiber Optic,0,4.0,1,Yes,45-54,0-12 Months
100537,Male,18.0,Nablus,53.0,Month-to-Month,92.68,4912.04,Bank Transfer,Fiber Optic,1,4.0,2,No,Under 25,49-72 Months
100538,Female,41.0,Jericho,3.0,Month-to-Month,72.98,218.94,Credit Card,DSL,1,4.0,0,No,35-44,0-12 Months
100539,Male,38.0,Tulkarm,35.0,Month-to-Month,91.62,3206.7000000000003,PayPal,No Internet,2,3.0,0,Yes,35-44,25-48 Months
100540,Female,50.0,Hebron,69.0,Month-to-Month,74.65,5150.85,Cash,DSL,2,4.0,0,No,45-54,49-72 Months
100541,Male,18.0,Ramallah,3.0,Month-to-Month,88.84,266.52,Credit Card,No Internet,2,3.0,1,No,Under 25,0-12 Months
100542,Male,26.0,Ramallah,1.0,Two Year,89.62,89.62,Bank Transfer,No Internet,1,4.0,1,No,25-34,0-12 Months
100543,Female,74.0,Ramallah,69.0,Month-to-Month,46.41,3202.29,Bank Transfer,No Internet,0,4.0,0,No,55+,49-72 Months
100544,Female,32.0,Ramallah,41.0,Month-to-Month,101.86,4176.26,Unknown,No Internet,1,4.0,0,No,25-34,25-48 Months
100545,Female,18.0,Rafah,49.0,One Year,87.52,4288.48,Credit Card,DSL,4,3.0,1,No,Under 25,49-72 Months
100546,Female,36.0,Jenin,12.0,Month-to-Month,94.16,1129.92,Credit Card,No Internet,1,3.0,0,No,35-44,0-12 Months
100547,Female,41.0,Ramallah,43.0,Month-to-Month,78.3,3366.9,PayPal,DSL,2,3.0,0,No,35-44,25-48 Months
100548,Female,57.0,Nablus,15.0,Two Year,95.98,1439.7,PayPal,No Internet,3,4.0,1,No,55+,13-24 Months
100549,Male,41.0,Rafah,57.0,One Year,57.84,3296.88,Credit Card,Fiber Optic,5,3.0,2,No,35-44,49-72 Months
100550,Male,35.0,Nablus,3.0,Month-to-Month,62.53,187.59,Bank Transfer,Fiber Optic,1,2.0,0,No,35-44,0-12 Months
100551,Male,18.0,Khan Yunis,51.0,Two Year,60.84,3102.84,Credit Card,DSL,0,4.0,0,No,Under 25,49-72 Months
100552,Female,48.0,Gaza,69.0,One Year,78.42,5410.9800000000005,PayPal,No Internet,3,3.0,0,No,45-54,49-72 Months
100553,Male,41.0,Gaza,55.0,Month-to-Month,99.11,5451.05,Credit Card,DSL,1,4.0,3,No,35-44,49-72 Months
100554,Female,43.0,Jenin,52.0,Unknown,49.02,2549.04,Bank Transfer,Fiber Optic,0,4.0,1,No,35-44,49-72 Months
100555,Female,28.0,Ramallah,8.0,Month-to-Month,90.35,722.8,Credit Card,DSL,2,3.0,3,No,25-34,0-12 Months
100556,Female,47.0,Hebron,60.0,Month-to-Month,55.97,3358.2,Credit Card,Fiber Optic,3,4.0,2,Yes,45-54,49-72 Months
100557,Male,21.0,Rafah,26.0,Month-to-Month,112.64,2928.64,Credit Card,DSL,0,4.0,1,No,Under 25,25-48 Months
100558,Female,39.0,Nablus,48.0,One Year,122.54,5881.92,PayPal,Fiber Optic,4,3.0,2,No,35-44,25-48 Months
100559,Male,21.0,Rafah,70.0,Month-to-Month,71.5,5005.0,Credit Card,DSL,4,5.0,0,No,Under 25,49-72 Months
100560,Female,21.0,Jericho,55.0,Month-to-Month,70.72,3889.6,Credit Card,Fiber Optic,1,4.0,2,No,Under 25,49-72 Months
100561,Male,18.0,Bethlehem,59.0,One Year,44.13,2603.67,PayPal,No Internet,1,4.0,1,No,Under 25,49-72 Months
100562,Female,49.0,Khan Yunis,69.0,Month-to-Month,50.93,3514.17,PayPal,No Internet,1,3.0,1,Yes,45-54,49-72 Months
100563,Male,39.0,Rafah,24.0,One Year,111.78,2682.7200000000003,Bank Transfer,Fiber Optic,2,3.0,0,No,35-44,13-24 Months
100564,Male,22.0,Khan Yunis,66.0,Month-to-Month,43.82,2892.12,Cash,Fiber Optic,2,4.0,0,No,Under 25,49-72 Months
100565,Male,55.0,Hebron,67.0,Two Year,94.72,6346.24,Cash,Fiber Optic,1,4.0,0,No,55+,49-72 Months
100566,Female,39.0,Hebron,44.0,Month-to-Month,46.54,2047.76,Cash,No Internet,3,4.0,3,Yes,35-44,25-48 Months
100567,Male,43.0,Nablus,11.0,Month-to-Month,81.85,900.3499999999999,PayPal,No Internet,2,2.0,2,No,35-44,0-12 Months
100568,Female,50.0,Khan Yunis,27.0,Month-to-Month,48.86,1319.22,PayPal,Fiber Optic,3,3.0,1,No,45-54,25-48 Months
100569,Female,38.0,Nablus,2.0,One Year,56.92,113.84,PayPal,Fiber Optic,3,4.0,0,No,35-44,0-12 Months
100570,Male,42.0,Nablus,100.0,Month-to-Month,58.11,5811.0,Credit Card,DSL,2,4.0,0,No,35-44,72+ Months
100571,Female,41.0,Jenin,33.0,Two Year,78.47,2589.5099999999998,PayPal,No Internet,1,2.0,1,No,35-44,25-48 Months
100572,Male,46.0,Ramallah,9.0,Month-to-Month,65.74,591.66,Bank Transfer,DSL,0,4.0,0,No,45-54,0-12 Months
100573,Female,40.0,Gaza,15.0,Month-to-Month,74.36,1115.4,PayPal,DSL,3,2.0,2,No,35-44,13-24 Months
100574,Female,45.0,Jenin,23.0,One Year,53.98,1241.54,Bank Transfer,Fiber Optic,2,1.0,0,Yes,45-54,13-24 Months
100575,Female,33.0,Jenin,20.0,Month-to-Month,108.41,2168.2,PayPal,No Internet,2,4.0,0,No,25-34,13-24 Months
100576,Male,47.0,Unknown,54.0,One Year,78.44,4235.76,Bank Transfer,No Internet,2,3.0,1,No,45-54,49-72 Months
100577,Female,33.0,Tulkarm,16.0,Month-to-Month,71.25,1140.0,Credit Card,Fiber Optic,1,2.0,0,No,25-34,13-24 Months
100578,Female,18.0,Rafah,21.0,Month-to-Month,93.48,1963.0800000000002,Bank Transfer,Fiber Optic,2,5.0,0,No,Under 25,13-24 Months
100579,Female,35.0,Khan Yunis,53.0,Month-to-Month,73.58,3899.74,PayPal,Fiber Optic,3,3.0,1,No,35-44,49-72 Months
100580,Male,42.0,Ramallah,46.0,One Year,68.81,3165.26,Cash,Fiber Optic,2,4.0,0,No,35-44,25-48 Months
100581,Female,18.0,Gaza,58.0,Two Year,73.43,4258.9400000000005,Bank Transfer,No Internet,3,4.0,2,No,Under 25,49-72 Months
100582,Female,46.0,Khan Yunis,19.0,Month-to-Month,90.49,1719.31,PayPal,No Internet,1,3.0,1,No,45-54,13-24 Months
100583,Male,39.0,Bethlehem,15.0,Two Year,109.93,1648.95,PayPal,No Internet,0,4.0,2,No,35-44,13-24 Months
100584,Female,31.0,Jericho,18.0,Month-to-Month,83.52,1503.36,Bank Transfer,DSL,1,4.0,1,No,25-34,13-24 Months
100585,Male,47.0,Jenin,53.0,Month-to-Month,76.06,4031.1800000000003,Credit Card,DSL,2,5.0,2,No,45-54,49-72 Months
100586,Male,20.0,Hebron,35.0,Month-to-Month,69.03,2416.05,Cash,No Internet,0,4.0,0,No,Under 25,25-48 Months
100587,Male,32.0,Gaza,43.0,Month-to-Month,28.87,1241.41,PayPal,Fiber Optic,3,4.0,1,No,25-34,25-48 Months
100588,Male,29.0,Hebron,27.0,One Year,68.9,1860.3000000000002,Bank Transfer,No Internet,1,3.0,3,No,25-34,25-48 Months
100589,Female,30.0,Tulkarm,57.0,One Year,78.03,4447.71,PayPal,DSL,0,4.0,2,No,25-34,49-72 Months
100590,Female,38.0,Khan Yunis,24.0,Month-to-Month,94.85,2276.3999999999996,PayPal,No Internet,3,4.0,1,No,35-44,13-24 Months
100591,Female,18.0,Unknown,26.0,Month-to-Month,84.52,2197.52,Bank Transfer,DSL,1,3.0,0,No,Under 25,25-48 Months
100592,Female,27.0,Jenin,4.0,One Year,82.59,330.36,Bank Transfer,DSL,0,1.0,0,No,25-34,0-12 Months
100593,Female,61.0,Hebron,20.0,Month-to-Month,64.24,1284.8,Cash,No Internet,2,2.0,0,No,55+,13-24 Months
100594,Female,39.0,Bethlehem,41.0,One Year,119.16,4885.5599999999995,Cash,No Internet,1,2.0,1,No,35-44,25-48 Months
100595,Female,37.0,Jenin,63.0,Month-to-Month,64.22,4045.86,PayPal,DSL,5,3.0,0,No,35-44,49-72 Months
100596,Male,33.0,Bethlehem,2.0,Month-to-Month,97.02,194.04,Cash,No Internet,1,2.0,1,Yes,25-34,0-12 Months
100597,Female,49.0,Khan Yunis,6.0,One Year,87.22,523.3199999999999,Bank Transfer,Fiber Optic,3,3.0,2,No,45-54,0-12 Months
100598,Male,24.0,Jenin,35.0,Two Year,71.21,2492.35,Credit Card,DSL,5,3.0,1,No,Under 25,25-48 Months
100599,Male,36.0,Bethlehem,8.0,Month-to-Month,23.19,185.52,Credit Card,Fiber Optic,3,2.0,1,No,35-44,0-12 Months
100600,Female,42.0,Tulkarm,21.0,Month-to-Month,71.32,1497.7199999999998,Bank Transfer,DSL,1,3.0,2,No,35-44,13-24 Months
100601,Male,29.0,Rafah,67.0,Month-to-Month,94.5,6331.5,Credit Card,No Internet,2,4.0,0,No,25-34,49-72 Months
100602,Male,58.0,Rafah,30.0,One Year,63.05,1891.5,Cash,No Internet,1,4.0,2,No,55+,25-48 Months
100603,Female,41.0,Tulkarm,56.0,Month-to-Month,114.96,6437.759999999999,Credit Card,Fiber Optic,0,4.0,1,No,35-44,49-72 Months
100604,Female,18.0,Jericho,55.0,Month-to-Month,126.05,6932.75,PayPal,Fiber Optic,3,4.0,1,No,Under 25,49-72 Months
100605,Male,54.0,Rafah,33.0,Month-to-Month,87.28,2880.2400000000002,Bank Transfer,No Internet,3,4.0,0,No,45-54,25-48 Months
100606,Male,42.0,Gaza,28.0,Two Year,97.54,2731.1200000000003,PayPal,DSL,6,5.0,1,No,35-44,25-48 Months
100607,Male,50.0,Rafah,42.0,Month-to-Month,123.96,5206.32,Credit Card,Fiber Optic,4,2.0,3,No,45-54,25-48 Months
100608,Female,38.0,Tulkarm,31.0,One Year,66.17,2051.27,PayPal,DSL,2,1.0,0,No,35-44,25-48 Months
100609,Female,22.0,Gaza,18.0,Month-to-Month,58.66,1055.8799999999999,Bank Transfer,No Internet,1,4.0,0,No,Under 25,13-24 Months
100610,Male,42.0,Hebron,16.0,Month-to-Month,62.34,997.44,Bank Transfer,DSL,2,4.0,3,No,35-44,13-24 Months
100611,Female,58.0,Ramallah,9.0,Month-to-Month,100.76,906.84,Credit Card,Fiber Optic,2,4.0,0,No,55+,0-12 Months
100612,Female,24.0,Tulkarm,54.0,Month-to-Month,124.07,6699.78,Cash,DSL,1,3.0,0,No,Under 25,49-72 Months
100613,Male,32.0,Ramallah,61.0,Two Year,62.51,3813.1099999999997,PayPal,Fiber Optic,1,3.0,2,No,25-34,49-72 Months
100614,Male,39.0,Hebron,59.0,Month-to-Month,58.2,3433.8,Credit Card,No Internet,3,5.0,1,No,35-44,49-72 Months
100615,Male,47.0,Tulkarm,17.0,Month-to-Month,76.89,1307.13,Bank Transfer,No Internet,0,2.0,1,Yes,45-54,13-24 Months
100616,Male,47.0,Nablus,48.0,One Year,74.69,3585.12,Credit Card,Fiber Optic,2,2.0,0,No,45-54,25-48 Months
100617,Female,49.0,Nablus,21.0,One Year,66.87,1404.27,Bank Transfer,DSL,0,2.0,0,No,45-54,13-24 Months
100618,Male,35.0,Jenin,12.0,One Year,74.64,895.6800000000001,PayPal,No Internet,2,4.0,0,No,35-44,0-12 Months
100619,Male,36.0,Tulkarm,12.0,Month-to-Month,84.14,1009.6800000000001,Credit Card,No Internet,2,4.0,2,No,35-44,0-12 Months
100620,Male,47.0,Nablus,21.0,One Year,81.82,1718.2199999999998,PayPal,Fiber Optic,0,4.0,1,No,45-54,13-24 Months
100621,Male,54.0,Bethlehem,70.0,One Year,94.95,6646.5,PayPal,DSL,3,2.0,2,No,45-54,49-72 Months
100622,Male,40.0,Rafah,37.0,Month-to-Month,54.06,2000.22,Bank Transfer,Fiber Optic,1,5.0,0,No,35-44,25-48 Months
100623,Male,47.0,Jericho,31.0,Month-to-Month,62.41,1934.7099999999998,PayPal,Fiber Optic,3,3.0,0,No,45-54,25-48 Months
100624,Male,33.0,Nablus,21.0,Two Year,50.12,1052.52,Bank Transfer,No Internet,2,4.0,1,No,25-34,13-24 Months
100625,Female,33.0,Jenin,29.0,Month-to-Month,101.01,2929.29,PayPal,Fiber Optic,3,1.0,1,No,25-34,25-48 Months
100626,Male,36.0,Jenin,24.0,Month-to-Month,110.97,2663.2799999999997,Bank Transfer,No Internet,3,4.0,1,Yes,35-44,13-24 Months
100627,Male,41.0,Gaza,57.0,Month-to-Month,20.0,1140.0,Credit Card,Fiber Optic,4,5.0,0,No,35-44,49-72 Months
100628,Female,41.0,Rafah,50.0,One Year,64.54,3227.0000000000005,Bank Transfer,No Internet,2,3.0,1,No,35-44,49-72 Months
100629,Male,26.0,Nablus,65.0,Month-to-Month,64.28,4178.2,PayPal,DSL,4,4.0,0,No,25-34,49-72 Months
100630,Female,67.0,Rafah,24.0,Two Year,84.79,2034.96,PayPal,No Internet,2,4.0,1,No,55+,13-24 Months
100631,Male,21.0,Gaza,56.0,Two Year,60.0,3360.0,Cash,Fiber Optic,4,2.0,1,No,Under 25,49-72 Months
100632,Female,32.0,Ramallah,26.0,Month-to-Month,37.93,986.18,PayPal,DSL,1,3.0,2,No,25-34,25-48 Months
100633,Male,54.0,Rafah,21.0,One Year,55.87,1173.27,PayPal,Fiber Optic,1,5.0,0,No,45-54,13-24 Months
100634,Male,31.0,Jenin,24.0,Two Year,93.35,2240.3999999999996,Bank Transfer,Fiber Optic,4,4.0,0,No,25-34,13-24 Months
100635,Male,34.0,Bethlehem,35.0,One Year,102.83,3599.0499999999997,Credit Card,DSL,0,2.0,1,No,25-34,25-48 Months
100636,Female,47.0,Tulkarm,32.0,One Year,48.01,1536.32,Cash,No Internet,3,5.0,1,No,45-54,25-48 Months
100637,Male,44.0,Ramallah,9.0,Two Year,102.28,920.52,PayPal,DSL,2,3.0,0,No,35-44,0-12 Months
100638,Female,18.0,Bethlehem,18.0,Two Year,72.87,1311.66,Cash,DSL,3,4.0,1,No,Under 25,13-24 Months
100639,Male,29.0,Khan Yunis,37.0,Two Year,76.95,2847.15,PayPal,DSL,1,3.0,2,No,25-34,25-48 Months
100640,Female,38.0,Jericho,4.0,One Year,70.61,282.44,PayPal,Fiber Optic,2,4.0,2,Yes,35-44,0-12 Months
100641,Male,47.0,Rafah,10.0,Two Year,34.76,347.59999999999997,Credit Card,Fiber Optic,2,3.0,0,No,45-54,0-12 Months
100642,Male,42.0,Nablus,63.0,Month-to-Month,104.83,6604.29,Bank Transfer,No Internet,1,5.0,1,Yes,35-44,49-72 Months
100643,Female,60.0,Bethlehem,8.0,One Year,56.38,451.04,Bank Transfer,Fiber Optic,2,3.0,1,No,55+,0-12 Months
100644,Female,42.0,Khan Yunis,39.0,One Year,74.38,2900.8199999999997,PayPal,No Internet,2,4.0,0,No,35-44,25-48 Months
100645,Male,43.0,Nablus,48.0,One Year,25.04,1201.92,Cash,Fiber Optic,1,5.0,0,No,35-44,25-48 Months
100646,Female,27.0,Khan Yunis,23.0,Month-to-Month,53.55,1231.6499999999999,Bank Transfer,No Internet,1,3.0,1,No,25-34,13-24 Months
100647,Female,34.0,Ramallah,64.0,Month-to-Month,91.07,5828.48,PayPal,Fiber Optic,2,4.0,1,No,25-34,49-72 Months
100648,Male,37.0,Tulkarm,37.0,Month-to-Month,111.05,4108.849999999999,Cash,DSL,0,4.0,2,No,35-44,25-48 Months
100649,Female,46.0,Nablus,22.0,Two Year,90.22,1984.84,PayPal,Fiber Optic,1,3.0,1,No,45-54,13-24 Months
100650,Male,39.0,Rafah,8.0,Two Year,52.89,423.12,PayPal,No Internet,2,2.0,0,No,35-44,0-12 Months
100651,Female,51.0,Gaza,57.0,One Year,99.12,5649.84,Credit Card,No Internet,3,4.0,1,No,45-54,49-72 Months
100652,Female,18.0,Khan Yunis,19.0,Two Year,45.45,863.5500000000001,Cash,No Internet,1,2.0,0,No,Under 25,13-24 Months
100653,Male,49.0,Nablus,71.0,One Year,27.68,1965.28,PayPal,No Internet,1,4.0,2,No,45-54,49-72 Months
100654,Female,19.0,Tulkarm,72.0,One Year,103.76,7470.72,Cash,DSL,2,3.0,1,No,Under 25,49-72 Months
100655,Female,28.0,Rafah,47.0,Month-to-Month,50.51,2373.97,Cash,Fiber Optic,4,3.0,2,No,25-34,25-48 Months
100656,Female,28.0,Khan Yunis,63.0,Month-to-Month,30.65,1930.9499999999998,Bank Transfer,No Internet,5,3.0,0,No,25-34,49-72 Months
100657,Male,54.0,Hebron,37.0,One Year,44.12,1632.4399999999998,Cash,No Internet,3,5.0,2,No,45-54,25-48 Months
100658,Male,40.0,Ramallah,4.0,One Year,100.84,403.36,Bank Transfer,No Internet,3,2.0,0,No,35-44,0-12 Months
100659,Female,36.0,Jericho,58.0,Month-to-Month,25.92,1503.3600000000001,PayPal,No Internet,3,5.0,0,No,35-44,49-72 Months
100660,Female,47.0,Tulkarm,62.0,One Year,66.1,4098.2,Credit Card,No Internet,2,3.0,1,No,45-54,49-72 Months
100661,Male,38.0,Gaza,16.0,Month-to-Month,47.58,761.28,Cash,DSL,1,5.0,1,No,35-44,13-24 Months
100662,Female,61.0,Jenin,45.0,One Year,57.22,2574.9,Cash,Fiber Optic,2,5.0,1,No,55+,25-48 Months
100663,Male,18.0,Bethlehem,62.0,One Year,87.79,5442.9800000000005,PayPal,Fiber Optic,0,4.0,0,No,Under 25,49-72 Months
100664,Male,32.0,Khan Yunis,55.0,One Year,96.04,5282.200000000001,PayPal,Fiber Optic,0,4.0,1,No,25-34,49-72 Months
100665,Female,38.0,Gaza,3.0,Month-to-Month,119.98,359.94,PayPal,DSL,3,4.0,0,No,35-44,0-12 Months
100666,Female,30.0,Khan Yunis,15.0,Month-to-Month,105.6,1584.0,Credit Card,Fiber Optic,1,3.0,0,No,25-34,13-24 Months
100667,Female,28.0,Hebron,39.0,One Year,113.73,4435.47,Bank Transfer,No Internet,0,4.0,0,No,25-34,25-48 Months
100668,Male,48.0,Jenin,18.0,One Year,53.76,967.68,PayPal,Fiber Optic,4,2.0,2,No,45-54,13-24 Months
100669,Male,51.0,Khan Yunis,12.0,Two Year,90.02,1080.24,Credit Card,DSL,1,2.0,1,Yes,45-54,0-12 Months
100670,Female,38.0,Ramallah,25.0,Month-to-Month,90.43,2260.75,Cash,No Internet,2,4.0,1,No,35-44,25-48 Months
100671,Female,37.0,Ramallah,1.0,Two Year,50.97,50.97,Credit Card,Fiber Optic,0,1.0,0,Yes,35-44,0-12 Months
100672,Female,28.0,Rafah,15.0,Two Year,127.44,1911.6,Bank Transfer,Fiber Optic,0,3.0,1,No,25-34,13-24 Months
100673,Male,24.0,Unknown,68.0,One Year,70.63,4802.84,Credit Card,No Internet,1,3.0,1,No,Under 25,49-72 Months
100674,Female,47.0,Nablus,15.0,Month-to-Month,137.57,2063.5499999999997,Bank Transfer,Fiber Optic,0,3.0,2,No,45-54,13-24 Months
100675,Female,38.0,Bethlehem,47.0,Two Year,85.24,4006.2799999999997,Bank Transfer,Fiber Optic,0,3.0,0,No,35-44,25-48 Months
100676,Female,20.0,Khan Yunis,31.0,Two Year,92.17,2857.27,Credit Card,Fiber Optic,4,4.0,0,No,Under 25,25-48 Months
100677,Male,30.0,Gaza,56.0,One Year,47.39,2653.84,Bank Transfer,DSL,0,2.0,1,No,25-34,49-72 Months
100678,Female,58.0,Jenin,51.0,Two Year,73.93,3770.4300000000003,Bank Transfer,Fiber Optic,2,4.0,0,No,55+,49-72 Months
100679,Female,36.0,Khan Yunis,72.0,Two Year,51.5,3708.0,PayPal,DSL,4,4.0,0,No,35-44,49-72 Months
100680,Male,43.0,Bethlehem,52.0,Month-to-Month,63.25,3289.0,Credit Card,Fiber Optic,0,3.0,2,No,35-44,49-72 Months
100681,Male,39.0,Nablus,28.0,Month-to-Month,94.66,2650.48,Cash,No Internet,2,3.0,2,No,35-44,25-48 Months
100682,Female,52.0,Nablus,53.0,One Year,100.31,5316.43,Cash,No Internet,2,4.0,0,No,45-54,49-72 Months
100683,Female,38.0,Nablus,24.0,Two Year,81.23,1949.52,Cash,Fiber Optic,2,3.0,0,No,35-44,13-24 Months
100684,Male,48.0,Nablus,25.0,Month-to-Month,92.91,2322.75,Credit Card,Fiber Optic,3,5.0,1,No,45-54,25-48 Months
100685,Male,18.0,Jenin,3.0,One Year,47.89,143.67000000000002,PayPal,DSL,4,4.0,1,No,Under 25,0-12 Months
100686,Female,31.0,Gaza,71.0,Month-to-Month,56.55,4015.0499999999997,PayPal,No Internet,5,3.0,2,No,25-34,49-72 Months
100687,Male,35.0,Jericho,13.0,Month-to-Month,65.0,845.0,Credit Card,No Internet,3,3.0,2,Yes,35-44,13-24 Months
100688,Male,39.0,Jenin,31.0,Two Year,59.9,1856.8999999999999,Bank Transfer,No Internet,1,5.0,1,No,35-44,25-48 Months
100689,Female,49.0,Tulkarm,39.0,Month-to-Month,71.66,2794.74,PayPal,No Internet,5,4.0,1,No,45-54,25-48 Months
100690,Male,33.0,Ramallah,11.0,Month-to-Month,118.05,1298.55,PayPal,No Internet,2,3.0,0,Yes,25-34,0-12 Months
100691,Female,41.0,Bethlehem,47.0,Month-to-Month,54.78,2574.66,Credit Card,No Internet,3,5.0,0,No,35-44,25-48 Months
100692,Male,55.0,Gaza,57.0,Two Year,77.76,4432.320000000001,PayPal,No Internet,3,3.0,1,No,55+,49-72 Months
100693,Male,26.0,Bethlehem,3.0,One Year,73.87,221.61,Cash,DSL,2,2.0,1,Yes,25-34,0-12 Months
100694,Male,32.0,Ramallah,68.0,Two Year,96.33,6550.44,Cash,Fiber Optic,1,2.0,1,No,25-34,49-72 Months
100695,Male,42.0,Ramallah,17.0,One Year,37.72,641.24,Credit Card,No Internet,2,5.0,1,No,35-44,13-24 Months
100696,Female,58.0,Nablus,53.0,Month-to-Month,127.97,6782.41,Bank Transfer,Fiber Optic,0,5.0,3,No,55+,49-72 Months
100697,Female,39.0,Bethlehem,17.0,Month-to-Month,31.32,532.44,Cash,No Internet,4,3.0,0,No,35-44,13-24 Months
100698,Male,22.0,Hebron,19.0,One Year,79.21,1504.9899999999998,Bank Transfer,DSL,4,3.0,1,No,Under 25,13-24 Months
100699,Female,54.0,Jericho,61.0,Month-to-Month,76.2,4648.2,Cash,No Internet,0,5.0,1,No,45-54,49-72 Months
100700,Female,18.0,Ramallah,67.0,One Year,58.58,3924.8599999999997,Credit Card,DSL,1,4.0,2,No,Under 25,49-72 Months
100701,Female,44.0,Jenin,31.0,Month-to-Month,60.08,1862.48,Bank Transfer,Fiber Optic,1,2.0,2,No,35-44,25-48 Months
100702,Female,24.0,Rafah,50.0,One Year,95.51,4775.5,PayPal,DSL,1,4.0,1,No,Under 25,49-72 Months
100703,Male,73.0,Ramallah,55.0,One Year,26.32,1447.6,Credit Card,DSL,2,3.0,1,No,55+,49-72 Months
100704,Male,42.0,Jenin,69.0,Two Year,52.53,3624.57,Credit Card,No Internet,1,5.0,0,No,35-44,49-72 Months
100705,Male,72.0,Jericho,47.0,Month-to-Month,83.45,3922.15,PayPal,No Internet,1,4.0,1,Yes,55+,25-48 Months
100706,Female,53.0,Khan Yunis,33.0,Month-to-Month,76.61,2528.13,PayPal,No Internet,0,4.0,2,Yes,45-54,25-48 Months
100707,Male,44.0,Jericho,68.0,One Year,54.56,3710.08,Bank Transfer,Fiber Optic,2,4.0,3,No,35-44,49-72 Months
100708,Female,29.0,Bethlehem,49.0,Month-to-Month,54.15,2653.35,Credit Card,No Internet,2,4.0,3,No,25-34,49-72 Months
100709,Male,50.0,Khan Yunis,69.0,Month-to-Month,20.0,1380.0,Cash,DSL,2,4.0,2,No,45-54,49-72 Months
100710,Male,36.0,Rafah,13.0,Month-to-Month,20.0,260.0,Bank Transfer,Fiber Optic,4,2.0,0,No,35-44,13-24 Months
100711,Male,25.0,Jenin,18.0,Month-to-Month,86.91,1564.3799999999999,Bank Transfer,Fiber Optic,4,2.0,1,No,25-34,13-24 Months
100712,Female,48.0,Tulkarm,39.0,Month-to-Month,48.03,1873.17,PayPal,DSL,5,5.0,0,No,45-54,25-48 Months
100713,Female,44.0,Nablus,12.0,Two Year,94.98,1139.76,Bank Transfer,No Internet,5,4.0,1,Yes,35-44,0-12 Months
100714,Male,18.0,Tulkarm,21.0,Month-to-Month,61.97,1301.37,PayPal,DSL,0,5.0,0,No,Under 25,13-24 Months
100715,Male,39.0,Khan Yunis,39.0,One Year,87.31,3405.09,Bank Transfer,DSL,4,3.0,2,No,35-44,25-48 Months
100716,Female,40.0,Bethlehem,51.0,Two Year,90.15,4597.650000000001,Bank Transfer,DSL,3,4.0,0,No,35-44,49-72 Months
100717,Male,64.0,Khan Yunis,37.0,One Year,83.45,3087.65,Cash,DSL,3,3.0,1,No,55+,25-48 Months
100718,Female,23.0,Hebron,10.0,Month-to-Month,78.5,785.0,Cash,Fiber Optic,1,3.0,0,Yes,Under 25,0-12 Months
100719,Male,48.0,Hebron,19.0,Month-to-Month,77.36,1469.84,PayPal,DSL,3,2.0,0,No,45-54,13-24 Months
100720,Female,45.0,Rafah,18.0,One Year,93.84,1689.1200000000001,Cash,No Internet,4,4.0,1,No,45-54,13-24 Months
100721,Male,31.0,Hebron,18.0,Month-to-Month,80.86,1455.48,Credit Card,Fiber Optic,4,4.0,2,No,25-34,13-24 Months
100722,Male,32.0,Jericho,64.0,One Year,78.65,5033.6,Cash,Fiber Optic,2,3.0,0,No,25-34,49-72 Months
100723,Female,55.0,Jericho,56.0,Month-to-Month,71.32,3993.9199999999996,Credit Card,No Internet,4,4.0,2,No,55+,49-72 Months
100724,Male,31.0,Hebron,54.0,One Year,78.84,4257.360000000001,PayPal,No Internet,2,4.0,0,No,25-34,49-72 Months
100725,Male,29.0,Hebron,49.0,Two Year,96.56,4731.4400000000005,PayPal,No Internet,0,2.0,0,No,25-34,49-72 Months
100726,Male,46.0,Jericho,12.0,Month-to-Month,93.21,1118.52,Bank Transfer,Fiber Optic,4,2.0,2,No,45-54,0-12 Months
100727,Female,38.0,Jericho,66.0,One Year,67.58,4460.28,Credit Card,Fiber Optic,1,5.0,0,No,35-44,49-72 Months
100728,Male,39.0,Hebron,10.0,Month-to-Month,83.27,832.6999999999999,PayPal,Fiber Optic,2,3.0,0,Yes,35-44,0-12 Months
100729,Male,48.0,Khan Yunis,67.0,One Year,79.5,5326.5,Credit Card,Fiber Optic,2,3.0,1,No,45-54,49-72 Months
100730,Male,46.0,Tulkarm,15.0,Month-to-Month,37.29,559.35,PayPal,DSL,0,4.0,2,Yes,45-54,13-24 Months
100731,Female,25.0,Hebron,14.0,Two Year,99.52,1393.28,PayPal,DSL,1,4.0,1,No,25-34,13-24 Months
100732,Male,30.0,Tulkarm,46.0,Month-to-Month,28.05,1290.3,Cash,DSL,1,3.0,1,No,25-34,25-48 Months
100733,Male,49.0,Jenin,50.0,Month-to-Month,44.66,2233.0,PayPal,DSL,0,3.0,2,No,45-54,49-72 Months
100734,Male,38.0,Jericho,60.0,Month-to-Month,120.73,7243.8,Credit Card,No Internet,1,4.0,0,No,35-44,49-72 Months
100735,Female,41.0,Tulkarm,28.0,Month-to-Month,45.57,1275.96,Bank Transfer,Fiber Optic,1,4.0,2,No,35-44,25-48 Months
100736,Female,56.0,Jenin,38.0,Month-to-Month,69.34,2634.92,PayPal,No Internet,2,3.0,2,No,55+,25-48 Months
100737,Female,41.0,Hebron,60.0,Month-to-Month,111.82,6709.2,PayPal,No Internet,3,4.0,1,No,35-44,49-72 Months
100738,Female,48.0,Khan Yunis,71.0,One Year,54.64,3879.44,PayPal,DSL,4,3.0,1,No,45-54,49-72 Months
100739,Female,18.0,Ramallah,13.0,Two Year,76.59,995.6700000000001,Credit Card,No Internet,1,3.0,1,No,Under 25,13-24 Months
100740,Male,32.0,Nablus,16.0,Month-to-Month,59.61,953.76,Cash,No Internet,3,5.0,2,No,25-34,13-24 Months
100741,Male,39.0,Ramallah,60.0,Month-to-Month,20.0,1200.0,PayPal,No Internet,2,2.0,1,No,35-44,49-72 Months
100742,Male,39.0,Rafah,71.0,Month-to-Month,90.28,6409.88,PayPal,Fiber Optic,4,3.0,1,Yes,35-44,49-72 Months
100743,Male,21.0,Jericho,38.0,Month-to-Month,126.96,4824.48,Credit Card,No Internet,3,4.0,1,No,Under 25,25-48 Months
100744,Female,44.0,Jericho,51.0,Month-to-Month,54.99,2804.4900000000002,Credit Card,Fiber Optic,1,2.0,1,No,35-44,49-72 Months
100745,Male,48.0,Khan Yunis,37.0,One Year,30.1,1113.7,Bank Transfer,Fiber Optic,1,2.0,0,No,45-54,25-48 Months
100746,Male,19.0,Jericho,32.0,Month-to-Month,100.56,3217.92,Cash,No Internet,1,5.0,1,No,Under 25,25-48 Months
100747,Male,45.0,Ramallah,40.0,Month-to-Month,77.21,3088.3999999999996,Credit Card,DSL,3,4.0,0,No,45-54,25-48 Months
100748,Female,67.0,Tulkarm,31.0,One Year,28.46,882.26,Cash,No Internet,3,3.0,1,No,55+,25-48 Months
100749,Male,49.0,Khan Yunis,45.0,Month-to-Month,104.98,4724.1,Bank Transfer,No Internet,2,3.0,2,No,45-54,25-48 Months
100750,Female,33.0,Bethlehem,47.0,Two Year,107.11,5034.17,Bank Transfer,Fiber Optic,4,5.0,2,No,25-34,25-48 Months
100751,Female,33.0,Jericho,71.0,One Year,53.68,3811.28,Credit Card,DSL,0,4.0,1,No,25-34,49-72 Months
100752,Male,43.0,Khan Yunis,14.0,Month-to-Month,87.38,1223.32,Bank Transfer,DSL,3,5.0,1,No,35-44,13-24 Months
100753,Female,49.0,Khan Yunis,17.0,Two Year,49.91,848.4699999999999,Bank Transfer,No Internet,3,3.0,1,No,45-54,13-24 Months
100754,Female,65.0,Hebron,71.0,Month-to-Month,83.96,5961.16,Bank Transfer,DSL,1,3.0,1,No,55+,49-72 Months
100755,Male,24.0,Rafah,5.0,One Year,91.1,455.5,Credit Card,DSL,1,4.0,0,No,Under 25,0-12 Months
100756,Male,25.0,Hebron,41.0,Month-to-Month,30.86,1265.26,Bank Transfer,DSL,2,2.0,0,No,25-34,25-48 Months
100757,Male,48.0,Jenin,10.0,Two Year,97.96,979.5999999999999,Cash,DSL,2,3.0,3,No,45-54,0-12 Months
100758,Female,21.0,Nablus,25.0,Month-to-Month,93.26,2331.5,Cash,DSL,2,3.0,2,No,Under 25,25-48 Months
100759,Female,50.0,Ramallah,27.0,Month-to-Month,79.03,2133.81,Cash,DSL,3,3.0,0,No,45-54,25-48 Months
100760,Male,51.0,Jenin,23.0,One Year,51.02,1173.46,Cash,Fiber Optic,3,4.0,1,No,45-54,13-24 Months
100761,Female,18.0,Ramallah,63.0,Month-to-Month,85.35,5377.049999999999,Credit Card,Fiber Optic,2,4.0,0,No,Under 25,49-72 Months
100762,Female,42.0,Jericho,47.0,Two Year,63.81,2999.07,Credit Card,No Internet,1,4.0,1,No,35-44,25-48 Months
100763,Female,30.0,Jericho,63.0,Two Year,64.19,4043.97,Bank Transfer,DSL,1,5.0,1,No,25-34,49-72 Months
100764,Female,38.0,Rafah,49.0,Two Year,66.43,3255.07,Cash,No Internet,2,3.0,0,No,35-44,49-72 Months
100765,Male,41.0,Gaza,41.0,Month-to-Month,90.61,3715.0099999999998,PayPal,DSL,2,2.0,0,No,35-44,25-48 Months
100766,Female,35.0,Tulkarm,36.0,Two Year,70.3,2530.7999999999997,Cash,DSL,3,4.0,2,Yes,35-44,25-48 Months
100767,Female,39.0,Bethlehem,3.0,Two Year,126.45,379.35,Credit Card,Fiber Optic,3,2.0,2,No,35-44,0-12 Months
100768,Male,49.0,Bethlehem,14.0,One Year,93.87,1314.18,Bank Transfer,No Internet,0,1.0,1,No,45-54,13-24 Months
100769,Female,36.0,Hebron,19.0,Two Year,77.92,1480.48,Bank Transfer,DSL,2,2.0,1,No,35-44,13-24 Months
100770,Male,34.0,Rafah,9.0,Two Year,87.61,788.49,PayPal,Fiber Optic,3,4.0,0,No,25-34,0-12 Months
100771,Female,19.0,Tulkarm,27.0,Month-to-Month,58.7,1584.9,Bank Transfer,DSL,4,3.0,0,No,Under 25,25-48 Months
100772,Male,24.0,Nablus,51.0,Month-to-Month,54.45,2776.9500000000003,Bank Transfer,Fiber Optic,1,3.0,1,Yes,Under 25,49-72 Months
100773,Male,63.0,Ramallah,70.0,One Year,108.82,7617.4,Cash,DSL,1,3.0,1,No,55+,49-72 Months
100774,Female,32.0,Ramallah,19.0,One Year,71.25,1353.75,Bank Transfer,DSL,0,4.0,3,No,25-34,13-24 Months
100775,Male,23.0,Tulkarm,1.0,Month-to-Month,94.6,94.6,Credit Card,No Internet,0,3.0,0,No,Under 25,0-12 Months
100776,Female,33.0,Rafah,61.0,Month-to-Month,60.11,3666.71,Credit Card,DSL,3,3.0,0,No,25-34,49-72 Months
100777,Female,22.0,Khan Yunis,29.0,One Year,90.97,2638.13,Bank Transfer,DSL,1,5.0,1,No,Under 25,25-48 Months
100778,Male,34.0,Jericho,1.0,Month-to-Month,112.18,112.18,Cash,DSL,0,3.0,0,Yes,25-34,0-12 Months
100779,Female,34.0,Rafah,37.0,Month-to-Month,82.2,3041.4,Credit Card,DSL,1,4.0,4,No,25-34,25-48 Months
100780,Male,28.0,Ramallah,25.0,One Year,44.42,1110.5,Bank Transfer,DSL,1,3.0,1,No,25-34,25-48 Months
100781,Male,20.0,Nablus,32.0,One Year,84.11,2691.52,Cash,DSL,0,3.0,0,No,Under 25,25-48 Months
100782,Female,54.0,Jenin,66.0,Month-to-Month,43.24,2853.84,PayPal,DSL,2,4.0,0,No,45-54,49-72 Months
100783,Female,41.0,Jericho,28.0,Two Year,43.28,1211.8400000000001,PayPal,DSL,3,5.0,1,No,35-44,25-48 Months
100784,Male,38.0,Hebron,48.0,Month-to-Month,110.62,5309.76,Bank Transfer,No Internet,1,4.0,2,No,35-44,25-48 Months
100785,Male,49.0,Tulkarm,56.0,One Year,28.56,1599.36,Credit Card,Fiber Optic,0,2.0,0,No,45-54,49-72 Months
100786,Male,34.0,Gaza,11.0,Month-to-Month,95.18,1046.98,PayPal,No Internet,0,5.0,3,No,25-34,0-12 Months
100787,Female,34.0,Jericho,37.0,One Year,89.47,3310.39,Cash,Fiber Optic,2,4.0,2,No,25-34,25-48 Months
100788,Female,32.0,Hebron,19.0,One Year,62.7,1191.3,Cash,No Internet,8,4.0,0,No,25-34,13-24 Months
100789,Male,18.0,Khan Yunis,53.0,Month-to-Month,72.3,3831.8999999999996,Cash,Fiber Optic,4,5.0,2,No,Under 25,49-72 Months
100790,Female,46.0,Rafah,44.0,Month-to-Month,87.91,3868.04,PayPal,No Internet,0,4.0,0,No,45-54,25-48 Months
100791,Male,38.0,Khan Yunis,12.0,Two Year,63.44,761.28,Cash,No Internet,5,4.0,0,No,35-44,0-12 Months
100792,Female,51.0,Khan Yunis,41.0,One Year,108.12,4432.92,Bank Transfer,DSL,2,1.0,0,No,45-54,25-48 Months
100793,Male,22.0,Rafah,30.0,Month-to-Month,49.08,1472.3999999999999,Bank Transfer,DSL,1,2.0,0,No,Under 25,25-48 Months
100794,Male,30.0,Gaza,49.0,Month-to-Month,78.46,3844.5399999999995,Cash,DSL,1,3.0,1,No,25-34,49-72 Months
100795,Female,41.0,Rafah,6.0,Month-to-Month,28.42,170.52,Bank Transfer,Fiber Optic,2,4.0,0,No,35-44,0-12 Months
100796,Male,33.0,Gaza,29.0,One Year,99.78,2893.62,Bank Transfer,Fiber Optic,1,1.0,0,No,25-34,25-48 Months
100797,Female,41.0,Hebron,44.0,Month-to-Month,58.64,2580.16,Cash,No Internet,0,1.0,0,No,35-44,25-48 Months
100798,Female,58.0,Hebron,3.0,One Year,85.27,255.81,Bank Transfer,Fiber Optic,2,4.0,2,No,55+,0-12 Months
100799,Female,25.0,Jenin,1.0,Month-to-Month,20.0,20.0,Bank Transfer,DSL,1,3.0,2,No,25-34,0-12 Months
100800,Male,39.0,Jenin,61.0,Month-to-Month,58.68,3579.48,Credit Card,No Internet,3,4.0,0,Yes,35-44,49-72 Months
100801,Female,35.0,Hebron,55.0,Month-to-Month,54.97,3023.35,Bank Transfer,Fiber Optic,2,4.0,2,No,35-44,49-72 Months
100802,Male,50.0,Ramallah,6.0,Month-to-Month,35.99,215.94,Credit Card,DSL,0,4.0,0,No,45-54,0-12 Months
100803,Male,45.0,Hebron,22.0,Month-to-Month,107.88,2373.3599999999997,Credit Card,Fiber Optic,1,5.0,0,No,45-54,13-24 Months
100804,Female,41.0,Jenin,44.0,Month-to-Month,82.73,3640.1200000000003,PayPal,DSL,1,3.0,0,No,35-44,25-48 Months
100805,Female,39.0,Nablus,27.0,Month-to-Month,50.77,1370.7900000000002,Cash,Fiber Optic,1,2.0,0,No,35-44,25-48 Months
100806,Female,66.0,Ramallah,59.0,Month-to-Month,101.51,5989.09,Cash,DSL,1,3.0,0,No,55+,49-72 Months
100807,Male,52.0,Hebron,39.0,One Year,46.75,1823.25,PayPal,DSL,5,3.0,0,No,45-54,25-48 Months
100808,Male,33.0,Rafah,4.0,Month-to-Month,75.81,303.24,Credit Card,No Internet,3,2.0,1,No,25-34,0-12 Months
100809,Female,42.0,Jenin,14.0,One Year,73.11,1023.54,Bank Transfer,Fiber Optic,5,4.0,2,No,35-44,13-24 Months
100810,Male,42.0,Jenin,21.0,One Year,57.46,1206.66,PayPal,No Internet,2,2.0,0,Yes,35-44,13-24 Months
100811,Male,27.0,Hebron,52.0,Month-to-Month,82.26,4277.52,Credit Card,Fiber Optic,5,4.0,0,No,25-34,49-72 Months
100812,Male,19.0,Jenin,2.0,One Year,55.09,110.18,Credit Card,DSL,2,2.0,0,No,Under 25,0-12 Months
100813,Male,51.0,Jericho,3.0,One Year,74.36,223.07999999999998,PayPal,No Internet,4,4.0,2,Yes,45-54,0-12 Months
100814,Male,42.0,Hebron,37.0,One Year,85.17,3151.29,Cash,DSL,0,5.0,0,No,35-44,25-48 Months
100815,Male,38.0,Gaza,72.0,Month-to-Month,20.0,1440.0,Bank Transfer,No Internet,2,2.0,1,No,35-44,49-72 Months
100816,Male,54.0,Ramallah,52.0,Month-to-Month,75.22,3911.44,PayPal,Fiber Optic,3,4.0,1,No,45-54,49-72 Months
100817,Female,35.0,Rafah,35.0,Month-to-Month,88.44,3095.4,Cash,Fiber Optic,4,4.0,0,No,35-44,25-48 Months
100818,Male,18.0,Jenin,37.0,One Year,116.82,4322.34,Credit Card,DSL,4,2.0,2,No,Under 25,25-48 Months
100819,Female,18.0,Hebron,16.0,One Year,74.49,1191.84,Cash,No Internet,1,4.0,3,No,Under 25,13-24 Months
100820,Female,37.0,Unknown,28.0,Month-to-Month,75.75,2121.0,Cash,Fiber Optic,1,3.0,1,No,35-44,25-48 Months
100821,Female,22.0,Khan Yunis,28.0,One Year,95.68,2679.04,Bank Transfer,DSL,5,3.0,1,No,Under 25,25-48 Months
100822,Female,33.0,Ramallah,12.0,Month-to-Month,75.55,906.5999999999999,Credit Card,No Internet,0,2.0,0,No,25-34,0-12 Months
100823,Male,18.0,Bethlehem,57.0,Two Year,106.78,6086.46,Credit Card,No Internet,3,4.0,1,No,Under 25,49-72 Months
100824,Male,45.0,Khan Yunis,19.0,Two Year,92.77,1762.6299999999999,PayPal,No Internet,4,3.0,0,No,45-54,13-24 Months
100825,Female,48.0,Unknown,44.0,Month-to-Month,58.32,2566.08,Credit Card,Fiber Optic,1,5.0,0,No,45-54,25-48 Months
100826,Male,27.0,Ramallah,64.0,One Year,96.13,6152.32,Credit Card,Fiber Optic,2,2.0,1,No,25-34,49-72 Months
100827,Male,31.0,Jericho,46.0,Month-to-Month,59.17,2721.82,PayPal,No Internet,2,3.0,0,No,25-34,25-48 Months
100828,Female,41.0,Gaza,64.0,Month-to-Month,54.03,3457.92,Bank Transfer,Fiber Optic,1,2.0,2,No,35-44,49-72 Months
100829,Male,30.0,Rafah,47.0,One Year,78.71,3699.37,Credit Card,DSL,1,3.0,1,No,25-34,25-48 Months
100830,Female,42.0,Bethlehem,47.0,One Year,32.94,1548.1799999999998,Credit Card,No Internet,1,3.0,1,No,35-44,25-48 Months
100831,Male,54.0,Jenin,52.0,Month-to-Month,52.12,2710.24,Credit Card,Fiber Optic,2,3.0,0,Yes,45-54,49-72 Months
100832,Male,34.0,Khan Yunis,16.0,Two Year,55.37,885.92,PayPal,Fiber Optic,0,3.0,0,No,25-34,13-24 Months
100833,Male,61.0,Khan Yunis,66.0,Month-to-Month,20.0,1320.0,PayPal,No Internet,1,3.0,1,No,55+,49-72 Months
100834,Female,59.0,Rafah,20.0,Month-to-Month,83.21,1664.1999999999998,PayPal,Fiber Optic,2,3.0,0,No,55+,13-24 Months
100835,Female,22.0,Khan Yunis,44.0,Month-to-Month,107.5,4730.0,Bank Transfer,No Internet,2,4.0,0,No,Under 25,25-48 Months
100836,Female,52.0,Bethlehem,45.0,Month-to-Month,41.71,1876.95,Bank Transfer,No Internet,3,4.0,1,No,45-54,25-48 Months
100837,Female,53.0,Tulkarm,30.0,Unknown,59.53,1785.9,PayPal,No Internet,2,5.0,0,No,45-54,25-48 Months
100838,Male,39.0,Tulkarm,32.0,Month-to-Month,41.02,1312.64,Bank Transfer,DSL,0,3.0,2,No,35-44,25-48 Months
100839,Female,64.0,Gaza,37.0,Two Year,77.96,2884.52,Credit Card,DSL,5,3.0,1,No,55+,25-48 Months
100840,Female,21.0,Gaza,35.0,One Year,107.74,3770.8999999999996,Bank Transfer,Fiber Optic,2,4.0,2,No,Under 25,25-48 Months
100841,Female,33.0,Khan Yunis,33.0,Month-to-Month,77.38,2553.54,Cash,Fiber Optic,1,4.0,0,No,25-34,25-48 Months
100842,Male,23.0,Jenin,34.0,Month-to-Month,65.23,2217.82,Bank Transfer,No Internet,2,1.0,1,No,Under 25,25-48 Months
100843,Female,43.0,Nablus,4.0,Month-to-Month,89.82,359.28,PayPal,No Internet,5,5.0,2,No,35-44,0-12 Months
100844,Female,68.0,Rafah,12.0,Two Year,20.0,240.0,Cash,DSL,2,5.0,0,No,55+,0-12 Months
100845,Male,44.0,Jericho,14.0,Two Year,73.6,1030.3999999999999,Bank Transfer,Fiber Optic,1,4.0,2,No,35-44,13-24 Months
100846,Male,35.0,Gaza,34.0,One Year,96.6,3284.3999999999996,Bank Transfer,DSL,2,3.0,0,No,35-44,25-48 Months
100847,Male,49.0,Hebron,5.0,Two Year,34.26,171.29999999999998,Credit Card,No Internet,1,4.0,1,No,45-54,0-12 Months
100848,Female,51.0,Khan Yunis,50.0,One Year,84.97,4248.5,Credit Card,DSL,2,4.0,3,No,45-54,49-72 Months
100849,Male,57.0,Ramallah,22.0,One Year,36.17,795.74,Credit Card,No Internet,0,4.0,1,No,55+,13-24 Months
100850,Female,50.0,Jericho,28.0,One Year,108.55,3039.4,Credit Card,Fiber Optic,3,4.0,1,No,45-54,25-48 Months
100851,Male,45.0,Ramallah,17.0,Month-to-Month,127.95,2175.15,Bank Transfer,Fiber Optic,3,3.0,2,No,45-54,13-24 Months
100852,Female,49.0,Jenin,34.0,Month-to-Month,47.79,1624.86,Credit Card,DSL,2,4.0,0,No,45-54,25-48 Months
100853,Male,32.0,Ramallah,17.0,Month-to-Month,69.5,1181.5,PayPal,No Internet,0,3.0,1,No,25-34,13-24 Months
100854,Male,47.0,Khan Yunis,68.0,Month-to-Month,65.31,4441.08,Cash,Fiber Optic,2,5.0,1,No,45-54,49-72 Months
100855,Female,26.0,Jericho,9.0,Month-to-Month,75.45,679.0500000000001,Credit Card,Fiber Optic,3,3.0,1,No,25-34,0-12 Months
100856,Female,18.0,Hebron,9.0,One Year,33.92,305.28000000000003,Bank Transfer,DSL,0,3.0,1,No,Under 25,0-12 Months
100857,Female,47.0,Ramallah,55.0,One Year,88.02,4841.099999999999,Bank Transfer,No Internet,2,3.0,4,Yes,45-54,49-72 Months
100858,Male,43.0,Rafah,9.0,Two Year,70.99,638.91,Credit Card,Fiber Optic,2,4.0,0,No,35-44,0-12 Months
100859,Male,45.0,Nablus,12.0,Month-to-Month,94.68,1136.16,Credit Card,Fiber Optic,1,4.0,1,No,45-54,0-12 Months
100860,Female,27.0,Gaza,5.0,Two Year,64.92,324.6,Bank Transfer,No Internet,1,4.0,1,No,25-34,0-12 Months
100861,Female,27.0,Gaza,60.0,One Year,113.88,6832.799999999999,Bank Transfer,Fiber Optic,1,4.0,0,No,25-34,49-72 Months
100862,Female,46.0,Khan Yunis,65.0,One Year,70.01,4550.650000000001,PayPal,No Internet,2,4.0,2,No,45-54,49-72 Months
100863,Male,33.0,Tulkarm,44.0,One Year,127.19,5596.36,Credit Card,DSL,4,3.0,2,No,25-34,25-48 Months
100864,Female,18.0,Gaza,46.0,Month-to-Month,78.92,3630.32,PayPal,No Internet,4,2.0,2,No,Under 25,25-48 Months
100865,Female,63.0,Bethlehem,2.0,Two Year,125.67,251.34,Credit Card,Fiber Optic,1,5.0,1,Yes,55+,0-12 Months
100866,Female,41.0,Hebron,49.0,Month-to-Month,91.56,4486.4400000000005,PayPal,No Internet,1,3.0,0,No,35-44,49-72 Months
100867,Female,45.0,Rafah,42.0,Two Year,68.57,2879.9399999999996,Credit Card,Fiber Optic,1,4.0,0,No,45-54,25-48 Months
100868,Male,27.0,Gaza,15.0,Month-to-Month,58.92,883.8000000000001,Cash,No Internet,2,4.0,1,No,25-34,13-24 Months
100869,Male,29.0,Gaza,62.0,Month-to-Month,72.11,4470.82,Bank Transfer,No Internet,3,5.0,2,No,25-34,49-72 Months
100870,Male,51.0,Khan Yunis,36.0,Month-to-Month,69.31,2495.16,Bank Transfer,Fiber Optic,3,4.0,1,No,45-54,25-48 Months
100871,Male,56.0,Khan Yunis,33.0,One Year,71.32,2353.56,Bank Transfer,Fiber Optic,0,3.0,0,No,55+,25-48 Months
100872,Male,50.0,Nablus,56.0,Unknown,135.65,7596.400000000001,PayPal,No Internet,3,3.0,1,No,45-54,49-72 Months
100873,Male,48.0,Tulkarm,40.0,Two Year,124.17,4966.8,Cash,No Internet,3,3.0,2,No,45-54,25-48 Months
100874,Female,30.0,Rafah,60.0,Month-to-Month,50.54,3032.4,Cash,Fiber Optic,2,3.0,1,No,25-34,49-72 Months
100875,Male,32.0,Ramallah,15.0,One Year,28.03,420.45000000000005,Bank Transfer,No Internet,2,3.0,2,No,25-34,13-24 Months
100876,Male,53.0,Tulkarm,16.0,One Year,94.34,1509.44,Cash,No Internet,2,3.0,0,No,45-54,13-24 Months
100877,Female,39.0,Nablus,38.0,Two Year,85.89,3263.82,Credit Card,Fiber Optic,5,4.0,2,No,35-44,25-48 Months
100878,Male,64.0,Bethlehem,69.0,Month-to-Month,59.15,4081.35,PayPal,DSL,3,5.0,0,No,55+,49-72 Months
100879,Female,38.0,Ramallah,62.0,Month-to-Month,64.69,4010.7799999999997,Cash,Fiber Optic,1,3.0,0,No,35-44,49-72 Months
100880,Female,56.0,Jericho,25.0,Month-to-Month,51.14,1278.5,Cash,No Internet,5,3.0,0,Yes,55+,25-48 Months
100881,Female,70.0,Nablus,3.0,Unknown,56.01,168.03,PayPal,Fiber Optic,4,4.0,1,No,55+,0-12 Months
100882,Female,41.0,Ramallah,2.0,Month-to-Month,76.46,152.92,PayPal,DSL,4,4.0,1,No,35-44,0-12 Months
100883,Male,42.0,Gaza,16.0,Month-to-Month,108.43,1734.88,PayPal,Fiber Optic,2,1.0,1,Yes,35-44,13-24 Months
100884,Male,46.0,Hebron,42.0,Two Year,74.36,3123.12,Cash,Fiber Optic,3,5.0,0,No,45-54,25-48 Months
100885,Female,46.0,Jericho,32.0,Month-to-Month,49.22,1575.04,PayPal,No Internet,2,5.0,2,No,45-54,25-48 Months
100886,Male,32.0,Tulkarm,7.0,Month-to-Month,78.19,547.3299999999999,PayPal,Fiber Optic,2,3.0,3,No,25-34,0-12 Months
100887,Female,57.0,Tulkarm,27.0,One Year,48.1,1298.7,Credit Card,No Internet,2,4.0,1,No,55+,25-48 Months
100888,Male,35.0,Hebron,54.0,Month-to-Month,72.02,3889.08,PayPal,No Internet,2,2.0,1,No,35-44,49-72 Months
100889,Male,47.0,Hebron,45.0,Month-to-Month,37.02,1665.9,Bank Transfer,DSL,1,5.0,2,No,45-54,25-48 Months
100890,Female,43.0,Rafah,43.0,Month-to-Month,70.41,3027.6299999999997,Cash,DSL,2,2.0,0,No,35-44,25-48 Months
100891,Male,48.0,Rafah,48.0,Month-to-Month,20.0,960.0,PayPal,Fiber Optic,1,3.0,1,No,45-54,25-48 Months
100892,Male,24.0,Tulkarm,14.0,One Year,79.62,1114.68,PayPal,DSL,2,4.0,0,No,Under 25,13-24 Months
100893,Male,35.0,Rafah,25.0,Month-to-Month,61.47,1536.75,Credit Card,DSL,1,4.0,1,Yes,35-44,25-48 Months
100894,Male,18.0,Nablus,30.0,Month-to-Month,67.7,2031.0,Credit Card,Fiber Optic,4,3.0,2,No,Under 25,25-48 Months
100895,Male,34.0,Khan Yunis,24.0,One Year,64.17,1540.08,PayPal,No Internet,0,4.0,0,No,25-34,13-24 Months
100896,Male,68.0,Tulkarm,20.0,One Year,76.35,1527.0,PayPal,Fiber Optic,0,4.0,0,No,55+,13-24 Months
100897,Male,25.0,Ramallah,39.0,One Year,131.99,5147.610000000001,Cash,Fiber Optic,0,3.0,4,No,25-34,25-48 Months
100898,Female,40.0,Jenin,44.0,One Year,62.54,2751.7599999999998,PayPal,DSL,2,5.0,2,No,35-44,25-48 Months
100899,Male,35.0,Hebron,62.0,One Year,73.4,4550.8,Credit Card,No Internet,3,2.0,2,No,35-44,49-72 Months
100900,Female,33.0,Rafah,48.0,One Year,60.88,2922.2400000000002,Credit Card,No Internet,0,3.0,2,Yes,25-34,25-48 Months
100901,Female,26.0,Rafah,60.0,Two Year,74.18,4450.8,PayPal,DSL,1,3.0,3,No,25-34,49-72 Months
100902,Male,39.0,Khan Yunis,5.0,Month-to-Month,50.48,252.39999999999998,Bank Transfer,No Internet,4,5.0,2,No,35-44,0-12 Months
100903,Male,36.0,Gaza,15.0,One Year,53.3,799.5,Cash,Fiber Optic,0,3.0,0,No,35-44,13-24 Months
100904,Male,55.0,Gaza,30.0,Month-to-Month,51.66,1549.8,Bank Transfer,DSL,0,4.0,0,No,55+,25-48 Months
100905,Female,18.0,Ramallah,18.0,Two Year,57.2,1029.6000000000001,Cash,No Internet,3,3.0,1,Yes,Under 25,13-24 Months
100906,Male,28.0,Rafah,30.0,Month-to-Month,86.85,2605.5,Bank Transfer,Fiber Optic,2,3.0,1,No,25-34,25-48 Months
100907,Female,45.0,Tulkarm,61.0,Month-to-Month,101.62,6198.820000000001,Credit Card,DSL,0,3.0,0,No,45-54,49-72 Months
100908,Female,37.0,Ramallah,28.0,Two Year,103.46,2896.8799999999997,Credit Card,No Internet,4,3.0,0,No,35-44,25-48 Months
100909,Female,49.0,Khan Yunis,48.0,Two Year,70.05,3362.3999999999996,Cash,No Internet,3,4.0,4,No,45-54,25-48 Months
100910,Male,50.0,Rafah,38.0,Month-to-Month,58.99,2241.62,Bank Transfer,DSL,0,4.0,1,Yes,45-54,25-48 Months
100911,Female,18.0,Ramallah,44.0,One Year,43.7,1922.8000000000002,PayPal,No Internet,3,3.0,1,No,Under 25,25-48 Months
100912,Male,63.0,Jericho,24.0,One Year,69.88,1677.12,Cash,No Internet,2,3.0,2,No,55+,13-24 Months
100913,Male,27.0,Gaza,37.0,Month-to-Month,99.13,3667.81,PayPal,No Internet,2,4.0,0,No,25-34,25-48 Months
100914,Male,46.0,Jericho,30.0,One Year,77.69,2330.7,PayPal,DSL,2,3.0,1,No,45-54,25-48 Months
100915,Male,46.0,Gaza,47.0,Month-to-Month,102.59,4821.7300000000005,Cash,No Internet,4,3.0,1,No,45-54,25-48 Months
100916,Female,56.0,Jenin,33.0,Month-to-Month,78.55,2592.15,Bank Transfer,Fiber Optic,1,3.0,2,No,55+,25-48 Months
100917,Female,53.0,Jericho,9.0,Month-to-Month,50.49,454.41,Credit Card,Fiber Optic,1,5.0,0,No,45-54,0-12 Months
100918,Female,41.0,Rafah,44.0,Month-to-Month,58.75,2585.0,Credit Card,No Internet,4,3.0,2,No,35-44,25-48 Months
100919,Female,36.0,Khan Yunis,3.0,Month-to-Month,63.04,189.12,Bank Transfer,DSL,3,4.0,1,Yes,35-44,0-12 Months
100920,Male,21.0,Khan Yunis,63.0,One Year,20.0,1260.0,Bank Transfer,No Internet,3,3.0,1,No,Under 25,49-72 Months
100921,Male,26.0,Hebron,68.0,One Year,88.57,6022.759999999999,Bank Transfer,DSL,0,4.0,2,No,25-34,49-72 Months
100922,Male,28.0,Bethlehem,72.0,Month-to-Month,97.44,7015.68,PayPal,No Internet,2,5.0,1,No,25-34,49-72 Months
100923,Female,18.0,Ramallah,37.0,One Year,114.39,4232.43,Credit Card,DSL,3,3.0,0,No,Under 25,25-48 Months
100924,Male,34.0,Jenin,45.0,One Year,75.31,3388.9500000000003,PayPal,Fiber Optic,4,4.0,0,No,25-34,25-48 Months
100925,Female,29.0,Jenin,68.0,Month-to-Month,30.94,2103.92,Cash,No Internet,2,3.0,0,No,25-34,49-72 Months
100926,Male,47.0,Hebron,71.0,Month-to-Month,65.73,4666.83,Credit Card,DSL,2,5.0,0,Yes,45-54,49-72 Months
100927,Male,48.0,Hebron,16.0,Month-to-Month,79.81,1276.96,Bank Transfer,DSL,2,4.0,0,No,45-54,13-24 Months
100928,Female,48.0,Ramallah,13.0,One Year,79.72,1036.36,Credit Card,No Internet,3,3.0,2,No,45-54,13-24 Months
100929,Male,43.0,Rafah,55.0,One Year,77.7,4273.5,PayPal,No Internet,2,5.0,2,No,35-44,49-72 Months
100930,Female,18.0,Gaza,70.0,Two Year,92.21,6454.7,Credit Card,DSL,2,3.0,3,No,Under 25,49-72 Months
100931,Female,38.0,Gaza,58.0,Month-to-Month,31.94,1852.52,Bank Transfer,No Internet,1,4.0,0,Yes,35-44,49-72 Months
100932,Male,57.0,Jenin,66.0,Two Year,54.44,3593.04,Bank Transfer,No Internet,4,3.0,1,No,55+,49-72 Months
100933,Male,31.0,Jenin,48.0,Month-to-Month,63.78,3061.44,Cash,Fiber Optic,3,4.0,3,No,25-34,25-48 Months
100934,Male,25.0,Hebron,57.0,Month-to-Month,65.82,3751.74,Bank Transfer,No Internet,4,4.0,1,Yes,25-34,49-72 Months
100935,Female,32.0,Jericho,58.0,Month-to-Month,32.98,1912.84,Cash,Fiber Optic,4,3.0,3,Yes,25-34,49-72 Months
100936,Female,36.0,Khan Yunis,23.0,Month-to-Month,67.0,1541.0,PayPal,Fiber Optic,4,2.0,2,No,35-44,13-24 Months
100937,Male,36.0,Nablus,50.0,Month-to-Month,89.74,4487.0,PayPal,Fiber Optic,2,1.0,0,No,35-44,49-72 Months
100938,Female,50.0,Jericho,37.0,Month-to-Month,95.26,3524.6200000000003,Bank Transfer,DSL,5,4.0,0,No,45-54,25-48 Months
100939,Male,58.0,Rafah,46.0,Month-to-Month,72.78,3347.88,Cash,Fiber Optic,1,3.0,3,No,55+,25-48 Months
100940,Female,46.0,Nablus,19.0,One Year,68.3,1297.7,PayPal,DSL,1,3.0,1,No,45-54,13-24 Months
100941,Female,35.0,Rafah,17.0,One Year,108.26,1840.42,Cash,Fiber Optic,0,3.0,3,No,35-44,13-24 Months
100942,Female,19.0,Bethlehem,37.0,Month-to-Month,46.87,1734.1899999999998,PayPal,Fiber Optic,5,4.0,0,No,Under 25,25-48 Months
100943,Female,52.0,Rafah,46.0,One Year,76.0,3496.0,PayPal,Fiber Optic,0,1.0,0,No,45-54,25-48 Months
100944,Female,35.0,Rafah,26.0,Month-to-Month,63.57,1652.82,Cash,DSL,3,2.0,0,Yes,35-44,25-48 Months
100945,Male,51.0,Khan Yunis,22.0,One Year,75.89,1669.58,Credit Card,DSL,4,2.0,0,No,45-54,13-24 Months
100946,Female,39.0,Khan Yunis,65.0,One Year,102.73,6677.45,Credit Card,DSL,1,4.0,2,No,35-44,49-72 Months
100947,Female,37.0,Hebron,24.0,One Year,65.33,1567.92,Cash,No Internet,3,3.0,1,No,35-44,13-24 Months
100948,Male,33.0,Bethlehem,16.0,Month-to-Month,120.58,1929.28,Cash,No Internet,6,3.0,0,No,25-34,13-24 Months
100949,Female,20.0,Jericho,2.0,One Year,108.8,217.6,Bank Transfer,No Internet,2,5.0,2,No,Under 25,0-12 Months
100950,Male,29.0,Jericho,52.0,One Year,57.57,2993.64,PayPal,Fiber Optic,4,2.0,0,No,25-34,49-72 Months
100951,Male,38.0,Rafah,23.0,One Year,79.59,1830.5700000000002,Cash,DSL,2,3.0,0,No,35-44,13-24 Months
100952,Male,26.0,Jericho,45.0,Two Year,62.4,2808.0,PayPal,DSL,0,4.0,1,No,25-34,25-48 Months
100953,Male,28.0,Hebron,40.0,Month-to-Month,101.99,4079.6,Cash,No Internet,0,5.0,1,No,25-34,25-48 Months
100954,Male,21.0,Ramallah,56.0,Two Year,67.55,3782.7999999999997,Cash,DSL,2,4.0,0,No,Under 25,49-72 Months
100955,Female,28.0,Hebron,7.0,One Year,74.17,519.19,Cash,No Internet,5,3.0,1,No,25-34,0-12 Months
100956,Female,28.0,Tulkarm,52.0,Two Year,51.32,2668.64,Bank Transfer,Fiber Optic,2,2.0,0,No,25-34,49-72 Months
100957,Female,36.0,Ramallah,12.0,One Year,88.6,1063.1999999999998,Bank Transfer,Fiber Optic,0,1.0,1,No,35-44,0-12 Months
100958,Male,37.0,Gaza,70.0,Month-to-Month,101.6,7112.0,Bank Transfer,Fiber Optic,4,4.0,1,No,35-44,49-72 Months
100959,Male,18.0,Tulkarm,39.0,Two Year,104.96,4093.4399999999996,PayPal,No Internet,2,3.0,1,No,Under 25,25-48 Months
100960,Female,35.0,Tulkarm,43.0,Month-to-Month,84.26,3623.1800000000003,Cash,No Internet,3,3.0,2,No,35-44,25-48 Months
100961,Female,53.0,Bethlehem,72.0,Month-to-Month,61.55,4431.599999999999,PayPal,Fiber Optic,0,4.0,2,No,45-54,49-72 Months
100962,Male,50.0,Ramallah,29.0,Month-to-Month,78.75,2283.75,Credit Card,Fiber Optic,2,5.0,0,No,45-54,25-48 Months
100963,Female,51.0,Tulkarm,45.0,One Year,83.33,3749.85,Cash,Fiber Optic,3,4.0,1,No,45-54,25-48 Months
100964,Female,30.0,Jericho,60.0,Month-to-Month,126.38,7582.799999999999,PayPal,No Internet,3,2.0,0,No,25-34,49-72 Months
100965,Female,42.0,Tulkarm,36.0,Month-to-Month,76.95,2770.2000000000003,Bank Transfer,Fiber Optic,0,5.0,1,No,35-44,25-48 Months
100966,Female,36.0,Hebron,24.0,Month-to-Month,87.17,2092.08,Bank Transfer,DSL,0,3.0,2,No,35-44,13-24 Months
100967,Male,73.0,Gaza,13.0,Two Year,103.74,1348.62,PayPal,No Internet,2,5.0,1,No,55+,13-24 Months
100968,Male,18.0,Ramallah,42.0,Month-to-Month,52.23,2193.66,Bank Transfer,DSL,3,5.0,1,No,Under 25,25-48 Months
100969,Male,44.0,Hebron,58.0,Month-to-Month,91.6,5312.799999999999,PayPal,No Internet,1,3.0,0,No,35-44,49-72 Months
100970,Male,42.0,Khan Yunis,54.0,One Year,54.8,2959.2,Bank Transfer,No Internet,0,4.0,2,No,35-44,49-72 Months
100971,Male,32.0,Rafah,17.0,Month-to-Month,64.38,1094.46,PayPal,No Internet,3,3.0,1,No,25-34,13-24 Months
100972,Female,36.0,Tulkarm,13.0,Two Year,82.03,1066.39,Bank Transfer,DSL,2,4.0,1,No,35-44,13-24 Months
100973,Female,62.0,Jericho,33.0,Month-to-Month,80.75,2664.75,Bank Transfer,Fiber Optic,2,2.0,0,Yes,55+,25-48 Months
100974,Male,20.0,Jenin,21.0,One Year,63.37,1330.77,Credit Card,DSL,2,3.0,0,No,Under 25,13-24 Months
100975,Male,51.0,Jenin,58.0,Month-to-Month,47.28,2742.2400000000002,Bank Transfer,Fiber Optic,3,4.0,2,Yes,45-54,49-72 Months
100976,Female,30.0,Gaza,40.0,One Year,83.01,3320.4,Credit Card,No Internet,2,4.0,2,No,25-34,25-48 Months
100977,Male,58.0,Rafah,35.0,Month-to-Month,104.03,3641.05,Bank Transfer,Fiber Optic,2,3.0,0,No,55+,25-48 Months
100978,Female,18.0,Ramallah,3.0,Month-to-Month,82.43,247.29000000000002,Credit Card,DSL,2,4.0,0,No,Under 25,0-12 Months
100979,Male,50.0,Rafah,43.0,Unknown,73.23,3148.8900000000003,PayPal,DSL,0,3.0,4,No,45-54,25-48 Months
100980,Male,30.0,Hebron,51.0,Month-to-Month,76.61,3907.11,Bank Transfer,Fiber Optic,3,3.0,0,No,25-34,49-72 Months
100981,Male,32.0,Gaza,34.0,One Year,105.1,3573.3999999999996,Cash,DSL,1,3.0,0,No,25-34,25-48 Months
100982,Male,46.0,Tulkarm,65.0,Month-to-Month,77.13,5013.45,PayPal,DSL,4,3.0,1,No,45-54,49-72 Months
100983,Female,21.0,Gaza,53.0,Month-to-Month,88.62,4696.860000000001,Bank Transfer,DSL,2,4.0,1,No,Under 25,49-72 Months
100984,Male,33.0,Nablus,34.0,Month-to-Month,129.64,4407.759999999999,Bank Transfer,DSL,3,2.0,0,No,25-34,25-48 Months
100985,Female,54.0,Bethlehem,27.0,One Year,91.54,2471.5800000000004,Bank Transfer,DSL,1,2.0,0,No,45-54,25-48 Months
100986,Female,47.0,Rafah,10.0,One Year,65.99,659.9,Cash,No Internet,2,4.0,1,No,45-54,0-12 Months
100987,Female,75.0,Ramallah,72.0,One Year,47.6,3427.2000000000003,Bank Transfer,No Internet,3,2.0,2,No,55+,49-72 Months
100988,Male,18.0,Gaza,28.0,Month-to-Month,61.23,1714.4399999999998,PayPal,Fiber Optic,4,3.0,1,Yes,Under 25,25-48 Months
100989,Female,42.0,Hebron,42.0,One Year,46.52,1953.8400000000001,Bank Transfer,DSL,0,4.0,2,No,35-44,25-48 Months
100990,Male,60.0,Gaza,22.0,Month-to-Month,76.61,1685.42,Cash,No Internet,1,4.0,0,Yes,55+,13-24 Months
100991,Male,30.0,Nablus,55.0,One Year,60.34,3318.7000000000003,Cash,DSL,2,4.0,2,No,25-34,49-72 Months
100992,Male,53.0,Nablus,45.0,One Year,79.41,3573.45,Cash,DSL,4,3.0,1,No,45-54,25-48 Months
100993,Male,40.0,Rafah,38.0,Month-to-Month,95.79,3640.0200000000004,Bank Transfer,DSL,1,4.0,1,No,35-44,25-48 Months
100994,Female,40.0,Jenin,37.0,One Year,53.59,1982.8300000000002,Cash,Fiber Optic,2,2.0,0,No,35-44,25-48 Months
100995,Female,23.0,Bethlehem,21.0,Month-to-Month,74.36,1561.56,Credit Card,DSL,1,4.0,1,Yes,Under 25,13-24 Months
100996,Female,39.0,Nablus,27.0,Two Year,116.57,3147.39,PayPal,Fiber Optic,1,3.0,1,No,35-44,25-48 Months
100997,Female,48.0,Nablus,9.0,One Year,20.0,180.0,Cash,No Internet,1,4.0,0,No,45-54,0-12 Months
100998,Male,31.0,Rafah,56.0,One Year,58.7,3287.2000000000003,Bank Transfer,Fiber Optic,3,3.0,1,No,25-34,49-72 Months
100999,Female,42.0,Rafah,45.0,Month-to-Month,43.99,1979.5500000000002,Credit Card,DSL,1,3.0,2,Yes,35-44,25-48 Months
101000,Male,38.0,Tulkarm,13.0,Month-to-Month,131.43,1708.5900000000001,Bank Transfer,Fiber Optic,3,4.0,1,No,35-44,13-24 Months
101001,Male,24.0,Khan Yunis,32.0,One Year,89.73,2871.36,PayPal,DSL,5,2.0,0,No,Under 25,25-48 Months
101002,Male,49.0,Khan Yunis,36.0,Month-to-Month,75.51,2718.36,Cash,Fiber Optic,3,3.0,0,No,45-54,25-48 Months
101003,Female,39.0,Nablus,17.0,Month-to-Month,77.32,1314.4399999999998,Bank Transfer,DSL,1,5.0,2,No,35-44,13-24 Months
101004,Male,44.0,Bethlehem,54.0,One Year,72.07,3891.7799999999997,Bank Transfer,Fiber Optic,3,4.0,3,No,35-44,49-72 Months
101005,Female,41.0,Hebron,7.0,Two Year,138.38,968.66,Cash,No Internet,1,3.0,0,No,35-44,0-12 Months
101006,Male,45.0,Jenin,17.0,Month-to-Month,95.29,1619.93,PayPal,Fiber Optic,3,4.0,0,No,45-54,13-24 Months
101007,Male,25.0,Rafah,27.0,One Year,66.9,1806.3000000000002,Cash,Fiber Optic,2,4.0,3,No,25-34,25-48 Months
101008,Male,26.0,Rafah,62.0,Month-to-Month,65.31,4049.2200000000003,PayPal,Fiber Optic,2,3.0,1,Yes,25-34,49-72 Months
101009,Female,33.0,Khan Yunis,56.0,One Year,74.4,4166.400000000001,PayPal,Fiber Optic,2,4.0,1,No,25-34,49-72 Months
101010,Male,41.0,Tulkarm,34.0,Month-to-Month,53.72,1826.48,Credit Card,Fiber Optic,1,3.0,1,Yes,35-44,25-48 Months
101011,Female,44.0,Khan Yunis,56.0,One Year,94.47,5290.32,Cash,No Internet,1,2.0,2,No,35-44,49-72 Months
101012,Male,22.0,Ramallah,68.0,One Year,70.56,4798.08,PayPal,No Internet,1,4.0,1,No,Under 25,49-72 Months
101013,Male,43.0,Hebron,24.0,Month-to-Month,36.46,875.04,Cash,Fiber Optic,1,3.0,1,No,35-44,13-24 Months
101014,Female,67.0,Nablus,44.0,Month-to-Month,41.31,1817.64,PayPal,No Internet,2,2.0,0,Yes,55+,25-48 Months
101015,Male,54.0,Nablus,65.0,Month-to-Month,74.71,4856.15,PayPal,No Internet,0,2.0,0,No,45-54,49-72 Months
101016,Male,27.0,Tulkarm,65.0,One Year,53.07,3449.55,Bank Transfer,No Internet,0,3.0,1,No,25-34,49-72 Months
101017,Male,39.0,Bethlehem,31.0,One Year,59.84,1855.0400000000002,Cash,Fiber Optic,0,3.0,0,No,35-44,25-48 Months
101018,Male,31.0,Jenin,34.0,One Year,89.84,3054.56,Cash,DSL,4,5.0,0,No,25-34,25-48 Months
101019,Male,30.0,Rafah,69.0,Month-to-Month,100.1,6906.9,Cash,No Internet,1,5.0,0,No,25-34,49-72 Months
101020,Female,51.0,Ramallah,53.0,Month-to-Month,109.04,5779.12,Credit Card,DSL,1,3.0,2,Yes,45-54,49-72 Months
101021,Male,20.0,Jericho,66.0,Month-to-Month,57.46,3792.36,Bank Transfer,DSL,1,4.0,0,Yes,Under 25,49-72 Months
101022,Female,25.0,Ramallah,72.0,One Year,85.06,6124.32,Cash,Fiber Optic,2,4.0,1,No,25-34,49-72 Months
101023,Female,52.0,Hebron,41.0,One Year,36.16,1482.56,Cash,No Internet,0,4.0,0,No,45-54,25-48 Months
101024,Female,45.0,Jericho,7.0,One Year,75.19,526.3299999999999,Credit Card,No Internet,4,4.0,1,No,45-54,0-12 Months
101025,Female,41.0,Gaza,14.0,Two Year,73.52,1029.28,Cash,Fiber Optic,1,5.0,1,No,35-44,13-24 Months
101026,Male,39.0,Jericho,19.0,Month-to-Month,114.96,2184.24,Bank Transfer,No Internet,3,4.0,1,No,35-44,13-24 Months
101027,Male,60.0,Jenin,58.0,Month-to-Month,53.17,3083.86,Credit Card,Fiber Optic,3,4.0,1,No,55+,49-72 Months
101028,Female,44.0,Rafah,51.0,Month-to-Month,41.42,2112.42,Cash,Fiber Optic,0,3.0,0,No,35-44,49-72 Months
101029,Female,52.0,Jenin,33.0,One Year,73.69,2431.77,Cash,DSL,0,1.0,3,Yes,45-54,25-48 Months
101030,Female,18.0,Gaza,41.0,Month-to-Month,73.75,3023.75,Credit Card,No Internet,3,2.0,0,No,Under 25,25-48 Months
101031,Male,46.0,Gaza,44.0,Month-to-Month,57.38,2524.7200000000003,PayPal,No Internet,0,3.0,1,No,45-54,25-48 Months
101032,Female,18.0,Jericho,35.0,Month-to-Month,60.71,2124.85,Bank Transfer,DSL,3,4.0,0,No,Under 25,25-48 Months
101033,Female,18.0,Hebron,7.0,Month-to-Month,78.16,547.12,Credit Card,DSL,2,3.0,0,No,Under 25,0-12 Months
101034,Female,48.0,Hebron,31.0,Month-to-Month,68.44,2121.64,PayPal,Fiber Optic,1,3.0,0,No,45-54,25-48 Months
101035,Male,52.0,Tulkarm,34.0,Month-to-Month,74.36,2528.24,Cash,Fiber Optic,2,4.0,1,No,45-54,25-48 Months
101036,Female,62.0,Bethlehem,22.0,Two Year,97.46,2144.12,Cash,DSL,1,5.0,1,No,55+,13-24 Months
101037,Female,25.0,Hebron,9.0,One Year,30.33,272.96999999999997,Bank Transfer,Fiber Optic,3,4.0,1,No,25-34,0-12 Months
101038,Female,41.0,Ramallah,15.0,Month-to-Month,63.51,952.65,Credit Card,DSL,4,5.0,0,No,35-44,13-24 Months
101039,Female,71.0,Hebron,19.0,Month-to-Month,66.79,1269.0100000000002,Bank Transfer,No Internet,4,3.0,1,Yes,55+,13-24 Months
101040,Male,46.0,Jericho,29.0,Month-to-Month,65.96,1912.84,Cash,Fiber Optic,4,2.0,2,No,45-54,25-48 Months
101041,Male,41.0,Jericho,70.0,Month-to-Month,72.57,5079.9,PayPal,DSL,1,5.0,1,No,35-44,49-72 Months
101042,Male,49.0,Hebron,44.0,Month-to-Month,40.43,1778.92,Bank Transfer,DSL,6,2.0,1,No,45-54,25-48 Months
101043,Male,18.0,Jericho,18.0,One Year,81.44,1465.92,Credit Card,DSL,1,5.0,1,No,Under 25,13-24 Months
101044,Female,29.0,Khan Yunis,17.0,Two Year,41.01,697.17,Credit Card,DSL,1,3.0,2,Yes,25-34,13-24 Months
101045,Male,18.0,Rafah,32.0,One Year,82.66,2645.12,PayPal,Fiber Optic,3,3.0,2,No,Under 25,25-48 Months
101046,Female,36.0,Hebron,56.0,Month-to-Month,45.43,2544.08,Cash,DSL,4,3.0,1,No,35-44,49-72 Months
101047,Male,35.0,Gaza,51.0,Month-to-Month,77.5,3952.5,PayPal,No Internet,0,4.0,0,No,35-44,49-72 Months
101048,Male,42.0,Rafah,29.0,Month-to-Month,73.08,2119.32,PayPal,Fiber Optic,2,3.0,2,No,35-44,25-48 Months
101049,Female,38.0,Rafah,13.0,Two Year,65.56,852.28,Credit Card,No Internet,2,5.0,1,No,35-44,13-24 Months
101050,Female,56.0,Khan Yunis,58.0,Month-to-Month,108.46,6290.679999999999,Credit Card,DSL,3,2.0,2,No,55+,49-72 Months
101051,Male,34.0,Nablus,10.0,Month-to-Month,65.86,658.6,Bank Transfer,No Internet,0,4.0,0,No,25-34,0-12 Months
101052,Female,25.0,Gaza,44.0,Two Year,83.74,3684.56,Credit Card,DSL,0,3.0,2,No,25-34,25-48 Months
101053,Female,59.0,Bethlehem,69.0,Month-to-Month,106.4,7341.6,Cash,No Internet,1,5.0,2,No,55+,49-72 Months
101054,Male,27.0,Ramallah,15.0,One Year,74.26,1113.9,Bank Transfer,Fiber Optic,1,3.0,0,Yes,25-34,13-24 Months
101055,Male,56.0,Hebron,11.0,One Year,75.97,835.67,Bank Transfer,DSL,0,4.0,3,No,55+,0-12 Months
101056,Female,23.0,Jenin,62.0,Two Year,98.72,6120.64,Credit Card,Fiber Optic,1,4.0,1,No,Under 25,49-72 Months
101057,Male,32.0,Rafah,50.0,Month-to-Month,78.01,3900.5000000000005,Bank Transfer,DSL,4,1.0,1,No,25-34,49-72 Months
101058,Male,48.0,Hebron,27.0,One Year,62.08,1676.1599999999999,PayPal,Fiber Optic,0,4.0,0,No,45-54,25-48 Months
101059,Female,37.0,Nablus,61.0,Month-to-Month,110.4,6734.400000000001,Credit Card,Fiber Optic,3,3.0,1,No,35-44,49-72 Months
101060,Female,45.0,Ramallah,29.0,Month-to-Month,106.8,3097.2,Cash,No Internet,1,3.0,1,No,45-54,25-48 Months
101061,Female,52.0,Khan Yunis,67.0,Two Year,140.81,9434.27,Cash,DSL,2,3.0,0,Yes,45-54,49-72 Months
101062,Male,22.0,Jenin,38.0,Month-to-Month,42.77,1625.2600000000002,Cash,Fiber Optic,4,4.0,1,No,Under 25,25-48 Months
101063,Female,35.0,Tulkarm,8.0,Month-to-Month,96.97,775.76,Bank Transfer,No Internet,4,2.0,1,No,35-44,0-12 Months
101064,Female,40.0,Rafah,27.0,One Year,53.66,1448.82,Bank Transfer,No Internet,1,3.0,3,No,35-44,25-48 Months
101065,Male,18.0,Jenin,22.0,Month-to-Month,73.59,1618.98,Cash,DSL,2,4.0,0,No,Under 25,13-24 Months
101066,Male,28.0,Ramallah,2.0,Month-to-Month,33.0,66.0,Bank Transfer,DSL,1,3.0,1,No,25-34,0-12 Months
101067,Male,41.0,Khan Yunis,16.0,Month-to-Month,87.59,1401.44,Bank Transfer,Fiber Optic,1,4.0,3,Yes,35-44,13-24 Months
101068,Male,26.0,Ramallah,17.0,Two Year,84.56,1437.52,Cash,Fiber Optic,1,4.0,1,No,25-34,13-24 Months
101069,Male,46.0,Rafah,50.0,Month-to-Month,44.64,2232.0,Bank Transfer,DSL,5,3.0,2,No,45-54,49-72 Months
101070,Male,43.0,Bethlehem,37.0,Month-to-Month,103.06,3813.2200000000003,Bank Transfer,Fiber Optic,1,5.0,0,No,35-44,25-48 Months
101071,Male,44.0,Khan Yunis,31.0,Month-to-Month,72.35,2242.85,Bank Transfer,Fiber Optic,0,3.0,0,No,35-44,25-48 Months
101072,Female,18.0,Ramallah,26.0,Two Year,84.45,2195.7000000000003,PayPal,DSL,1,2.0,0,No,Under 25,25-48 Months
101073,Female,36.0,Jenin,14.0,Month-to-Month,69.37,971.1800000000001,PayPal,DSL,1,5.0,1,No,35-44,13-24 Months
101074,Male,24.0,Jericho,61.0,Two Year,99.32,6058.5199999999995,PayPal,DSL,0,5.0,2,No,Under 25,49-72 Months
101075,Male,59.0,Ramallah,15.0,One Year,52.15,782.25,Credit Card,DSL,5,4.0,2,No,55+,13-24 Months
101076,Male,38.0,Rafah,26.0,Month-to-Month,95.29,2477.54,Bank Transfer,Fiber Optic,1,2.0,0,No,35-44,25-48 Months
101077,Male,29.0,Jericho,12.0,Month-to-Month,121.53,1458.3600000000001,Cash,DSL,2,4.0,1,No,25-34,0-12 Months
101078,Female,20.0,Nablus,41.0,Month-to-Month,72.21,2960.6099999999997,PayPal,Fiber Optic,4,2.0,3,Yes,Under 25,25-48 Months
101079,Male,42.0,Bethlehem,62.0,Month-to-Month,119.73,7423.26,PayPal,Fiber Optic,2,4.0,1,No,35-44,49-72 Months
101080,Female,18.0,Bethlehem,14.0,One Year,96.35,1348.8999999999999,Credit Card,DSL,0,3.0,1,No,Under 25,13-24 Months
101081,Female,37.0,Khan Yunis,9.0,Month-to-Month,82.88,745.92,Credit Card,Fiber Optic,2,3.0,1,No,35-44,0-12 Months
101082,Female,43.0,Rafah,60.0,One Year,74.36,4461.6,Bank Transfer,Fiber Optic,1,4.0,2,No,35-44,49-72 Months
101083,Female,54.0,Tulkarm,56.0,Unknown,66.61,3730.16,Cash,No Internet,2,2.0,2,No,45-54,49-72 Months
101084,Female,42.0,Rafah,30.0,One Year,111.37,3341.1000000000004,Bank Transfer,Fiber Optic,0,4.0,1,No,35-44,25-48 Months
101085,Female,48.0,Nablus,54.0,Two Year,54.98,2968.9199999999996,Credit Card,DSL,4,3.0,1,No,45-54,49-72 Months
101086,Male,33.0,Khan Yunis,71.0,One Year,46.8,3322.7999999999997,PayPal,No Internet,1,5.0,2,No,25-34,49-72 Months
101087,Male,44.0,Ramallah,56.0,One Year,87.25,4886.0,PayPal,DSL,1,3.0,0,No,35-44,49-72 Months
101088,Female,23.0,Jericho,4.0,One Year,58.69,234.76,Bank Transfer,DSL,3,3.0,1,Yes,Under 25,0-12 Months
101089,Male,28.0,Gaza,25.0,One Year,92.04,2301.0,Cash,DSL,2,3.0,3,No,25-34,25-48 Months
101090,Female,42.0,Nablus,72.0,Month-to-Month,81.85,5893.2,Bank Transfer,DSL,1,4.0,0,No,35-44,49-72 Months
101091,Male,18.0,Gaza,47.0,Month-to-Month,54.4,2556.7999999999997,Credit Card,DSL,1,4.0,0,No,Under 25,25-48 Months
101092,Female,44.0,Jericho,50.0,Month-to-Month,50.66,2533.0,PayPal,No Internet,2,5.0,1,No,35-44,49-72 Months
101093,Female,28.0,Nablus,52.0,Month-to-Month,96.66,5026.32,Bank Transfer,No Internet,3,3.0,2,No,25-34,49-72 Months
101094,Female,45.0,Ramallah,70.0,One Year,54.82,3837.4,Credit Card,Fiber Optic,5,4.0,1,Yes,45-54,49-72 Months
101095,Male,36.0,Bethlehem,62.0,Month-to-Month,58.36,3618.32,Cash,Fiber Optic,0,4.0,1,No,35-44,49-72 Months
101096,Female,35.0,Gaza,58.0,Month-to-Month,71.72,4159.76,Bank Transfer,DSL,0,3.0,0,No,35-44,49-72 Months
101097,Male,59.0,Ramallah,16.0,One Year,34.31,548.96,Credit Card,No Internet,0,4.0,0,No,55+,13-24 Months
101098,Female,52.0,Jenin,58.0,One Year,93.84,5442.72,Bank Transfer,No Internet,4,3.0,0,No,45-54,49-72 Months
101099,Female,29.0,Ramallah,57.0,One Year,101.31,5774.67,Credit Card,Fiber Optic,0,2.0,0,No,25-34,49-72 Months
101100,Female,45.0,Tulkarm,10.0,Month-to-Month,78.24,782.4,Bank Transfer,Fiber Optic,3,3.0,2,No,45-54,0-12 Months
101101,Male,36.0,Hebron,51.0,Month-to-Month,83.1,4238.099999999999,Credit Card,DSL,3,4.0,0,No,35-44,49-72 Months
101102,Male,30.0,Gaza,34.0,Month-to-Month,69.55,2364.7,PayPal,DSL,1,3.0,0,Yes,25-34,25-48 Months
101103,Female,47.0,Jericho,25.0,Month-to-Month,72.0,1800.0,Bank Transfer,Fiber Optic,1,2.0,0,No,45-54,25-48 Months
101104,Male,38.0,Hebron,71.0,One Year,136.78,9711.38,Cash,No Internet,0,4.0,0,Yes,35-44,49-72 Months
101105,Male,26.0,Hebron,56.0,Month-to-Month,108.24,6061.44,Cash,Fiber Optic,1,2.0,1,No,25-34,49-72 Months
101106,Male,29.0,Nablus,37.0,Month-to-Month,70.83,2620.71,Credit Card,DSL,1,1.0,2,No,25-34,25-48 Months
101107,Male,58.0,Gaza,31.0,One Year,33.98,1053.3799999999999,Credit Card,DSL,0,4.0,1,Yes,55+,25-48 Months
101108,Male,46.0,Jenin,25.0,Month-to-Month,65.94,1648.5,Credit Card,Fiber Optic,2,3.0,1,No,45-54,25-48 Months
101109,Male,25.0,Jericho,4.0,One Year,87.27,349.08,Cash,Fiber Optic,3,5.0,2,No,25-34,0-12 Months
101110,Male,43.0,Jenin,25.0,One Year,97.83,2445.75,Bank Transfer,DSL,2,3.0,0,Yes,35-44,25-48 Months
101111,Male,33.0,Khan Yunis,8.0,Month-to-Month,68.33,546.64,Unknown,Fiber Optic,0,4.0,0,No,25-34,0-12 Months
101112,Male,29.0,Hebron,20.0,One Year,49.65,993.0,Bank Transfer,Fiber Optic,2,3.0,2,No,25-34,13-24 Months
101113,Male,20.0,Hebron,14.0,Two Year,89.69,1255.6599999999999,PayPal,DSL,2,5.0,3,No,Under 25,13-24 Months
101114,Male,48.0,Ramallah,38.0,One Year,82.57,3137.66,Bank Transfer,DSL,0,3.0,1,No,45-54,25-48 Months
101115,Female,33.0,Nablus,66.0,Month-to-Month,58.53,3862.98,Bank Transfer,Fiber Optic,2,2.0,1,No,25-34,49-72 Months
101116,Female,45.0,Bethlehem,47.0,Month-to-Month,61.87,2907.89,Bank Transfer,No Internet,2,5.0,0,No,45-54,25-48 Months
101117,Female,36.0,Nablus,39.0,One Year,89.82,3502.9799999999996,PayPal,DSL,3,4.0,1,No,35-44,25-48 Months
101118,Female,18.0,Hebron,15.0,Month-to-Month,85.65,1284.75,PayPal,DSL,3,3.0,3,No,Under 25,13-24 Months
101119,Male,25.0,Rafah,70.0,Two Year,94.69,6628.3,Bank Transfer,Fiber Optic,5,2.0,3,No,25-34,49-72 Months
101120,Male,18.0,Tulkarm,44.0,Month-to-Month,25.51,1122.44,PayPal,No Internet,6,3.0,0,No,Under 25,25-48 Months
101121,Male,43.0,Tulkarm,4.0,One Year,125.11,500.44,PayPal,No Internet,2,3.0,0,Yes,35-44,0-12 Months
101122,Male,35.0,Nablus,68.0,One Year,35.28,2399.04,Bank Transfer,Fiber Optic,2,5.0,0,No,35-44,49-72 Months
101123,Female,30.0,Nablus,52.0,Month-to-Month,20.0,1040.0,Cash,DSL,0,3.0,2,No,25-34,49-72 Months
101124,Female,47.0,Tulkarm,61.0,One Year,63.12,3850.3199999999997,Bank Transfer,DSL,2,3.0,0,No,45-54,49-72 Months
101125,Female,60.0,Khan Yunis,47.0,One Year,35.32,1660.04,Bank Transfer,Fiber Optic,2,3.0,0,No,55+,25-48 Months
101126,Female,45.0,Rafah,42.0,One Year,60.69,2548.98,PayPal,Fiber Optic,4,3.0,0,No,45-54,25-48 Months
101127,Male,56.0,Gaza,59.0,One Year,84.23,4969.570000000001,Credit Card,DSL,2,2.0,0,No,55+,49-72 Months
101128,Female,42.0,Jericho,5.0,One Year,82.01,410.05,Bank Transfer,Fiber Optic,0,4.0,1,No,35-44,0-12 Months
101129,Male,25.0,Khan Yunis,44.0,Month-to-Month,96.57,4249.08,PayPal,DSL,0,3.0,0,No,25-34,25-48 Months
101130,Female,38.0,Khan Yunis,66.0,Month-to-Month,84.54,5579.64,Bank Transfer,No Internet,3,3.0,0,No,35-44,49-72 Months
101131,Male,37.0,Gaza,61.0,Month-to-Month,35.36,2156.96,PayPal,Fiber Optic,2,4.0,0,No,35-44,49-72 Months
101132,Female,34.0,Rafah,30.0,Month-to-Month,93.5,2805.0,PayPal,Fiber Optic,0,3.0,2,No,25-34,25-48 Months
101133,Female,42.0,Ramallah,69.0,Month-to-Month,67.53,4659.57,PayPal,DSL,4,4.0,0,No,35-44,49-72 Months
101134,Female,54.0,Nablus,16.0,Month-to-Month,49.69,795.04,PayPal,No Internet,3,3.0,2,No,45-54,13-24 Months
101135,Female,18.0,Rafah,1.0,One Year,73.28,73.28,Cash,No Internet,2,3.0,0,No,Under 25,0-12 Months
101136,Female,57.0,Jericho,3.0,Month-to-Month,69.85,209.54999999999998,Bank Transfer,DSL,4,4.0,0,No,55+,0-12 Months
101137,Male,67.0,Ramallah,52.0,Month-to-Month,76.65,3985.8,Bank Transfer,DSL,2,5.0,3,Yes,55+,49-72 Months
101138,Female,37.0,Tulkarm,12.0,One Year,93.18,1118.16,Credit Card,DSL,4,4.0,1,No,35-44,0-12 Months
101139,Female,38.0,Gaza,62.0,Month-to-Month,64.56,4002.7200000000003,Cash,Fiber Optic,3,3.0,0,No,35-44,49-72 Months
101140,Male,50.0,Nablus,21.0,Month-to-Month,39.01,819.2099999999999,Bank Transfer,Fiber Optic,1,5.0,2,No,45-54,13-24 Months
101141,Female,27.0,Gaza,69.0,Month-to-Month,79.39,5477.91,PayPal,No Internet,3,3.0,2,Yes,25-34,49-72 Months
101142,Female,28.0,Jenin,42.0,Two Year,100.46,4219.32,Credit Card,No Internet,1,3.0,1,No,25-34,25-48 Months
101143,Female,28.0,Tulkarm,14.0,Month-to-Month,97.22,1361.08,PayPal,DSL,1,3.0,1,Yes,25-34,13-24 Months
101144,Male,21.0,Hebron,62.0,One Year,84.16,5217.92,Bank Transfer,DSL,2,3.0,0,No,Under 25,49-72 Months
101145,Female,28.0,Ramallah,10.0,Month-to-Month,86.61,866.1,Bank Transfer,DSL,0,5.0,1,No,25-34,0-12 Months
101146,Male,35.0,Khan Yunis,64.0,Two Year,39.1,2502.4,Cash,DSL,0,3.0,0,No,35-44,49-72 Months
101147,Female,18.0,Hebron,7.0,Month-to-Month,58.35,408.45,Credit Card,No Internet,4,2.0,1,No,Under 25,0-12 Months
101148,Female,18.0,Jenin,5.0,Two Year,110.3,551.5,Credit Card,No Internet,1,3.0,0,No,Under 25,0-12 Months
101149,Male,31.0,Bethlehem,59.0,One Year,70.96,4186.639999999999,Credit Card,No Internet,2,3.0,0,No,25-34,49-72 Months
101150,Female,18.0,Tulkarm,49.0,Two Year,106.72,5229.28,Bank Transfer,Fiber Optic,4,4.0,1,No,Under 25,49-72 Months
101151,Female,38.0,Khan Yunis,40.0,Month-to-Month,65.47,2618.8,Cash,Fiber Optic,1,4.0,0,No,35-44,25-48 Months
101152,Male,18.0,Jericho,31.0,One Year,100.06,3101.86,PayPal,Fiber Optic,2,1.0,2,No,Under 25,25-48 Months
101153,Female,46.0,Jenin,70.0,One Year,73.29,5130.3,PayPal,No Internet,2,2.0,0,No,45-54,49-72 Months
101154,Male,48.0,Bethlehem,54.0,One Year,38.44,2075.7599999999998,PayPal,Fiber Optic,0,5.0,0,No,45-54,49-72 Months
101155,Female,57.0,Tulkarm,66.0,Month-to-Month,70.96,4683.36,PayPal,DSL,6,3.0,0,No,55+,49-72 Months
101156,Male,55.0,Tulkarm,12.0,Two Year,78.38,940.56,Bank Transfer,DSL,2,4.0,1,No,55+,0-12 Months
101157,Male,54.0,Tulkarm,26.0,One Year,49.94,1298.44,Cash,Fiber Optic,3,5.0,1,No,45-54,25-48 Months
101158,Female,33.0,Rafah,39.0,Month-to-Month,40.39,1575.21,PayPal,No Internet,1,4.0,1,Yes,25-34,25-48 Months
101159,Male,35.0,Hebron,67.0,Two Year,20.0,1340.0,Cash,DSL,2,3.0,0,No,35-44,49-72 Months
101160,Female,42.0,Khan Yunis,27.0,Month-to-Month,74.55,2012.85,Cash,No Internet,2,2.0,2,No,35-44,25-48 Months
101161,Female,25.0,Gaza,5.0,Two Year,42.88,214.4,Credit Card,Fiber Optic,0,3.0,3,No,25-34,0-12 Months
101162,Male,46.0,Tulkarm,19.0,Month-to-Month,59.67,1133.73,Bank Transfer,No Internet,0,4.0,1,No,45-54,13-24 Months
101163,Male,39.0,Hebron,44.0,One Year,88.69,3902.3599999999997,Credit Card,No Internet,3,2.0,1,No,35-44,25-48 Months
101164,Female,41.0,Rafah,59.0,One Year,61.06,3602.54,Credit Card,Fiber Optic,1,4.0,0,No,35-44,49-72 Months
101165,Female,44.0,Bethlehem,42.0,One Year,74.89,3145.38,PayPal,No Internet,3,4.0,1,No,35-44,25-48 Months
101166,Male,31.0,Ramallah,15.0,One Year,69.26,1038.9,Credit Card,Fiber Optic,1,3.0,1,No,25-34,13-24 Months
101167,Female,46.0,Jenin,62.0,Month-to-Month,85.28,5287.36,Credit Card,DSL,1,4.0,1,No,45-54,49-72 Months
101168,Male,18.0,Bethlehem,1.0,One Year,126.04,126.04,PayPal,DSL,5,5.0,1,No,Under 25,0-12 Months
101169,Male,18.0,Bethlehem,69.0,One Year,36.31,2505.3900000000003,PayPal,No Internet,3,4.0,1,No,Under 25,49-72 Months
101170,Male,35.0,Gaza,63.0,Month-to-Month,83.92,5286.96,Cash,DSL,1,4.0,0,No,35-44,49-72 Months
101171,Female,48.0,Nablus,61.0,One Year,73.71,4496.3099999999995,Cash,DSL,1,4.0,2,No,45-54,49-72 Months
101172,Female,49.0,Jenin,71.0,Month-to-Month,42.21,2996.91,Bank Transfer,Fiber Optic,0,3.0,2,No,45-54,49-72 Months
101173,Female,46.0,Hebron,62.0,Two Year,91.6,5679.2,Cash,DSL,2,3.0,0,No,45-54,49-72 Months
101174,Female,40.0,Gaza,56.0,One Year,75.05,4202.8,Bank Transfer,Fiber Optic,3,3.0,1,No,35-44,49-72 Months
101175,Female,31.0,Tulkarm,3.0,Two Year,88.99,266.96999999999997,Bank Transfer,No Internet,3,5.0,0,No,25-34,0-12 Months
101176,Male,20.0,Ramallah,61.0,Month-to-Month,69.2,4221.2,Bank Transfer,No Internet,1,3.0,1,No,Under 25,49-72 Months
101177,Female,22.0,Rafah,15.0,Month-to-Month,62.99,944.85,Credit Card,Fiber Optic,1,5.0,1,No,Under 25,13-24 Months
101178,Female,55.0,Ramallah,69.0,One Year,75.62,5217.780000000001,Credit Card,DSL,2,4.0,0,No,55+,49-72 Months
101179,Male,41.0,Nablus,25.0,Month-to-Month,113.9,2847.5,Cash,Fiber Optic,2,4.0,0,No,35-44,25-48 Months
101180,Male,40.0,Jericho,43.0,Month-to-Month,74.26,3193.1800000000003,PayPal,DSL,3,5.0,1,No,35-44,25-48 Months
101181,Male,40.0,Jenin,50.0,Month-to-Month,74.36,3718.0,Cash,No Internet,3,4.0,0,No,35-44,49-72 Months
101182,Female,24.0,Hebron,68.0,One Year,56.33,3830.44,Credit Card,DSL,3,5.0,1,No,Under 25,49-72 Months
101183,Female,40.0,Jericho,45.0,Month-to-Month,71.59,3221.55,Cash,Fiber Optic,2,3.0,0,No,35-44,25-48 Months
101184,Male,53.0,Nablus,20.0,Two Year,109.52,2190.4,PayPal,Fiber Optic,3,5.0,1,No,45-54,13-24 Months
101185,Male,62.0,Tulkarm,27.0,Month-to-Month,110.08,2972.16,PayPal,No Internet,3,4.0,2,No,55+,25-48 Months
101186,Female,38.0,Ramallah,19.0,Month-to-Month,76.18,1447.42,Unknown,Fiber Optic,1,3.0,1,Yes,35-44,13-24 Months
101187,Female,41.0,Rafah,9.0,One Year,101.85,916.65,Credit Card,Fiber Optic,1,3.0,2,No,35-44,0-12 Months
101188,Female,38.0,Jenin,31.0,One Year,35.37,1096.47,PayPal,DSL,2,3.0,0,No,35-44,25-48 Months
101189,Male,62.0,Jenin,60.0,Month-to-Month,63.53,3811.8,Cash,DSL,2,5.0,1,No,55+,49-72 Months
101190,Male,35.0,Jenin,8.0,Month-to-Month,67.03,536.24,Bank Transfer,Fiber Optic,5,3.0,3,No,35-44,0-12 Months
101191,Female,60.0,Jericho,22.0,One Year,78.69,1731.1799999999998,PayPal,Fiber Optic,2,4.0,0,No,55+,13-24 Months
101192,Female,27.0,Unknown,25.0,Month-to-Month,92.53,2313.25,Cash,No Internet,3,2.0,3,Yes,25-34,25-48 Months
101193,Female,34.0,Nablus,64.0,Month-to-Month,81.38,5208.32,Credit Card,No Internet,0,4.0,0,No,25-34,49-72 Months
101194,Male,18.0,Rafah,34.0,Month-to-Month,75.86,2579.24,Bank Transfer,No Internet,2,4.0,1,No,Under 25,25-48 Months
101195,Male,33.0,Gaza,31.0,Two Year,60.07,1862.17,Bank Transfer,No Internet,2,4.0,2,No,25-34,25-48 Months
101196,Female,31.0,Bethlehem,6.0,One Year,111.47,668.8199999999999,Cash,No Internet,3,5.0,1,No,25-34,0-12 Months
101197,Male,46.0,Khan Yunis,9.0,Month-to-Month,94.14,847.26,PayPal,DSL,1,5.0,1,Yes,45-54,0-12 Months
101198,Female,50.0,Khan Yunis,18.0,Two Year,54.51,981.18,PayPal,Fiber Optic,3,4.0,1,No,45-54,13-24 Months
101199,Male,20.0,Rafah,51.0,Month-to-Month,75.97,3874.47,Bank Transfer,No Internet,0,3.0,2,No,Under 25,49-72 Months
101200,Female,39.0,Jericho,67.0,Month-to-Month,62.24,4170.08,Bank Transfer,No Internet,0,2.0,0,No,35-44,49-72 Months
101201,Female,30.0,Rafah,32.0,Month-to-Month,76.75,2456.0,Cash,No Internet,4,3.0,0,No,25-34,25-48 Months
101202,Female,58.0,Gaza,49.0,Two Year,84.19,4125.3099999999995,Cash,Fiber Optic,2,3.0,1,No,55+,49-72 Months
101203,Female,37.0,Jenin,52.0,Month-to-Month,90.91,4727.32,Cash,No Internet,4,4.0,0,No,35-44,49-72 Months
101204,Female,44.0,Gaza,52.0,Month-to-Month,28.93,1504.36,PayPal,DSL,3,4.0,0,Yes,35-44,49-72 Months
101205,Female,58.0,Rafah,38.0,Two Year,47.82,1817.16,Credit Card,No Internet,2,3.0,0,No,55+,25-48 Months
101206,Male,42.0,Hebron,23.0,Two Year,52.65,1210.95,Bank Transfer,Fiber Optic,2,3.0,0,No,35-44,13-24 Months
101207,Female,43.0,Jericho,6.0,Two Year,69.52,417.12,Cash,No Internet,2,5.0,1,No,35-44,0-12 Months
101208,Male,26.0,Tulkarm,58.0,Two Year,20.0,1160.0,Credit Card,Fiber Optic,3,4.0,1,Yes,25-34,49-72 Months
101209,Female,18.0,Gaza,61.0,One Year,86.82,5296.0199999999995,Bank Transfer,No Internet,1,1.0,0,No,Under 25,49-72 Months
101210,Female,27.0,Jericho,23.0,Two Year,68.16,1567.6799999999998,Credit Card,DSL,1,2.0,1,No,25-34,13-24 Months
101211,Female,42.0,Rafah,27.0,Month-to-Month,74.36,2007.72,Bank Transfer,No Internet,3,3.0,1,Yes,35-44,25-48 Months
101212,Male,18.0,Jericho,7.0,One Year,74.36,520.52,PayPal,DSL,3,3.0,2,No,Under 25,0-12 Months
101213,Male,24.0,Hebron,53.0,Two Year,63.18,3348.54,Credit Card,No Internet,3,4.0,1,No,Under 25,49-72 Months
101214,Male,22.0,Khan Yunis,44.0,Month-to-Month,80.42,3538.48,PayPal,Fiber Optic,4,5.0,0,No,Under 25,25-48 Months
101215,Female,39.0,Nablus,2.0,Month-to-Month,71.1,142.2,Credit Card,Fiber Optic,0,3.0,1,Yes,35-44,0-12 Months
101216,Female,18.0,Ramallah,28.0,Month-to-Month,110.4,3091.2000000000003,Credit Card,DSL,2,3.0,3,No,Under 25,25-48 Months
101217,Female,46.0,Jericho,9.0,Month-to-Month,81.81,736.29,Cash,DSL,7,4.0,2,No,45-54,0-12 Months
101218,Male,39.0,Rafah,47.0,One Year,57.78,2715.66,PayPal,DSL,3,4.0,1,No,35-44,25-48 Months
101219,Female,18.0,Nablus,28.0,Month-to-Month,106.16,2972.48,PayPal,DSL,2,2.0,0,No,Under 25,25-48 Months
101220,Female,51.0,Nablus,25.0,One Year,45.06,1126.5,Credit Card,No Internet,2,5.0,1,No,45-54,25-48 Months
101221,Male,36.0,Ramallah,7.0,Month-to-Month,67.42,471.94,PayPal,No Internet,1,4.0,0,No,35-44,0-12 Months
101222,Female,33.0,Rafah,3.0,One Year,37.56,112.68,PayPal,Fiber Optic,3,5.0,1,No,25-34,0-12 Months
101223,Male,49.0,Ramallah,21.0,Two Year,54.76,1149.96,Bank Transfer,Fiber Optic,1,4.0,1,No,45-54,13-24 Months
101224,Male,33.0,Khan Yunis,14.0,One Year,74.18,1038.52,Credit Card,Fiber Optic,1,4.0,0,No,25-34,13-24 Months
101225,Female,36.0,Nablus,4.0,Month-to-Month,74.74,298.96,PayPal,No Internet,4,4.0,0,No,35-44,0-12 Months
101226,Female,44.0,Jenin,48.0,One Year,104.09,4996.32,Credit Card,No Internet,1,4.0,2,No,35-44,25-48 Months
101227,Female,44.0,Ramallah,48.0,Month-to-Month,51.57,2475.36,Cash,DSL,4,3.0,0,No,35-44,25-48 Months
101228,Female,45.0,Bethlehem,65.0,Month-to-Month,66.82,4343.299999999999,PayPal,No Internet,2,2.0,0,No,45-54,49-72 Months
101229,Female,38.0,Ramallah,52.0,Month-to-Month,66.62,3464.2400000000002,Cash,Fiber Optic,3,5.0,0,No,35-44,49-72 Months
101230,Female,43.0,Nablus,38.0,Month-to-Month,65.81,2500.78,PayPal,No Internet,5,2.0,0,No,35-44,25-48 Months
101231,Male,46.0,Ramallah,36.0,Month-to-Month,30.6,1101.6000000000001,PayPal,DSL,1,5.0,2,No,45-54,25-48 Months
101232,Female,36.0,Jenin,8.0,One Year,56.2,449.6,Bank Transfer,No Internet,3,4.0,2,No,35-44,0-12 Months
101233,Female,52.0,Jenin,52.0,One Year,46.9,2438.7999999999997,Credit Card,Fiber Optic,4,3.0,0,No,45-54,49-72 Months
101234,Male,18.0,Hebron,20.0,Month-to-Month,91.58,1831.6,Credit Card,Fiber Optic,1,3.0,2,No,Under 25,13-24 Months
101235,Male,33.0,Tulkarm,68.0,Month-to-Month,106.25,7225.0,Cash,Fiber Optic,4,3.0,2,No,25-34,49-72 Months
101236,Female,30.0,Tulkarm,65.0,Month-to-Month,68.72,4466.8,Credit Card,Fiber Optic,2,3.0,2,No,25-34,49-72 Months
101237,Female,40.0,Rafah,47.0,Month-to-Month,81.13,3813.1099999999997,PayPal,Fiber Optic,2,2.0,0,Yes,35-44,25-48 Months
101238,Male,61.0,Jenin,68.0,Two Year,49.7,3379.6000000000004,PayPal,Fiber Optic,1,3.0,1,No,55+,49-72 Months
101239,Female,36.0,Tulkarm,48.0,Month-to-Month,55.23,2651.04,PayPal,No Internet,0,4.0,0,Yes,35-44,25-48 Months
101240,Female,36.0,Gaza,52.0,One Year,71.33,3709.16,PayPal,DSL,2,5.0,1,No,35-44,49-72 Months
101241,Female,41.0,Hebron,58.0,Month-to-Month,81.54,4729.320000000001,Credit Card,No Internet,3,2.0,1,No,35-44,49-72 Months
101242,Male,32.0,Jenin,69.0,Month-to-Month,112.46,7759.74,PayPal,DSL,1,3.0,0,No,25-34,49-72 Months
101243,Female,37.0,Rafah,54.0,Month-to-Month,64.46,3480.8399999999997,PayPal,Fiber Optic,0,4.0,1,No,35-44,49-72 Months
101244,Female,39.0,Bethlehem,3.0,Unknown,79.45,238.35000000000002,PayPal,Fiber Optic,3,2.0,0,No,35-44,0-12 Months
101245,Female,39.0,Jericho,30.0,Month-to-Month,93.02,2790.6,PayPal,Fiber Optic,0,4.0,0,No,35-44,25-48 Months
101246,Female,30.0,Tulkarm,34.0,Two Year,80.26,2728.84,Bank Transfer,DSL,1,4.0,3,No,25-34,25-48 Months
101247,Male,18.0,Unknown,18.0,One Year,74.36,1338.48,Credit Card,No Internet,0,3.0,2,No,Under 25,13-24 Months
101248,Male,34.0,Jericho,46.0,Month-to-Month,69.36,3190.56,PayPal,Fiber Optic,1,5.0,0,No,25-34,25-48 Months
101249,Female,26.0,Jenin,7.0,One Year,64.25,449.75,Cash,Fiber Optic,1,5.0,0,No,25-34,0-12 Months
101250,Female,35.0,Jenin,56.0,One Year,57.28,3207.6800000000003,Bank Transfer,No Internet,0,2.0,0,No,35-44,49-72 Months
101251,Male,34.0,Nablus,68.0,Month-to-Month,88.1,5990.799999999999,Bank Transfer,DSL,0,3.0,3,No,25-34,49-72 Months
101252,Male,43.0,Rafah,26.0,Month-to-Month,45.66,1187.1599999999999,Bank Transfer,DSL,3,2.0,1,No,35-44,25-48 Months
101253,Female,19.0,Ramallah,20.0,One Year,89.23,1784.6000000000001,Credit Card,No Internet,2,3.0,0,No,Under 25,13-24 Months
101254,Female,40.0,Nablus,58.0,Month-to-Month,50.14,2908.12,Credit Card,No Internet,4,3.0,2,No,35-44,49-72 Months
101255,Male,44.0,Khan Yunis,68.0,One Year,94.44,6421.92,Credit Card,No Internet,3,3.0,0,No,35-44,49-72 Months
101256,Male,26.0,Bethlehem,2.0,Month-to-Month,75.01,150.02,Cash,No Internet,0,2.0,1,No,25-34,0-12 Months
101257,Female,51.0,Nablus,58.0,Month-to-Month,64.72,3753.7599999999998,Cash,No Internet,2,4.0,1,No,45-54,49-72 Months
101258,Male,53.0,Hebron,56.0,Month-to-Month,75.77,4243.12,PayPal,DSL,3,4.0,1,No,45-54,49-72 Months
101259,Female,55.0,Bethlehem,49.0,One Year,76.73,3759.77,Bank Transfer,No Internet,3,1.0,0,Yes,55+,49-72 Months
101260,Female,33.0,Bethlehem,45.0,Month-to-Month,92.81,4176.45,Cash,Fiber Optic,1,2.0,0,No,25-34,25-48 Months
101261,Male,44.0,Ramallah,48.0,One Year,104.37,5009.76,PayPal,DSL,1,3.0,1,No,35-44,25-48 Months
101262,Female,55.0,Gaza,64.0,Two Year,91.41,5850.24,PayPal,Fiber Optic,2,4.0,1,No,55+,49-72 Months
101263,Male,55.0,Nablus,71.0,One Year,74.36,5279.56,Bank Transfer,DSL,0,3.0,0,No,55+,49-72 Months
101264,Female,30.0,Gaza,10.0,Month-to-Month,74.36,743.6,PayPal,Fiber Optic,1,5.0,2,No,25-34,0-12 Months
101265,Male,46.0,Khan Yunis,38.0,One Year,84.97,3228.86,Bank Transfer,DSL,0,3.0,0,No,45-54,25-48 Months
101266,Female,28.0,Bethlehem,69.0,Month-to-Month,73.06,5041.14,Bank Transfer,Fiber Optic,4,3.0,3,No,25-34,49-72 Months
101267,Male,50.0,Tulkarm,22.0,Two Year,75.37,1658.14,PayPal,No Internet,1,3.0,0,No,45-54,13-24 Months
101268,Female,18.0,Bethlehem,62.0,Month-to-Month,73.08,4530.96,PayPal,Fiber Optic,2,3.0,2,No,Under 25,49-72 Months
101269,Female,50.0,Tulkarm,26.0,Two Year,88.89,2311.14,Cash,No Internet,2,3.0,1,No,45-54,25-48 Months
101270,Male,32.0,Khan Yunis,21.0,Two Year,47.26,992.4599999999999,Bank Transfer,No Internet,4,2.0,1,No,25-34,13-24 Months
101271,Male,46.0,Gaza,24.0,Month-to-Month,40.4,969.5999999999999,Bank Transfer,Fiber Optic,2,3.0,1,No,45-54,13-24 Months
101272,Female,41.0,Khan Yunis,65.0,Two Year,101.36,6588.4,Credit Card,No Internet,3,3.0,2,No,35-44,49-72 Months
101273,Female,18.0,Nablus,49.0,Month-to-Month,110.85,5431.65,Credit Card,No Internet,2,3.0,0,No,Under 25,49-72 Months
101274,Male,40.0,Rafah,27.0,Two Year,93.82,2533.14,Bank Transfer,Fiber Optic,2,3.0,1,No,35-44,25-48 Months
101275,Male,32.0,Bethlehem,27.0,One Year,94.49,2551.23,Bank Transfer,DSL,1,3.0,1,No,25-34,25-48 Months
101276,Male,41.0,Tulkarm,19.0,One Year,103.03,1957.57,Cash,Fiber Optic,0,3.0,0,No,35-44,13-24 Months
101277,Female,40.0,Rafah,42.0,Month-to-Month,67.5,2835.0,Credit Card,Fiber Optic,1,4.0,0,No,35-44,25-48 Months
101278,Male,49.0,Nablus,52.0,One Year,83.11,4321.72,Credit Card,DSL,3,5.0,0,No,45-54,49-72 Months
101279,Female,41.0,Nablus,27.0,Two Year,43.98,1187.4599999999998,Bank Transfer,No Internet,1,3.0,1,No,35-44,25-48 Months
101280,Female,54.0,Jenin,71.0,One Year,127.9,9080.9,PayPal,No Internet,2,2.0,2,No,45-54,49-72 Months
101281,Female,49.0,Tulkarm,60.0,Month-to-Month,57.66,3459.6,Cash,Fiber Optic,3,4.0,0,No,45-54,49-72 Months
101282,Female,29.0,Ramallah,65.0,Month-to-Month,100.0,6500.0,Credit Card,No Internet,2,4.0,0,No,25-34,49-72 Months
101283,Male,59.0,Khan Yunis,10.0,Month-to-Month,71.78,717.8,Bank Transfer,Fiber Optic,1,2.0,0,No,55+,0-12 Months
101284,Male,25.0,Bethlehem,41.0,One Year,93.2,3821.2000000000003,Bank Transfer,Fiber Optic,5,3.0,2,No,25-34,25-48 Months
101285,Female,34.0,Bethlehem,64.0,One Year,99.98,6398.72,Bank Transfer,DSL,3,4.0,1,No,25-34,49-72 Months
101286,Male,40.0,Jericho,63.0,Month-to-Month,97.81,6162.03,PayPal,Fiber Optic,2,3.0,1,No,35-44,49-72 Months
101287,Female,38.0,Hebron,60.0,Two Year,112.38,6742.799999999999,Cash,No Internet,3,4.0,0,No,35-44,49-72 Months
101288,Female,65.0,Nablus,29.0,Month-to-Month,109.08,3163.32,Credit Card,DSL,2,3.0,1,Yes,55+,25-48 Months
101289,Female,19.0,Bethlehem,26.0,Month-to-Month,89.16,2318.16,PayPal,DSL,2,3.0,0,No,Under 25,25-48 Months
101290,Male,39.0,Ramallah,58.0,Two Year,86.04,4990.320000000001,PayPal,DSL,1,3.0,2,No,35-44,49-72 Months
101291,Female,30.0,Nablus,50.0,One Year,82.2,4110.0,PayPal,DSL,3,2.0,0,No,25-34,49-72 Months
101292,Male,44.0,Rafah,59.0,Month-to-Month,47.97,2830.23,Bank Transfer,No Internet,3,3.0,1,No,35-44,49-72 Months
101293,Male,52.0,Jericho,40.0,Month-to-Month,78.69,3147.6,Bank Transfer,No Internet,3,2.0,0,Yes,45-54,25-48 Months
101294,Male,36.0,Hebron,64.0,One Year,69.3,4435.2,Credit Card,No Internet,3,3.0,1,No,35-44,49-72 Months
101295,Male,30.0,Nablus,46.0,One Year,39.95,1837.7,Cash,Fiber Optic,2,3.0,2,No,25-34,25-48 Months
101296,Female,36.0,Nablus,47.0,Month-to-Month,48.35,2272.4500000000003,Bank Transfer,DSL,1,4.0,2,No,35-44,25-48 Months
101297,Male,41.0,Bethlehem,38.0,One Year,53.39,2028.82,PayPal,Fiber Optic,0,4.0,0,No,35-44,25-48 Months
101298,Female,30.0,Tulkarm,50.0,Month-to-Month,60.09,3004.5,Bank Transfer,Fiber Optic,2,3.0,1,No,25-34,49-72 Months
101299,Male,38.0,Jenin,6.0,Month-to-Month,74.08,444.48,Cash,Fiber Optic,0,5.0,1,Yes,35-44,0-12 Months
101300,Female,35.0,Tulkarm,65.0,Month-to-Month,86.82,5643.299999999999,Cash,Fiber Optic,5,2.0,1,Yes,35-44,49-72 Months
101301,Male,27.0,Gaza,33.0,One Year,88.13,2908.29,Bank Transfer,DSL,2,4.0,3,No,25-34,25-48 Months
101302,Female,30.0,Jenin,14.0,Month-to-Month,54.75,766.5,PayPal,Fiber Optic,3,2.0,0,Yes,25-34,13-24 Months
101303,Male,57.0,Rafah,53.0,Month-to-Month,101.31,5369.43,PayPal,Fiber Optic,2,1.0,1,No,55+,49-72 Months
101304,Female,36.0,Nablus,51.0,Month-to-Month,78.7,4013.7000000000003,PayPal,Fiber Optic,1,5.0,0,No,35-44,49-72 Months
101305,Male,18.0,Jenin,59.0,Month-to-Month,20.0,1180.0,Credit Card,Fiber Optic,1,3.0,2,No,Under 25,49-72 Months
101306,Male,37.0,Jenin,3.0,One Year,106.62,319.86,PayPal,DSL,0,3.0,1,No,35-44,0-12 Months
101307,Male,23.0,Ramallah,58.0,Month-to-Month,59.75,3465.5,Bank Transfer,No Internet,2,4.0,0,No,Under 25,49-72 Months
101308,Female,75.0,Khan Yunis,19.0,Two Year,137.23,2607.37,PayPal,Fiber Optic,1,4.0,0,No,55+,13-24 Months
101309,Female,46.0,Ramallah,5.0,Month-to-Month,72.3,361.5,Credit Card,Fiber Optic,3,3.0,0,No,45-54,0-12 Months
101310,Female,35.0,Tulkarm,40.0,Two Year,85.63,3425.2,Bank Transfer,No Internet,4,4.0,0,No,35-44,25-48 Months
101311,Female,46.0,Gaza,14.0,Month-to-Month,90.26,1263.64,Cash,No Internet,3,4.0,1,No,45-54,13-24 Months
101312,Male,34.0,Tulkarm,59.0,One Year,61.36,3620.24,Credit Card,Fiber Optic,3,3.0,1,No,25-34,49-72 Months
101313,Female,40.0,Hebron,54.0,One Year,76.55,4133.7,Bank Transfer,No Internet,2,2.0,1,No,35-44,49-72 Months
101314,Female,55.0,Jenin,10.0,Two Year,55.28,552.8,Cash,No Internet,3,2.0,1,No,55+,0-12 Months
101315,Female,46.0,Jericho,41.0,Two Year,45.55,1867.55,Bank Transfer,Fiber Optic,4,4.0,0,No,45-54,25-48 Months
101316,Male,30.0,Jericho,13.0,Two Year,56.48,734.24,PayPal,Fiber Optic,0,3.0,1,No,25-34,13-24 Months
101317,Female,38.0,Khan Yunis,42.0,Two Year,20.0,840.0,PayPal,DSL,4,4.0,2,No,35-44,25-48 Months
101318,Male,35.0,Khan Yunis,63.0,One Year,92.9,5852.700000000001,Credit Card,No Internet,3,3.0,0,No,35-44,49-72 Months
101319,Female,26.0,Jericho,7.0,Month-to-Month,79.1,553.6999999999999,Bank Transfer,DSL,1,3.0,1,Yes,25-34,0-12 Months
101320,Male,18.0,Nablus,12.0,Month-to-Month,73.71,884.52,PayPal,DSL,2,4.0,1,No,Under 25,0-12 Months
101321,Male,41.0,Gaza,41.0,Two Year,54.01,2214.41,Bank Transfer,No Internet,1,3.0,1,No,35-44,25-48 Months
101322,Male,27.0,Jericho,38.0,Two Year,42.26,1605.8799999999999,Bank Transfer,No Internet,2,5.0,0,No,25-34,25-48 Months
101323,Female,34.0,Gaza,58.0,Month-to-Month,55.14,3198.12,Bank Transfer,DSL,2,2.0,0,No,25-34,49-72 Months
101324,Male,59.0,Gaza,54.0,Two Year,22.2,1198.8,Cash,No Internet,0,3.0,0,No,55+,49-72 Months
101325,Female,36.0,Ramallah,23.0,Month-to-Month,105.13,2417.99,Cash,No Internet,1,5.0,1,No,35-44,13-24 Months
101326,Male,21.0,Nablus,17.0,One Year,135.94,2310.98,Cash,No Internet,1,3.0,0,No,Under 25,13-24 Months
101327,Male,51.0,Khan Yunis,45.0,Month-to-Month,101.12,4550.400000000001,Bank Transfer,Fiber Optic,1,3.0,0,No,45-54,25-48 Months
101328,Female,54.0,Khan Yunis,20.0,Two Year,118.47,2369.4,PayPal,Fiber Optic,2,3.0,2,Yes,45-54,13-24 Months
101329,Male,21.0,Bethlehem,68.0,Two Year,27.72,1884.96,PayPal,DSL,0,4.0,1,No,Under 25,49-72 Months
101330,Female,38.0,Rafah,2.0,Month-to-Month,86.35,172.7,Bank Transfer,No Internet,3,2.0,1,No,35-44,0-12 Months
101331,Male,44.0,Gaza,14.0,One Year,71.6,1002.3999999999999,Bank Transfer,DSL,1,1.0,1,No,35-44,13-24 Months
101332,Female,38.0,Hebron,38.0,One Year,55.61,2113.18,Bank Transfer,Fiber Optic,0,3.0,1,No,35-44,25-48 Months
101333,Male,56.0,Tulkarm,40.0,Two Year,67.94,2717.6,Credit Card,Fiber Optic,1,2.0,2,No,55+,25-48 Months
101334,Male,32.0,Nablus,38.0,Month-to-Month,82.97,3152.86,Credit Card,DSL,3,5.0,1,No,25-34,25-48 Months
101335,Female,41.0,Jenin,53.0,Month-to-Month,74.16,3930.48,Cash,Fiber Optic,1,4.0,0,Yes,35-44,49-72 Months
101336,Male,29.0,Bethlehem,15.0,Month-to-Month,102.39,1535.85,Cash,Fiber Optic,2,4.0,0,No,25-34,13-24 Months
101337,Male,32.0,Rafah,66.0,One Year,26.49,1748.34,Credit Card,Fiber Optic,2,3.0,1,No,25-34,49-72 Months
101338,Female,34.0,Bethlehem,53.0,Two Year,94.15,4989.950000000001,Credit Card,Fiber Optic,0,3.0,0,No,25-34,49-72 Months
101339,Male,30.0,Jenin,30.0,Month-to-Month,115.38,3461.3999999999996,PayPal,Fiber Optic,4,3.0,0,No,25-34,25-48 Months
101340,Male,62.0,Jenin,43.0,Month-to-Month,66.47,2858.21,PayPal,DSL,0,4.0,0,Yes,55+,25-48 Months
101341,Male,51.0,Jericho,15.0,Month-to-Month,80.8,1212.0,Credit Card,DSL,2,2.0,0,No,45-54,13-24 Months
101342,Male,60.0,Bethlehem,55.0,Month-to-Month,55.76,3066.7999999999997,Credit Card,DSL,1,5.0,3,No,55+,49-72 Months
101343,Male,52.0,Nablus,56.0,Month-to-Month,96.51,5404.56,Credit Card,No Internet,3,1.0,0,No,45-54,49-72 Months
101344,Male,42.0,Jericho,27.0,One Year,60.27,1627.2900000000002,Cash,No Internet,1,2.0,2,No,35-44,25-48 Months
101345,Female,36.0,Jericho,6.0,Month-to-Month,113.34,680.04,PayPal,Fiber Optic,0,3.0,0,No,35-44,0-12 Months
101346,Male,55.0,Ramallah,40.0,Month-to-Month,73.02,2920.7999999999997,Bank Transfer,No Internet,2,5.0,1,No,55+,25-48 Months
101347,Female,43.0,Jenin,7.0,Month-to-Month,75.04,525.2800000000001,Cash,Fiber Optic,1,1.0,0,No,35-44,0-12 Months
101348,Female,31.0,Bethlehem,64.0,Month-to-Month,61.74,3951.36,Credit Card,No Internet,2,4.0,1,No,25-34,49-72 Months
101349,Male,24.0,Hebron,13.0,One Year,57.04,741.52,Credit Card,DSL,1,4.0,0,No,Under 25,13-24 Months
101350,Male,48.0,Nablus,65.0,Month-to-Month,94.39,6135.35,Bank Transfer,Fiber Optic,0,4.0,1,No,45-54,49-72 Months
101351,Female,26.0,Jericho,16.0,One Year,73.07,1169.12,Bank Transfer,No Internet,6,1.0,2,No,25-34,13-24 Months
101352,Female,41.0,Tulkarm,24.0,One Year,83.0,1992.0,Bank Transfer,Fiber Optic,3,3.0,2,No,35-44,13-24 Months
101353,Male,50.0,Rafah,1.0,Month-to-Month,80.48,80.48,Cash,Fiber Optic,2,3.0,0,No,45-54,0-12 Months
101354,Female,22.0,Jericho,16.0,One Year,67.17,1074.72,Cash,Fiber Optic,0,3.0,1,No,Under 25,13-24 Months
101355,Female,35.0,Tulkarm,69.0,Month-to-Month,39.03,2693.07,Cash,DSL,0,5.0,0,No,35-44,49-72 Months
101356,Female,45.0,Gaza,54.0,Month-to-Month,135.02,7291.080000000001,Credit Card,DSL,1,3.0,2,No,45-54,49-72 Months
101357,Female,52.0,Rafah,51.0,Month-to-Month,44.82,2285.82,Cash,No Internet,0,4.0,2,Yes,45-54,49-72 Months
101358,Male,43.0,Gaza,11.0,One Year,83.55,919.05,Cash,Fiber Optic,4,3.0,1,No,35-44,0-12 Months
101359,Female,42.0,Ramallah,40.0,Month-to-Month,57.75,2310.0,Bank Transfer,No Internet,2,3.0,0,No,35-44,25-48 Months
101360,Male,35.0,Jenin,64.0,Month-to-Month,108.61,6951.04,Credit Card,Fiber Optic,1,3.0,1,No,35-44,49-72 Months
101361,Male,30.0,Bethlehem,22.0,Two Year,97.13,2136.8599999999997,Cash,DSL,0,5.0,0,No,25-34,13-24 Months
101362,Female,24.0,Ramallah,61.0,Month-to-Month,86.87,5299.070000000001,PayPal,No Internet,0,3.0,1,No,Under 25,49-72 Months
101363,Male,47.0,Hebron,31.0,Month-to-Month,44.57,1381.67,Cash,No Internet,4,2.0,0,Yes,45-54,25-48 Months
101364,Female,35.0,Hebron,49.0,Month-to-Month,69.42,3401.58,Credit Card,No Internet,1,2.0,1,No,35-44,49-72 Months
101365,Female,32.0,Ramallah,63.0,One Year,90.13,5678.19,Bank Transfer,Fiber Optic,1,3.0,2,No,25-34,49-72 Months
101366,Male,45.0,Khan Yunis,50.0,Month-to-Month,20.0,1000.0,PayPal,Fiber Optic,1,3.0,2,No,45-54,49-72 Months
101367,Male,37.0,Ramallah,37.0,One Year,62.76,2322.12,PayPal,No Internet,2,3.0,2,No,35-44,25-48 Months
101368,Female,28.0,Ramallah,26.0,One Year,113.02,2938.52,Bank Transfer,No Internet,4,3.0,0,No,25-34,25-48 Months
101369,Female,36.0,Rafah,65.0,Month-to-Month,67.44,4383.599999999999,Bank Transfer,No Internet,4,4.0,0,No,35-44,49-72 Months
101370,Male,38.0,Hebron,67.0,Month-to-Month,42.77,2865.59,Cash,Fiber Optic,2,3.0,1,No,35-44,49-72 Months
101371,Male,18.0,Jenin,61.0,Month-to-Month,49.7,3031.7000000000003,PayPal,DSL,3,5.0,2,No,Under 25,49-72 Months
101372,Female,47.0,Jenin,30.0,One Year,44.23,1326.8999999999999,Credit Card,Fiber Optic,1,3.0,1,No,45-54,25-48 Months
101373,Female,18.0,Hebron,46.0,One Year,57.84,2660.6400000000003,Credit Card,DSL,6,4.0,1,No,Under 25,25-48 Months
101374,Female,54.0,Rafah,58.0,Month-to-Month,71.48,4145.84,PayPal,DSL,2,5.0,3,No,45-54,49-72 Months
101375,Female,40.0,Tulkarm,22.0,Month-to-Month,69.51,1529.22,Credit Card,Fiber Optic,1,3.0,0,No,35-44,13-24 Months
101376,Male,42.0,Bethlehem,17.0,Month-to-Month,54.4,924.8,Credit Card,DSL,0,4.0,1,No,35-44,13-24 Months
101377,Male,40.0,Jenin,11.0,Two Year,106.56,1172.16,Cash,Fiber Optic,4,3.0,0,No,35-44,0-12 Months
101378,Male,50.0,Bethlehem,64.0,Month-to-Month,55.79,3570.56,Cash,No Internet,1,3.0,2,No,45-54,49-72 Months
101379,Female,35.0,Hebron,52.0,Month-to-Month,67.0,3484.0,Cash,No Internet,3,4.0,0,No,35-44,49-72 Months
101380,Male,37.0,Jenin,33.0,One Year,99.77,3292.41,Bank Transfer,DSL,0,2.0,1,No,35-44,25-48 Months
101381,Female,53.0,Jericho,13.0,One Year,78.49,1020.3699999999999,Credit Card,DSL,2,1.0,0,No,45-54,13-24 Months
101382,Male,50.0,Tulkarm,72.0,One Year,67.76,4878.72,Cash,Fiber Optic,3,4.0,0,No,45-54,49-72 Months
101383,Male,35.0,Khan Yunis,16.0,One Year,75.37,1205.92,PayPal,No Internet,2,3.0,1,No,35-44,13-24 Months
101384,Male,23.0,Bethlehem,33.0,One Year,66.5,2194.5,Cash,DSL,3,3.0,1,No,Under 25,25-48 Months
101385,Male,45.0,Rafah,58.0,One Year,111.78,6483.24,PayPal,No Internet,0,4.0,1,No,45-54,49-72 Months
101386,Male,46.0,Jenin,71.0,Month-to-Month,29.45,2090.95,Credit Card,DSL,1,4.0,3,Yes,45-54,49-72 Months
101387,Female,34.0,Unknown,5.0,One Year,56.33,281.65,PayPal,DSL,1,3.0,2,No,25-34,0-12 Months
101388,Female,49.0,Bethlehem,65.0,One Year,78.64,5111.6,Credit Card,No Internet,1,3.0,1,No,45-54,49-72 Months
101389,Male,43.0,Bethlehem,72.0,One Year,83.32,5999.039999999999,PayPal,DSL,0,1.0,2,No,35-44,49-72 Months
101390,Female,28.0,Hebron,16.0,Month-to-Month,80.64,1290.24,PayPal,Fiber Optic,2,3.0,0,No,25-34,13-24 Months
101391,Female,26.0,Nablus,34.0,Month-to-Month,86.49,2940.66,Cash,Fiber Optic,0,5.0,0,No,25-34,25-48 Months
101392,Female,34.0,Gaza,49.0,One Year,97.58,4781.42,Cash,Fiber Optic,3,3.0,5,No,25-34,49-72 Months
101393,Female,18.0,Hebron,59.0,Month-to-Month,112.35,6628.65,Cash,DSL,3,3.0,2,No,Under 25,49-72 Months
101394,Male,36.0,Bethlehem,13.0,One Year,90.21,1172.73,Credit Card,Fiber Optic,3,4.0,2,Yes,35-44,13-24 Months
101395,Female,52.0,Ramallah,52.0,Month-to-Month,38.6,2007.2,Credit Card,Fiber Optic,3,5.0,2,No,45-54,49-72 Months
101396,Male,25.0,Tulkarm,68.0,One Year,91.14,6197.52,Cash,Fiber Optic,2,4.0,1,No,25-34,49-72 Months
101397,Female,23.0,Ramallah,28.0,Two Year,77.54,2171.1200000000003,Bank Transfer,No Internet,4,3.0,1,No,Under 25,25-48 Months
101398,Female,21.0,Jenin,28.0,Month-to-Month,127.63,3573.64,Cash,Fiber Optic,2,4.0,2,No,Under 25,25-48 Months
101399,Female,45.0,Jericho,26.0,Two Year,123.8,3218.7999999999997,Cash,No Internet,3,3.0,1,No,45-54,25-48 Months
101400,Female,18.0,Rafah,67.0,Month-to-Month,36.14,2421.38,PayPal,No Internet,1,2.0,0,No,Under 25,49-72 Months
101401,Female,30.0,Bethlehem,54.0,Month-to-Month,66.92,3613.6800000000003,Unknown,DSL,1,4.0,0,Yes,25-34,49-72 Months
101402,Male,26.0,Tulkarm,72.0,One Year,108.92,7842.24,Cash,Fiber Optic,4,2.0,1,No,25-34,49-72 Months
101403,Female,41.0,Tulkarm,18.0,Two Year,53.55,963.9,Cash,No Internet,1,5.0,1,No,35-44,13-24 Months
101404,Male,36.0,Hebron,29.0,One Year,81.26,2356.54,Cash,DSL,0,3.0,2,No,35-44,25-48 Months
101405,Male,45.0,Unknown,9.0,Two Year,74.76,672.84,PayPal,DSL,0,4.0,1,No,45-54,0-12 Months
101406,Female,45.0,Nablus,56.0,Two Year,32.55,1822.7999999999997,Credit Card,No Internet,0,3.0,1,No,45-54,49-72 Months
101407,Female,29.0,Ramallah,24.0,One Year,48.26,1158.24,Bank Transfer,Fiber Optic,1,3.0,0,No,25-34,13-24 Months
101408,Male,36.0,Rafah,68.0,Month-to-Month,108.87,7403.16,PayPal,DSL,2,3.0,1,No,35-44,49-72 Months
101409,Female,46.0,Gaza,53.0,One Year,44.56,2361.6800000000003,Credit Card,DSL,3,5.0,0,No,45-54,49-72 Months
101410,Female,34.0,Rafah,29.0,Month-to-Month,76.2,2209.8,PayPal,DSL,2,3.0,0,No,25-34,25-48 Months
101411,Male,52.0,Rafah,55.0,Month-to-Month,67.1,3690.4999999999995,Cash,DSL,1,3.0,1,No,45-54,49-72 Months
101412,Male,18.0,Gaza,36.0,Two Year,63.97,2302.92,Credit Card,Fiber Optic,0,4.0,1,No,Under 25,25-48 Months
101413,Female,36.0,Ramallah,50.0,Month-to-Month,114.39,5719.5,Credit Card,No Internet,1,3.0,1,No,35-44,49-72 Months
101414,Male,27.0,Unknown,21.0,One Year,31.49,661.29,Bank Transfer,Fiber Optic,3,4.0,0,No,25-34,13-24 Months
101415,Male,49.0,Rafah,13.0,Month-to-Month,101.83,1323.79,Credit Card,No Internet,1,4.0,2,Yes,45-54,13-24 Months
101416,Male,47.0,Tulkarm,7.0,One Year,92.6,648.1999999999999,Bank Transfer,DSL,3,3.0,0,No,45-54,0-12 Months
101417,Female,39.0,Hebron,54.0,Month-to-Month,47.71,2576.34,Cash,DSL,3,3.0,2,Yes,35-44,49-72 Months
101418,Male,37.0,Tulkarm,24.0,Two Year,73.05,1753.1999999999998,Credit Card,Fiber Optic,2,3.0,1,No,35-44,13-24 Months
101419,Male,41.0,Hebron,42.0,Month-to-Month,70.63,2966.46,Credit Card,No Internet,3,5.0,3,Yes,35-44,25-48 Months
101420,Female,35.0,Khan Yunis,2.0,Month-to-Month,100.7,201.4,Credit Card,DSL,2,3.0,0,Yes,35-44,0-12 Months
101421,Male,41.0,Khan Yunis,7.0,Month-to-Month,73.33,513.31,PayPal,DSL,2,1.0,2,No,35-44,0-12 Months
101422,Female,24.0,Bethlehem,1.0,Month-to-Month,93.53,93.53,Cash,Fiber Optic,0,4.0,0,Yes,Under 25,0-12 Months
101423,Female,18.0,Hebron,32.0,Month-to-Month,77.08,2466.56,PayPal,Fiber Optic,1,3.0,1,No,Under 25,25-48 Months
101424,Female,31.0,Gaza,18.0,Month-to-Month,75.75,1363.5,Credit Card,Fiber Optic,0,1.0,1,No,25-34,13-24 Months
101425,Female,31.0,Nablus,18.0,Month-to-Month,48.85,879.3000000000001,Cash,DSL,3,4.0,0,No,25-34,13-24 Months
101426,Female,24.0,Ramallah,32.0,Two Year,74.1,2371.2,Bank Transfer,Fiber Optic,3,3.0,2,No,Under 25,25-48 Months
101427,Female,47.0,Rafah,64.0,One Year,118.29,7570.56,Credit Card,DSL,1,2.0,2,No,45-54,49-72 Months
101428,Female,45.0,Tulkarm,9.0,Month-to-Month,99.44,894.96,Cash,No Internet,2,3.0,1,No,45-54,0-12 Months
101429,Male,28.0,Gaza,35.0,One Year,91.69,3209.15,Credit Card,DSL,4,2.0,2,No,25-34,25-48 Months
101430,Male,25.0,Jericho,12.0,Month-to-Month,93.17,1118.04,Credit Card,Fiber Optic,2,5.0,3,No,25-34,0-12 Months
101431,Male,39.0,Ramallah,55.0,Month-to-Month,54.38,2990.9,PayPal,Fiber Optic,2,2.0,1,No,35-44,49-72 Months
101432,Female,57.0,Bethlehem,36.0,One Year,84.92,3057.12,Cash,DSL,4,4.0,0,No,55+,25-48 Months
101433,Male,58.0,Khan Yunis,25.0,Month-to-Month,88.04,2201.0,PayPal,No Internet,1,3.0,1,No,55+,25-48 Months
101434,Male,42.0,Bethlehem,21.0,One Year,38.75,813.75,Bank Transfer,Fiber Optic,0,3.0,0,No,35-44,13-24 Months
101435,Male,28.0,Hebron,30.0,Month-to-Month,25.99,779.6999999999999,PayPal,No Internet,1,4.0,0,Yes,25-34,25-48 Months
101436,Male,20.0,Nablus,36.0,Month-to-Month,63.02,2268.7200000000003,PayPal,Fiber Optic,3,3.0,0,No,Under 25,25-48 Months
101437,Male,50.0,Hebron,26.0,Two Year,138.65,3604.9,Cash,Fiber Optic,1,5.0,0,Yes,45-54,25-48 Months
101438,Male,33.0,Hebron,29.0,Month-to-Month,51.33,1488.57,Credit Card,DSL,2,3.0,1,No,25-34,25-48 Months
101439,Male,50.0,Hebron,33.0,One Year,87.86,2899.38,PayPal,Fiber Optic,2,3.0,0,No,45-54,25-48 Months
101440,Female,47.0,Hebron,53.0,One Year,56.81,3010.9300000000003,Bank Transfer,DSL,4,5.0,0,No,45-54,49-72 Months
101441,Female,38.0,Tulkarm,63.0,Month-to-Month,52.97,3337.11,Cash,DSL,0,3.0,2,No,35-44,49-72 Months
101442,Female,48.0,Ramallah,17.0,Month-to-Month,57.6,979.2,PayPal,Fiber Optic,2,5.0,4,No,45-54,13-24 Months
101443,Male,42.0,Jenin,62.0,One Year,86.38,5355.5599999999995,Cash,No Internet,2,3.0,2,No,35-44,49-72 Months
101444,Female,52.0,Jenin,16.0,One Year,63.36,1013.76,PayPal,DSL,3,2.0,1,No,45-54,13-24 Months
101445,Male,29.0,Bethlehem,16.0,Month-to-Month,79.16,1266.56,Cash,No Internet,1,2.0,1,No,25-34,13-24 Months
101446,Male,33.0,Gaza,36.0,Month-to-Month,20.0,720.0,Credit Card,No Internet,1,1.0,2,Yes,25-34,25-48 Months
101447,Female,46.0,Tulkarm,63.0,One Year,116.91,7365.33,PayPal,No Internet,2,4.0,0,No,45-54,49-72 Months
101448,Male,41.0,Tulkarm,38.0,Month-to-Month,63.97,2430.86,Credit Card,Fiber Optic,0,3.0,0,No,35-44,25-48 Months
101449,Male,42.0,Tulkarm,42.0,Month-to-Month,130.51,5481.42,Bank Transfer,No Internet,5,3.0,0,No,35-44,25-48 Months
101450,Female,37.0,Gaza,29.0,Month-to-Month,74.72,2166.88,PayPal,DSL,2,4.0,2,No,35-44,25-48 Months
101451,Male,37.0,Bethlehem,33.0,One Year,45.12,1488.9599999999998,Credit Card,No Internet,1,4.0,1,No,35-44,25-48 Months
101452,Female,50.0,Ramallah,47.0,One Year,59.8,2810.6,Bank Transfer,Fiber Optic,1,2.0,1,No,45-54,25-48 Months
101453,Male,38.0,Gaza,2.0,One Year,65.43,130.86,Credit Card,Fiber Optic,3,4.0,0,No,35-44,0-12 Months
101454,Female,43.0,Jericho,21.0,One Year,115.07,2416.47,Credit Card,No Internet,1,3.0,0,No,35-44,13-24 Months
101455,Male,37.0,Tulkarm,42.0,Two Year,40.69,1708.98,Bank Transfer,No Internet,2,2.0,2,No,35-44,25-48 Months
101456,Female,33.0,Jericho,49.0,Month-to-Month,92.63,4538.87,Bank Transfer,No Internet,4,3.0,1,No,25-34,49-72 Months
101457,Male,40.0,Nablus,48.0,Month-to-Month,73.65,3535.2000000000003,Bank Transfer,Fiber Optic,2,3.0,0,No,35-44,25-48 Months
101458,Female,74.0,Jenin,6.0,Month-to-Month,68.21,409.26,Credit Card,Fiber Optic,2,4.0,0,Yes,55+,0-12 Months
101459,Male,45.0,Tulkarm,44.0,One Year,96.37,4240.280000000001,PayPal,No Internet,5,3.0,2,Yes,45-54,25-48 Months
101460,Male,41.0,Bethlehem,59.0,Month-to-Month,66.11,3900.49,Cash,No Internet,2,3.0,1,No,35-44,49-72 Months
101461,Male,25.0,Rafah,72.0,Month-to-Month,74.63,5373.36,Cash,Fiber Optic,1,5.0,1,No,25-34,49-72 Months
101462,Male,34.0,Jenin,53.0,Month-to-Month,73.19,3879.0699999999997,PayPal,DSL,2,4.0,0,No,25-34,49-72 Months
101463,Male,41.0,Nablus,18.0,One Year,83.23,1498.14,Bank Transfer,Fiber Optic,2,2.0,0,No,35-44,13-24 Months
101464,Female,18.0,Gaza,47.0,Month-to-Month,81.07,3810.2899999999995,Cash,DSL,2,4.0,1,No,Under 25,25-48 Months
101465,Male,54.0,Gaza,28.0,Month-to-Month,37.83,1059.24,Bank Transfer,Fiber Optic,5,3.0,0,No,45-54,25-48 Months
101466,Male,49.0,Nablus,22.0,One Year,77.26,1699.72,Cash,No Internet,2,4.0,1,No,45-54,13-24 Months
101467,Female,36.0,Rafah,63.0,One Year,26.32,1658.16,PayPal,DSL,0,3.0,0,No,35-44,49-72 Months
101468,Female,39.0,Bethlehem,6.0,One Year,97.41,584.46,Cash,DSL,1,4.0,2,No,35-44,0-12 Months
101469,Male,50.0,Bethlehem,37.0,One Year,124.07,4590.59,Bank Transfer,Fiber Optic,1,3.0,1,No,45-54,25-48 Months
101470,Female,43.0,Ramallah,33.0,Month-to-Month,69.78,2302.7400000000002,Credit Card,No Internet,1,2.0,0,No,35-44,25-48 Months
101471,Male,30.0,Bethlehem,17.0,Month-to-Month,75.42,1282.14,PayPal,No Internet,0,3.0,1,No,25-34,13-24 Months
101472,Female,25.0,Hebron,1.0,One Year,69.87,69.87,Credit Card,No Internet,4,3.0,0,No,25-34,0-12 Months
101473,Male,31.0,Bethlehem,50.0,Two Year,103.25,5162.5,Credit Card,No Internet,3,5.0,0,No,25-34,49-72 Months
101474,Female,44.0,Tulkarm,5.0,Month-to-Month,28.06,140.29999999999998,Credit Card,DSL,2,3.0,0,No,35-44,0-12 Months
101475,Female,49.0,Nablus,20.0,Month-to-Month,51.68,1033.6,PayPal,DSL,2,5.0,1,No,45-54,13-24 Months
101476,Male,43.0,Ramallah,44.0,One Year,67.4,2965.6000000000004,PayPal,Fiber Optic,0,4.0,2,No,35-44,25-48 Months
101477,Female,36.0,Ramallah,61.0,Month-to-Month,133.47,8141.67,PayPal,Fiber Optic,2,5.0,1,No,35-44,49-72 Months
101478,Male,33.0,Hebron,5.0,Month-to-Month,86.88,434.4,Cash,No Internet,4,3.0,2,No,25-34,0-12 Months
101479,Male,38.0,Ramallah,10.0,One Year,93.23,932.3000000000001,Bank Transfer,DSL,2,3.0,1,No,35-44,0-12 Months
101480,Female,25.0,Rafah,10.0,One Year,51.08,510.79999999999995,Credit Card,No Internet,2,4.0,0,No,25-34,0-12 Months
101481,Female,49.0,Nablus,59.0,Month-to-Month,62.53,3689.27,Bank Transfer,Fiber Optic,3,3.0,1,No,45-54,49-72 Months
101482,Male,26.0,Bethlehem,54.0,Two Year,81.58,4405.32,PayPal,No Internet,2,3.0,0,No,25-34,49-72 Months
101483,Female,38.0,Hebron,3.0,One Year,72.59,217.77,Cash,DSL,2,2.0,2,No,35-44,0-12 Months
101484,Male,25.0,Bethlehem,34.0,Month-to-Month,87.0,2958.0,Cash,No Internet,2,4.0,3,Yes,25-34,25-48 Months
101485,Male,58.0,Bethlehem,36.0,Two Year,93.93,3381.4800000000005,PayPal,No Internet,3,4.0,0,No,55+,25-48 Months
101486,Male,28.0,Tulkarm,62.0,One Year,28.34,1757.08,PayPal,DSL,1,4.0,2,No,25-34,49-72 Months
101487,Male,36.0,Khan Yunis,49.0,One Year,107.1,5247.9,Cash,Fiber Optic,1,3.0,3,No,35-44,49-72 Months
101488,Female,44.0,Bethlehem,48.0,Month-to-Month,30.28,1453.44,Cash,DSL,5,4.0,0,No,35-44,25-48 Months
101489,Female,42.0,Ramallah,3.0,Two Year,80.76,242.28000000000003,Bank Transfer,Fiber Optic,0,4.0,1,No,35-44,0-12 Months
101490,Male,30.0,Jericho,28.0,One Year,39.01,1092.28,Bank Transfer,DSL,2,4.0,0,No,25-34,25-48 Months
101491,Female,52.0,Jericho,58.0,Month-to-Month,64.71,3753.18,PayPal,No Internet,1,4.0,1,No,45-54,49-72 Months
101492,Female,18.0,Gaza,22.0,Two Year,73.79,1623.38,Bank Transfer,Fiber Optic,1,3.0,0,No,Under 25,13-24 Months
101493,Male,27.0,Gaza,18.0,Two Year,107.32,1931.7599999999998,Cash,DSL,5,2.0,0,No,25-34,13-24 Months
101494,Male,50.0,Unknown,5.0,One Year,84.48,422.40000000000003,PayPal,DSL,4,3.0,0,No,45-54,0-12 Months
101495,Female,53.0,Tulkarm,37.0,Month-to-Month,81.97,3032.89,PayPal,Fiber Optic,2,4.0,0,No,45-54,25-48 Months
101496,Male,69.0,Khan Yunis,3.0,One Year,54.26,162.78,PayPal,Fiber Optic,2,2.0,1,No,55+,0-12 Months
101497,Male,44.0,Jenin,68.0,Unknown,86.62,5890.16,PayPal,No Internet,3,3.0,0,No,35-44,49-72 Months
101498,Female,31.0,Jenin,6.0,Month-to-Month,75.2,451.20000000000005,Cash,Fiber Optic,3,5.0,1,Yes,25-34,0-12 Months
101499,Male,28.0,Bethlehem,45.0,Month-to-Month,25.28,1137.6000000000001,Credit Card,No Internet,2,3.0,1,No,25-34,25-48 Months
101500,Female,54.0,Tulkarm,5.0,One Year,75.02,375.09999999999997,Cash,Fiber Optic,1,3.0,2,No,45-54,0-12 Months
101501,Male,32.0,Gaza,36.0,Month-to-Month,70.41,2534.7599999999998,Credit Card,No Internet,1,5.0,1,No,25-34,25-48 Months
101502,Male,38.0,Tulkarm,36.0,One Year,89.65,3227.4,Cash,Fiber Optic,0,4.0,1,No,35-44,25-48 Months
101503,Female,18.0,Jericho,65.0,Month-to-Month,64.6,4199.0,Cash,No Internet,1,4.0,1,No,Under 25,49-72 Months
101504,Male,38.0,Rafah,67.0,One Year,28.67,1920.89,PayPal,DSL,0,3.0,0,No,35-44,49-72 Months
101505,Male,42.0,Nablus,28.0,One Year,33.2,929.6000000000001,Credit Card,Fiber Optic,1,3.0,0,No,35-44,25-48 Months
101506,Male,48.0,Gaza,60.0,Month-to-Month,47.2,2832.0,PayPal,DSL,1,3.0,0,No,45-54,49-72 Months
101507,Male,29.0,Tulkarm,3.0,One Year,89.76,269.28000000000003,PayPal,No Internet,2,4.0,2,Yes,25-34,0-12 Months
101508,Male,23.0,Nablus,2.0,One Year,110.17,220.34,Bank Transfer,Fiber Optic,3,3.0,2,No,Under 25,0-12 Months
101509,Male,54.0,Tulkarm,6.0,One Year,101.33,607.98,Credit Card,DSL,1,3.0,3,No,45-54,0-12 Months
101510,Female,41.0,Nablus,16.0,One Year,120.47,1927.52,Credit Card,Fiber Optic,3,5.0,1,No,35-44,13-24 Months
101511,Male,46.0,Jericho,3.0,Two Year,93.57,280.71,Cash,Fiber Optic,1,2.0,0,No,45-54,0-12 Months
101512,Male,30.0,Gaza,46.0,One Year,101.32,4660.719999999999,Cash,No Internet,2,4.0,1,No,25-34,25-48 Months
101513,Female,53.0,Gaza,39.0,Month-to-Month,69.57,2713.2299999999996,Credit Card,Fiber Optic,1,3.0,2,Yes,45-54,25-48 Months
101514,Male,27.0,Tulkarm,34.0,Month-to-Month,54.36,1848.24,Credit Card,Fiber Optic,2,4.0,2,No,25-34,25-48 Months
101515,Female,55.0,Khan Yunis,34.0,Month-to-Month,80.1,2723.3999999999996,PayPal,Fiber Optic,1,2.0,0,No,55+,25-48 Months
101516,Female,25.0,Jericho,55.0,One Year,96.37,5300.35,Cash,No Internet,5,3.0,1,No,25-34,49-72 Months
101517,Male,36.0,Gaza,26.0,Month-to-Month,71.63,1862.3799999999999,Cash,Fiber Optic,1,3.0,0,No,35-44,25-48 Months
101518,Male,37.0,Jericho,19.0,Month-to-Month,70.46,1338.7399999999998,Cash,No Internet,0,5.0,2,No,35-44,13-24 Months
101519,Female,48.0,Nablus,21.0,Month-to-Month,77.46,1626.6599999999999,Bank Transfer,DSL,1,3.0,3,Yes,45-54,13-24 Months
101520,Female,45.0,Rafah,42.0,Month-to-Month,78.9,3313.8,Credit Card,DSL,3,3.0,1,No,45-54,25-48 Months
101521,Male,32.0,Khan Yunis,44.0,One Year,50.41,2218.04,Cash,Fiber Optic,1,4.0,1,No,25-34,25-48 Months
101522,Male,48.0,Bethlehem,51.0,One Year,97.55,4975.05,Cash,DSL,1,2.0,0,No,45-54,49-72 Months
101523,Female,25.0,Tulkarm,60.0,Two Year,70.94,4256.4,Credit Card,No Internet,4,4.0,0,No,25-34,49-72 Months
101524,Male,26.0,Khan Yunis,43.0,Month-to-Month,71.94,3093.42,PayPal,Fiber Optic,3,2.0,1,No,25-34,25-48 Months
101525,Female,38.0,Jenin,9.0,Month-to-Month,78.16,703.4399999999999,Cash,Fiber Optic,2,2.0,2,Yes,35-44,0-12 Months
101526,Male,37.0,Tulkarm,56.0,Month-to-Month,58.75,3290.0,Credit Card,Fiber Optic,2,2.0,0,Yes,35-44,49-72 Months
101527,Female,47.0,Jericho,72.0,Month-to-Month,28.47,2049.84,PayPal,Fiber Optic,1,4.0,2,No,45-54,49-72 Months
101528,Female,36.0,Khan Yunis,70.0,One Year,41.99,2939.3,Bank Transfer,No Internet,3,3.0,1,No,35-44,49-72 Months
101529,Female,37.0,Tulkarm,4.0,Month-to-Month,79.76,319.04,Cash,DSL,1,4.0,0,Yes,35-44,0-12 Months
101530,Female,33.0,Rafah,72.0,One Year,90.58,6521.76,Cash,DSL,2,2.0,1,No,25-34,49-72 Months
101531,Male,55.0,Ramallah,57.0,Month-to-Month,85.93,4898.01,Cash,DSL,0,3.0,0,No,55+,49-72 Months
101532,Female,39.0,Hebron,5.0,One Year,48.39,241.95,PayPal,No Internet,2,3.0,1,No,35-44,0-12 Months
101533,Female,43.0,Rafah,38.0,Month-to-Month,99.39,3776.82,Bank Transfer,DSL,1,2.0,2,No,35-44,25-48 Months
101534,Male,38.0,Jenin,5.0,Two Year,96.01,480.05,Credit Card,DSL,3,2.0,1,No,35-44,0-12 Months
101535,Male,58.0,Nablus,69.0,Month-to-Month,110.04,7592.76,Credit Card,No Internet,0,2.0,0,No,55+,49-72 Months
101536,Male,28.0,Nablus,23.0,Month-to-Month,74.36,1710.28,Bank Transfer,No Internet,3,2.0,3,Yes,25-34,13-24 Months
101537,Male,18.0,Tulkarm,25.0,Two Year,71.49,1787.2499999999998,Cash,DSL,1,4.0,2,No,Under 25,25-48 Months
101538,Male,42.0,Tulkarm,69.0,Month-to-Month,87.59,6043.71,Credit Card,No Internet,6,4.0,3,No,35-44,49-72 Months
101539,Male,23.0,Tulkarm,51.0,Month-to-Month,53.62,2734.62,Bank Transfer,Fiber Optic,0,5.0,0,No,Under 25,49-72 Months
101540,Male,34.0,Jericho,58.0,Two Year,68.57,3977.0599999999995,PayPal,Fiber Optic,3,3.0,0,No,25-34,49-72 Months
101541,Male,20.0,Ramallah,51.0,One Year,66.95,3414.4500000000003,Credit Card,DSL,3,3.0,1,No,Under 25,49-72 Months
101542,Male,53.0,Tulkarm,21.0,Two Year,71.0,1491.0,PayPal,DSL,2,4.0,4,No,45-54,13-24 Months
101543,Female,18.0,Hebron,65.0,Month-to-Month,41.69,2709.85,Credit Card,DSL,3,5.0,0,No,Under 25,49-72 Months
101544,Male,62.0,Gaza,29.0,Month-to-Month,52.79,1530.91,PayPal,Fiber Optic,2,3.0,2,No,55+,25-48 Months
101545,Male,37.0,Rafah,30.0,Two Year,66.29,1988.7000000000003,PayPal,Fiber Optic,0,4.0,1,No,35-44,25-48 Months
101546,Female,30.0,Jenin,72.0,Month-to-Month,72.5,5220.0,Bank Transfer,Fiber Optic,2,4.0,1,No,25-34,49-72 Months
101547,Male,40.0,Tulkarm,63.0,Month-to-Month,79.13,4985.19,Bank Transfer,Fiber Optic,3,3.0,0,No,35-44,49-72 Months
101548,Male,28.0,Khan Yunis,53.0,Month-to-Month,47.88,2537.6400000000003,Cash,DSL,1,3.0,0,No,25-34,49-72 Months
101549,Male,49.0,Jenin,46.0,Month-to-Month,66.91,3077.8599999999997,Cash,DSL,3,5.0,0,No,45-54,25-48 Months
101550,Female,35.0,Ramallah,13.0,Month-to-Month,91.64,1191.32,Bank Transfer,Fiber Optic,2,5.0,1,No,35-44,13-24 Months
101551,Female,31.0,Ramallah,52.0,Two Year,79.54,4136.08,Cash,DSL,2,5.0,1,No,25-34,49-72 Months
101552,Male,50.0,Nablus,24.0,One Year,90.5,2172.0,Cash,DSL,4,3.0,0,Yes,45-54,13-24 Months
101553,Female,28.0,Gaza,53.0,Month-to-Month,81.6,4324.799999999999,Cash,No Internet,3,4.0,0,No,25-34,49-72 Months
101554,Female,53.0,Nablus,30.0,Month-to-Month,94.77,2843.1,PayPal,DSL,1,2.0,1,No,45-54,25-48 Months
101555,Male,48.0,Bethlehem,72.0,One Year,88.27,6355.44,PayPal,No Internet,1,3.0,1,No,45-54,49-72 Months
101556,Female,32.0,Ramallah,67.0,One Year,86.38,5787.46,Credit Card,Fiber Optic,4,3.0,1,No,25-34,49-72 Months
101557,Female,44.0,Khan Yunis,23.0,One Year,34.72,798.56,Credit Card,No Internet,0,2.0,1,No,35-44,13-24 Months
101558,Female,47.0,Tulkarm,18.0,Month-to-Month,66.43,1195.7400000000002,Credit Card,DSL,3,3.0,3,No,45-54,13-24 Months
101559,Male,29.0,Tulkarm,18.0,Month-to-Month,20.0,360.0,Cash,No Internet,2,2.0,0,No,25-34,13-24 Months
101560,Male,23.0,Jenin,60.0,Month-to-Month,51.88,3112.8,Credit Card,DSL,3,2.0,0,No,Under 25,49-72 Months
101561,Female,38.0,Hebron,30.0,Two Year,41.47,1244.1,PayPal,No Internet,2,5.0,1,No,35-44,25-48 Months
101562,Male,42.0,Hebron,42.0,One Year,129.17,5425.139999999999,Cash,Fiber Optic,0,3.0,1,No,35-44,25-48 Months
101563,Female,24.0,Hebron,37.0,Month-to-Month,80.43,2975.9100000000003,Cash,DSL,0,4.0,1,No,Under 25,25-48 Months
101564,Male,43.0,Tulkarm,60.0,Month-to-Month,68.41,4104.599999999999,PayPal,No Internet,5,2.0,1,Yes,35-44,49-72 Months
101565,Male,31.0,Hebron,6.0,Month-to-Month,61.54,369.24,Bank Transfer,DSL,2,3.0,1,No,25-34,0-12 Months
101566,Male,28.0,Jenin,36.0,Month-to-Month,80.39,2894.04,Credit Card,DSL,6,2.0,1,No,25-34,25-48 Months
101567,Female,52.0,Hebron,63.0,Month-to-Month,58.97,3715.11,Bank Transfer,Fiber Optic,1,3.0,1,No,45-54,49-72 Months
101568,Female,51.0,Hebron,57.0,Month-to-Month,73.16,4170.12,Bank Transfer,DSL,2,5.0,0,Yes,45-54,49-72 Months
101569,Female,47.0,Ramallah,25.0,Month-to-Month,106.77,2669.25,Bank Transfer,DSL,3,4.0,1,No,45-54,25-48 Months
101570,Male,29.0,Gaza,30.0,Month-to-Month,63.82,1914.6,Cash,DSL,1,4.0,1,No,25-34,25-48 Months
101571,Female,32.0,Hebron,22.0,Month-to-Month,50.31,1106.8200000000002,Bank Transfer,Fiber Optic,3,1.0,0,No,25-34,13-24 Months
101572,Male,38.0,Ramallah,21.0,One Year,68.23,1432.8300000000002,Credit Card,Fiber Optic,3,2.0,0,Yes,35-44,13-24 Months
101573,Male,47.0,Hebron,59.0,One Year,107.48,6341.320000000001,PayPal,Fiber Optic,4,3.0,2,No,45-54,49-72 Months
101574,Female,30.0,Jenin,71.0,Month-to-Month,88.17,6260.07,PayPal,Fiber Optic,2,3.0,1,No,25-34,49-72 Months
101575,Male,25.0,Hebron,37.0,One Year,120.56,4460.72,PayPal,No Internet,2,3.0,2,No,25-34,25-48 Months
101576,Female,31.0,Bethlehem,14.0,One Year,80.86,1132.04,PayPal,No Internet,1,5.0,1,No,25-34,13-24 Months
101577,Male,48.0,Rafah,10.0,One Year,64.2,642.0,PayPal,No Internet,2,5.0,3,No,45-54,0-12 Months
101578,Male,32.0,Ramallah,22.0,Two Year,30.36,667.92,Bank Transfer,No Internet,1,3.0,2,No,25-34,13-24 Months
101579,Male,57.0,Hebron,12.0,Two Year,136.32,1635.84,PayPal,DSL,0,4.0,0,No,55+,0-12 Months
101580,Male,75.0,Ramallah,15.0,One Year,75.71,1135.6499999999999,PayPal,No Internet,3,3.0,0,No,55+,13-24 Months
101581,Female,48.0,Jericho,43.0,Month-to-Month,124.48,5352.64,Bank Transfer,Fiber Optic,3,3.0,1,No,45-54,25-48 Months
101582,Male,40.0,Jericho,39.0,Month-to-Month,42.21,1646.19,Credit Card,No Internet,3,4.0,1,Yes,35-44,25-48 Months
101583,Female,26.0,Jenin,28.0,Month-to-Month,20.93,586.04,Cash,DSL,3,4.0,1,No,25-34,25-48 Months
101584,Male,18.0,Hebron,46.0,One Year,47.15,2168.9,Credit Card,No Internet,1,3.0,2,No,Under 25,25-48 Months
101585,Male,41.0,Jenin,58.0,Month-to-Month,52.3,3033.3999999999996,Cash,DSL,1,3.0,0,Yes,35-44,49-72 Months
101586,Male,63.0,Hebron,46.0,Two Year,84.46,3885.16,Credit Card,Fiber Optic,5,3.0,3,Yes,55+,25-48 Months
101587,Female,39.0,Bethlehem,44.0,One Year,108.53,4775.32,Credit Card,No Internet,1,3.0,0,No,35-44,25-48 Months
101588,Male,28.0,Tulkarm,8.0,Two Year,75.54,604.32,Bank Transfer,DSL,0,3.0,1,No,25-34,0-12 Months
101589,Male,45.0,Bethlehem,4.0,Two Year,86.28,345.12,Cash,No Internet,0,2.0,0,No,45-54,0-12 Months
101590,Male,29.0,Khan Yunis,13.0,Two Year,69.8,907.4,Credit Card,No Internet,3,4.0,1,No,25-34,13-24 Months
101591,Female,39.0,Jericho,14.0,One Year,51.08,715.12,Cash,DSL,0,5.0,1,No,35-44,13-24 Months
101592,Female,50.0,Ramallah,56.0,Month-to-Month,68.72,3848.3199999999997,PayPal,Fiber Optic,2,3.0,3,No,45-54,49-72 Months
101593,Male,54.0,Rafah,57.0,One Year,38.14,2173.98,Credit Card,DSL,1,3.0,2,No,45-54,49-72 Months
101594,Male,44.0,Hebron,26.0,Month-to-Month,73.4,1908.4,PayPal,No Internet,5,5.0,1,Yes,35-44,25-48 Months
101595,Female,57.0,Ramallah,29.0,Month-to-Month,104.17,3020.93,Cash,DSL,2,2.0,2,No,55+,25-48 Months
101596,Male,33.0,Nablus,32.0,One Year,76.75,2456.0,PayPal,Fiber Optic,2,4.0,1,No,25-34,25-48 Months
101597,Female,37.0,Nablus,42.0,Month-to-Month,72.99,3065.58,Cash,No Internet,4,4.0,0,No,35-44,25-48 Months
101598,Male,32.0,Tulkarm,2.0,One Year,55.03,110.06,PayPal,Fiber Optic,3,2.0,0,Yes,25-34,0-12 Months
101599,Male,37.0,Ramallah,61.0,Month-to-Month,83.96,5121.5599999999995,Cash,Fiber Optic,0,3.0,3,Yes,35-44,49-72 Months
101600,Male,41.0,Gaza,59.0,Month-to-Month,70.78,4176.02,Credit Card,No Internet,3,5.0,0,No,35-44,49-72 Months
101601,Male,25.0,Hebron,44.0,One Year,70.43,3098.92,Cash,DSL,4,5.0,1,No,25-34,25-48 Months
101602,Male,42.0,Jenin,10.0,One Year,56.89,568.9,Bank Transfer,DSL,1,5.0,0,No,35-44,0-12 Months
101603,Female,38.0,Khan Yunis,7.0,Month-to-Month,87.92,615.44,Credit Card,Fiber Optic,2,2.0,0,Yes,35-44,0-12 Months
101604,Female,44.0,Nablus,10.0,Two Year,99.31,993.1,PayPal,Fiber Optic,2,1.0,3,Yes,35-44,0-12 Months
101605,Male,25.0,Tulkarm,52.0,Month-to-Month,67.43,3506.3600000000006,PayPal,Fiber Optic,0,5.0,2,No,25-34,49-72 Months
101606,Female,56.0,Nablus,27.0,Month-to-Month,56.68,1530.36,PayPal,Fiber Optic,1,3.0,1,No,55+,25-48 Months
101607,Female,52.0,Bethlehem,5.0,Two Year,43.34,216.70000000000002,Credit Card,No Internet,2,5.0,2,No,45-54,0-12 Months
101608,Male,42.0,Gaza,71.0,Month-to-Month,140.43,9970.53,Cash,Fiber Optic,2,3.0,1,No,35-44,49-72 Months
101609,Male,34.0,Tulkarm,41.0,Month-to-Month,62.78,2573.98,Cash,No Internet,2,5.0,2,No,25-34,25-48 Months
101610,Female,33.0,Bethlehem,59.0,One Year,73.68,4347.120000000001,Credit Card,DSL,0,3.0,2,No,25-34,49-72 Months
101611,Female,43.0,Nablus,5.0,Two Year,79.05,395.25,Credit Card,Fiber Optic,1,5.0,0,No,35-44,0-12 Months
101612,Male,57.0,Tulkarm,64.0,One Year,93.51,5984.64,PayPal,No Internet,2,4.0,1,No,55+,49-72 Months
101613,Male,39.0,Nablus,40.0,One Year,54.36,2174.4,PayPal,No Internet,1,4.0,3,No,35-44,25-48 Months
101614,Male,49.0,Ramallah,51.0,Month-to-Month,98.17,5006.67,PayPal,DSL,0,1.0,0,Yes,45-54,49-72 Months
101615,Female,37.0,Jericho,19.0,Month-to-Month,55.95,1063.05,Bank Transfer,Fiber Optic,2,3.0,0,No,35-44,13-24 Months
101616,Male,44.0,Tulkarm,24.0,One Year,62.55,1501.1999999999998,PayPal,No Internet,3,3.0,2,No,35-44,13-24 Months
101617,Male,31.0,Tulkarm,22.0,Month-to-Month,98.8,2173.6,Credit Card,No Internet,6,4.0,1,No,25-34,13-24 Months
101618,Male,39.0,Nablus,31.0,One Year,45.47,1409.57,Cash,DSL,1,3.0,1,No,35-44,25-48 Months
101619,Male,36.0,Bethlehem,71.0,Month-to-Month,71.92,5106.32,PayPal,Fiber Optic,0,3.0,2,No,35-44,49-72 Months
101620,Female,18.0,Bethlehem,71.0,Two Year,98.39,6985.69,Cash,DSL,3,4.0,1,No,Under 25,49-72 Months
101621,Female,54.0,Hebron,2.0,Month-to-Month,90.11,180.22,Cash,Fiber Optic,1,2.0,1,No,45-54,0-12 Months
101622,Male,27.0,Tulkarm,21.0,Month-to-Month,44.95,943.95,Credit Card,No Internet,0,3.0,0,Yes,25-34,13-24 Months
101623,Male,34.0,Jericho,52.0,Two Year,77.61,4035.72,Credit Card,DSL,3,3.0,0,No,25-34,49-72 Months
101624,Male,18.0,Ramallah,4.0,Two Year,108.74,434.96,Bank Transfer,Fiber Optic,1,3.0,1,No,Under 25,0-12 Months
101625,Female,52.0,Ramallah,55.0,Month-to-Month,75.97,4178.35,Unknown,DSL,3,3.0,2,Yes,45-54,49-72 Months
101626,Female,62.0,Rafah,17.0,One Year,108.69,1847.73,PayPal,No Internet,3,1.0,1,No,55+,13-24 Months
101627,Male,43.0,Jenin,10.0,Month-to-Month,53.09,530.9000000000001,Credit Card,Fiber Optic,3,4.0,1,No,35-44,0-12 Months
101628,Male,61.0,Khan Yunis,53.0,Month-to-Month,76.29,4043.3700000000003,Cash,Fiber Optic,0,3.0,4,No,55+,49-72 Months
101629,Female,57.0,Khan Yunis,47.0,Month-to-Month,60.64,2850.08,Bank Transfer,No Internet,2,4.0,2,No,55+,25-48 Months
101630,Female,36.0,Ramallah,15.0,Month-to-Month,58.32,874.8,Bank Transfer,Fiber Optic,4,3.0,0,No,35-44,13-24 Months
101631,Male,18.0,Hebron,59.0,One Year,83.1,4902.9,PayPal,No Internet,2,3.0,1,No,Under 25,49-72 Months
101632,Male,35.0,Rafah,50.0,Month-to-Month,80.16,4008.0,PayPal,DSL,3,4.0,0,No,35-44,49-72 Months
101633,Female,35.0,Ramallah,7.0,One Year,79.39,555.73,Credit Card,DSL,2,4.0,1,No,35-44,0-12 Months
101634,Male,27.0,Nablus,8.0,One Year,82.2,657.6,Credit Card,DSL,4,5.0,1,No,25-34,0-12 Months
101635,Male,27.0,Hebron,6.0,One Year,57.1,342.6,Bank Transfer,Fiber Optic,1,4.0,2,No,25-34,0-12 Months
101636,Male,50.0,Jenin,44.0,One Year,116.33,5118.5199999999995,Cash,No Internet,2,1.0,1,Yes,45-54,25-48 Months
101637,Male,62.0,Jenin,13.0,Month-to-Month,36.97,480.61,Credit Card,No Internet,2,3.0,1,No,55+,13-24 Months
101638,Female,46.0,Gaza,60.0,One Year,60.64,3638.4,Credit Card,DSL,0,3.0,0,No,45-54,49-72 Months
101639,Female,21.0,Jenin,4.0,Month-to-Month,46.36,185.44,PayPal,No Internet,4,4.0,2,No,Under 25,0-12 Months
101640,Female,54.0,Ramallah,20.0,Month-to-Month,58.34,1166.8000000000002,Credit Card,DSL,2,3.0,0,No,45-54,13-24 Months
101641,Male,40.0,Khan Yunis,49.0,Month-to-Month,112.78,5526.22,Cash,Fiber Optic,2,2.0,1,No,35-44,49-72 Months
101642,Male,48.0,Jenin,61.0,One Year,102.92,6278.12,Cash,Fiber Optic,1,1.0,1,No,45-54,49-72 Months
101643,Male,45.0,Hebron,41.0,One Year,67.0,2747.0,Cash,No Internet,3,2.0,0,No,45-54,25-48 Months
101644,Male,44.0,Khan Yunis,46.0,One Year,90.54,4164.84,Bank Transfer,DSL,0,4.0,0,No,35-44,25-48 Months
101645,Female,36.0,Jericho,63.0,One Year,94.18,5933.34,PayPal,Fiber Optic,6,3.0,1,No,35-44,49-72 Months
101646,Female,32.0,Hebron,39.0,Two Year,122.25,4767.75,Cash,No Internet,2,4.0,1,No,25-34,25-48 Months
101647,Female,18.0,Nablus,53.0,One Year,70.93,3759.2900000000004,Credit Card,Fiber Optic,1,3.0,1,No,Under 25,49-72 Months
101648,Male,21.0,Rafah,19.0,One Year,121.63,2310.97,Credit Card,DSL,2,3.0,0,No,Under 25,13-24 Months
101649,Male,52.0,Nablus,3.0,Month-to-Month,95.12,285.36,Bank Transfer,No Internet,3,2.0,1,No,45-54,0-12 Months
101650,Male,26.0,Rafah,33.0,Month-to-Month,27.3,900.9,Bank Transfer,DSL,3,4.0,1,Yes,25-34,25-48 Months
101651,Female,18.0,Ramallah,23.0,Two Year,93.66,2154.18,Credit Card,No Internet,1,3.0,1,No,Under 25,13-24 Months
101652,Female,39.0,Tulkarm,44.0,Month-to-Month,125.27,5511.88,PayPal,No Internet,1,4.0,0,No,35-44,25-48 Months
101653,Female,49.0,Khan Yunis,30.0,Two Year,39.03,1170.9,Bank Transfer,DSL,1,5.0,0,No,45-54,25-48 Months
101654,Female,36.0,Jenin,34.0,Month-to-Month,77.2,2624.8,Credit Card,No Internet,2,4.0,4,No,35-44,25-48 Months
101655,Male,22.0,Khan Yunis,25.0,Two Year,123.6,3090.0,Credit Card,Fiber Optic,2,3.0,1,Yes,Under 25,25-48 Months
101656,Male,38.0,Jericho,5.0,Two Year,52.9,264.5,PayPal,Fiber Optic,3,5.0,0,No,35-44,0-12 Months
101657,Male,30.0,Bethlehem,52.0,Month-to-Month,78.95,4105.400000000001,PayPal,DSL,5,5.0,1,No,25-34,49-72 Months
101658,Female,47.0,Nablus,24.0,One Year,82.07,1969.6799999999998,Credit Card,Fiber Optic,2,4.0,1,No,45-54,13-24 Months
101659,Female,38.0,Tulkarm,16.0,One Year,52.7,843.2,Cash,DSL,2,5.0,0,No,35-44,13-24 Months
101660,Female,50.0,Hebron,13.0,Month-to-Month,58.42,759.46,PayPal,Fiber Optic,3,4.0,0,No,45-54,13-24 Months
101661,Male,45.0,Rafah,35.0,Month-to-Month,54.19,1896.6499999999999,Cash,No Internet,1,4.0,1,Yes,45-54,25-48 Months
101662,Female,19.0,Gaza,27.0,Month-to-Month,22.64,611.28,Bank Transfer,DSL,2,5.0,0,No,Under 25,25-48 Months
101663,Male,43.0,Gaza,42.0,Two Year,104.81,4402.02,PayPal,DSL,3,4.0,0,No,35-44,25-48 Months
101664,Male,39.0,Nablus,58.0,Month-to-Month,77.79,4511.820000000001,Bank Transfer,DSL,4,5.0,1,No,35-44,49-72 Months
101665,Female,38.0,Tulkarm,45.0,Month-to-Month,50.87,2289.15,Cash,No Internet,0,3.0,1,No,35-44,25-48 Months
101666,Male,30.0,Nablus,18.0,Two Year,96.82,1742.7599999999998,PayPal,DSL,2,3.0,0,No,25-34,13-24 Months
101667,Male,37.0,Bethlehem,23.0,Two Year,68.37,1572.5100000000002,PayPal,DSL,3,4.0,2,No,35-44,13-24 Months
101668,Male,50.0,Tulkarm,21.0,Month-to-Month,83.39,1751.19,Bank Transfer,No Internet,1,5.0,1,No,45-54,13-24 Months
101669,Male,39.0,Nablus,32.0,One Year,77.55,2481.6,Cash,DSL,1,4.0,0,No,35-44,25-48 Months
101670,Female,42.0,Gaza,59.0,One Year,108.03,6373.77,Cash,DSL,2,3.0,1,No,35-44,49-72 Months
101671,Female,37.0,Nablus,3.0,Two Year,85.67,257.01,PayPal,DSL,2,3.0,0,No,35-44,0-12 Months
101672,Female,24.0,Ramallah,66.0,One Year,55.68,3674.88,PayPal,No Internet,2,4.0,3,Yes,Under 25,49-72 Months
101673,Male,24.0,Hebron,1.0,Two Year,56.54,56.54,PayPal,No Internet,2,3.0,1,Yes,Under 25,0-12 Months
101674,Female,45.0,Hebron,28.0,One Year,104.75,2933.0,Bank Transfer,Fiber Optic,1,4.0,0,No,45-54,25-48 Months
101675,Male,51.0,Bethlehem,44.0,Two Year,52.8,2323.2,Bank Transfer,Fiber Optic,2,4.0,0,No,45-54,25-48 Months
101676,Male,26.0,Rafah,13.0,Month-to-Month,81.81,1063.53,PayPal,DSL,6,3.0,1,No,25-34,13-24 Months
101677,Female,26.0,Khan Yunis,21.0,Month-to-Month,108.68,2282.28,Bank Transfer,Fiber Optic,2,4.0,1,No,25-34,13-24 Months
101678,Female,39.0,Ramallah,52.0,Two Year,77.65,4037.8,Cash,No Internet,1,4.0,1,No,35-44,49-72 Months
101679,Female,35.0,Jenin,21.0,Month-to-Month,65.38,1372.98,Credit Card,Fiber Optic,3,3.0,0,No,35-44,13-24 Months
101680,Male,38.0,Jericho,40.0,One Year,48.42,1936.8000000000002,PayPal,Fiber Optic,1,4.0,0,No,35-44,25-48 Months
101681,Male,38.0,Rafah,49.0,Month-to-Month,72.22,3538.7799999999997,Credit Card,No Internet,1,3.0,1,No,35-44,49-72 Months
101682,Male,47.0,Rafah,13.0,Month-to-Month,61.17,795.21,PayPal,Fiber Optic,2,2.0,1,No,45-54,13-24 Months
101683,Male,19.0,Bethlehem,40.0,Month-to-Month,40.71,1628.4,PayPal,DSL,1,3.0,0,No,Under 25,25-48 Months
101684,Female,55.0,Gaza,54.0,Two Year,26.94,1454.76,Bank Transfer,Fiber Optic,2,3.0,1,No,55+,49-72 Months
101685,Female,33.0,Jenin,71.0,Month-to-Month,53.03,3765.13,PayPal,No Internet,4,3.0,1,No,25-34,49-72 Months
101686,Female,44.0,Gaza,52.0,Month-to-Month,63.16,3284.3199999999997,Credit Card,Fiber Optic,3,2.0,1,No,35-44,49-72 Months
101687,Female,38.0,Bethlehem,35.0,Unknown,70.18,2456.3,Cash,No Internet,0,2.0,0,No,35-44,25-48 Months
101688,Female,48.0,Hebron,28.0,Two Year,91.66,2566.48,PayPal,Fiber Optic,2,4.0,1,No,45-54,25-48 Months
101689,Male,40.0,Tulkarm,33.0,One Year,94.14,3106.62,Cash,DSL,3,4.0,3,No,35-44,25-48 Months
101690,Female,49.0,Hebron,21.0,Two Year,70.02,1470.4199999999998,Credit Card,No Internet,0,3.0,0,No,45-54,13-24 Months
101691,Female,43.0,Jenin,21.0,One Year,70.46,1479.6599999999999,Cash,DSL,2,3.0,1,No,35-44,13-24 Months
101692,Female,64.0,Gaza,19.0,Month-to-Month,93.56,1777.64,Cash,Fiber Optic,1,2.0,1,Yes,55+,13-24 Months
101693,Male,38.0,Jericho,26.0,One Year,62.91,1635.6599999999999,PayPal,Fiber Optic,0,3.0,2,No,35-44,25-48 Months
101694,Female,43.0,Bethlehem,69.0,One Year,58.97,4068.93,Cash,Fiber Optic,0,3.0,5,No,35-44,49-72 Months
101695,Male,44.0,Khan Yunis,68.0,One Year,96.48,6560.64,Cash,No Internet,3,3.0,1,No,35-44,49-72 Months
101696,Female,18.0,Gaza,36.0,One Year,52.06,1874.16,Bank Transfer,Fiber Optic,1,4.0,0,No,Under 25,25-48 Months
101697,Male,28.0,Nablus,23.0,Two Year,86.79,1996.17,PayPal,No Internet,2,3.0,0,No,25-34,13-24 Months
101698,Female,38.0,Ramallah,25.0,Month-to-Month,46.9,1172.5,Credit Card,Fiber Optic,3,5.0,0,Yes,35-44,25-48 Months
101699,Male,43.0,Tulkarm,25.0,Month-to-Month,57.66,1441.5,Credit Card,DSL,3,3.0,2,No,35-44,25-48 Months
101700,Female,26.0,Nablus,63.0,One Year,65.67,4137.21,Cash,No Internet,1,3.0,3,No,25-34,49-72 Months
101701,Female,52.0,Ramallah,54.0,Month-to-Month,67.25,3631.5,Cash,DSL,0,4.0,0,No,45-54,49-72 Months
101702,Male,62.0,Nablus,14.0,Month-to-Month,94.99,1329.86,Bank Transfer,DSL,3,4.0,2,Yes,55+,13-24 Months
101703,Male,50.0,Ramallah,65.0,Month-to-Month,74.36,4833.4,Bank Transfer,Fiber Optic,3,5.0,0,No,45-54,49-72 Months
101704,Male,29.0,Khan Yunis,48.0,Month-to-Month,141.45,6789.599999999999,Cash,Fiber Optic,1,2.0,2,Yes,25-34,25-48 Months
101705,Male,18.0,Gaza,49.0,Two Year,60.49,2964.01,Bank Transfer,Fiber Optic,5,3.0,2,No,Under 25,49-72 Months
101706,Male,43.0,Jenin,66.0,Month-to-Month,70.13,4628.58,Bank Transfer,DSL,0,5.0,1,No,35-44,49-72 Months
101707,Female,38.0,Rafah,67.0,Month-to-Month,68.76,4606.92,PayPal,DSL,4,4.0,3,Yes,35-44,49-72 Months
101708,Male,25.0,Jenin,29.0,Month-to-Month,46.54,1349.66,Cash,Fiber Optic,0,3.0,1,No,25-34,25-48 Months
101709,Female,33.0,Tulkarm,18.0,One Year,116.55,2097.9,Credit Card,No Internet,1,3.0,1,No,25-34,13-24 Months
101710,Male,37.0,Hebron,27.0,One Year,96.42,2603.34,PayPal,DSL,7,4.0,0,No,35-44,25-48 Months
101711,Female,26.0,Bethlehem,20.0,Two Year,83.83,1676.6,Credit Card,No Internet,3,5.0,0,No,25-34,13-24 Months
101712,Female,28.0,Bethlehem,37.0,Month-to-Month,66.76,2470.1200000000003,Credit Card,DSL,1,4.0,1,No,25-34,25-48 Months
101713,Female,19.0,Jericho,16.0,Month-to-Month,96.88,1550.08,PayPal,DSL,1,3.0,1,Yes,Under 25,13-24 Months
101714,Female,43.0,Tulkarm,38.0,One Year,92.25,3505.5,Credit Card,Fiber Optic,5,4.0,2,No,35-44,25-48 Months
101715,Male,24.0,Bethlehem,36.0,Month-to-Month,91.02,3276.72,Cash,Fiber Optic,4,5.0,2,No,Under 25,25-48 Months
101716,Male,39.0,Bethlehem,21.0,Month-to-Month,77.83,1634.43,Credit Card,Fiber Optic,0,3.0,1,No,35-44,13-24 Months
101717,Female,48.0,Hebron,11.0,Month-to-Month,112.66,1239.26,PayPal,No Internet,4,4.0,2,Yes,45-54,0-12 Months
101718,Male,60.0,Tulkarm,50.0,One Year,88.49,4424.5,Bank Transfer,No Internet,2,4.0,0,No,55+,49-72 Months
101719,Female,24.0,Jericho,21.0,Month-to-Month,73.64,1546.44,Credit Card,No Internet,3,2.0,0,Yes,Under 25,13-24 Months
101720,Female,27.0,Bethlehem,4.0,Two Year,103.46,413.84,Bank Transfer,Fiber Optic,1,3.0,0,No,25-34,0-12 Months
101721,Female,49.0,Gaza,31.0,Month-to-Month,99.27,3077.37,Bank Transfer,DSL,0,2.0,1,No,45-54,25-48 Months
101722,Female,33.0,Jericho,23.0,Month-to-Month,125.07,2876.6099999999997,PayPal,Fiber Optic,3,3.0,3,No,25-34,13-24 Months
101723,Male,22.0,Rafah,32.0,One Year,79.8,2553.6,Bank Transfer,Fiber Optic,0,5.0,1,No,Under 25,25-48 Months
101724,Male,55.0,Bethlehem,43.0,Two Year,89.36,3842.48,Credit Card,Fiber Optic,1,3.0,0,No,55+,25-48 Months
101725,Female,27.0,Jenin,67.0,Month-to-Month,105.33,7057.11,Bank Transfer,DSL,1,3.0,0,No,25-34,49-72 Months
101726,Female,34.0,Rafah,40.0,One Year,53.22,2128.8,Credit Card,DSL,2,4.0,1,No,25-34,25-48 Months
101727,Female,56.0,Nablus,6.0,Month-to-Month,68.39,410.34000000000003,Bank Transfer,No Internet,4,3.0,1,No,55+,0-12 Months
101728,Male,58.0,Ramallah,62.0,Month-to-Month,63.49,3936.38,Credit Card,DSL,2,4.0,0,No,55+,49-72 Months
101729,Male,48.0,Ramallah,59.0,Two Year,68.14,4020.26,Credit Card,Fiber Optic,0,4.0,0,No,45-54,49-72 Months
101730,Male,49.0,Gaza,38.0,One Year,22.22,844.3599999999999,Bank Transfer,Fiber Optic,3,4.0,0,No,45-54,25-48 Months
101731,Male,18.0,Jenin,31.0,Month-to-Month,88.87,2754.9700000000003,Bank Transfer,No Internet,0,3.0,0,No,Under 25,25-48 Months
101732,Female,46.0,Ramallah,33.0,One Year,101.43,3347.19,Cash,No Internet,4,2.0,1,No,45-54,25-48 Months
101733,Male,39.0,Jericho,40.0,Month-to-Month,39.06,1562.4,PayPal,No Internet,0,5.0,0,Yes,35-44,25-48 Months
101734,Male,36.0,Jericho,57.0,Month-to-Month,85.06,4848.42,PayPal,No Internet,0,1.0,2,Yes,35-44,49-72 Months
101735,Female,35.0,Hebron,1.0,Month-to-Month,105.59,105.59,Credit Card,DSL,0,5.0,0,No,35-44,0-12 Months
101736,Female,18.0,Khan Yunis,32.0,One Year,90.94,2910.08,Cash,No Internet,2,3.0,0,No,Under 25,25-48 Months
101737,Male,49.0,Nablus,48.0,One Year,81.15,3895.2000000000003,PayPal,Fiber Optic,1,2.0,1,No,45-54,25-48 Months
101738,Female,42.0,Tulkarm,44.0,Month-to-Month,74.36,3271.84,Cash,DSL,3,4.0,1,No,35-44,25-48 Months
101739,Female,52.0,Jenin,4.0,Month-to-Month,113.3,453.2,PayPal,No Internet,0,3.0,0,Yes,45-54,0-12 Months
101740,Male,47.0,Hebron,58.0,Month-to-Month,56.73,3290.3399999999997,Bank Transfer,DSL,0,5.0,2,No,45-54,49-72 Months
101741,Male,18.0,Tulkarm,17.0,Two Year,94.38,1604.46,Cash,Fiber Optic,0,4.0,1,No,Under 25,13-24 Months
101742,Female,33.0,Jericho,71.0,Month-to-Month,110.89,7873.19,Credit Card,Fiber Optic,1,3.0,1,No,25-34,49-72 Months
101743,Male,51.0,Hebron,13.0,Month-to-Month,107.42,1396.46,Credit Card,DSL,1,4.0,3,Yes,45-54,13-24 Months
101744,Female,34.0,Bethlehem,72.0,Month-to-Month,99.95,7196.400000000001,Bank Transfer,Fiber Optic,1,4.0,2,Yes,25-34,49-72 Months
101745,Female,31.0,Hebron,13.0,Two Year,28.01,364.13,Cash,DSL,3,2.0,1,Yes,25-34,13-24 Months
101746,Male,42.0,Rafah,2.0,Month-to-Month,115.89,231.78,Bank Transfer,DSL,2,2.0,0,No,35-44,0-12 Months
101747,Female,49.0,Hebron,55.0,Month-to-Month,71.21,3916.5499999999997,Bank Transfer,Fiber Optic,3,3.0,3,No,45-54,49-72 Months
101748,Female,24.0,Khan Yunis,53.0,Month-to-Month,93.65,4963.450000000001,PayPal,Fiber Optic,4,3.0,1,No,Under 25,49-72 Months
101749,Male,23.0,Hebron,36.0,One Year,102.92,3705.12,Credit Card,Fiber Optic,4,3.0,0,No,Under 25,25-48 Months
101750,Male,35.0,Nablus,32.0,Two Year,48.22,1543.04,Credit Card,DSL,1,4.0,1,No,35-44,25-48 Months
101751,Female,48.0,Tulkarm,56.0,Month-to-Month,36.0,2016.0,PayPal,Fiber Optic,3,4.0,0,No,45-54,49-72 Months
101752,Female,39.0,Rafah,46.0,Month-to-Month,104.6,4811.599999999999,Cash,Fiber Optic,3,4.0,1,No,35-44,25-48 Months
101753,Female,45.0,Jericho,52.0,One Year,50.58,2630.16,Bank Transfer,No Internet,5,3.0,0,No,45-54,49-72 Months
101754,Female,29.0,Jenin,53.0,Month-to-Month,87.49,4636.969999999999,Cash,Fiber Optic,3,3.0,2,No,25-34,49-72 Months
101755,Male,40.0,Bethlehem,52.0,Month-to-Month,36.74,1910.48,PayPal,Fiber Optic,0,2.0,2,Yes,35-44,49-72 Months
101756,Female,18.0,Bethlehem,8.0,Two Year,88.29,706.32,Credit Card,Fiber Optic,0,2.0,0,No,Under 25,0-12 Months
101757,Male,51.0,Gaza,55.0,Two Year,116.86,6427.3,Bank Transfer,DSL,2,4.0,0,No,45-54,49-72 Months
101758,Male,58.0,Rafah,29.0,One Year,122.75,3559.75,Credit Card,Fiber Optic,4,5.0,0,No,55+,25-48 Months
101759,Female,57.0,Hebron,71.0,One Year,43.78,3108.38,Cash,Fiber Optic,2,3.0,0,No,55+,49-72 Months
101760,Female,33.0,Rafah,30.0,One Year,97.14,2914.2,PayPal,No Internet,2,4.0,1,No,25-34,25-48 Months
101761,Female,43.0,Jenin,46.0,Month-to-Month,20.0,920.0,Bank Transfer,DSL,2,3.0,1,No,35-44,25-48 Months
101762,Female,23.0,Khan Yunis,3.0,Month-to-Month,54.15,162.45,PayPal,Fiber Optic,7,4.0,2,No,Under 25,0-12 Months
101763,Male,38.0,Ramallah,30.0,Month-to-Month,104.07,3122.1,PayPal,Fiber Optic,1,3.0,4,No,35-44,25-48 Months
101764,Female,28.0,Gaza,29.0,One Year,80.59,2337.11,Cash,No Internet,2,4.0,0,No,25-34,25-48 Months
101765,Female,41.0,Hebron,22.0,One Year,20.0,440.0,Credit Card,Fiber Optic,2,3.0,1,No,35-44,13-24 Months
101766,Male,54.0,Jenin,26.0,Two Year,49.18,1278.68,PayPal,No Internet,2,3.0,1,No,45-54,25-48 Months
101767,Female,32.0,Bethlehem,19.0,Month-to-Month,64.08,1217.52,PayPal,No Internet,1,3.0,1,No,25-34,13-24 Months
101768,Female,45.0,Hebron,2.0,Month-to-Month,113.48,226.96,Credit Card,No Internet,1,3.0,0,No,45-54,0-12 Months
101769,Male,19.0,Tulkarm,27.0,One Year,91.68,2475.36,PayPal,No Internet,3,4.0,1,No,Under 25,25-48 Months
101770,Female,54.0,Nablus,63.0,Two Year,43.63,2748.69,Credit Card,DSL,0,4.0,0,No,45-54,49-72 Months
101771,Male,30.0,Khan Yunis,1.0,Two Year,78.2,78.2,Bank Transfer,No Internet,0,4.0,2,No,25-34,0-12 Months
101772,Female,41.0,Jenin,48.0,One Year,95.81,4598.88,Credit Card,DSL,0,4.0,0,No,35-44,25-48 Months
101773,Female,27.0,Jericho,17.0,Month-to-Month,82.74,1406.58,Credit Card,Fiber Optic,3,5.0,1,Yes,25-34,13-24 Months
101774,Female,45.0,Gaza,21.0,Month-to-Month,86.92,1825.32,Credit Card,DSL,1,5.0,3,Yes,45-54,13-24 Months
101775,Male,20.0,Nablus,17.0,Month-to-Month,74.36,1264.12,Bank Transfer,Fiber Optic,1,3.0,0,No,Under 25,13-24 Months
101776,Male,27.0,Jenin,51.0,Two Year,51.35,2618.85,Cash,Fiber Optic,3,4.0,2,No,25-34,49-72 Months
101777,Female,40.0,Tulkarm,68.0,Month-to-Month,70.17,4771.56,PayPal,Fiber Optic,1,4.0,0,No,35-44,49-72 Months
101778,Female,18.0,Ramallah,68.0,Two Year,83.48,5676.64,PayPal,No Internet,6,4.0,1,No,Under 25,49-72 Months
101779,Male,52.0,Hebron,1.0,Two Year,63.69,63.69,Bank Transfer,Fiber Optic,1,3.0,0,No,45-54,0-12 Months
101780,Female,50.0,Nablus,20.0,Month-to-Month,78.4,1568.0,Bank Transfer,No Internet,2,5.0,0,No,45-54,13-24 Months
101781,Male,44.0,Tulkarm,19.0,Two Year,33.71,640.49,PayPal,Fiber Optic,1,3.0,0,No,35-44,13-24 Months
101782,Female,31.0,Khan Yunis,43.0,Month-to-Month,57.99,2493.57,Bank Transfer,DSL,0,5.0,1,No,25-34,25-48 Months
101783,Female,25.0,Rafah,35.0,Month-to-Month,114.79,4017.65,Credit Card,No Internet,2,4.0,1,No,25-34,25-48 Months
101784,Male,30.0,Ramallah,5.0,Month-to-Month,88.22,441.1,Bank Transfer,Fiber Optic,2,3.0,0,No,25-34,0-12 Months
101785,Female,18.0,Gaza,1.0,One Year,111.8,111.8,PayPal,Fiber Optic,4,2.0,2,No,Under 25,0-12 Months
101786,Female,31.0,Gaza,39.0,Month-to-Month,92.91,3623.49,Credit Card,Fiber Optic,4,3.0,1,Yes,25-34,25-48 Months
101787,Male,56.0,Bethlehem,23.0,Month-to-Month,79.15,1820.45,Credit Card,DSL,2,4.0,2,No,55+,13-24 Months
101788,Male,37.0,Nablus,16.0,One Year,75.27,1204.32,Credit Card,No Internet,2,5.0,2,No,35-44,13-24 Months
101789,Female,31.0,Ramallah,54.0,Month-to-Month,75.01,4050.5400000000004,Cash,No Internet,2,3.0,1,No,25-34,49-72 Months
101790,Female,21.0,Gaza,63.0,One Year,70.88,4465.44,PayPal,No Internet,2,3.0,1,No,Under 25,49-72 Months
101791,Male,49.0,Ramallah,63.0,One Year,56.2,3540.6000000000004,Credit Card,No Internet,1,4.0,0,No,45-54,49-72 Months
101792,Female,36.0,Gaza,35.0,Month-to-Month,77.83,2724.0499999999997,PayPal,DSL,4,4.0,0,No,35-44,25-48 Months
101793,Female,42.0,Rafah,59.0,Month-to-Month,61.67,3638.53,Cash,Fiber Optic,3,2.0,1,Yes,35-44,49-72 Months
101794,Female,48.0,Jericho,44.0,Two Year,85.22,3749.68,Credit Card,DSL,3,3.0,1,No,45-54,25-48 Months
101795,Male,40.0,Hebron,68.0,Month-to-Month,54.79,3725.72,Cash,No Internet,1,4.0,1,Yes,35-44,49-72 Months
101796,Female,26.0,Rafah,4.0,One Year,69.74,278.96,Bank Transfer,DSL,3,2.0,0,No,25-34,0-12 Months
101797,Female,42.0,Bethlehem,58.0,One Year,73.15,4242.700000000001,Bank Transfer,DSL,3,4.0,1,No,35-44,49-72 Months
101798,Female,43.0,Tulkarm,46.0,Month-to-Month,103.13,4743.98,PayPal,Fiber Optic,3,3.0,1,No,35-44,25-48 Months
101799,Female,32.0,Gaza,3.0,Month-to-Month,101.0,303.0,Bank Transfer,Fiber Optic,2,4.0,0,No,25-34,0-12 Months
101800,Female,34.0,Gaza,39.0,One Year,43.33,1689.87,Bank Transfer,Fiber Optic,2,3.0,2,No,25-34,25-48 Months
101801,Female,46.0,Gaza,46.0,Month-to-Month,114.65,5273.900000000001,Cash,DSL,3,3.0,0,No,45-54,25-48 Months
101802,Male,47.0,Bethlehem,67.0,Month-to-Month,94.37,6322.79,PayPal,No Internet,2,4.0,0,No,45-54,49-72 Months
101803,Female,22.0,Jericho,20.0,Month-to-Month,65.77,1315.3999999999999,Bank Transfer,DSL,4,5.0,0,No,Under 25,13-24 Months
101804,Female,54.0,Jenin,31.0,One Year,66.6,2064.6,PayPal,Fiber Optic,2,5.0,0,No,45-54,25-48 Months
101805,Female,41.0,Rafah,14.0,Two Year,88.28,1235.92,Cash,No Internet,3,4.0,1,No,35-44,13-24 Months
101806,Female,44.0,Ramallah,43.0,One Year,80.96,3481.2799999999997,Bank Transfer,No Internet,3,4.0,1,No,35-44,25-48 Months
101807,Female,45.0,Nablus,28.0,Two Year,69.68,1951.0400000000002,Credit Card,Fiber Optic,2,3.0,2,No,45-54,25-48 Months
101808,Male,27.0,Nablus,15.0,Two Year,48.92,733.8000000000001,PayPal,No Internet,0,3.0,0,No,25-34,13-24 Months
101809,Male,41.0,Nablus,62.0,Month-to-Month,56.42,3498.04,Cash,No Internet,2,3.0,1,No,35-44,49-72 Months
101810,Female,25.0,Nablus,48.0,Two Year,97.03,4657.4400000000005,Credit Card,No Internet,3,5.0,2,No,25-34,25-48 Months
101811,Male,19.0,Rafah,21.0,Month-to-Month,42.33,888.93,Bank Transfer,No Internet,4,4.0,2,Yes,Under 25,13-24 Months
101812,Male,22.0,Bethlehem,68.0,One Year,79.02,5373.36,Credit Card,No Internet,2,4.0,1,Yes,Under 25,49-72 Months
101813,Male,37.0,Hebron,32.0,Month-to-Month,63.04,2017.28,Bank Transfer,DSL,3,5.0,2,Yes,35-44,25-48 Months
101814,Male,51.0,Ramallah,4.0,Month-to-Month,65.3,261.2,Unknown,No Internet,1,3.0,1,No,45-54,0-12 Months
101815,Male,56.0,Nablus,2.0,One Year,102.44,204.88,Cash,Fiber Optic,2,3.0,1,No,55+,0-12 Months
101816,Female,40.0,Tulkarm,15.0,One Year,84.68,1270.2,Credit Card,DSL,0,3.0,3,No,35-44,13-24 Months
101817,Female,18.0,Hebron,47.0,Month-to-Month,66.7,3134.9,Cash,No Internet,0,4.0,2,No,Under 25,25-48 Months
101818,Female,64.0,Jericho,20.0,Two Year,80.95,1619.0,Unknown,Fiber Optic,1,3.0,0,No,55+,13-24 Months
101819,Male,31.0,Jericho,37.0,Month-to-Month,61.4,2271.7999999999997,Credit Card,Fiber Optic,3,2.0,1,No,25-34,25-48 Months
101820,Male,60.0,Rafah,60.0,One Year,105.82,6349.2,Cash,Fiber Optic,2,3.0,2,No,55+,49-72 Months
101821,Male,40.0,Jenin,27.0,One Year,142.52,3848.0400000000004,Bank Transfer,DSL,5,3.0,2,No,35-44,25-48 Months
101822,Male,41.0,Jenin,53.0,One Year,97.02,5142.0599999999995,Credit Card,No Internet,5,2.0,1,Yes,35-44,49-72 Months
101823,Female,41.0,Tulkarm,29.0,One Year,75.72,2195.88,Credit Card,No Internet,0,3.0,0,No,35-44,25-48 Months
101824,Female,42.0,Jenin,30.0,One Year,101.49,3044.7,Credit Card,Fiber Optic,1,3.0,1,No,35-44,25-48 Months
101825,Female,25.0,Gaza,35.0,Month-to-Month,103.62,3626.7000000000003,Cash,Fiber Optic,2,4.0,0,No,25-34,25-48 Months
101826,Male,36.0,Hebron,50.0,One Year,56.86,2843.0,PayPal,Fiber Optic,4,4.0,0,No,35-44,49-72 Months
101827,Male,48.0,Bethlehem,66.0,One Year,35.27,2327.82,Credit Card,DSL,0,3.0,2,No,45-54,49-72 Months
101828,Male,37.0,Khan Yunis,51.0,One Year,46.16,2354.16,PayPal,Fiber Optic,4,4.0,2,No,35-44,49-72 Months
101829,Male,50.0,Rafah,12.0,Month-to-Month,77.32,927.8399999999999,Cash,No Internet,1,4.0,5,Yes,45-54,0-12 Months
101830,Male,42.0,Gaza,12.0,Month-to-Month,58.11,697.3199999999999,Credit Card,Fiber Optic,2,3.0,2,No,35-44,0-12 Months
101831,Female,33.0,Gaza,10.0,One Year,65.02,650.1999999999999,PayPal,Fiber Optic,1,4.0,0,No,25-34,0-12 Months
101832,Male,38.0,Tulkarm,67.0,Month-to-Month,89.45,5993.150000000001,PayPal,No Internet,1,3.0,1,No,35-44,49-72 Months
101833,Female,36.0,Bethlehem,35.0,Month-to-Month,59.47,2081.45,Cash,DSL,3,1.0,2,No,35-44,25-48 Months
101834,Male,32.0,Nablus,36.0,Month-to-Month,60.97,2194.92,Credit Card,Fiber Optic,3,5.0,0,Yes,25-34,25-48 Months
101835,Male,20.0,Gaza,37.0,Month-to-Month,93.12,3445.44,Cash,Fiber Optic,2,5.0,1,No,Under 25,25-48 Months
101836,Male,39.0,Jenin,65.0,Month-to-Month,135.19,8787.35,Credit Card,DSL,3,2.0,0,Yes,35-44,49-72 Months
101837,Male,24.0,Jenin,8.0,Month-to-Month,57.47,459.76,Cash,No Internet,3,4.0,0,No,Under 25,0-12 Months
101838,Male,25.0,Nablus,8.0,Month-to-Month,81.35,650.8,Bank Transfer,No Internet,4,5.0,1,No,25-34,0-12 Months
101839,Female,26.0,Hebron,32.0,Month-to-Month,38.01,1216.32,PayPal,No Internet,4,2.0,0,No,25-34,25-48 Months
101840,Female,30.0,Hebron,31.0,Month-to-Month,29.88,926.28,Bank Transfer,DSL,1,3.0,2,No,25-34,25-48 Months
101841,Male,47.0,Bethlehem,52.0,One Year,50.38,2619.76,PayPal,No Internet,0,4.0,1,No,45-54,49-72 Months
101842,Male,32.0,Hebron,9.0,Two Year,82.03,738.27,Cash,No Internet,2,4.0,2,No,25-34,0-12 Months
101843,Male,22.0,Nablus,39.0,Month-to-Month,88.82,3463.9799999999996,Bank Transfer,No Internet,0,5.0,2,No,Under 25,25-48 Months
101844,Male,33.0,Rafah,43.0,One Year,79.89,3435.27,PayPal,Fiber Optic,5,3.0,0,No,25-34,25-48 Months
101845,Female,24.0,Jenin,56.0,Month-to-Month,66.77,3739.12,PayPal,DSL,3,4.0,0,No,Under 25,49-72 Months
101846,Female,36.0,Jericho,8.0,Two Year,68.19,545.52,PayPal,DSL,0,4.0,3,Yes,35-44,0-12 Months
101847,Female,49.0,Gaza,69.0,Month-to-Month,69.82,4817.58,Cash,Fiber Optic,4,3.0,0,No,45-54,49-72 Months
101848,Male,62.0,Jenin,21.0,Month-to-Month,85.55,1796.55,Credit Card,No Internet,2,5.0,2,No,55+,13-24 Months
101849,Female,29.0,Jenin,2.0,One Year,71.21,142.42,Cash,Fiber Optic,1,4.0,1,No,25-34,0-12 Months
101850,Female,71.0,Tulkarm,5.0,Month-to-Month,82.57,412.84999999999997,Credit Card,Fiber Optic,3,3.0,0,No,55+,0-12 Months
101851,Female,50.0,Khan Yunis,33.0,One Year,65.35,2156.5499999999997,PayPal,DSL,1,4.0,1,No,45-54,25-48 Months
101852,Female,36.0,Ramallah,49.0,One Year,96.6,4733.4,PayPal,DSL,2,3.0,2,No,35-44,49-72 Months
101853,Male,57.0,Gaza,29.0,One Year,116.57,3380.5299999999997,Bank Transfer,No Internet,1,5.0,0,No,55+,25-48 Months
101854,Male,44.0,Khan Yunis,37.0,Two Year,95.51,3533.8700000000003,Bank Transfer,DSL,1,3.0,1,No,35-44,25-48 Months
101855,Female,39.0,Bethlehem,1.0,One Year,92.39,92.39,Bank Transfer,No Internet,0,4.0,1,Yes,35-44,0-12 Months
101856,Male,33.0,Nablus,4.0,Month-to-Month,102.44,409.76,Bank Transfer,No Internet,3,2.0,1,No,25-34,0-12 Months
101857,Male,50.0,Rafah,56.0,One Year,23.65,1324.3999999999999,PayPal,Fiber Optic,3,3.0,1,No,45-54,49-72 Months
101858,Female,28.0,Rafah,18.0,Month-to-Month,66.13,1190.34,Cash,DSL,4,5.0,1,No,25-34,13-24 Months
101859,Female,34.0,Jericho,47.0,Month-to-Month,79.73,3747.3100000000004,Bank Transfer,Fiber Optic,1,3.0,2,No,25-34,25-48 Months
101860,Female,44.0,Jenin,48.0,Month-to-Month,37.7,1809.6000000000001,PayPal,Fiber Optic,3,4.0,1,No,35-44,25-48 Months
101861,Male,18.0,Hebron,8.0,Month-to-Month,40.31,322.48,Credit Card,No Internet,0,2.0,1,Yes,Under 25,0-12 Months
101862,Female,25.0,Jericho,62.0,Month-to-Month,38.85,2408.7000000000003,Bank Transfer,Fiber Optic,4,2.0,0,No,25-34,49-72 Months
101863,Female,18.0,Jenin,53.0,One Year,56.22,2979.66,Credit Card,No Internet,2,2.0,0,No,Under 25,49-72 Months
101864,Male,47.0,Jericho,49.0,Two Year,82.08,4021.92,Cash,DSL,2,5.0,1,No,45-54,49-72 Months
101865,Male,49.0,Khan Yunis,39.0,Unknown,74.36,2900.04,Credit Card,Fiber Optic,1,4.0,2,No,45-54,25-48 Months
101866,Female,23.0,Nablus,16.0,Month-to-Month,86.57,1385.12,PayPal,DSL,0,1.0,2,No,Under 25,13-24 Months
101867,Female,49.0,Bethlehem,31.0,Month-to-Month,70.16,2174.96,PayPal,No Internet,3,5.0,1,No,45-54,25-48 Months
101868,Female,36.0,Jericho,30.0,Month-to-Month,89.94,2698.2,Credit Card,Fiber Optic,0,5.0,2,No,35-44,25-48 Months
101869,Male,24.0,Jericho,68.0,Month-to-Month,98.83,6720.44,Credit Card,Fiber Optic,3,4.0,0,No,Under 25,49-72 Months
101870,Female,24.0,Hebron,55.0,One Year,65.97,3628.35,PayPal,No Internet,5,3.0,0,No,Under 25,49-72 Months
101871,Female,18.0,Nablus,55.0,Month-to-Month,64.56,3550.8,Credit Card,Fiber Optic,3,3.0,1,No,Under 25,49-72 Months
101872,Female,40.0,Khan Yunis,8.0,One Year,80.46,643.68,Credit Card,No Internet,2,3.0,2,No,35-44,0-12 Months
101873,Female,18.0,Bethlehem,16.0,One Year,91.19,1459.04,Bank Transfer,Fiber Optic,1,3.0,0,No,Under 25,13-24 Months
101874,Male,37.0,Bethlehem,17.0,Two Year,79.57,1352.6899999999998,Cash,DSL,1,3.0,1,No,35-44,13-24 Months
101875,Male,40.0,Hebron,14.0,Month-to-Month,83.16,1164.24,PayPal,No Internet,3,3.0,0,No,35-44,13-24 Months
101876,Male,37.0,Bethlehem,55.0,Two Year,54.11,2976.05,Credit Card,DSL,1,3.0,0,No,35-44,49-72 Months
101877,Female,33.0,Tulkarm,2.0,One Year,20.0,40.0,Cash,No Internet,1,4.0,1,No,25-34,0-12 Months
101878,Male,36.0,Tulkarm,4.0,Two Year,93.82,375.28,Cash,No Internet,3,4.0,1,No,35-44,0-12 Months
101879,Female,47.0,Nablus,58.0,Month-to-Month,62.31,3613.98,Credit Card,DSL,1,5.0,3,No,45-54,49-72 Months
101880,Female,28.0,Hebron,39.0,Month-to-Month,62.26,2428.14,Cash,DSL,1,4.0,1,No,25-34,25-48 Months
101881,Female,25.0,Khan Yunis,12.0,Month-to-Month,106.21,1274.52,PayPal,No Internet,2,3.0,0,Yes,25-34,0-12 Months
101882,Female,18.0,Gaza,8.0,Month-to-Month,84.48,675.84,Cash,Fiber Optic,3,3.0,2,No,Under 25,0-12 Months
101883,Female,36.0,Tulkarm,58.0,Month-to-Month,115.98,6726.84,Bank Transfer,Fiber Optic,3,4.0,2,No,35-44,49-72 Months
101884,Female,32.0,Nablus,55.0,Month-to-Month,88.1,4845.5,Bank Transfer,DSL,0,3.0,0,No,25-34,49-72 Months
101885,Male,39.0,Nablus,2.0,One Year,61.99,123.98,Bank Transfer,DSL,4,2.0,1,No,35-44,0-12 Months
101886,Female,24.0,Jenin,11.0,Two Year,42.76,470.35999999999996,PayPal,No Internet,3,5.0,0,No,Under 25,0-12 Months
101887,Male,23.0,Ramallah,62.0,Month-to-Month,63.26,3922.12,Credit Card,No Internet,1,3.0,1,No,Under 25,49-72 Months
101888,Female,25.0,Tulkarm,2.0,One Year,79.45,158.9,Bank Transfer,DSL,2,3.0,1,No,25-34,0-12 Months
101889,Female,26.0,Nablus,22.0,Month-to-Month,87.59,1926.98,Cash,DSL,3,3.0,6,No,25-34,13-24 Months
101890,Female,33.0,Jenin,47.0,Month-to-Month,80.13,3766.1099999999997,Bank Transfer,DSL,3,2.0,1,Yes,25-34,25-48 Months
101891,Male,62.0,Gaza,32.0,Month-to-Month,70.24,2247.68,Cash,DSL,1,3.0,0,No,55+,25-48 Months
101892,Female,23.0,Nablus,71.0,Month-to-Month,99.14,7038.94,Bank Transfer,DSL,1,3.0,1,No,Under 25,49-72 Months
101893,Female,29.0,Rafah,4.0,Month-to-Month,79.4,317.6,Cash,Fiber Optic,0,3.0,1,No,25-34,0-12 Months
101894,Male,46.0,Hebron,26.0,Month-to-Month,105.81,2751.06,Bank Transfer,Fiber Optic,5,4.0,1,No,45-54,25-48 Months
101895,Male,31.0,Gaza,15.0,Month-to-Month,74.96,1124.3999999999999,Credit Card,No Internet,2,4.0,1,No,25-34,13-24 Months
101896,Female,69.0,Gaza,72.0,One Year,89.18,6420.960000000001,Bank Transfer,Fiber Optic,2,3.0,1,No,55+,49-72 Months
101897,Female,31.0,Rafah,55.0,Month-to-Month,85.55,4705.25,Cash,DSL,1,4.0,1,No,25-34,49-72 Months
101898,Male,42.0,Rafah,16.0,Month-to-Month,95.08,1521.28,PayPal,DSL,0,2.0,0,Yes,35-44,13-24 Months
101899,Female,48.0,Nablus,11.0,Month-to-Month,110.99,1220.8899999999999,Bank Transfer,Fiber Optic,4,2.0,1,No,45-54,0-12 Months
101900,Male,28.0,Bethlehem,45.0,One Year,20.0,900.0,Cash,No Internet,2,3.0,0,No,25-34,25-48 Months
101901,Male,25.0,Bethlehem,3.0,Month-to-Month,77.46,232.38,Credit Card,DSL,3,4.0,1,No,25-34,0-12 Months
101902,Female,42.0,Hebron,71.0,Month-to-Month,67.97,4825.87,Credit Card,No Internet,3,3.0,2,No,35-44,49-72 Months
101903,Female,31.0,Hebron,3.0,One Year,89.64,268.92,Cash,DSL,3,5.0,1,No,25-34,0-12 Months
101904,Male,18.0,Rafah,64.0,Month-to-Month,35.49,2271.36,Bank Transfer,Fiber Optic,1,5.0,1,No,Under 25,49-72 Months
101905,Male,24.0,Gaza,23.0,Month-to-Month,66.21,1522.83,PayPal,Fiber Optic,3,4.0,1,No,Under 25,13-24 Months
101906,Male,45.0,Gaza,66.0,Month-to-Month,49.96,3297.36,PayPal,No Internet,2,3.0,0,No,45-54,49-72 Months
101907,Male,54.0,Bethlehem,54.0,Month-to-Month,62.14,3355.56,PayPal,No Internet,2,4.0,2,No,45-54,49-72 Months
101908,Female,39.0,Hebron,2.0,One Year,102.82,205.64,Bank Transfer,No Internet,2,4.0,0,No,35-44,0-12 Months
101909,Female,29.0,Jericho,62.0,Month-to-Month,57.66,3574.9199999999996,Bank Transfer,No Internet,1,4.0,1,No,25-34,49-72 Months
101910,Male,42.0,Jenin,51.0,Month-to-Month,93.58,4772.58,PayPal,DSL,3,4.0,0,Yes,35-44,49-72 Months
101911,Male,41.0,Ramallah,11.0,Month-to-Month,96.98,1066.78,PayPal,DSL,1,3.0,2,No,35-44,0-12 Months
101912,Female,32.0,Ramallah,72.0,One Year,95.12,6848.64,PayPal,DSL,4,1.0,2,No,25-34,49-72 Months
101913,Male,39.0,Jenin,15.0,One Year,56.79,851.85,Bank Transfer,No Internet,3,3.0,1,No,35-44,13-24 Months
101914,Female,43.0,Gaza,49.0,Month-to-Month,62.78,3076.2200000000003,Bank Transfer,DSL,1,3.0,2,No,35-44,49-72 Months
101915,Female,53.0,Tulkarm,44.0,One Year,86.87,3822.28,PayPal,DSL,2,3.0,0,No,45-54,25-48 Months
101916,Male,18.0,Bethlehem,1.0,Two Year,104.42,104.42,Credit Card,DSL,1,2.0,2,No,Under 25,0-12 Months
101917,Male,45.0,Khan Yunis,55.0,Month-to-Month,67.76,3726.8,Cash,No Internet,2,5.0,0,No,45-54,49-72 Months
101918,Female,43.0,Ramallah,26.0,Month-to-Month,61.68,1603.68,Credit Card,No Internet,1,5.0,1,No,35-44,25-48 Months
101919,Female,33.0,Bethlehem,18.0,Month-to-Month,130.08,2341.44,Credit Card,No Internet,1,2.0,1,No,25-34,13-24 Months
101920,Male,29.0,Ramallah,42.0,Month-to-Month,68.27,2867.3399999999997,PayPal,No Internet,2,4.0,2,No,25-34,25-48 Months
101921,Female,33.0,Bethlehem,16.0,Month-to-Month,92.8,1484.8,PayPal,Fiber Optic,2,3.0,2,No,25-34,13-24 Months
101922,Male,35.0,Gaza,42.0,One Year,54.16,2274.72,Credit Card,No Internet,1,2.0,2,No,35-44,25-48 Months
101923,Female,45.0,Gaza,62.0,Month-to-Month,20.0,1240.0,Cash,DSL,3,2.0,2,No,45-54,49-72 Months
101924,Male,37.0,Gaza,57.0,Month-to-Month,104.12,5934.84,Bank Transfer,No Internet,0,5.0,1,No,35-44,49-72 Months
101925,Female,18.0,Ramallah,4.0,Month-to-Month,66.57,266.28,Bank Transfer,Fiber Optic,0,4.0,0,No,Under 25,0-12 Months
101926,Female,51.0,Gaza,36.0,Month-to-Month,44.71,1609.56,Credit Card,No Internet,1,4.0,0,No,45-54,25-48 Months
101927,Male,44.0,Nablus,68.0,Two Year,69.4,4719.200000000001,PayPal,Fiber Optic,3,5.0,3,No,35-44,49-72 Months
101928,Female,40.0,Tulkarm,37.0,Two Year,63.39,2345.43,Credit Card,DSL,1,5.0,0,No,35-44,25-48 Months
101929,Female,35.0,Jericho,35.0,Month-to-Month,97.94,3427.9,PayPal,DSL,2,3.0,0,No,35-44,25-48 Months
101930,Female,34.0,Khan Yunis,60.0,Month-to-Month,69.42,4165.2,Bank Transfer,DSL,5,3.0,2,Yes,25-34,49-72 Months
101931,Male,64.0,Tulkarm,12.0,Month-to-Month,114.37,1372.44,Credit Card,DSL,2,2.0,1,No,55+,0-12 Months
101932,Male,43.0,Rafah,2.0,One Year,88.59,177.18,Cash,No Internet,1,3.0,2,No,35-44,0-12 Months
101933,Male,41.0,Rafah,31.0,Two Year,74.83,2319.73,Bank Transfer,DSL,2,4.0,0,No,35-44,25-48 Months
101934,Female,31.0,Ramallah,50.0,One Year,80.2,4010.0,Credit Card,Fiber Optic,3,3.0,0,No,25-34,49-72 Months
101935,Female,60.0,Jericho,12.0,One Year,24.18,290.15999999999997,Cash,Fiber Optic,3,5.0,0,No,55+,0-12 Months
101936,Female,39.0,Khan Yunis,10.0,Month-to-Month,59.95,599.5,Cash,Fiber Optic,2,2.0,0,No,35-44,0-12 Months
101937,Female,42.0,Bethlehem,65.0,One Year,91.66,5957.9,Cash,Fiber Optic,2,5.0,1,No,35-44,49-72 Months
101938,Female,28.0,Gaza,59.0,Month-to-Month,115.94,6840.46,Bank Transfer,No Internet,2,3.0,2,No,25-34,49-72 Months
101939,Female,53.0,Khan Yunis,5.0,Month-to-Month,123.87,619.35,PayPal,DSL,2,3.0,1,No,45-54,0-12 Months
101940,Female,41.0,Rafah,35.0,Two Year,88.73,3105.55,Credit Card,Fiber Optic,1,3.0,1,No,35-44,25-48 Months
101941,Male,54.0,Gaza,51.0,Month-to-Month,42.9,2187.9,Cash,No Internet,0,5.0,0,Yes,45-54,49-72 Months
101942,Female,23.0,Nablus,28.0,One Year,20.0,560.0,Credit Card,DSL,4,3.0,7,No,Under 25,25-48 Months
101943,Female,26.0,Ramallah,27.0,Month-to-Month,70.54,1904.5800000000002,PayPal,DSL,1,3.0,0,No,25-34,25-48 Months
101944,Female,41.0,Jenin,46.0,Month-to-Month,118.75,5462.5,Bank Transfer,No Internet,4,4.0,0,Yes,35-44,25-48 Months
101945,Male,38.0,Ramallah,28.0,Two Year,78.04,2185.1200000000003,Bank Transfer,No Internet,4,2.0,2,No,35-44,25-48 Months
101946,Female,30.0,Khan Yunis,33.0,One Year,78.66,2595.7799999999997,Bank Transfer,DSL,0,3.0,1,No,25-34,25-48 Months
101947,Male,19.0,Ramallah,58.0,Month-to-Month,78.01,4524.58,PayPal,Fiber Optic,3,4.0,0,No,Under 25,49-72 Months
101948,Female,49.0,Nablus,46.0,Month-to-Month,81.36,3742.56,Credit Card,DSL,3,4.0,1,No,45-54,25-48 Months
101949,Male,36.0,Khan Yunis,31.0,One Year,98.32,3047.9199999999996,PayPal,DSL,2,3.0,1,No,35-44,25-48 Months
101950,Male,36.0,Nablus,23.0,Month-to-Month,52.32,1203.36,Bank Transfer,No Internet,0,2.0,2,No,35-44,13-24 Months
101951,Male,66.0,Hebron,29.0,One Year,75.04,2176.1600000000003,Bank Transfer,DSL,3,4.0,0,No,55+,25-48 Months
101952,Female,32.0,Bethlehem,39.0,Two Year,73.64,2871.96,PayPal,DSL,1,5.0,2,No,25-34,25-48 Months
101953,Male,46.0,Nablus,32.0,One Year,75.86,2427.52,Cash,Fiber Optic,2,3.0,0,No,45-54,25-48 Months
101954,Female,48.0,Jericho,56.0,One Year,64.75,3626.0,Credit Card,Fiber Optic,1,2.0,3,No,45-54,49-72 Months
101955,Female,53.0,Bethlehem,12.0,One Year,119.66,1435.92,Bank Transfer,No Internet,2,3.0,0,No,45-54,0-12 Months
101956,Female,28.0,Hebron,43.0,Two Year,85.04,3656.7200000000003,Cash,Fiber Optic,3,4.0,2,No,25-34,25-48 Months
101957,Male,48.0,Jericho,25.0,One Year,81.46,2036.4999999999998,Cash,Fiber Optic,2,4.0,2,No,45-54,25-48 Months
101958,Female,18.0,Nablus,43.0,Month-to-Month,69.5,2988.5,Credit Card,Fiber Optic,2,4.0,0,No,Under 25,25-48 Months
101959,Female,28.0,Bethlehem,60.0,Month-to-Month,96.17,5770.2,Unknown,No Internet,1,5.0,0,No,25-34,49-72 Months
101960,Female,37.0,Tulkarm,22.0,One Year,108.38,2384.3599999999997,PayPal,No Internet,5,2.0,2,No,35-44,13-24 Months
101961,Female,26.0,Khan Yunis,34.0,Month-to-Month,62.67,2130.78,Credit Card,No Internet,6,3.0,1,No,25-34,25-48 Months
101962,Female,32.0,Ramallah,50.0,Two Year,77.8,3890.0,PayPal,No Internet,3,1.0,2,No,25-34,49-72 Months
101963,Female,18.0,Nablus,14.0,Month-to-Month,73.45,1028.3,PayPal,No Internet,3,2.0,0,No,Under 25,13-24 Months
101964,Female,25.0,Rafah,19.0,Month-to-Month,70.07,1331.33,Bank Transfer,No Internet,2,4.0,1,Yes,25-34,13-24 Months
101965,Male,19.0,Tulkarm,65.0,Month-to-Month,68.99,4484.349999999999,Bank Transfer,Fiber Optic,2,4.0,1,No,Under 25,49-72 Months
101966,Male,39.0,Rafah,7.0,Two Year,36.69,256.83,Bank Transfer,No Internet,1,2.0,4,No,35-44,0-12 Months
101967,Female,36.0,Nablus,43.0,Month-to-Month,50.75,2182.25,Bank Transfer,DSL,0,3.0,2,No,35-44,25-48 Months
101968,Female,37.0,Gaza,29.0,Month-to-Month,86.65,2512.8500000000004,Bank Transfer,No Internet,3,5.0,0,Yes,35-44,25-48 Months
101969,Female,62.0,Jenin,66.0,Month-to-Month,84.23,5559.18,Credit Card,No Internet,1,4.0,0,Yes,55+,49-72 Months
101970,Female,39.0,Jericho,69.0,Two Year,88.51,6107.1900000000005,PayPal,DSL,3,4.0,2,No,35-44,49-72 Months
101971,Male,44.0,Gaza,33.0,Month-to-Month,44.16,1457.28,Bank Transfer,Fiber Optic,1,4.0,1,No,35-44,25-48 Months
101972,Male,49.0,Ramallah,14.0,One Year,69.53,973.4200000000001,Credit Card,DSL,2,4.0,1,No,45-54,13-24 Months
101973,Female,36.0,Gaza,28.0,Two Year,85.85,2403.7999999999997,Bank Transfer,Fiber Optic,3,3.0,0,No,35-44,25-48 Months
101974,Male,54.0,Jericho,34.0,Two Year,52.54,1786.36,Credit Card,DSL,2,2.0,1,No,45-54,25-48 Months
101975,Female,34.0,Ramallah,32.0,Two Year,20.0,640.0,Bank Transfer,No Internet,3,2.0,0,No,25-34,25-48 Months
101976,Female,23.0,Gaza,2.0,Month-to-Month,116.82,233.64,Credit Card,Fiber Optic,1,4.0,1,No,Under 25,0-12 Months
101977,Female,29.0,Nablus,6.0,Two Year,100.88,605.28,Cash,DSL,0,3.0,0,No,25-34,0-12 Months
101978,Female,30.0,Ramallah,2.0,Month-to-Month,104.17,208.34,Credit Card,DSL,1,4.0,1,No,25-34,0-12 Months
101979,Female,60.0,Rafah,40.0,Month-to-Month,40.34,1613.6000000000001,Credit Card,No Internet,1,2.0,1,No,55+,25-48 Months
101980,Male,57.0,Ramallah,61.0,Two Year,111.9,6825.900000000001,Credit Card,Fiber Optic,4,3.0,1,No,55+,49-72 Months
101981,Male,20.0,Ramallah,52.0,Month-to-Month,96.83,5035.16,Credit Card,Fiber Optic,0,5.0,1,No,Under 25,49-72 Months
101982,Male,46.0,Jenin,45.0,One Year,106.74,4803.3,Cash,No Internet,3,3.0,2,No,45-54,25-48 Months
101983,Male,43.0,Tulkarm,12.0,One Year,125.9,1510.8000000000002,Bank Transfer,Fiber Optic,1,3.0,0,No,35-44,0-12 Months
101984,Female,68.0,Hebron,20.0,Month-to-Month,66.19,1323.8,Cash,DSL,3,2.0,2,No,55+,13-24 Months
101985,Female,45.0,Jenin,32.0,Two Year,59.54,1905.28,PayPal,DSL,0,4.0,0,No,45-54,25-48 Months
101986,Female,30.0,Bethlehem,64.0,Month-to-Month,96.96,6205.44,PayPal,No Internet,0,3.0,2,No,25-34,49-72 Months
101987,Female,29.0,Ramallah,66.0,One Year,59.5,3927.0,Cash,No Internet,2,4.0,1,No,25-34,49-72 Months
101988,Female,24.0,Hebron,6.0,Month-to-Month,84.51,507.06000000000006,Bank Transfer,No Internet,2,3.0,0,No,Under 25,0-12 Months
101989,Female,20.0,Nablus,40.0,Two Year,98.25,3930.0,Cash,DSL,3,2.0,1,No,Under 25,25-48 Months
101990,Male,31.0,Khan Yunis,23.0,Month-to-Month,85.16,1958.6799999999998,Cash,DSL,1,4.0,1,No,25-34,13-24 Months
101991,Female,45.0,Jericho,34.0,Month-to-Month,74.3,2526.2,PayPal,No Internet,2,3.0,1,No,45-54,25-48 Months
101992,Male,42.0,Bethlehem,27.0,One Year,68.77,1856.79,Credit Card,Fiber Optic,3,4.0,3,Yes,35-44,25-48 Months
101993,Male,58.0,Ramallah,14.0,Month-to-Month,84.02,1176.28,Bank Transfer,DSL,1,4.0,0,No,55+,13-24 Months
101994,Male,42.0,Rafah,51.0,Month-to-Month,101.38,5170.38,PayPal,No Internet,2,5.0,0,No,35-44,49-72 Months
101995,Female,18.0,Rafah,68.0,One Year,70.22,4774.96,Cash,DSL,1,3.0,2,No,Under 25,49-72 Months
101996,Female,48.0,Tulkarm,41.0,One Year,60.02,2460.82,Bank Transfer,Fiber Optic,2,2.0,0,No,45-54,25-48 Months
101997,Male,53.0,Tulkarm,24.0,Two Year,95.04,2280.96,PayPal,DSL,2,4.0,0,No,45-54,13-24 Months
101998,Male,38.0,Ramallah,39.0,Two Year,66.38,2588.8199999999997,Cash,DSL,4,2.0,0,No,35-44,25-48 Months
101999,Male,37.0,Jericho,36.0,Two Year,34.46,1240.56,Cash,Fiber Optic,0,4.0,0,No,35-44,25-48 Months
102000,Male,44.0,Nablus,46.0,One Year,75.24,3461.04,Bank Transfer,Fiber Optic,4,4.0,0,No,35-44,25-48 Months
102001,Male,58.0,Rafah,59.0,One Year,85.88,5066.92,Credit Card,No Internet,0,5.0,0,No,55+,49-72 Months
102002,Female,50.0,Jenin,37.0,Month-to-Month,73.75,2728.75,Credit Card,Fiber Optic,4,2.0,1,No,45-54,25-48 Months
102003,Male,22.0,Hebron,13.0,Month-to-Month,59.55,774.15,Cash,No Internet,2,4.0,1,No,Under 25,13-24 Months
102004,Male,45.0,Rafah,11.0,One Year,88.41,972.51,Cash,DSL,0,3.0,1,No,45-54,0-12 Months
102005,Female,40.0,Hebron,71.0,Month-to-Month,109.98,7808.58,PayPal,No Internet,1,4.0,1,No,35-44,49-72 Months
102006,Male,25.0,Nablus,29.0,Month-to-Month,40.27,1167.8300000000002,PayPal,Fiber Optic,5,4.0,0,No,25-34,25-48 Months
102007,Female,23.0,Bethlehem,33.0,Month-to-Month,44.82,1479.06,Bank Transfer,No Internet,1,4.0,0,No,Under 25,25-48 Months
102008,Female,23.0,Khan Yunis,60.0,One Year,42.42,2545.2000000000003,Credit Card,DSL,4,4.0,1,No,Under 25,49-72 Months
102009,Male,41.0,Hebron,32.0,Month-to-Month,67.72,2167.04,Cash,Fiber Optic,1,3.0,1,No,35-44,25-48 Months
102010,Male,18.0,Jericho,20.0,Month-to-Month,80.04,1600.8000000000002,PayPal,Fiber Optic,3,5.0,0,No,Under 25,13-24 Months
102011,Male,40.0,Gaza,57.0,One Year,86.36,4922.5199999999995,Cash,DSL,2,3.0,0,No,35-44,49-72 Months
102012,Male,42.0,Tulkarm,52.0,Month-to-Month,66.13,3438.7599999999998,Cash,DSL,2,2.0,1,No,35-44,49-72 Months
102013,Female,40.0,Gaza,10.0,Month-to-Month,96.71,967.0999999999999,Bank Transfer,DSL,0,3.0,1,No,35-44,0-12 Months
102014,Male,42.0,Rafah,1.0,Month-to-Month,77.84,77.84,Credit Card,DSL,5,5.0,2,No,35-44,0-12 Months
102015,Female,41.0,Gaza,3.0,One Year,62.85,188.55,Cash,DSL,3,3.0,4,Yes,35-44,0-12 Months
102016,Female,60.0,Gaza,4.0,Month-to-Month,91.48,365.92,PayPal,No Internet,1,4.0,1,No,55+,0-12 Months
102017,Male,63.0,Jenin,14.0,Two Year,59.17,828.38,PayPal,DSL,1,2.0,1,No,55+,13-24 Months
102018,Female,31.0,Khan Yunis,20.0,Unknown,65.91,1318.1999999999998,Bank Transfer,DSL,0,5.0,0,No,25-34,13-24 Months
102019,Female,54.0,Nablus,39.0,One Year,91.1,3552.8999999999996,Cash,DSL,2,3.0,0,No,45-54,25-48 Months
102020,Male,47.0,Ramallah,68.0,One Year,54.94,3735.92,Credit Card,DSL,0,4.0,0,No,45-54,49-72 Months
102021,Female,40.0,Hebron,5.0,Two Year,46.71,233.55,PayPal,DSL,0,3.0,0,No,35-44,0-12 Months
102022,Male,46.0,Rafah,69.0,Month-to-Month,82.78,5711.82,PayPal,DSL,2,5.0,3,No,45-54,49-72 Months
102023,Female,27.0,Jenin,40.0,Month-to-Month,82.07,3282.7999999999997,PayPal,DSL,2,3.0,0,No,25-34,25-48 Months
102024,Male,46.0,Khan Yunis,9.0,One Year,66.67,600.03,Bank Transfer,Fiber Optic,3,3.0,0,No,45-54,0-12 Months
102025,Female,42.0,Bethlehem,54.0,Month-to-Month,70.2,3790.8,Bank Transfer,No Internet,1,3.0,2,No,35-44,49-72 Months
102026,Male,24.0,Khan Yunis,58.0,Month-to-Month,66.39,3850.62,PayPal,Fiber Optic,3,3.0,1,Yes,Under 25,49-72 Months
102027,Male,41.0,Ramallah,28.0,Month-to-Month,82.65,2314.2000000000003,PayPal,DSL,3,4.0,1,No,35-44,25-48 Months
102028,Female,45.0,Unknown,47.0,Two Year,90.36,4246.92,Cash,No Internet,3,4.0,1,No,45-54,25-48 Months
102029,Male,37.0,Nablus,24.0,Two Year,83.1,1994.3999999999999,Bank Transfer,DSL,1,2.0,2,No,35-44,13-24 Months
102030,Male,33.0,Tulkarm,19.0,Month-to-Month,78.89,1498.91,Credit Card,DSL,2,3.0,3,No,25-34,13-24 Months
102031,Female,54.0,Tulkarm,18.0,Two Year,100.47,1808.46,Credit Card,Fiber Optic,1,5.0,0,No,45-54,13-24 Months
102032,Male,64.0,Tulkarm,50.0,Two Year,92.33,4616.5,Credit Card,Fiber Optic,2,4.0,1,No,55+,49-72 Months
102033,Male,53.0,Gaza,26.0,One Year,94.37,2453.62,Bank Transfer,No Internet,2,4.0,2,No,45-54,25-48 Months
102034,Female,26.0,Jenin,67.0,Month-to-Month,58.26,3903.42,Cash,DSL,1,2.0,0,No,25-34,49-72 Months
102035,Female,38.0,Ramallah,58.0,Month-to-Month,43.82,2541.56,Bank Transfer,DSL,0,4.0,2,Yes,35-44,49-72 Months
102036,Female,43.0,Ramallah,29.0,Month-to-Month,106.69,3094.0099999999998,Bank Transfer,DSL,1,2.0,0,Yes,35-44,25-48 Months
102037,Female,45.0,Nablus,37.0,Month-to-Month,51.04,1888.48,Cash,Fiber Optic,1,2.0,1,No,45-54,25-48 Months
102038,Male,55.0,Jericho,4.0,Month-to-Month,120.56,482.24,Bank Transfer,No Internet,1,3.0,1,No,55+,0-12 Months
102039,Female,26.0,Jericho,43.0,One Year,79.1,3401.2999999999997,Bank Transfer,No Internet,1,4.0,1,No,25-34,25-48 Months
102040,Male,18.0,Bethlehem,63.0,Month-to-Month,93.37,5882.31,Bank Transfer,DSL,1,5.0,0,No,Under 25,49-72 Months
102041,Female,40.0,Rafah,30.0,Month-to-Month,62.14,1864.2,Cash,No Internet,3,2.0,2,No,35-44,25-48 Months
102042,Female,51.0,Tulkarm,1.0,One Year,76.05,76.05,Credit Card,No Internet,0,3.0,0,No,45-54,0-12 Months
102043,Female,35.0,Khan Yunis,4.0,Two Year,93.31,373.24,Bank Transfer,Fiber Optic,2,4.0,2,No,35-44,0-12 Months
102044,Female,30.0,Jenin,37.0,Month-to-Month,74.36,2751.32,Bank Transfer,DSL,2,4.0,0,No,25-34,25-48 Months
102045,Male,30.0,Jericho,5.0,Month-to-Month,58.07,290.35,Cash,No Internet,3,4.0,1,No,25-34,0-12 Months
102046,Male,46.0,Jenin,9.0,Month-to-Month,117.03,1053.27,PayPal,Fiber Optic,1,3.0,2,No,45-54,0-12 Months
102047,Female,38.0,Jericho,2.0,Month-to-Month,67.87,135.74,Credit Card,Fiber Optic,0,3.0,2,No,35-44,0-12 Months
102048,Male,44.0,Jericho,10.0,Month-to-Month,71.77,717.6999999999999,Bank Transfer,Fiber Optic,1,5.0,1,No,35-44,0-12 Months
102049,Female,35.0,Khan Yunis,68.0,Two Year,20.0,1360.0,PayPal,DSL,3,3.0,2,No,35-44,49-72 Months
102050,Female,38.0,Bethlehem,26.0,One Year,73.49,1910.7399999999998,Bank Transfer,No Internet,5,3.0,1,No,35-44,25-48 Months
102051,Female,43.0,Khan Yunis,1.0,Month-to-Month,43.43,43.43,PayPal,Fiber Optic,0,3.0,2,No,35-44,0-12 Months
102052,Female,47.0,Jenin,34.0,Two Year,62.14,2112.76,PayPal,Fiber Optic,4,3.0,1,No,45-54,25-48 Months
102053,Female,57.0,Gaza,37.0,Two Year,106.38,3936.06,Bank Transfer,DSL,0,5.0,3,No,55+,25-48 Months
102054,Male,31.0,Tulkarm,31.0,One Year,70.42,2183.02,PayPal,DSL,2,4.0,1,No,25-34,25-48 Months
102055,Male,18.0,Ramallah,60.0,Month-to-Month,98.9,5934.0,Credit Card,No Internet,1,4.0,0,No,Under 25,49-72 Months
102056,Male,38.0,Bethlehem,5.0,One Year,93.69,468.45,Cash,Fiber Optic,0,4.0,1,No,35-44,0-12 Months
102057,Male,42.0,Bethlehem,52.0,One Year,54.4,2828.7999999999997,Credit Card,No Internet,0,3.0,0,No,35-44,49-72 Months
102058,Female,35.0,Khan Yunis,52.0,One Year,90.9,4726.8,Cash,Fiber Optic,2,4.0,3,No,35-44,49-72 Months
102059,Male,55.0,Ramallah,15.0,Month-to-Month,159.3,2389.5,PayPal,No Internet,0,3.0,0,No,55+,13-24 Months
102060,Female,22.0,Nablus,35.0,Two Year,67.38,2358.2999999999997,Credit Card,Fiber Optic,0,5.0,1,No,Under 25,25-48 Months
102061,Female,30.0,Hebron,18.0,One Year,75.55,1359.8999999999999,Cash,DSL,1,5.0,2,No,25-34,13-24 Months
102062,Female,43.0,Ramallah,31.0,Month-to-Month,35.74,1107.94,Cash,DSL,1,4.0,1,Yes,35-44,25-48 Months
102063,Male,41.0,Tulkarm,37.0,One Year,70.88,2622.56,PayPal,DSL,2,4.0,0,No,35-44,25-48 Months
102064,Female,38.0,Khan Yunis,5.0,Month-to-Month,96.68,483.40000000000003,Credit Card,No Internet,0,4.0,2,No,35-44,0-12 Months
102065,Male,47.0,Rafah,29.0,One Year,57.91,1679.3899999999999,PayPal,No Internet,1,3.0,1,No,45-54,25-48 Months
102066,Male,62.0,Bethlehem,30.0,Month-to-Month,53.37,1601.1,PayPal,No Internet,1,2.0,4,No,55+,25-48 Months
102067,Female,33.0,Tulkarm,45.0,Two Year,73.76,3319.2000000000003,Credit Card,Fiber Optic,3,4.0,4,No,25-34,25-48 Months
102068,Male,35.0,Ramallah,39.0,Month-to-Month,66.9,2609.1000000000004,Bank Transfer,DSL,2,4.0,2,No,35-44,25-48 Months
102069,Male,18.0,Rafah,32.0,One Year,55.92,1789.44,Cash,DSL,2,4.0,1,No,Under 25,25-48 Months
102070,Male,51.0,Rafah,26.0,Month-to-Month,72.37,1881.6200000000001,PayPal,Fiber Optic,3,4.0,2,No,45-54,25-48 Months
102071,Female,61.0,Bethlehem,25.0,One Year,74.1,1852.4999999999998,PayPal,No Internet,3,5.0,2,No,55+,25-48 Months
102072,Male,18.0,Ramallah,44.0,Month-to-Month,94.89,4175.16,Cash,No Internet,0,2.0,4,No,Under 25,25-48 Months
102073,Female,40.0,Jericho,48.0,Month-to-Month,78.24,3755.5199999999995,Bank Transfer,No Internet,2,3.0,2,No,35-44,25-48 Months
102074,Male,18.0,Jericho,68.0,Month-to-Month,73.31,4985.08,Bank Transfer,DSL,1,4.0,2,No,Under 25,49-72 Months
102075,Male,36.0,Ramallah,45.0,One Year,72.93,3281.8500000000004,Cash,No Internet,1,4.0,0,No,35-44,25-48 Months
102076,Male,61.0,Gaza,52.0,Month-to-Month,66.47,3456.44,Cash,No Internet,2,3.0,1,No,55+,49-72 Months
102077,Female,18.0,Bethlehem,51.0,Month-to-Month,86.53,4413.03,PayPal,DSL,0,4.0,1,No,Under 25,49-72 Months
102078,Female,32.0,Ramallah,13.0,One Year,51.52,669.76,Bank Transfer,No Internet,3,4.0,1,No,25-34,13-24 Months
102079,Female,33.0,Ramallah,57.0,Month-to-Month,86.57,4934.49,PayPal,Fiber Optic,2,4.0,1,No,25-34,49-72 Months
102080,Male,49.0,Bethlehem,67.0,Month-to-Month,64.32,4309.44,Cash,DSL,2,5.0,1,No,45-54,49-72 Months
102081,Male,35.0,Hebron,50.0,Month-to-Month,67.43,3371.5000000000005,Bank Transfer,DSL,3,4.0,3,Yes,35-44,49-72 Months
102082,Male,39.0,Khan Yunis,23.0,Month-to-Month,89.01,2047.23,Cash,No Internet,0,2.0,1,No,35-44,13-24 Months
102083,Female,25.0,Nablus,66.0,Month-to-Month,86.5,5709.0,Bank Transfer,No Internet,3,2.0,2,No,25-34,49-72 Months
102084,Male,56.0,Gaza,36.0,Month-to-Month,87.62,3154.32,PayPal,No Internet,4,3.0,0,No,55+,25-48 Months
102085,Male,37.0,Hebron,34.0,One Year,74.2,2522.8,Cash,No Internet,1,2.0,1,No,35-44,25-48 Months
102086,Female,40.0,Khan Yunis,8.0,One Year,44.93,359.44,Bank Transfer,Fiber Optic,1,5.0,0,No,35-44,0-12 Months
102087,Male,38.0,Ramallah,23.0,One Year,70.91,1630.9299999999998,Bank Transfer,Fiber Optic,3,4.0,1,No,35-44,13-24 Months
102088,Female,49.0,Rafah,50.0,Month-to-Month,71.91,3595.5,Credit Card,No Internet,1,2.0,0,No,45-54,49-72 Months
102089,Male,19.0,Hebron,3.0,Two Year,36.84,110.52000000000001,PayPal,Fiber Optic,3,2.0,2,Yes,Under 25,0-12 Months
102090,Male,46.0,Khan Yunis,63.0,Month-to-Month,73.39,4623.57,Cash,No Internet,2,4.0,3,No,45-54,49-72 Months
102091,Female,51.0,Nablus,17.0,Month-to-Month,52.77,897.09,PayPal,No Internet,2,2.0,2,No,45-54,13-24 Months
102092,Female,34.0,Gaza,39.0,Month-to-Month,78.13,3047.0699999999997,Bank Transfer,DSL,1,3.0,4,No,25-34,25-48 Months
102093,Male,49.0,Bethlehem,52.0,One Year,131.3,6827.6,PayPal,No Internet,2,3.0,0,No,45-54,49-72 Months
102094,Female,28.0,Khan Yunis,34.0,Month-to-Month,79.14,2690.76,Cash,DSL,1,5.0,3,No,25-34,25-48 Months
102095,Female,47.0,Rafah,52.0,Month-to-Month,43.56,2265.12,Credit Card,Fiber Optic,5,5.0,0,No,45-54,49-72 Months
102096,Female,34.0,Rafah,33.0,Month-to-Month,117.56,3879.48,Cash,Fiber Optic,6,3.0,0,No,25-34,25-48 Months
102097,Female,54.0,Nablus,26.0,Month-to-Month,53.44,1389.44,PayPal,DSL,2,5.0,1,No,45-54,25-48 Months
102098,Male,29.0,Hebron,39.0,One Year,69.02,2691.7799999999997,Credit Card,Fiber Optic,3,3.0,1,No,25-34,25-48 Months
102099,Female,43.0,Khan Yunis,20.0,Month-to-Month,62.68,1253.6,PayPal,Fiber Optic,1,5.0,2,No,35-44,13-24 Months
102100,Male,60.0,Jericho,55.0,One Year,123.12,6771.6,Cash,DSL,0,5.0,2,No,55+,49-72 Months
102101,Male,33.0,Ramallah,58.0,Month-to-Month,45.71,2651.18,Cash,DSL,1,1.0,1,No,25-34,49-72 Months
102102,Female,18.0,Jenin,60.0,Two Year,103.11,6186.6,Cash,DSL,1,3.0,0,No,Under 25,49-72 Months
102103,Female,42.0,Bethlehem,49.0,Month-to-Month,80.87,3962.63,Cash,DSL,0,4.0,1,No,35-44,49-72 Months
102104,Female,50.0,Rafah,18.0,Month-to-Month,30.91,556.38,Bank Transfer,DSL,2,1.0,1,No,45-54,13-24 Months
102105,Male,18.0,Tulkarm,33.0,One Year,102.58,3385.14,Credit Card,DSL,2,3.0,0,No,Under 25,25-48 Months
102106,Female,37.0,Jenin,57.0,Month-to-Month,98.33,5604.8099999999995,Credit Card,No Internet,4,3.0,2,No,35-44,49-72 Months
102107,Female,46.0,Jenin,19.0,Month-to-Month,20.0,380.0,Bank Transfer,Fiber Optic,1,3.0,2,No,45-54,13-24 Months
102108,Female,18.0,Khan Yunis,37.0,Month-to-Month,80.62,2982.94,Cash,Fiber Optic,1,4.0,2,No,Under 25,25-48 Months
102109,Female,51.0,Nablus,54.0,One Year,99.29,5361.660000000001,Credit Card,Fiber Optic,1,4.0,1,No,45-54,49-72 Months
102110,Female,39.0,Gaza,9.0,Month-to-Month,79.08,711.72,PayPal,No Internet,5,2.0,0,No,35-44,0-12 Months
102111,Male,23.0,Jenin,41.0,Two Year,118.08,4841.28,PayPal,Fiber Optic,2,2.0,1,No,Under 25,25-48 Months
102112,Female,48.0,Khan Yunis,34.0,Month-to-Month,38.41,1305.9399999999998,Bank Transfer,DSL,2,4.0,1,No,45-54,25-48 Months
102113,Male,57.0,Nablus,40.0,Two Year,46.37,1854.8,Bank Transfer,No Internet,2,4.0,0,No,55+,25-48 Months
102114,Male,22.0,Jericho,53.0,Month-to-Month,101.48,5378.4400000000005,Bank Transfer,No Internet,4,5.0,0,No,Under 25,49-72 Months
102115,Male,29.0,Bethlehem,37.0,Month-to-Month,47.73,1766.01,Bank Transfer,No Internet,5,3.0,0,Yes,25-34,25-48 Months
102116,Male,48.0,Ramallah,18.0,One Year,105.66,1901.8799999999999,Credit Card,No Internet,3,3.0,1,No,45-54,13-24 Months
102117,Female,45.0,Rafah,62.0,One Year,67.24,4168.88,Cash,Fiber Optic,3,4.0,0,No,45-54,49-72 Months
102118,Female,38.0,Bethlehem,48.0,Month-to-Month,106.52,5112.96,Cash,No Internet,2,4.0,1,No,35-44,25-48 Months
102119,Male,57.0,Ramallah,33.0,Two Year,70.44,2324.52,Credit Card,No Internet,4,4.0,2,No,55+,25-48 Months
102120,Female,27.0,Gaza,67.0,Month-to-Month,105.22,7049.74,Credit Card,No Internet,1,5.0,1,No,25-34,49-72 Months
102121,Male,37.0,Khan Yunis,41.0,Month-to-Month,97.09,3980.69,Bank Transfer,No Internet,1,3.0,2,No,35-44,25-48 Months
102122,Male,73.0,Nablus,38.0,Month-to-Month,111.15,4223.7,Credit Card,No Internet,3,5.0,0,No,55+,25-48 Months
102123,Male,35.0,Jericho,11.0,One Year,75.73,833.0300000000001,PayPal,No Internet,2,4.0,0,No,35-44,0-12 Months
102124,Male,63.0,Tulkarm,16.0,One Year,20.0,320.0,Bank Transfer,DSL,1,2.0,2,No,55+,13-24 Months
102125,Male,18.0,Bethlehem,30.0,Month-to-Month,101.48,3044.4,Credit Card,Fiber Optic,1,4.0,1,No,Under 25,25-48 Months
102126,Female,29.0,Gaza,5.0,One Year,57.77,288.85,PayPal,No Internet,2,3.0,0,No,25-34,0-12 Months
102127,Female,18.0,Gaza,36.0,Month-to-Month,84.11,3027.96,Credit Card,Fiber Optic,3,2.0,2,No,Under 25,25-48 Months
102128,Male,27.0,Jericho,40.0,Month-to-Month,115.36,4614.4,Bank Transfer,No Internet,0,2.0,1,Yes,25-34,25-48 Months
102129,Female,43.0,Jericho,11.0,Month-to-Month,87.31,960.4100000000001,Cash,Fiber Optic,2,2.0,2,No,35-44,0-12 Months
102130,Male,48.0,Nablus,25.0,One Year,48.66,1216.5,Credit Card,No Internet,2,3.0,1,No,45-54,25-48 Months
102131,Male,22.0,Khan Yunis,51.0,One Year,58.55,2986.0499999999997,Bank Transfer,Fiber Optic,0,2.0,2,No,Under 25,49-72 Months
102132,Male,50.0,Hebron,32.0,Month-to-Month,86.26,2760.32,Cash,DSL,1,4.0,2,No,45-54,25-48 Months
102133,Male,50.0,Hebron,38.0,Month-to-Month,111.74,4246.12,Bank Transfer,Fiber Optic,2,4.0,1,No,45-54,25-48 Months
102134,Female,44.0,Nablus,39.0,Month-to-Month,89.92,3506.88,PayPal,Fiber Optic,2,5.0,0,No,35-44,25-48 Months
102135,Male,36.0,Tulkarm,39.0,Month-to-Month,78.75,3071.25,Credit Card,DSL,2,2.0,1,No,35-44,25-48 Months
102136,Female,58.0,Jericho,70.0,Month-to-Month,48.34,3383.8,Credit Card,Fiber Optic,3,4.0,0,No,55+,49-72 Months
102137,Male,31.0,Ramallah,54.0,Two Year,62.0,3348.0,Cash,Fiber Optic,1,3.0,1,No,25-34,49-72 Months
102138,Female,30.0,Bethlehem,45.0,Two Year,100.62,4527.900000000001,PayPal,Fiber Optic,0,5.0,2,No,25-34,25-48 Months
102139,Female,51.0,Rafah,45.0,Month-to-Month,30.12,1355.4,Bank Transfer,No Internet,0,2.0,1,Yes,45-54,25-48 Months
102140,Male,67.0,Tulkarm,17.0,Month-to-Month,77.97,1325.49,PayPal,DSL,1,3.0,4,No,55+,13-24 Months
102141,Female,47.0,Jenin,32.0,Two Year,95.09,3042.88,Credit Card,DSL,2,2.0,0,No,45-54,25-48 Months
102142,Male,29.0,Nablus,29.0,Two Year,101.45,2942.05,PayPal,DSL,3,3.0,0,No,25-34,25-48 Months
102143,Female,33.0,Gaza,72.0,Month-to-Month,28.71,2067.12,Cash,Fiber Optic,2,3.0,2,No,25-34,49-72 Months
102144,Male,53.0,Ramallah,64.0,Month-to-Month,113.11,7239.04,PayPal,Fiber Optic,2,3.0,2,Yes,45-54,49-72 Months
102145,Female,50.0,Bethlehem,61.0,Month-to-Month,57.84,3528.2400000000002,PayPal,Fiber Optic,1,3.0,0,No,45-54,49-72 Months
102146,Male,50.0,Ramallah,29.0,Month-to-Month,81.14,2353.06,Bank Transfer,Fiber Optic,1,4.0,1,Yes,45-54,25-48 Months
102147,Male,60.0,Jenin,17.0,One Year,109.82,1866.9399999999998,PayPal,No Internet,0,5.0,1,Yes,55+,13-24 Months
102148,Female,44.0,Gaza,63.0,Month-to-Month,64.31,4051.53,Credit Card,DSL,0,3.0,0,No,35-44,49-72 Months
102149,Male,42.0,Tulkarm,49.0,Month-to-Month,103.52,5072.48,Credit Card,No Internet,3,3.0,1,No,35-44,49-72 Months
102150,Male,18.0,Ramallah,21.0,Month-to-Month,105.67,2219.07,Credit Card,Fiber Optic,2,3.0,0,No,Under 25,13-24 Months
102151,Female,31.0,Nablus,12.0,Month-to-Month,77.89,934.6800000000001,Credit Card,DSL,3,2.0,1,Yes,25-34,0-12 Months
102152,Female,53.0,Ramallah,61.0,Month-to-Month,98.13,5985.929999999999,Credit Card,DSL,1,5.0,0,No,45-54,49-72 Months
102153,Female,34.0,Ramallah,38.0,Month-to-Month,102.63,3899.9399999999996,Bank Transfer,No Internet,3,3.0,3,No,25-34,25-48 Months
102154,Male,52.0,Rafah,56.0,One Year,55.16,3088.96,PayPal,No Internet,1,4.0,0,No,45-54,49-72 Months
102155,Male,39.0,Hebron,33.0,Two Year,65.91,2175.0299999999997,Cash,Fiber Optic,3,3.0,2,No,35-44,25-48 Months
102156,Male,46.0,Tulkarm,6.0,Month-to-Month,81.27,487.62,Bank Transfer,No Internet,6,2.0,0,Yes,45-54,0-12 Months
102157,Male,23.0,Jenin,61.0,Month-to-Month,127.88,7800.679999999999,Bank Transfer,No Internet,2,3.0,4,No,Under 25,49-72 Months
102158,Female,35.0,Ramallah,24.0,Two Year,51.0,1224.0,Bank Transfer,DSL,2,4.0,0,No,35-44,13-24 Months
102159,Male,33.0,Tulkarm,43.0,Month-to-Month,66.31,2851.33,Credit Card,Fiber Optic,2,4.0,0,Yes,25-34,25-48 Months
102160,Male,29.0,Hebron,38.0,Two Year,51.91,1972.58,Cash,DSL,0,4.0,2,Yes,25-34,25-48 Months
102161,Female,31.0,Bethlehem,21.0,Month-to-Month,105.17,2208.57,Cash,No Internet,0,4.0,3,No,25-34,13-24 Months
102162,Female,51.0,Rafah,4.0,Two Year,94.6,378.4,Cash,DSL,2,3.0,1,No,45-54,0-12 Months
102163,Male,29.0,Jenin,13.0,One Year,87.31,1135.03,Bank Transfer,DSL,0,3.0,2,No,25-34,13-24 Months
102164,Female,40.0,Rafah,54.0,Two Year,80.46,4344.839999999999,PayPal,No Internet,1,4.0,0,No,35-44,49-72 Months
102165,Female,18.0,Nablus,13.0,Month-to-Month,54.64,710.32,Bank Transfer,DSL,2,4.0,0,No,Under 25,13-24 Months
102166,Male,44.0,Nablus,57.0,One Year,77.19,4399.83,Cash,DSL,1,2.0,2,No,35-44,49-72 Months
102167,Female,29.0,Ramallah,9.0,Two Year,98.87,889.83,Bank Transfer,DSL,0,5.0,0,No,25-34,0-12 Months
102168,Male,29.0,Khan Yunis,54.0,Month-to-Month,63.74,3441.96,Cash,DSL,0,2.0,0,No,25-34,49-72 Months
102169,Male,20.0,Ramallah,23.0,Two Year,97.35,2239.0499999999997,Cash,Fiber Optic,0,2.0,0,No,Under 25,13-24 Months
102170,Male,53.0,Jericho,65.0,Month-to-Month,71.2,4628.0,Credit Card,No Internet,1,3.0,0,No,45-54,49-72 Months
102171,Male,33.0,Bethlehem,16.0,Month-to-Month,128.39,2054.24,Cash,Fiber Optic,1,3.0,1,No,25-34,13-24 Months
102172,Male,34.0,Ramallah,6.0,One Year,95.45,572.7,PayPal,Fiber Optic,3,4.0,1,No,25-34,0-12 Months
102173,Female,57.0,Jenin,11.0,Month-to-Month,52.66,579.26,PayPal,No Internet,2,3.0,2,No,55+,0-12 Months
102174,Female,33.0,Bethlehem,57.0,Two Year,78.38,4467.66,Cash,No Internet,2,1.0,1,No,25-34,49-72 Months
102175,Female,18.0,Khan Yunis,49.0,Two Year,59.13,2897.3700000000003,Bank Transfer,Fiber Optic,4,4.0,0,Yes,Under 25,49-72 Months
102176,Male,44.0,Gaza,23.0,Two Year,66.36,1526.28,PayPal,Fiber Optic,2,2.0,2,No,35-44,13-24 Months
102177,Male,43.0,Tulkarm,15.0,Month-to-Month,117.36,1760.4,Cash,No Internet,0,3.0,1,No,35-44,13-24 Months
102178,Male,40.0,Bethlehem,37.0,Month-to-Month,64.7,2393.9,Credit Card,Fiber Optic,2,3.0,3,No,35-44,25-48 Months
102179,Female,41.0,Nablus,11.0,Two Year,102.63,1128.9299999999998,Cash,Fiber Optic,0,5.0,0,No,35-44,0-12 Months
102180,Female,52.0,Gaza,42.0,Month-to-Month,58.91,2474.22,Credit Card,No Internet,3,3.0,0,No,45-54,25-48 Months
102181,Female,44.0,Hebron,2.0,Month-to-Month,74.36,148.72,PayPal,DSL,1,4.0,1,Yes,35-44,0-12 Months
102182,Female,46.0,Ramallah,47.0,Two Year,87.23,4099.81,Credit Card,No Internet,4,1.0,0,No,45-54,25-48 Months
102183,Male,48.0,Tulkarm,47.0,Month-to-Month,73.19,3439.93,Bank Transfer,Fiber Optic,1,3.0,0,No,45-54,25-48 Months
102184,Male,21.0,Rafah,40.0,One Year,62.4,2496.0,Bank Transfer,Fiber Optic,2,3.0,0,No,Under 25,25-48 Months
102185,Female,37.0,Hebron,54.0,One Year,98.59,5323.860000000001,PayPal,No Internet,2,4.0,1,No,35-44,49-72 Months
102186,Male,18.0,Jenin,8.0,Two Year,95.54,764.32,Bank Transfer,DSL,1,3.0,0,No,Under 25,0-12 Months
102187,Female,42.0,Bethlehem,9.0,One Year,57.71,519.39,Credit Card,Fiber Optic,1,3.0,2,No,35-44,0-12 Months
102188,Male,41.0,Jericho,18.0,Month-to-Month,56.04,1008.72,PayPal,Fiber Optic,2,4.0,4,No,35-44,13-24 Months
102189,Male,34.0,Unknown,3.0,One Year,97.39,292.17,PayPal,No Internet,2,3.0,2,No,25-34,0-12 Months
102190,Female,43.0,Gaza,14.0,Month-to-Month,53.05,742.6999999999999,Credit Card,No Internet,1,3.0,1,No,35-44,13-24 Months
102191,Male,47.0,Jericho,61.0,Two Year,88.36,5389.96,Credit Card,Fiber Optic,2,4.0,1,No,45-54,49-72 Months
102192,Female,33.0,Tulkarm,10.0,Two Year,66.44,664.4,Credit Card,DSL,1,4.0,0,No,25-34,0-12 Months
102193,Female,50.0,Jericho,46.0,One Year,105.54,4854.84,Credit Card,DSL,1,4.0,1,No,45-54,25-48 Months
102194,Female,42.0,Gaza,58.0,One Year,113.17,6563.86,Cash,No Internet,0,3.0,0,No,35-44,49-72 Months
102195,Female,35.0,Nablus,60.0,Month-to-Month,100.26,6015.6,Bank Transfer,DSL,5,4.0,1,No,35-44,49-72 Months
102196,Female,43.0,Bethlehem,70.0,One Year,116.56,8159.2,Bank Transfer,DSL,3,4.0,1,No,35-44,49-72 Months
102197,Female,28.0,Gaza,1.0,Two Year,88.13,88.13,Bank Transfer,DSL,2,4.0,2,No,25-34,0-12 Months
102198,Male,37.0,Hebron,45.0,One Year,88.41,3978.45,Bank Transfer,No Internet,2,3.0,3,No,35-44,25-48 Months
102199,Male,25.0,Rafah,38.0,Month-to-Month,28.6,1086.8,Credit Card,DSL,2,4.0,0,No,25-34,25-48 Months
102200,Male,42.0,Bethlehem,37.0,Month-to-Month,108.13,4000.81,Bank Transfer,Fiber Optic,0,3.0,0,No,35-44,25-48 Months
102201,Female,39.0,Bethlehem,34.0,Two Year,20.0,680.0,PayPal,No Internet,3,3.0,1,No,35-44,25-48 Months
102202,Female,28.0,Rafah,12.0,Month-to-Month,82.59,991.08,Bank Transfer,DSL,0,3.0,2,No,25-34,0-12 Months
102203,Male,50.0,Ramallah,50.0,One Year,57.4,2870.0,Bank Transfer,Fiber Optic,2,4.0,0,No,45-54,49-72 Months
102204,Female,75.0,Khan Yunis,29.0,Month-to-Month,101.47,2942.63,Cash,DSL,1,4.0,3,No,55+,25-48 Months
102205,Male,39.0,Nablus,32.0,One Year,117.94,3774.08,PayPal,DSL,4,4.0,0,No,35-44,25-48 Months
102206,Female,46.0,Tulkarm,3.0,Month-to-Month,89.29,267.87,Cash,DSL,2,2.0,2,No,45-54,0-12 Months
102207,Female,28.0,Jericho,56.0,Month-to-Month,79.68,4462.08,Credit Card,DSL,7,3.0,1,No,25-34,49-72 Months
102208,Male,54.0,Hebron,40.0,Two Year,48.66,1946.3999999999999,Cash,No Internet,2,3.0,2,No,45-54,25-48 Months
102209,Male,33.0,Hebron,8.0,Two Year,71.81,574.48,Cash,Fiber Optic,3,4.0,1,Yes,25-34,0-12 Months
102210,Male,53.0,Gaza,62.0,Month-to-Month,77.59,4810.58,Bank Transfer,Fiber Optic,5,4.0,2,No,45-54,49-72 Months
102211,Female,29.0,Rafah,20.0,Two Year,97.44,1948.8,PayPal,No Internet,0,3.0,1,No,25-34,13-24 Months
102212,Female,46.0,Ramallah,38.0,One Year,92.45,3513.1,PayPal,No Internet,4,3.0,1,No,45-54,25-48 Months
102213,Female,32.0,Jenin,16.0,One Year,87.34,1397.44,Bank Transfer,DSL,4,2.0,0,No,25-34,13-24 Months
102214,Male,18.0,Bethlehem,30.0,Month-to-Month,74.36,2230.8,Bank Transfer,Fiber Optic,5,4.0,0,No,Under 25,25-48 Months
102215,Male,67.0,Khan Yunis,63.0,Two Year,97.69,6154.47,Cash,Fiber Optic,4,4.0,3,No,55+,49-72 Months
102216,Female,26.0,Khan Yunis,19.0,Two Year,38.62,733.78,Bank Transfer,Fiber Optic,2,3.0,0,No,25-34,13-24 Months
102217,Female,34.0,Khan Yunis,43.0,One Year,107.14,4607.02,Cash,DSL,3,2.0,0,No,25-34,25-48 Months
102218,Female,38.0,Jericho,67.0,Month-to-Month,84.65,5671.55,PayPal,DSL,1,4.0,1,No,35-44,49-72 Months
102219,Male,42.0,Gaza,72.0,One Year,125.81,9058.32,PayPal,No Internet,0,2.0,3,Yes,35-44,49-72 Months
102220,Female,25.0,Ramallah,54.0,One Year,106.96,5775.839999999999,Credit Card,No Internet,2,2.0,0,No,25-34,49-72 Months
102221,Female,38.0,Jericho,41.0,Month-to-Month,49.08,2012.28,Bank Transfer,No Internet,1,2.0,2,No,35-44,25-48 Months
102222,Female,34.0,Ramallah,51.0,Month-to-Month,73.76,3761.76,PayPal,Fiber Optic,2,3.0,0,No,25-34,49-72 Months
102223,Female,30.0,Bethlehem,26.0,One Year,58.12,1511.12,Cash,No Internet,0,3.0,0,No,25-34,25-48 Months
102224,Female,66.0,Ramallah,61.0,One Year,56.38,3439.1800000000003,Bank Transfer,Fiber Optic,4,4.0,0,No,55+,49-72 Months
102225,Female,43.0,Jericho,49.0,Two Year,80.24,3931.7599999999998,Credit Card,Fiber Optic,2,4.0,2,No,35-44,49-72 Months
102226,Male,51.0,Hebron,8.0,One Year,61.15,489.2,Cash,No Internet,3,3.0,1,No,45-54,0-12 Months
102227,Male,42.0,Gaza,49.0,One Year,58.15,2849.35,PayPal,No Internet,5,4.0,1,No,35-44,49-72 Months
102228,Female,61.0,Jericho,4.0,Month-to-Month,77.96,311.84,PayPal,DSL,1,3.0,3,Yes,55+,0-12 Months
102229,Female,27.0,Ramallah,60.0,Month-to-Month,35.87,2152.2,Credit Card,DSL,2,2.0,2,No,25-34,49-72 Months
102230,Female,39.0,Rafah,1.0,Month-to-Month,51.86,51.86,Credit Card,Fiber Optic,2,4.0,1,No,35-44,0-12 Months
102231,Female,38.0,Nablus,11.0,Month-to-Month,46.56,512.1600000000001,Bank Transfer,DSL,1,3.0,1,Yes,35-44,0-12 Months
102232,Male,28.0,Jericho,64.0,One Year,67.12,4295.68,Credit Card,No Internet,0,4.0,0,No,25-34,49-72 Months
102233,Male,36.0,Gaza,52.0,Month-to-Month,129.98,6758.959999999999,Credit Card,Fiber Optic,1,2.0,4,No,35-44,49-72 Months
102234,Female,52.0,Nablus,61.0,Month-to-Month,87.57,5341.7699999999995,Cash,Fiber Optic,0,3.0,4,No,45-54,49-72 Months
102235,Male,51.0,Bethlehem,5.0,One Year,70.29,351.45000000000005,Credit Card,No Internet,1,3.0,0,No,45-54,0-12 Months
102236,Male,49.0,Rafah,26.0,Two Year,47.92,1245.92,Cash,No Internet,1,4.0,0,No,45-54,25-48 Months
102237,Male,28.0,Jericho,40.0,Month-to-Month,111.12,4444.8,Credit Card,No Internet,2,2.0,1,No,25-34,25-48 Months
102238,Male,47.0,Jenin,47.0,Two Year,62.68,2945.96,Bank Transfer,Fiber Optic,6,2.0,0,No,45-54,25-48 Months
102239,Male,30.0,Nablus,53.0,Month-to-Month,61.72,3271.16,PayPal,Fiber Optic,3,4.0,1,No,25-34,49-72 Months
102240,Female,54.0,Rafah,69.0,One Year,52.39,3614.91,PayPal,DSL,1,3.0,1,No,45-54,49-72 Months
102241,Male,55.0,Bethlehem,19.0,Two Year,55.45,1053.55,Cash,DSL,0,4.0,0,No,55+,13-24 Months
102242,Female,26.0,Hebron,39.0,Month-to-Month,67.31,2625.09,PayPal,Fiber Optic,1,3.0,3,No,25-34,25-48 Months
102243,Female,43.0,Jericho,26.0,Month-to-Month,114.98,2989.48,Credit Card,No Internet,1,4.0,0,No,35-44,25-48 Months
102244,Female,24.0,Khan Yunis,60.0,Month-to-Month,32.02,1921.2000000000003,Cash,DSL,3,4.0,0,No,Under 25,49-72 Months
102245,Male,44.0,Jenin,62.0,Month-to-Month,72.56,4498.72,PayPal,DSL,3,2.0,1,No,35-44,49-72 Months
102246,Male,24.0,Rafah,11.0,Month-to-Month,87.07,957.77,Credit Card,DSL,1,3.0,1,Yes,Under 25,0-12 Months
102247,Female,21.0,Rafah,44.0,One Year,27.74,1220.56,Bank Transfer,No Internet,4,4.0,1,No,Under 25,25-48 Months
102248,Male,34.0,Hebron,21.0,One Year,94.96,1994.1599999999999,Credit Card,DSL,2,3.0,1,No,25-34,13-24 Months
102249,Male,22.0,Bethlehem,29.0,Two Year,79.93,2317.9700000000003,Credit Card,No Internet,1,4.0,1,No,Under 25,25-48 Months
102250,Female,28.0,Hebron,45.0,Month-to-Month,88.61,3987.45,Bank Transfer,No Internet,1,5.0,1,No,25-34,25-48 Months
102251,Female,28.0,Khan Yunis,45.0,Month-to-Month,97.33,4379.85,Cash,No Internet,2,3.0,0,No,25-34,25-48 Months
102252,Male,38.0,Nablus,71.0,Month-to-Month,74.38,5280.98,PayPal,Fiber Optic,0,3.0,2,No,35-44,49-72 Months
102253,Male,23.0,Hebron,35.0,Two Year,87.9,3076.5,PayPal,Fiber Optic,3,4.0,0,No,Under 25,25-48 Months
102254,Male,18.0,Tulkarm,54.0,One Year,50.08,2704.3199999999997,Cash,No Internet,2,2.0,1,No,Under 25,49-72 Months
102255,Male,47.0,Bethlehem,63.0,Month-to-Month,36.54,2302.02,Cash,DSL,3,1.0,2,No,45-54,49-72 Months
102256,Female,37.0,Gaza,67.0,Two Year,57.0,3819.0,Cash,Fiber Optic,3,3.0,0,No,35-44,49-72 Months
102257,Female,35.0,Tulkarm,52.0,One Year,35.52,1847.0400000000002,Bank Transfer,Fiber Optic,1,5.0,1,No,35-44,49-72 Months
102258,Female,18.0,Tulkarm,71.0,Two Year,46.61,3309.31,Credit Card,DSL,0,3.0,2,No,Under 25,49-72 Months
102259,Male,44.0,Rafah,7.0,Two Year,51.35,359.45,Bank Transfer,No Internet,1,5.0,2,No,35-44,0-12 Months
102260,Male,35.0,Rafah,57.0,Month-to-Month,84.26,4802.820000000001,Cash,No Internet,1,3.0,0,No,35-44,49-72 Months
102261,Male,21.0,Nablus,16.0,One Year,41.0,656.0,Cash,DSL,2,5.0,0,Yes,Under 25,13-24 Months
102262,Male,35.0,Jenin,26.0,Month-to-Month,47.45,1233.7,PayPal,DSL,1,4.0,2,No,35-44,25-48 Months
102263,Female,34.0,Nablus,3.0,One Year,20.0,60.0,Credit Card,DSL,1,4.0,1,No,25-34,0-12 Months
102264,Male,32.0,Khan Yunis,29.0,Two Year,53.04,1538.16,PayPal,Fiber Optic,2,3.0,0,No,25-34,25-48 Months
102265,Female,52.0,Rafah,8.0,Month-to-Month,96.96,775.68,Credit Card,Fiber Optic,2,4.0,1,No,45-54,0-12 Months
102266,Male,39.0,Nablus,42.0,Month-to-Month,92.43,3882.0600000000004,Credit Card,Fiber Optic,4,4.0,1,No,35-44,25-48 Months
102267,Male,25.0,Rafah,41.0,Month-to-Month,81.66,3348.06,Credit Card,No Internet,0,3.0,0,No,25-34,25-48 Months
102268,Male,53.0,Hebron,67.0,Two Year,50.65,3393.5499999999997,Bank Transfer,Fiber Optic,3,5.0,1,No,45-54,49-72 Months
102269,Female,60.0,Jenin,71.0,One Year,113.25,8040.75,Cash,DSL,0,3.0,1,No,55+,49-72 Months
102270,Male,41.0,Tulkarm,54.0,Month-to-Month,108.8,5875.2,PayPal,Fiber Optic,1,2.0,1,No,35-44,49-72 Months
102271,Male,47.0,Ramallah,72.0,Two Year,70.09,5046.4800000000005,Cash,DSL,2,4.0,2,No,45-54,49-72 Months
102272,Female,38.0,Nablus,37.0,One Year,55.3,2046.1,Cash,No Internet,3,4.0,1,No,35-44,25-48 Months
102273,Male,18.0,Khan Yunis,57.0,One Year,63.01,3591.5699999999997,Bank Transfer,Fiber Optic,3,4.0,0,No,Under 25,49-72 Months
102274,Male,51.0,Jericho,50.0,Month-to-Month,70.57,3528.4999999999995,Cash,No Internet,0,4.0,1,Yes,45-54,49-72 Months
102275,Male,23.0,Nablus,37.0,Two Year,110.6,4092.2,Cash,Fiber Optic,3,3.0,2,No,Under 25,25-48 Months
102276,Female,40.0,Jericho,67.0,Month-to-Month,70.4,4716.8,Credit Card,Fiber Optic,3,4.0,1,No,35-44,49-72 Months
102277,Male,47.0,Gaza,48.0,One Year,66.1,3172.7999999999997,PayPal,No Internet,2,4.0,2,No,45-54,25-48 Months
102278,Female,51.0,Rafah,69.0,One Year,52.18,3600.42,Cash,No Internet,3,5.0,2,No,45-54,49-72 Months
102279,Female,31.0,Rafah,63.0,Month-to-Month,98.28,6191.64,Cash,DSL,1,4.0,0,No,25-34,49-72 Months
102280,Male,33.0,Jenin,42.0,One Year,70.28,2951.76,Cash,DSL,2,3.0,2,No,25-34,25-48 Months
102281,Female,53.0,Gaza,6.0,Two Year,69.73,418.38,PayPal,DSL,2,4.0,0,No,45-54,0-12 Months
102282,Male,46.0,Tulkarm,6.0,Month-to-Month,94.67,568.02,Cash,No Internet,2,2.0,1,No,45-54,0-12 Months
102283,Female,50.0,Tulkarm,59.0,Month-to-Month,131.45,7755.549999999999,PayPal,No Internet,3,5.0,2,No,45-54,49-72 Months
102284,Female,57.0,Bethlehem,44.0,Month-to-Month,106.24,4674.5599999999995,Bank Transfer,DSL,3,4.0,2,No,55+,25-48 Months
102285,Male,57.0,Hebron,29.0,One Year,68.41,1983.8899999999999,Cash,No Internet,0,2.0,0,No,55+,25-48 Months
102286,Female,56.0,Rafah,32.0,Month-to-Month,83.4,2668.8,PayPal,DSL,1,5.0,0,No,55+,25-48 Months
102287,Male,57.0,Rafah,42.0,One Year,74.36,3123.12,Credit Card,No Internet,2,2.0,1,No,55+,25-48 Months
102288,Female,18.0,Gaza,16.0,One Year,76.39,1222.24,Cash,Fiber Optic,2,4.0,1,No,Under 25,13-24 Months
102289,Female,27.0,Khan Yunis,62.0,Month-to-Month,35.17,2180.54,PayPal,Fiber Optic,2,4.0,3,No,25-34,49-72 Months
102290,Male,39.0,Tulkarm,9.0,Two Year,93.34,840.0600000000001,Cash,DSL,1,2.0,3,Yes,35-44,0-12 Months
102291,Male,48.0,Tulkarm,5.0,Two Year,77.74,388.7,Cash,Fiber Optic,2,4.0,1,No,45-54,0-12 Months
102292,Male,47.0,Rafah,48.0,Month-to-Month,94.48,4535.04,Bank Transfer,No Internet,2,3.0,0,No,45-54,25-48 Months
102293,Male,44.0,Nablus,5.0,Two Year,50.77,253.85000000000002,Credit Card,Fiber Optic,5,4.0,1,No,35-44,0-12 Months
102294,Male,54.0,Bethlehem,69.0,Month-to-Month,81.82,5645.58,Credit Card,DSL,3,3.0,3,No,45-54,49-72 Months
102295,Male,26.0,Hebron,58.0,Two Year,115.64,6707.12,Bank Transfer,Fiber Optic,8,4.0,0,No,25-34,49-72 Months
102296,Female,36.0,Rafah,72.0,Month-to-Month,47.66,3431.5199999999995,Bank Transfer,No Internet,1,2.0,0,No,35-44,49-72 Months
102297,Male,18.0,Ramallah,7.0,Month-to-Month,37.55,262.84999999999997,Cash,DSL,3,3.0,1,No,Under 25,0-12 Months
102298,Female,47.0,Ramallah,55.0,Month-to-Month,77.38,4255.9,PayPal,No Internet,0,3.0,0,No,45-54,49-72 Months
102299,Male,43.0,Nablus,50.0,Two Year,52.9,2645.0,Cash,DSL,2,4.0,1,No,35-44,49-72 Months
102300,Female,70.0,Rafah,33.0,Month-to-Month,52.89,1745.3700000000001,PayPal,DSL,1,4.0,0,Yes,55+,25-48 Months
102301,Female,32.0,Rafah,14.0,Month-to-Month,67.52,945.28,Cash,DSL,2,3.0,1,Yes,25-34,13-24 Months
102302,Female,21.0,Bethlehem,16.0,Two Year,115.65,1850.4,Unknown,DSL,1,4.0,3,No,Under 25,13-24 Months
102303,Female,46.0,Tulkarm,15.0,Month-to-Month,87.42,1311.3,Cash,Fiber Optic,2,2.0,2,Yes,45-54,13-24 Months
102304,Male,46.0,Bethlehem,15.0,Two Year,127.55,1913.25,Bank Transfer,No Internet,2,4.0,0,No,45-54,13-24 Months
102305,Female,34.0,Jericho,58.0,One Year,77.03,4467.74,PayPal,Fiber Optic,1,4.0,0,No,25-34,49-72 Months
102306,Male,32.0,Bethlehem,67.0,One Year,102.86,6891.62,Bank Transfer,Fiber Optic,1,2.0,3,No,25-34,49-72 Months
102307,Male,42.0,Rafah,64.0,Month-to-Month,78.12,4999.68,Bank Transfer,Fiber Optic,2,4.0,1,No,35-44,49-72 Months
102308,Female,29.0,Jenin,59.0,Month-to-Month,99.31,5859.29,PayPal,DSL,0,3.0,0,No,25-34,49-72 Months
102309,Female,45.0,Nablus,46.0,Month-to-Month,99.82,4591.719999999999,Bank Transfer,No Internet,2,5.0,0,No,45-54,25-48 Months
102310,Male,61.0,Jericho,9.0,Month-to-Month,69.97,629.73,Credit Card,DSL,0,3.0,1,No,55+,0-12 Months
102311,Female,55.0,Tulkarm,14.0,Month-to-Month,91.61,1282.54,Credit Card,No Internet,2,5.0,0,No,55+,13-24 Months
102312,Female,37.0,Bethlehem,28.0,One Year,106.62,2985.36,PayPal,DSL,4,2.0,1,No,35-44,25-48 Months
102313,Female,40.0,Jenin,18.0,One Year,104.35,1878.3,Cash,DSL,1,4.0,1,No,35-44,13-24 Months
102314,Female,36.0,Nablus,41.0,Month-to-Month,59.65,2445.65,Bank Transfer,No Internet,2,5.0,0,Yes,35-44,25-48 Months
102315,Male,41.0,Nablus,72.0,Two Year,30.83,2219.7599999999998,Cash,Fiber Optic,3,3.0,1,Yes,35-44,49-72 Months
102316,Male,24.0,Nablus,37.0,Month-to-Month,38.22,1414.1399999999999,Credit Card,Fiber Optic,3,4.0,2,Yes,Under 25,25-48 Months
102317,Female,18.0,Jericho,27.0,One Year,103.4,2791.8,Credit Card,Fiber Optic,2,4.0,1,No,Under 25,25-48 Months
102318,Female,53.0,Bethlehem,3.0,One Year,68.69,206.07,Credit Card,No Internet,1,4.0,1,No,45-54,0-12 Months
102319,Male,37.0,Nablus,19.0,Month-to-Month,107.22,2037.18,Cash,Fiber Optic,0,4.0,1,No,35-44,13-24 Months
102320,Female,41.0,Hebron,14.0,One Year,46.82,655.48,Cash,Fiber Optic,3,4.0,2,No,35-44,13-24 Months
102321,Male,19.0,Rafah,34.0,One Year,53.19,1808.46,Cash,No Internet,0,3.0,2,No,Under 25,25-48 Months
102322,Male,18.0,Rafah,44.0,Two Year,31.3,1377.2,Bank Transfer,No Internet,3,2.0,1,No,Under 25,25-48 Months
102323,Male,48.0,Rafah,58.0,One Year,101.48,5885.84,Cash,No Internet,4,4.0,0,No,45-54,49-72 Months
102324,Male,54.0,Jenin,21.0,Month-to-Month,71.05,1492.05,Cash,No Internet,3,3.0,0,Yes,45-54,13-24 Months
102325,Male,44.0,Nablus,25.0,One Year,62.34,1558.5,Cash,Fiber Optic,5,4.0,2,No,35-44,25-48 Months
102326,Male,39.0,Ramallah,31.0,Two Year,111.75,3464.25,PayPal,No Internet,1,3.0,2,No,35-44,25-48 Months
102327,Female,38.0,Khan Yunis,37.0,Two Year,92.09,3407.33,Bank Transfer,Fiber Optic,0,3.0,3,No,35-44,25-48 Months
102328,Male,38.0,Khan Yunis,54.0,Month-to-Month,59.9,3234.6,Credit Card,No Internet,0,4.0,1,No,35-44,49-72 Months
102329,Female,22.0,Ramallah,12.0,Two Year,84.05,1008.5999999999999,Credit Card,Fiber Optic,2,3.0,3,No,Under 25,0-12 Months
102330,Male,24.0,Jericho,41.0,Month-to-Month,64.55,2646.5499999999997,PayPal,Fiber Optic,2,3.0,0,No,Under 25,25-48 Months
102331,Female,41.0,Gaza,39.0,One Year,65.44,2552.16,Credit Card,DSL,3,5.0,2,No,35-44,25-48 Months
102332,Female,47.0,Jericho,3.0,One Year,102.81,308.43,Credit Card,No Internet,4,3.0,2,No,45-54,0-12 Months
102333,Female,28.0,Bethlehem,62.0,Month-to-Month,59.69,3700.7799999999997,PayPal,DSL,1,5.0,0,No,25-34,49-72 Months
102334,Female,62.0,Khan Yunis,39.0,Month-to-Month,68.46,2669.9399999999996,Cash,Fiber Optic,8,4.0,1,No,55+,25-48 Months
102335,Female,35.0,Tulkarm,51.0,One Year,40.56,2068.56,PayPal,DSL,3,2.0,1,Yes,35-44,49-72 Months
102336,Female,40.0,Rafah,2.0,Month-to-Month,51.46,102.92,PayPal,DSL,1,2.0,1,No,35-44,0-12 Months
102337,Female,56.0,Tulkarm,1.0,Month-to-Month,45.84,45.84,Credit Card,Fiber Optic,1,3.0,0,No,55+,0-12 Months
102338,Male,35.0,Tulkarm,52.0,One Year,41.43,2154.36,Bank Transfer,Fiber Optic,1,5.0,0,No,35-44,49-72 Months
102339,Male,51.0,Ramallah,56.0,Month-to-Month,49.91,2794.96,Cash,Fiber Optic,1,5.0,1,No,45-54,49-72 Months
102340,Male,30.0,Jenin,40.0,Month-to-Month,69.01,2760.4,Bank Transfer,Fiber Optic,1,3.0,0,No,25-34,25-48 Months
102341,Female,31.0,Khan Yunis,15.0,Month-to-Month,71.75,1076.25,Bank Transfer,Fiber Optic,2,3.0,0,No,25-34,13-24 Months
102342,Female,35.0,Tulkarm,44.0,Month-to-Month,66.1,2908.3999999999996,PayPal,Fiber Optic,4,5.0,1,No,35-44,25-48 Months
102343,Female,18.0,Nablus,10.0,Month-to-Month,95.95,959.5,Credit Card,DSL,0,5.0,0,No,Under 25,0-12 Months
102344,Male,50.0,Hebron,39.0,One Year,20.0,780.0,PayPal,Fiber Optic,2,3.0,0,No,45-54,25-48 Months
102345,Female,42.0,Ramallah,53.0,Month-to-Month,47.62,2523.8599999999997,Bank Transfer,No Internet,3,3.0,0,Yes,35-44,49-72 Months
102346,Male,47.0,Jericho,40.0,Month-to-Month,65.4,2616.0,Cash,No Internet,2,5.0,1,No,45-54,25-48 Months
102347,Male,43.0,Bethlehem,22.0,Month-to-Month,107.03,2354.66,PayPal,Fiber Optic,3,3.0,3,No,35-44,13-24 Months
102348,Male,26.0,Hebron,68.0,Month-to-Month,24.0,1632.0,Bank Transfer,No Internet,2,4.0,1,No,25-34,49-72 Months
102349,Female,47.0,Rafah,48.0,Month-to-Month,110.34,5296.32,Bank Transfer,No Internet,1,4.0,0,No,45-54,25-48 Months
102350,Male,41.0,Ramallah,46.0,Month-to-Month,102.82,4729.719999999999,Bank Transfer,No Internet,0,4.0,0,No,35-44,25-48 Months
102351,Male,75.0,Hebron,53.0,One Year,54.31,2878.4300000000003,PayPal,No Internet,1,5.0,2,No,55+,49-72 Months
102352,Male,39.0,Tulkarm,19.0,Month-to-Month,20.79,395.01,Cash,No Internet,2,5.0,0,Yes,35-44,13-24 Months
102353,Female,27.0,Jericho,11.0,Month-to-Month,78.69,865.5899999999999,Bank Transfer,Fiber Optic,2,3.0,0,No,25-34,0-12 Months
102354,Female,34.0,Ramallah,55.0,Month-to-Month,72.01,3960.55,Bank Transfer,Fiber Optic,2,4.0,0,No,25-34,49-72 Months
102355,Male,49.0,Bethlehem,42.0,Month-to-Month,89.68,3766.5600000000004,Bank Transfer,No Internet,1,2.0,1,No,45-54,25-48 Months
102356,Female,35.0,Bethlehem,12.0,Month-to-Month,61.36,736.3199999999999,PayPal,DSL,2,3.0,1,Yes,35-44,0-12 Months
102357,Male,46.0,Jericho,62.0,One Year,65.73,4075.26,Credit Card,DSL,0,3.0,0,No,45-54,49-72 Months
102358,Male,18.0,Khan Yunis,58.0,One Year,49.52,2872.1600000000003,Bank Transfer,Fiber Optic,3,3.0,1,No,Under 25,49-72 Months
102359,Male,58.0,Jenin,40.0,One Year,71.97,2878.8,Bank Transfer,Fiber Optic,2,3.0,0,No,55+,25-48 Months
102360,Female,18.0,Nablus,45.0,Month-to-Month,77.45,3485.25,Bank Transfer,DSL,2,3.0,1,Yes,Under 25,25-48 Months
102361,Female,23.0,Tulkarm,72.0,One Year,113.84,8196.48,Cash,No Internet,4,4.0,1,No,Under 25,49-72 Months
102362,Female,20.0,Rafah,20.0,Month-to-Month,69.62,1392.4,Bank Transfer,Fiber Optic,1,3.0,0,No,Under 25,13-24 Months
102363,Male,36.0,Jericho,64.0,One Year,77.24,4943.36,Cash,DSL,1,3.0,2,No,35-44,49-72 Months
102364,Female,18.0,Khan Yunis,37.0,Two Year,66.24,2450.8799999999997,PayPal,DSL,2,3.0,0,No,Under 25,25-48 Months
102365,Female,25.0,Khan Yunis,37.0,Month-to-Month,76.61,2834.57,Credit Card,No Internet,3,4.0,0,No,25-34,25-48 Months
102366,Male,40.0,Bethlehem,1.0,Month-to-Month,91.01,91.01,Credit Card,No Internet,2,3.0,1,No,35-44,0-12 Months
102367,Male,50.0,Khan Yunis,36.0,Month-to-Month,100.99,3635.64,Credit Card,No Internet,0,4.0,0,No,45-54,25-48 Months
102368,Male,39.0,Nablus,56.0,One Year,61.43,3440.08,Cash,Fiber Optic,5,2.0,2,No,35-44,49-72 Months
102369,Male,60.0,Nablus,40.0,Month-to-Month,65.14,2605.6,Bank Transfer,DSL,0,3.0,4,Yes,55+,25-48 Months
102370,Male,36.0,Rafah,68.0,Month-to-Month,70.21,4774.28,PayPal,No Internet,4,5.0,1,No,35-44,49-72 Months
102371,Female,50.0,Ramallah,57.0,Month-to-Month,30.99,1766.4299999999998,Credit Card,Fiber Optic,2,3.0,1,No,45-54,49-72 Months
102372,Female,54.0,Hebron,17.0,Month-to-Month,78.95,1342.15,Cash,Fiber Optic,2,4.0,0,Yes,45-54,13-24 Months
102373,Male,38.0,Hebron,19.0,One Year,42.25,802.75,PayPal,Fiber Optic,0,5.0,0,No,35-44,13-24 Months
102374,Male,55.0,Ramallah,50.0,Month-to-Month,93.1,4655.0,Bank Transfer,DSL,3,4.0,3,No,55+,49-72 Months
102375,Female,48.0,Gaza,29.0,Month-to-Month,112.97,3276.13,Bank Transfer,DSL,3,3.0,1,No,45-54,25-48 Months
102376,Female,47.0,Khan Yunis,38.0,Month-to-Month,102.78,3905.64,Credit Card,Fiber Optic,3,4.0,1,No,45-54,25-48 Months
102377,Male,18.0,Jericho,37.0,Month-to-Month,47.8,1768.6,PayPal,Fiber Optic,4,4.0,1,Yes,Under 25,25-48 Months
102378,Female,44.0,Khan Yunis,33.0,Month-to-Month,63.61,2099.13,Cash,DSL,1,2.0,0,Yes,35-44,25-48 Months
102379,Female,51.0,Jenin,68.0,Month-to-Month,92.04,6258.72,Bank Transfer,No Internet,3,3.0,1,No,45-54,49-72 Months
102380,Female,27.0,Bethlehem,41.0,Month-to-Month,50.63,2075.83,Cash,DSL,3,4.0,0,No,25-34,25-48 Months
102381,Female,29.0,Rafah,72.0,Two Year,59.32,4271.04,Credit Card,DSL,4,2.0,1,No,25-34,49-72 Months
102382,Female,37.0,Hebron,60.0,One Year,74.36,4461.6,Cash,Fiber Optic,1,3.0,3,No,35-44,49-72 Months
102383,Male,31.0,Hebron,56.0,Month-to-Month,64.09,3589.04,Bank Transfer,No Internet,0,3.0,0,No,25-34,49-72 Months
102384,Female,39.0,Bethlehem,44.0,One Year,53.93,2372.92,PayPal,Fiber Optic,4,3.0,2,No,35-44,25-48 Months
102385,Female,54.0,Hebron,21.0,One Year,99.88,2097.48,Credit Card,DSL,1,2.0,0,No,45-54,13-24 Months
102386,Female,43.0,Hebron,12.0,Month-to-Month,93.16,1117.92,PayPal,No Internet,1,1.0,0,No,35-44,0-12 Months
102387,Female,46.0,Jericho,48.0,Month-to-Month,31.35,1504.8000000000002,Cash,DSL,2,3.0,3,No,45-54,25-48 Months
102388,Male,32.0,Nablus,46.0,Month-to-Month,98.32,4522.719999999999,Credit Card,Fiber Optic,0,2.0,4,No,25-34,25-48 Months
102389,Male,30.0,Jenin,29.0,Two Year,69.21,2007.09,Credit Card,DSL,2,5.0,0,No,25-34,25-48 Months
102390,Male,37.0,Nablus,52.0,Month-to-Month,84.38,4387.76,Credit Card,DSL,4,3.0,1,No,35-44,49-72 Months
102391,Female,57.0,Bethlehem,63.0,Month-to-Month,71.41,4498.83,Credit Card,DSL,1,4.0,1,No,55+,49-72 Months
102392,Male,21.0,Nablus,4.0,Month-to-Month,86.66,346.64,Bank Transfer,Fiber Optic,3,5.0,1,Yes,Under 25,0-12 Months
102393,Male,19.0,Nablus,2.0,Month-to-Month,20.0,40.0,Unknown,DSL,2,2.0,0,No,Under 25,0-12 Months
102394,Male,29.0,Rafah,14.0,Month-to-Month,135.37,1895.18,Bank Transfer,DSL,2,3.0,2,Yes,25-34,13-24 Months
102395,Male,60.0,Ramallah,6.0,Month-to-Month,93.86,563.16,Cash,Fiber Optic,5,3.0,0,No,55+,0-12 Months
102396,Male,66.0,Rafah,63.0,Month-to-Month,61.5,3874.5,PayPal,DSL,1,5.0,2,No,55+,49-72 Months
102397,Male,34.0,Nablus,31.0,Month-to-Month,109.41,3391.71,Bank Transfer,No Internet,1,5.0,1,No,25-34,25-48 Months
102398,Female,21.0,Gaza,65.0,Month-to-Month,88.82,5773.299999999999,Bank Transfer,Fiber Optic,3,5.0,2,No,Under 25,49-72 Months
102399,Male,38.0,Gaza,52.0,Month-to-Month,104.47,5432.44,PayPal,No Internet,2,5.0,1,No,35-44,49-72 Months
102400,Male,35.0,Gaza,18.0,Two Year,107.94,1942.92,Bank Transfer,DSL,2,3.0,2,No,35-44,13-24 Months
102401,Female,57.0,Khan Yunis,42.0,Month-to-Month,77.14,3239.88,Cash,DSL,3,3.0,1,No,55+,25-48 Months
102402,Male,45.0,Bethlehem,13.0,One Year,47.29,614.77,Bank Transfer,DSL,3,3.0,2,No,45-54,13-24 Months
102403,Female,32.0,Bethlehem,49.0,Month-to-Month,82.96,4065.0399999999995,Bank Transfer,Fiber Optic,1,5.0,2,No,25-34,49-72 Months
102404,Female,18.0,Khan Yunis,19.0,One Year,60.5,1149.5,PayPal,DSL,2,2.0,0,No,Under 25,13-24 Months
102405,Female,23.0,Ramallah,33.0,Two Year,77.51,2557.8300000000004,Bank Transfer,DSL,5,5.0,0,Yes,Under 25,25-48 Months
102406,Male,18.0,Gaza,47.0,One Year,116.3,5466.099999999999,Bank Transfer,No Internet,2,3.0,0,No,Under 25,25-48 Months
102407,Male,36.0,Jericho,7.0,Two Year,119.88,839.16,Bank Transfer,No Internet,1,2.0,1,No,35-44,0-12 Months
102408,Male,44.0,Hebron,1.0,One Year,51.05,51.05,PayPal,Fiber Optic,0,3.0,0,No,35-44,0-12 Months
102409,Male,32.0,Khan Yunis,50.0,Two Year,110.08,5504.0,Credit Card,No Internet,2,4.0,1,No,25-34,49-72 Months
102410,Male,26.0,Hebron,46.0,Month-to-Month,73.37,3375.0200000000004,Bank Transfer,DSL,2,3.0,2,No,25-34,25-48 Months
102411,Female,33.0,Khan Yunis,14.0,Month-to-Month,51.96,727.44,PayPal,No Internet,2,4.0,4,No,25-34,13-24 Months
102412,Female,36.0,Tulkarm,24.0,One Year,65.79,1578.96,Credit Card,Fiber Optic,4,3.0,2,No,35-44,13-24 Months
102413,Male,40.0,Gaza,68.0,One Year,52.36,3560.48,Credit Card,DSL,1,3.0,0,No,35-44,49-72 Months
102414,Female,27.0,Hebron,65.0,Month-to-Month,88.52,5753.8,PayPal,DSL,4,3.0,1,Yes,25-34,49-72 Months
102415,Male,49.0,Hebron,3.0,Two Year,33.92,101.76,Credit Card,Fiber Optic,1,3.0,0,No,45-54,0-12 Months
102416,Male,22.0,Nablus,58.0,Month-to-Month,96.85,5617.299999999999,Credit Card,DSL,1,4.0,0,Yes,Under 25,49-72 Months
102417,Female,39.0,Tulkarm,60.0,Month-to-Month,77.34,4640.400000000001,Credit Card,No Internet,2,3.0,2,Yes,35-44,49-72 Months
102418,Female,38.0,Hebron,27.0,One Year,76.16,2056.3199999999997,Bank Transfer,DSL,1,3.0,0,No,35-44,25-48 Months
102419,Male,35.0,Rafah,45.0,One Year,93.09,4189.05,Credit Card,DSL,3,4.0,0,No,35-44,25-48 Months
102420,Female,40.0,Tulkarm,45.0,Month-to-Month,50.26,2261.7,Credit Card,DSL,1,4.0,2,Yes,35-44,25-48 Months
102421,Female,18.0,Rafah,32.0,One Year,97.0,3104.0,Credit Card,DSL,2,2.0,2,No,Under 25,25-48 Months
102422,Male,28.0,Rafah,44.0,Month-to-Month,95.77,4213.88,Bank Transfer,No Internet,1,2.0,0,No,25-34,25-48 Months
102423,Male,27.0,Rafah,26.0,Month-to-Month,89.67,2331.42,PayPal,No Internet,2,3.0,2,No,25-34,25-48 Months
102424,Female,35.0,Gaza,50.0,Month-to-Month,102.64,5132.0,Bank Transfer,DSL,1,3.0,0,No,35-44,49-72 Months
102425,Female,42.0,Hebron,39.0,One Year,118.8,4633.2,PayPal,Fiber Optic,2,2.0,0,No,35-44,25-48 Months
102426,Male,34.0,Khan Yunis,60.0,Month-to-Month,46.38,2782.8,PayPal,Fiber Optic,4,4.0,2,Yes,25-34,49-72 Months
102427,Female,26.0,Khan Yunis,53.0,Month-to-Month,160.2,8490.599999999999,Credit Card,DSL,4,3.0,2,No,25-34,49-72 Months
102428,Female,22.0,Ramallah,42.0,One Year,52.84,2219.28,PayPal,DSL,2,3.0,3,No,Under 25,25-48 Months
102429,Female,39.0,Tulkarm,27.0,Two Year,71.39,1927.53,Credit Card,No Internet,1,4.0,1,Yes,35-44,25-48 Months
102430,Male,32.0,Unknown,4.0,Month-to-Month,43.84,175.36,PayPal,Fiber Optic,3,2.0,2,No,25-34,0-12 Months
102431,Male,28.0,Tulkarm,33.0,Month-to-Month,105.61,3485.13,Credit Card,DSL,1,3.0,1,No,25-34,25-48 Months
102432,Female,42.0,Hebron,53.0,Month-to-Month,91.12,4829.360000000001,PayPal,No Internet,1,3.0,0,No,35-44,49-72 Months
102433,Male,34.0,Ramallah,68.0,Two Year,78.3,5324.4,Cash,No Internet,1,4.0,2,No,25-34,49-72 Months
102434,Male,43.0,Rafah,72.0,Two Year,88.16,6347.5199999999995,PayPal,DSL,0,2.0,1,No,35-44,49-72 Months
102435,Female,24.0,Khan Yunis,15.0,One Year,100.04,1500.6000000000001,Credit Card,DSL,1,3.0,1,No,Under 25,13-24 Months
102436,Female,26.0,Nablus,69.0,Month-to-Month,78.09,5388.21,Credit Card,Fiber Optic,2,4.0,0,No,25-34,49-72 Months
102437,Female,32.0,Rafah,35.0,Month-to-Month,62.67,2193.4500000000003,PayPal,No Internet,3,5.0,0,No,25-34,25-48 Months
102438,Male,36.0,Nablus,62.0,Two Year,32.26,2000.12,Credit Card,Fiber Optic,1,3.0,2,No,35-44,49-72 Months
102439,Male,51.0,Rafah,26.0,Month-to-Month,66.79,1736.5400000000002,Bank Transfer,No Internet,0,5.0,1,No,45-54,25-48 Months
102440,Male,50.0,Jericho,70.0,Month-to-Month,61.95,4336.5,PayPal,Fiber Optic,6,5.0,2,Yes,45-54,49-72 Months
102441,Male,21.0,Jenin,42.0,One Year,42.97,1804.74,Cash,No Internet,1,2.0,2,No,Under 25,25-48 Months
102442,Male,36.0,Khan Yunis,54.0,One Year,99.01,5346.54,Credit Card,Fiber Optic,2,4.0,1,Yes,35-44,49-72 Months
102443,Male,40.0,Jenin,16.0,One Year,50.42,806.72,Cash,DSL,6,2.0,1,No,35-44,13-24 Months
102444,Male,25.0,Hebron,17.0,Two Year,54.6,928.2,PayPal,DSL,3,3.0,0,No,25-34,13-24 Months
102445,Female,73.0,Khan Yunis,13.0,Month-to-Month,90.97,1182.61,Credit Card,Fiber Optic,1,3.0,1,Yes,55+,13-24 Months
102446,Male,60.0,Nablus,16.0,One Year,90.51,1448.16,PayPal,No Internet,0,4.0,1,No,55+,13-24 Months
102447,Male,24.0,Hebron,30.0,Two Year,75.66,2269.7999999999997,PayPal,No Internet,1,4.0,1,No,Under 25,25-48 Months
102448,Female,34.0,Tulkarm,27.0,Month-to-Month,33.5,904.5,Credit Card,DSL,3,4.0,1,No,25-34,25-48 Months
102449,Female,46.0,Gaza,38.0,Month-to-Month,49.13,1866.94,Cash,No Internet,1,2.0,0,No,45-54,25-48 Months
102450,Female,59.0,Jericho,28.0,One Year,41.57,1163.96,Cash,No Internet,2,5.0,0,No,55+,25-48 Months
102451,Female,18.0,Ramallah,69.0,Two Year,69.91,4823.79,Cash,No Internet,3,3.0,5,No,Under 25,49-72 Months
102452,Male,42.0,Tulkarm,9.0,One Year,96.65,869.85,Credit Card,DSL,0,4.0,2,No,35-44,0-12 Months
102453,Male,41.0,Gaza,34.0,Month-to-Month,30.51,1037.3400000000001,Bank Transfer,DSL,0,2.0,2,Yes,35-44,25-48 Months
102454,Female,22.0,Jenin,23.0,Month-to-Month,80.19,1844.37,Bank Transfer,DSL,4,4.0,0,No,Under 25,13-24 Months
102455,Female,33.0,Tulkarm,24.0,Two Year,93.32,2239.68,Cash,DSL,5,2.0,0,No,25-34,13-24 Months
102456,Female,20.0,Khan Yunis,55.0,Month-to-Month,68.6,3772.9999999999995,Credit Card,DSL,3,4.0,0,No,Under 25,49-72 Months
102457,Female,40.0,Jericho,37.0,One Year,106.15,3927.55,Cash,DSL,1,4.0,1,No,35-44,25-48 Months
102458,Male,67.0,Jericho,20.0,Two Year,75.42,1508.4,Cash,DSL,1,4.0,1,No,55+,13-24 Months
102459,Female,43.0,Khan Yunis,62.0,Two Year,63.52,3938.2400000000002,PayPal,DSL,2,3.0,0,No,35-44,49-72 Months
102460,Male,20.0,Jericho,6.0,Month-to-Month,93.06,558.36,Cash,No Internet,0,5.0,2,No,Under 25,0-12 Months
102461,Female,25.0,Khan Yunis,40.0,Month-to-Month,82.34,3293.6000000000004,Bank Transfer,Fiber Optic,1,3.0,0,No,25-34,25-48 Months
102462,Male,32.0,Nablus,56.0,One Year,62.47,3498.3199999999997,Bank Transfer,No Internet,4,4.0,0,No,25-34,49-72 Months
102463,Female,37.0,Ramallah,39.0,Month-to-Month,77.48,3021.7200000000003,PayPal,DSL,5,4.0,1,No,35-44,25-48 Months
102464,Female,51.0,Jericho,58.0,Month-to-Month,72.59,4210.22,PayPal,No Internet,1,3.0,2,No,45-54,49-72 Months
102465,Male,66.0,Jenin,20.0,Month-to-Month,48.69,973.8,Credit Card,DSL,1,4.0,0,No,55+,13-24 Months
102466,Male,45.0,Nablus,26.0,One Year,62.52,1625.52,Cash,DSL,2,3.0,2,No,45-54,25-48 Months
102467,Female,28.0,Khan Yunis,26.0,Two Year,103.85,2700.1,PayPal,Fiber Optic,3,4.0,1,No,25-34,25-48 Months
102468,Female,48.0,Jericho,8.0,Month-to-Month,37.33,298.64,Credit Card,DSL,1,3.0,1,No,45-54,0-12 Months
102469,Male,37.0,Ramallah,43.0,Month-to-Month,73.86,3175.98,Credit Card,DSL,3,4.0,1,No,35-44,25-48 Months
102470,Male,75.0,Nablus,27.0,One Year,119.57,3228.39,Bank Transfer,Fiber Optic,3,3.0,2,No,55+,25-48 Months
102471,Male,38.0,Tulkarm,27.0,One Year,60.72,1639.44,Cash,Fiber Optic,1,1.0,1,No,35-44,25-48 Months
102472,Male,48.0,Nablus,61.0,Two Year,59.02,3600.2200000000003,Bank Transfer,No Internet,0,3.0,0,No,45-54,49-72 Months
102473,Male,21.0,Hebron,1.0,One Year,35.75,35.75,Cash,No Internet,2,3.0,0,No,Under 25,0-12 Months
102474,Female,45.0,Hebron,59.0,One Year,69.23,4084.57,Cash,Fiber Optic,2,4.0,1,No,45-54,49-72 Months
102475,Male,39.0,Ramallah,68.0,One Year,43.65,2968.2,PayPal,Fiber Optic,4,3.0,1,No,35-44,49-72 Months
102476,Male,44.0,Nablus,53.0,One Year,87.69,4647.57,Bank Transfer,DSL,3,2.0,1,Yes,35-44,49-72 Months
102477,Female,35.0,Hebron,62.0,Month-to-Month,101.47,6291.14,Cash,DSL,3,4.0,0,No,35-44,49-72 Months
102478,Male,56.0,Jenin,55.0,One Year,125.2,6886.0,Credit Card,Fiber Optic,2,4.0,2,No,55+,49-72 Months
102479,Female,46.0,Rafah,21.0,Month-to-Month,108.68,2282.28,Cash,Fiber Optic,2,2.0,1,No,45-54,13-24 Months
102480,Female,28.0,Rafah,2.0,Month-to-Month,87.94,175.88,Cash,No Internet,1,4.0,1,Yes,25-34,0-12 Months
102481,Female,32.0,Gaza,16.0,Two Year,48.32,773.12,Bank Transfer,Fiber Optic,1,3.0,0,No,25-34,13-24 Months
102482,Female,35.0,Bethlehem,65.0,Two Year,104.08,6765.2,Credit Card,DSL,2,3.0,1,No,35-44,49-72 Months
102483,Female,46.0,Jericho,69.0,Month-to-Month,111.36,7683.84,Cash,DSL,5,1.0,0,No,45-54,49-72 Months
102484,Female,37.0,Ramallah,2.0,Month-to-Month,64.66,129.32,PayPal,Fiber Optic,2,2.0,0,Yes,35-44,0-12 Months
102485,Female,29.0,Hebron,40.0,Unknown,69.97,2798.8,Bank Transfer,Fiber Optic,2,5.0,1,No,25-34,25-48 Months
102486,Male,42.0,Jericho,47.0,Month-to-Month,98.7,4638.900000000001,Cash,No Internet,2,4.0,3,No,35-44,25-48 Months
102487,Male,24.0,Tulkarm,65.0,One Year,41.47,2695.5499999999997,Bank Transfer,DSL,1,3.0,2,No,Under 25,49-72 Months
102488,Female,43.0,Tulkarm,4.0,Month-to-Month,48.16,192.64,Credit Card,DSL,0,3.0,1,No,35-44,0-12 Months
102489,Female,29.0,Jenin,8.0,Month-to-Month,44.46,355.68,PayPal,Fiber Optic,1,2.0,0,Yes,25-34,0-12 Months
102490,Male,34.0,Gaza,55.0,Month-to-Month,78.3,4306.5,PayPal,DSL,2,2.0,1,No,25-34,49-72 Months
102491,Male,32.0,Nablus,70.0,Month-to-Month,72.36,5065.2,Credit Card,DSL,3,4.0,0,No,25-34,49-72 Months
102492,Female,44.0,Ramallah,55.0,Month-to-Month,94.65,5205.75,Bank Transfer,Fiber Optic,1,4.0,2,No,35-44,49-72 Months
102493,Male,26.0,Hebron,5.0,Two Year,76.54,382.70000000000005,PayPal,DSL,1,3.0,1,No,25-34,0-12 Months
102494,Male,51.0,Jericho,55.0,Month-to-Month,44.55,2450.25,Credit Card,No Internet,4,4.0,0,Yes,45-54,49-72 Months
102495,Male,60.0,Jenin,70.0,One Year,106.89,7482.3,PayPal,DSL,3,2.0,0,No,55+,49-72 Months
102496,Male,75.0,Jericho,33.0,Two Year,132.68,4378.4400000000005,Credit Card,Fiber Optic,2,4.0,0,No,55+,25-48 Months
102497,Male,50.0,Khan Yunis,29.0,One Year,78.82,2285.7799999999997,Credit Card,DSL,1,5.0,2,No,45-54,25-48 Months
102498,Male,37.0,Ramallah,25.0,One Year,41.52,1038.0,Cash,Fiber Optic,1,5.0,1,No,35-44,25-48 Months
102499,Male,23.0,Jenin,19.0,One Year,64.52,1225.8799999999999,Credit Card,No Internet,2,5.0,2,No,Under 25,13-24 Months
102500,Male,53.0,Ramallah,53.0,Month-to-Month,56.23,2980.19,Credit Card,DSL,3,5.0,0,Yes,45-54,49-72 Months
102501,Female,52.0,Jericho,52.0,Month-to-Month,72.3,3759.6,Bank Transfer,DSL,2,4.0,0,Yes,45-54,49-72 Months
102502,Male,49.0,Hebron,54.0,Month-to-Month,71.25,3847.5,Cash,No Internet,1,5.0,1,No,45-54,49-72 Months
102503,Female,53.0,Ramallah,12.0,One Year,97.51,1170.1200000000001,Credit Card,DSL,1,2.0,1,Yes,45-54,0-12 Months
102504,Female,62.0,Khan Yunis,43.0,Month-to-Month,75.15,3231.4500000000003,PayPal,No Internet,2,2.0,1,No,55+,25-48 Months
102505,Female,50.0,Jericho,16.0,Month-to-Month,84.42,1350.72,PayPal,DSL,0,4.0,0,No,45-54,13-24 Months
102506,Female,43.0,Ramallah,1.0,One Year,50.37,50.37,Credit Card,Fiber Optic,1,5.0,3,No,35-44,0-12 Months
102507,Female,39.0,Nablus,72.0,Month-to-Month,93.55,6735.599999999999,PayPal,DSL,3,3.0,1,No,35-44,49-72 Months
102508,Female,38.0,Rafah,40.0,Month-to-Month,87.65,3506.0,Cash,Fiber Optic,1,2.0,2,No,35-44,25-48 Months
102509,Male,52.0,Rafah,32.0,Month-to-Month,99.65,3188.8,Cash,No Internet,2,3.0,0,No,45-54,25-48 Months
102510,Male,35.0,Gaza,17.0,One Year,77.61,1319.37,Cash,DSL,1,5.0,1,No,35-44,13-24 Months
102511,Female,55.0,Bethlehem,5.0,Month-to-Month,29.1,145.5,Cash,DSL,1,2.0,0,No,55+,0-12 Months
102512,Male,49.0,Ramallah,70.0,Month-to-Month,51.8,3626.0,Credit Card,DSL,2,4.0,0,No,45-54,49-72 Months
102513,Female,36.0,Tulkarm,12.0,Month-to-Month,60.77,729.24,Credit Card,No Internet,4,2.0,0,No,35-44,0-12 Months
102514,Female,38.0,Gaza,25.0,Month-to-Month,46.27,1156.75,PayPal,Fiber Optic,1,4.0,2,No,35-44,25-48 Months
102515,Male,23.0,Gaza,36.0,Month-to-Month,92.04,3313.44,Credit Card,Fiber Optic,1,5.0,0,No,Under 25,25-48 Months
102516,Male,35.0,Gaza,20.0,One Year,69.39,1387.8,Cash,No Internet,1,5.0,2,No,35-44,13-24 Months
102517,Female,32.0,Bethlehem,49.0,One Year,104.72,5131.28,PayPal,DSL,1,2.0,2,Yes,25-34,49-72 Months
102518,Male,30.0,Khan Yunis,39.0,One Year,80.19,3127.41,Credit Card,DSL,2,4.0,2,No,25-34,25-48 Months
102519,Male,18.0,Khan Yunis,9.0,One Year,74.26,668.34,Credit Card,Fiber Optic,0,5.0,1,No,Under 25,0-12 Months
102520,Female,48.0,Jenin,66.0,Two Year,63.21,4171.86,Cash,Fiber Optic,0,5.0,1,No,45-54,49-72 Months
102521,Female,22.0,Jenin,50.0,One Year,99.04,4952.0,PayPal,Fiber Optic,0,3.0,1,No,Under 25,49-72 Months
102522,Male,37.0,Hebron,2.0,Month-to-Month,28.44,56.88,PayPal,No Internet,2,3.0,2,No,35-44,0-12 Months
102523,Male,22.0,Tulkarm,70.0,Month-to-Month,40.83,2858.1,Unknown,Fiber Optic,1,5.0,0,No,Under 25,49-72 Months
102524,Male,54.0,Jenin,66.0,Month-to-Month,70.2,4633.2,PayPal,Fiber Optic,2,5.0,2,Yes,45-54,49-72 Months
102525,Male,21.0,Rafah,67.0,Month-to-Month,82.17,5505.39,Credit Card,Fiber Optic,4,4.0,0,No,Under 25,49-72 Months
102526,Female,35.0,Jericho,23.0,One Year,57.36,1319.28,Bank Transfer,DSL,2,4.0,0,No,35-44,13-24 Months
102527,Female,54.0,Bethlehem,70.0,Two Year,87.49,6124.299999999999,Unknown,No Internet,1,5.0,3,No,45-54,49-72 Months
102528,Female,33.0,Jericho,32.0,One Year,104.43,3341.76,Cash,Fiber Optic,2,1.0,1,No,25-34,25-48 Months
102529,Female,51.0,Bethlehem,68.0,One Year,66.03,4490.04,Bank Transfer,DSL,1,3.0,2,No,45-54,49-72 Months
102530,Male,38.0,Jericho,34.0,Two Year,81.01,2754.34,Bank Transfer,DSL,4,5.0,1,No,35-44,25-48 Months
102531,Male,53.0,Hebron,66.0,Month-to-Month,47.61,3142.2599999999998,Cash,DSL,2,4.0,1,No,45-54,49-72 Months
102532,Female,51.0,Unknown,7.0,Two Year,73.2,512.4,PayPal,DSL,4,2.0,3,No,45-54,0-12 Months
102533,Male,25.0,Ramallah,69.0,One Year,70.04,4832.76,PayPal,No Internet,3,3.0,1,No,25-34,49-72 Months
102534,Male,45.0,Tulkarm,36.0,Month-to-Month,112.2,4039.2000000000003,PayPal,DSL,2,3.0,0,No,45-54,25-48 Months
102535,Male,47.0,Bethlehem,25.0,Month-to-Month,68.15,1703.7500000000002,Bank Transfer,Fiber Optic,1,5.0,3,No,45-54,25-48 Months
102536,Female,47.0,Tulkarm,6.0,Month-to-Month,89.12,534.72,Cash,DSL,0,4.0,0,No,45-54,0-12 Months
102537,Male,33.0,Jericho,34.0,Month-to-Month,104.22,3543.48,Cash,DSL,2,5.0,1,No,25-34,25-48 Months
102538,Female,28.0,Nablus,41.0,Month-to-Month,92.78,3803.98,Credit Card,Fiber Optic,4,4.0,3,No,25-34,25-48 Months
102539,Male,29.0,Khan Yunis,5.0,Month-to-Month,56.39,281.95,PayPal,DSL,3,5.0,0,No,25-34,0-12 Months
102540,Male,40.0,Gaza,9.0,Two Year,26.45,238.04999999999998,Credit Card,DSL,1,4.0,0,No,35-44,0-12 Months
102541,Female,35.0,Bethlehem,16.0,Month-to-Month,70.39,1126.24,Credit Card,Fiber Optic,2,4.0,1,Yes,35-44,13-24 Months
102542,Male,26.0,Gaza,65.0,Month-to-Month,43.95,2856.75,Credit Card,Fiber Optic,1,5.0,3,No,25-34,49-72 Months
102543,Male,25.0,Ramallah,8.0,One Year,82.33,658.64,PayPal,DSL,0,2.0,0,No,25-34,0-12 Months
102544,Male,46.0,Jericho,57.0,Month-to-Month,81.18,4627.26,Bank Transfer,Fiber Optic,1,4.0,1,No,45-54,49-72 Months
102545,Female,49.0,Ramallah,71.0,Month-to-Month,94.11,6681.81,Credit Card,DSL,3,3.0,0,No,45-54,49-72 Months
102546,Male,24.0,Tulkarm,59.0,One Year,70.33,4149.47,Bank Transfer,No Internet,4,5.0,2,No,Under 25,49-72 Months
102547,Female,51.0,Bethlehem,52.0,Month-to-Month,77.85,4048.2,Bank Transfer,DSL,1,4.0,3,No,45-54,49-72 Months
102548,Female,58.0,Hebron,32.0,One Year,93.31,2985.92,Bank Transfer,No Internet,2,3.0,4,No,55+,25-48 Months
102549,Male,25.0,Ramallah,43.0,Unknown,71.25,3063.75,Credit Card,Fiber Optic,5,4.0,0,No,25-34,25-48 Months
102550,Male,37.0,Nablus,67.0,Month-to-Month,35.64,2387.88,PayPal,Fiber Optic,2,5.0,0,No,35-44,49-72 Months
102551,Female,44.0,Bethlehem,13.0,Month-to-Month,55.89,726.57,Cash,No Internet,2,2.0,0,Yes,35-44,13-24 Months
102552,Female,55.0,Hebron,64.0,Unknown,74.33,4757.12,PayPal,No Internet,5,4.0,1,No,55+,49-72 Months
102553,Male,25.0,Bethlehem,57.0,Month-to-Month,70.35,4009.95,Credit Card,Fiber Optic,2,3.0,1,No,25-34,49-72 Months
102554,Female,52.0,Tulkarm,28.0,Month-to-Month,90.66,2538.48,Cash,DSL,3,4.0,1,No,45-54,25-48 Months
102555,Female,53.0,Rafah,45.0,Month-to-Month,80.36,3616.2,Cash,DSL,0,3.0,1,No,45-54,25-48 Months
102556,Female,43.0,Jericho,58.0,One Year,64.35,3732.2999999999997,Cash,Fiber Optic,2,4.0,1,No,35-44,49-72 Months
102557,Female,37.0,Tulkarm,15.0,Two Year,108.54,1628.1000000000001,Credit Card,DSL,0,3.0,1,No,35-44,13-24 Months
102558,Male,40.0,Ramallah,3.0,Two Year,67.58,202.74,Cash,No Internet,1,3.0,0,No,35-44,0-12 Months
102559,Male,52.0,Ramallah,46.0,One Year,111.24,5117.04,PayPal,Fiber Optic,1,3.0,1,No,45-54,25-48 Months
102560,Female,69.0,Jericho,67.0,One Year,74.78,5010.26,Bank Transfer,DSL,3,4.0,2,No,55+,49-72 Months
102561,Male,60.0,Hebron,32.0,Month-to-Month,122.88,3932.16,Cash,DSL,1,3.0,3,No,55+,25-48 Months
102562,Female,24.0,Khan Yunis,45.0,One Year,112.33,5054.85,PayPal,No Internet,5,1.0,1,No,Under 25,25-48 Months
102563,Male,53.0,Tulkarm,46.0,Two Year,83.41,3836.8599999999997,Credit Card,DSL,2,3.0,2,No,45-54,25-48 Months
102564,Female,47.0,Khan Yunis,13.0,Two Year,48.72,633.36,PayPal,Fiber Optic,3,5.0,3,No,45-54,13-24 Months
102565,Male,38.0,Rafah,72.0,Month-to-Month,63.77,4591.4400000000005,PayPal,DSL,1,3.0,1,Yes,35-44,49-72 Months
102566,Male,18.0,Bethlehem,45.0,Two Year,65.01,2925.4500000000003,Cash,DSL,9,2.0,0,No,Under 25,25-48 Months
102567,Male,53.0,Hebron,66.0,Month-to-Month,70.22,4634.5199999999995,Bank Transfer,DSL,3,3.0,3,No,45-54,49-72 Months
102568,Male,29.0,Hebron,52.0,Month-to-Month,57.32,2980.64,PayPal,Fiber Optic,4,4.0,0,No,25-34,49-72 Months
102569,Male,18.0,Jenin,11.0,Month-to-Month,100.59,1106.49,PayPal,Fiber Optic,1,4.0,1,No,Under 25,0-12 Months
102570,Female,22.0,Jericho,55.0,Month-to-Month,113.83,6260.65,Credit Card,DSL,0,4.0,0,No,Under 25,49-72 Months
102571,Female,39.0,Nablus,5.0,Two Year,99.28,496.4,Cash,DSL,5,3.0,0,No,35-44,0-12 Months
102572,Male,40.0,Gaza,3.0,One Year,83.58,250.74,PayPal,Fiber Optic,1,3.0,2,No,35-44,0-12 Months
102573,Female,19.0,Unknown,19.0,Month-to-Month,71.11,1351.09,Credit Card,Fiber Optic,1,4.0,1,No,Under 25,13-24 Months
102574,Male,39.0,Jenin,12.0,Two Year,97.41,1168.92,Bank Transfer,DSL,1,3.0,0,No,35-44,0-12 Months
102575,Male,21.0,Bethlehem,8.0,Month-to-Month,74.36,594.88,Credit Card,DSL,0,2.0,1,No,Under 25,0-12 Months
102576,Male,18.0,Nablus,60.0,Month-to-Month,84.21,5052.599999999999,Cash,Fiber Optic,3,5.0,0,No,Under 25,49-72 Months
102577,Male,35.0,Nablus,45.0,Two Year,64.05,2882.25,Bank Transfer,Fiber Optic,4,3.0,0,Yes,35-44,25-48 Months
102578,Male,31.0,Khan Yunis,14.0,Month-to-Month,98.61,1380.54,PayPal,No Internet,2,5.0,1,No,25-34,13-24 Months
102579,Female,51.0,Nablus,33.0,Month-to-Month,165.28,5454.24,Bank Transfer,Fiber Optic,2,5.0,0,No,45-54,25-48 Months
102580,Male,51.0,Khan Yunis,2.0,Month-to-Month,106.97,213.94,Bank Transfer,No Internet,4,3.0,0,No,45-54,0-12 Months
102581,Male,60.0,Nablus,54.0,Month-to-Month,97.1,5243.4,Cash,Fiber Optic,1,3.0,1,No,55+,49-72 Months
102582,Male,21.0,Rafah,19.0,Month-to-Month,98.83,1877.77,Bank Transfer,Fiber Optic,4,4.0,0,No,Under 25,13-24 Months
102583,Female,36.0,Nablus,65.0,Month-to-Month,49.7,3230.5,PayPal,Fiber Optic,1,3.0,0,No,35-44,49-72 Months
102584,Female,46.0,Jericho,37.0,Month-to-Month,78.51,2904.8700000000003,Credit Card,No Internet,2,4.0,1,No,45-54,25-48 Months
102585,Female,46.0,Khan Yunis,65.0,Month-to-Month,33.49,2176.85,PayPal,DSL,1,3.0,1,No,45-54,49-72 Months
102586,Male,46.0,Gaza,32.0,Month-to-Month,45.16,1445.12,PayPal,Fiber Optic,4,3.0,0,No,45-54,25-48 Months
102587,Female,60.0,Bethlehem,64.0,Month-to-Month,70.38,4504.32,PayPal,No Internet,2,4.0,1,No,55+,49-72 Months
102588,Female,48.0,Nablus,70.0,Two Year,25.78,1804.6000000000001,Cash,Fiber Optic,3,3.0,1,No,45-54,49-72 Months
102589,Male,32.0,Jericho,4.0,One Year,120.37,481.48,Cash,DSL,0,3.0,0,No,25-34,0-12 Months
102590,Female,34.0,Nablus,21.0,Month-to-Month,101.3,2127.2999999999997,Credit Card,No Internet,3,3.0,1,No,25-34,13-24 Months
102591,Female,39.0,Jenin,63.0,Month-to-Month,83.8,5279.4,Credit Card,Fiber Optic,0,1.0,2,No,35-44,49-72 Months
102592,Male,53.0,Jenin,11.0,Month-to-Month,47.53,522.83,PayPal,Fiber Optic,4,4.0,2,No,45-54,0-12 Months
102593,Male,46.0,Khan Yunis,30.0,Month-to-Month,73.3,2199.0,Bank Transfer,Fiber Optic,2,4.0,1,No,45-54,25-48 Months
102594,Female,42.0,Gaza,63.0,Month-to-Month,84.4,5317.200000000001,Credit Card,DSL,4,3.0,1,No,35-44,49-72 Months
102595,Male,18.0,Khan Yunis,17.0,Month-to-Month,67.57,1148.6899999999998,Credit Card,DSL,1,4.0,1,No,Under 25,13-24 Months
102596,Female,27.0,Bethlehem,31.0,Month-to-Month,76.17,2361.27,Credit Card,Fiber Optic,1,3.0,1,No,25-34,25-48 Months
102597,Male,46.0,Hebron,7.0,One Year,60.15,421.05,Credit Card,DSL,2,3.0,2,No,45-54,0-12 Months
102598,Male,38.0,Khan Yunis,47.0,Month-to-Month,73.66,3462.02,Bank Transfer,No Internet,1,2.0,0,No,35-44,25-48 Months
102599,Female,32.0,Gaza,43.0,One Year,45.93,1974.99,Bank Transfer,DSL,2,4.0,1,No,25-34,25-48 Months
102600,Male,19.0,Ramallah,27.0,Month-to-Month,61.43,1658.61,Credit Card,Fiber Optic,5,2.0,0,No,Under 25,25-48 Months
102601,Male,23.0,Rafah,3.0,Two Year,51.19,153.57,Credit Card,DSL,2,2.0,1,No,Under 25,0-12 Months
102602,Male,42.0,Jenin,63.0,One Year,63.17,3979.71,Cash,No Internet,1,4.0,0,No,35-44,49-72 Months
102603,Male,46.0,Nablus,16.0,Two Year,86.14,1378.24,Bank Transfer,Fiber Optic,2,3.0,1,No,45-54,13-24 Months
102604,Male,32.0,Gaza,55.0,Month-to-Month,76.2,4191.0,PayPal,Fiber Optic,6,3.0,1,No,25-34,49-72 Months
102605,Male,41.0,Tulkarm,64.0,One Year,97.18,6219.52,Credit Card,No Internet,0,3.0,0,No,35-44,49-72 Months
102606,Male,30.0,Rafah,70.0,One Year,54.45,3811.5,Cash,Fiber Optic,1,4.0,3,No,25-34,49-72 Months
102607,Female,58.0,Hebron,3.0,Month-to-Month,63.85,191.55,Bank Transfer,DSL,3,3.0,0,No,55+,0-12 Months
102608,Female,68.0,Jericho,57.0,Month-to-Month,71.65,4084.05,Bank Transfer,DSL,2,3.0,2,No,55+,49-72 Months
102609,Male,41.0,Tulkarm,46.0,Month-to-Month,20.0,920.0,Bank Transfer,No Internet,3,4.0,2,No,35-44,25-48 Months
102610,Male,55.0,Tulkarm,55.0,One Year,67.19,3695.45,Cash,No Internet,1,3.0,2,Yes,55+,49-72 Months
102611,Male,38.0,Jericho,25.0,Month-to-Month,98.1,2452.5,Credit Card,No Internet,4,4.0,1,Yes,35-44,25-48 Months
102612,Male,18.0,Hebron,43.0,Month-to-Month,52.2,2244.6,Credit Card,No Internet,2,3.0,0,No,Under 25,25-48 Months
102613,Male,48.0,Jenin,5.0,Month-to-Month,114.69,573.45,Credit Card,No Internet,1,3.0,2,No,45-54,0-12 Months
102614,Male,41.0,Gaza,15.0,Month-to-Month,70.68,1060.2,PayPal,Fiber Optic,0,5.0,5,Yes,35-44,13-24 Months
102615,Male,56.0,Nablus,47.0,Month-to-Month,55.43,2605.21,Bank Transfer,DSL,4,4.0,1,No,55+,25-48 Months
102616,Female,52.0,Rafah,46.0,Two Year,100.3,4613.8,Cash,No Internet,3,1.0,1,No,45-54,25-48 Months
102617,Male,34.0,Hebron,56.0,Month-to-Month,84.58,4736.48,PayPal,DSL,3,3.0,0,No,25-34,49-72 Months
102618,Female,49.0,Gaza,8.0,Two Year,74.36,594.88,PayPal,DSL,1,3.0,1,No,45-54,0-12 Months
102619,Male,26.0,Rafah,44.0,Month-to-Month,90.62,3987.28,Bank Transfer,Fiber Optic,3,2.0,0,No,25-34,25-48 Months
102620,Male,38.0,Jenin,43.0,Month-to-Month,52.37,2251.91,Bank Transfer,Fiber Optic,1,3.0,0,No,35-44,25-48 Months
102621,Male,34.0,Jericho,32.0,Month-to-Month,46.27,1480.64,PayPal,DSL,0,5.0,2,Yes,25-34,25-48 Months
102622,Male,58.0,Jenin,18.0,Month-to-Month,85.38,1536.84,PayPal,DSL,4,4.0,0,No,55+,13-24 Months
102623,Female,44.0,Ramallah,27.0,Month-to-Month,34.11,920.97,Credit Card,Fiber Optic,2,4.0,3,No,35-44,25-48 Months
102624,Male,50.0,Nablus,20.0,One Year,85.16,1703.1999999999998,Bank Transfer,No Internet,3,3.0,2,No,45-54,13-24 Months
102625,Male,38.0,Jenin,30.0,Month-to-Month,74.23,2226.9,Bank Transfer,No Internet,3,2.0,0,No,35-44,25-48 Months
102626,Male,62.0,Hebron,30.0,Month-to-Month,80.67,2420.1,Bank Transfer,DSL,0,2.0,0,Yes,55+,25-48 Months
102627,Male,37.0,Rafah,64.0,One Year,44.55,2851.2,Unknown,Fiber Optic,2,5.0,3,No,35-44,49-72 Months
102628,Female,41.0,Jericho,49.0,Two Year,86.91,4258.59,Bank Transfer,Fiber Optic,3,5.0,0,No,35-44,49-72 Months
102629,Female,58.0,Tulkarm,39.0,Month-to-Month,86.66,3379.74,Bank Transfer,No Internet,7,2.0,1,Yes,55+,25-48 Months
102630,Female,26.0,Jericho,71.0,One Year,62.36,4427.56,Bank Transfer,Fiber Optic,2,3.0,1,No,25-34,49-72 Months
102631,Male,24.0,Bethlehem,70.0,Month-to-Month,65.52,4586.4,Credit Card,DSL,3,2.0,1,No,Under 25,49-72 Months
102632,Female,28.0,Rafah,22.0,Month-to-Month,46.52,1023.44,Cash,DSL,4,5.0,1,No,25-34,13-24 Months
102633,Male,60.0,Nablus,71.0,Two Year,115.37,8191.27,Cash,Fiber Optic,1,3.0,0,Yes,55+,49-72 Months
102634,Female,45.0,Tulkarm,35.0,Month-to-Month,55.95,1958.25,Credit Card,Fiber Optic,1,3.0,2,Yes,45-54,25-48 Months
102635,Female,31.0,Ramallah,49.0,One Year,50.15,2457.35,Cash,No Internet,0,5.0,1,No,25-34,49-72 Months
102636,Male,71.0,Jenin,56.0,Month-to-Month,89.98,5038.88,Credit Card,No Internet,3,3.0,2,No,55+,49-72 Months
102637,Female,50.0,Hebron,58.0,Month-to-Month,90.86,5269.88,Credit Card,DSL,2,2.0,1,No,45-54,49-72 Months
102638,Male,45.0,Jenin,72.0,Two Year,97.68,7032.960000000001,Cash,Fiber Optic,0,3.0,0,No,45-54,49-72 Months
102639,Male,50.0,Gaza,54.0,Month-to-Month,66.6,3596.3999999999996,PayPal,Fiber Optic,4,3.0,1,No,45-54,49-72 Months
102640,Male,28.0,Nablus,2.0,One Year,110.8,221.6,Cash,No Internet,1,3.0,1,No,25-34,0-12 Months
102641,Female,48.0,Bethlehem,58.0,Month-to-Month,69.98,4058.84,PayPal,No Internet,2,2.0,1,No,45-54,49-72 Months
102642,Male,46.0,Jericho,37.0,One Year,55.25,2044.25,Credit Card,No Internet,2,3.0,1,Yes,45-54,25-48 Months
102643,Male,34.0,Hebron,66.0,Month-to-Month,64.63,4265.58,Credit Card,No Internet,2,4.0,1,No,25-34,49-72 Months
102644,Male,51.0,Ramallah,66.0,Month-to-Month,51.6,3405.6,Bank Transfer,DSL,0,2.0,0,No,45-54,49-72 Months
102645,Male,49.0,Gaza,46.0,Month-to-Month,88.3,4061.7999999999997,Credit Card,No Internet,1,4.0,0,No,45-54,25-48 Months
102646,Female,25.0,Tulkarm,56.0,Two Year,55.78,3123.6800000000003,Cash,No Internet,1,4.0,1,No,25-34,49-72 Months
102647,Female,45.0,Tulkarm,12.0,Month-to-Month,62.34,748.08,Credit Card,Fiber Optic,5,3.0,2,No,45-54,0-12 Months
102648,Female,52.0,Nablus,39.0,Month-to-Month,61.23,2387.97,Credit Card,Fiber Optic,0,5.0,1,No,45-54,25-48 Months
102649,Male,55.0,Tulkarm,52.0,Month-to-Month,83.99,4367.48,Cash,No Internet,0,1.0,1,Yes,55+,49-72 Months
102650,Female,29.0,Rafah,10.0,One Year,66.92,669.2,Cash,No Internet,4,2.0,1,No,25-34,0-12 Months
102651,Female,49.0,Tulkarm,12.0,One Year,48.99,587.88,Cash,No Internet,3,3.0,0,No,45-54,0-12 Months
102652,Female,18.0,Jenin,70.0,Two Year,128.3,8981.0,Cash,No Internet,1,3.0,1,No,Under 25,49-72 Months
102653,Male,55.0,Tulkarm,67.0,One Year,75.83,5080.61,Bank Transfer,DSL,3,3.0,2,No,55+,49-72 Months
102654,Male,24.0,Jericho,43.0,One Year,68.74,2955.8199999999997,Credit Card,No Internet,1,2.0,1,No,Under 25,25-48 Months
102655,Male,36.0,Khan Yunis,37.0,Month-to-Month,70.75,2617.75,PayPal,DSL,3,1.0,1,Yes,35-44,25-48 Months
102656,Male,46.0,Gaza,10.0,Two Year,88.43,884.3000000000001,Cash,No Internet,1,4.0,0,No,45-54,0-12 Months
102657,Male,69.0,Gaza,13.0,Two Year,38.5,500.5,Credit Card,Fiber Optic,2,3.0,2,No,55+,13-24 Months
102658,Male,50.0,Jenin,48.0,One Year,33.23,1595.04,Bank Transfer,DSL,5,3.0,3,Yes,45-54,25-48 Months
102659,Male,42.0,Tulkarm,27.0,One Year,114.54,3092.5800000000004,PayPal,Fiber Optic,2,5.0,1,No,35-44,25-48 Months
102660,Male,58.0,Khan Yunis,69.0,Month-to-Month,91.59,6319.71,Cash,No Internet,2,4.0,1,No,55+,49-72 Months
102661,Male,24.0,Bethlehem,65.0,Month-to-Month,101.72,6611.8,PayPal,Fiber Optic,2,5.0,2,No,Under 25,49-72 Months
102662,Female,41.0,Gaza,25.0,One Year,69.48,1737.0,Credit Card,Fiber Optic,3,4.0,0,No,35-44,25-48 Months
102663,Male,36.0,Gaza,36.0,One Year,63.75,2295.0,Credit Card,DSL,1,4.0,0,No,35-44,25-48 Months
102664,Male,60.0,Nablus,29.0,Month-to-Month,105.77,3067.33,Cash,DSL,0,1.0,2,No,55+,25-48 Months
102665,Female,26.0,Gaza,35.0,Two Year,58.0,2030.0,Credit Card,No Internet,1,2.0,5,Yes,25-34,25-48 Months
102666,Female,40.0,Nablus,58.0,Unknown,86.74,5030.92,Bank Transfer,DSL,1,3.0,0,No,35-44,49-72 Months
102667,Male,36.0,Jericho,31.0,Month-to-Month,62.26,1930.06,PayPal,DSL,0,3.0,2,Yes,35-44,25-48 Months
102668,Male,63.0,Ramallah,72.0,Month-to-Month,29.08,2093.7599999999998,Cash,DSL,2,4.0,0,No,55+,49-72 Months
102669,Female,44.0,Tulkarm,62.0,Month-to-Month,83.94,5204.28,PayPal,Fiber Optic,1,4.0,1,No,35-44,49-72 Months
102670,Male,18.0,Jericho,21.0,Month-to-Month,72.87,1530.27,Credit Card,Fiber Optic,1,3.0,0,No,Under 25,13-24 Months
102671,Female,31.0,Bethlehem,5.0,One Year,63.03,315.15,Bank Transfer,Fiber Optic,3,2.0,1,No,25-34,0-12 Months
102672,Male,44.0,Tulkarm,42.0,Month-to-Month,84.42,3545.64,PayPal,No Internet,3,5.0,0,No,35-44,25-48 Months
102673,Female,61.0,Khan Yunis,23.0,Month-to-Month,59.17,1360.91,Cash,DSL,2,2.0,3,No,55+,13-24 Months
102674,Female,18.0,Ramallah,13.0,Month-to-Month,56.18,730.34,PayPal,No Internet,2,5.0,2,Yes,Under 25,13-24 Months
102675,Female,39.0,Gaza,28.0,Month-to-Month,68.22,1910.1599999999999,PayPal,Fiber Optic,2,5.0,0,No,35-44,25-48 Months
102676,Female,45.0,Jericho,8.0,Month-to-Month,67.95,543.6,Bank Transfer,Fiber Optic,1,3.0,1,No,45-54,0-12 Months
102677,Male,44.0,Ramallah,45.0,One Year,111.48,5016.6,Credit Card,Fiber Optic,1,3.0,0,No,35-44,25-48 Months
102678,Male,65.0,Tulkarm,67.0,Month-to-Month,81.71,5474.57,Bank Transfer,No Internet,0,3.0,1,Yes,55+,49-72 Months
102679,Male,38.0,Jenin,35.0,Month-to-Month,74.46,2606.1,Bank Transfer,No Internet,3,5.0,0,No,35-44,25-48 Months
102680,Female,18.0,Hebron,24.0,Month-to-Month,74.72,1793.28,Cash,DSL,6,3.0,0,No,Under 25,13-24 Months
102681,Male,31.0,Tulkarm,63.0,One Year,53.75,3386.25,Bank Transfer,Fiber Optic,0,3.0,1,No,25-34,49-72 Months
102682,Female,29.0,Jericho,55.0,Month-to-Month,118.59,6522.45,Bank Transfer,No Internet,2,4.0,2,Yes,25-34,49-72 Months
102683,Female,31.0,Tulkarm,53.0,Month-to-Month,64.86,3437.58,Bank Transfer,Fiber Optic,0,3.0,1,No,25-34,49-72 Months
102684,Male,43.0,Bethlehem,9.0,Month-to-Month,75.87,682.83,PayPal,Fiber Optic,2,3.0,1,No,35-44,0-12 Months
102685,Female,69.0,Nablus,59.0,Month-to-Month,68.64,4049.76,PayPal,Fiber Optic,2,3.0,1,No,55+,49-72 Months
102686,Female,27.0,Ramallah,27.0,Two Year,82.03,2214.81,Bank Transfer,DSL,3,3.0,0,No,25-34,25-48 Months
102687,Male,55.0,Ramallah,72.0,One Year,59.31,4270.32,PayPal,Fiber Optic,2,4.0,0,No,55+,49-72 Months
102688,Male,41.0,Jenin,13.0,One Year,48.01,624.13,Cash,No Internet,0,3.0,2,No,35-44,13-24 Months
102689,Female,43.0,Jenin,58.0,Month-to-Month,67.8,3932.3999999999996,PayPal,DSL,4,5.0,1,Yes,35-44,49-72 Months
102690,Male,46.0,Hebron,28.0,Two Year,82.53,2310.84,Credit Card,DSL,2,3.0,0,No,45-54,25-48 Months
102691,Male,37.0,Jenin,45.0,Month-to-Month,85.98,3869.1000000000004,Bank Transfer,No Internet,3,4.0,0,No,35-44,25-48 Months
102692,Male,50.0,Bethlehem,1.0,Two Year,39.61,39.61,Credit Card,DSL,4,3.0,1,No,45-54,0-12 Months
102693,Female,39.0,Hebron,19.0,One Year,75.45,1433.55,Cash,Fiber Optic,1,5.0,1,Yes,35-44,13-24 Months
102694,Female,28.0,Hebron,40.0,Month-to-Month,100.87,4034.8,Bank Transfer,No Internet,3,3.0,1,No,25-34,25-48 Months
102695,Female,26.0,Hebron,61.0,Month-to-Month,74.96,4572.5599999999995,Cash,Fiber Optic,2,2.0,0,No,25-34,49-72 Months
102696,Female,35.0,Khan Yunis,58.0,Month-to-Month,51.77,3002.6600000000003,PayPal,No Internet,2,4.0,0,No,35-44,49-72 Months
102697,Male,40.0,Jericho,39.0,Two Year,87.03,3394.17,Cash,Fiber Optic,3,4.0,0,No,35-44,25-48 Months
102698,Male,43.0,Rafah,53.0,One Year,57.98,3072.94,Cash,Fiber Optic,2,4.0,0,No,35-44,49-72 Months
102699,Male,52.0,Gaza,15.0,Month-to-Month,53.12,796.8,PayPal,Fiber Optic,3,5.0,0,No,45-54,13-24 Months
102700,Female,21.0,Bethlehem,2.0,One Year,51.28,102.56,PayPal,Fiber Optic,2,5.0,0,No,Under 25,0-12 Months
102701,Female,40.0,Khan Yunis,26.0,Month-to-Month,74.12,1927.1200000000001,Credit Card,Fiber Optic,1,4.0,1,No,35-44,25-48 Months
102702,Male,59.0,Gaza,59.0,Two Year,147.88,8724.92,Credit Card,DSL,2,3.0,1,No,55+,49-72 Months
102703,Male,47.0,Jericho,11.0,One Year,100.05,1100.55,Credit Card,Fiber Optic,0,3.0,1,No,45-54,0-12 Months
102704,Female,37.0,Jenin,47.0,One Year,55.95,2629.65,Bank Transfer,No Internet,2,1.0,4,No,35-44,25-48 Months
102705,Female,39.0,Gaza,46.0,Month-to-Month,80.52,3703.9199999999996,Cash,DSL,4,4.0,1,No,35-44,25-48 Months
102706,Male,18.0,Gaza,6.0,Month-to-Month,48.37,290.21999999999997,Credit Card,DSL,1,5.0,1,No,Under 25,0-12 Months
102707,Female,18.0,Nablus,58.0,One Year,56.94,3302.52,Bank Transfer,Fiber Optic,0,4.0,3,No,Under 25,49-72 Months
102708,Female,32.0,Gaza,32.0,Month-to-Month,27.53,880.96,Cash,DSL,2,3.0,0,No,25-34,25-48 Months
102709,Male,44.0,Hebron,21.0,Month-to-Month,66.04,1386.8400000000001,Cash,Fiber Optic,2,3.0,3,No,35-44,13-24 Months
102710,Female,46.0,Tulkarm,54.0,Month-to-Month,83.92,4531.68,Credit Card,Fiber Optic,4,4.0,0,No,45-54,49-72 Months
102711,Female,63.0,Ramallah,25.0,Month-to-Month,96.68,2417.0,PayPal,No Internet,0,4.0,1,Yes,55+,25-48 Months
102712,Male,37.0,Bethlehem,72.0,Month-to-Month,58.8,4233.599999999999,Cash,DSL,4,4.0,3,No,35-44,49-72 Months
102713,Male,30.0,Khan Yunis,15.0,Two Year,80.39,1205.85,Credit Card,Fiber Optic,2,4.0,1,No,25-34,13-24 Months
102714,Male,30.0,Gaza,71.0,One Year,70.48,5004.08,Cash,Fiber Optic,2,4.0,2,No,25-34,49-72 Months
102715,Female,63.0,Tulkarm,48.0,One Year,91.12,4373.76,Credit Card,Fiber Optic,6,4.0,0,No,55+,25-48 Months
102716,Male,41.0,Bethlehem,23.0,Month-to-Month,85.45,1965.3500000000001,Cash,Fiber Optic,0,3.0,0,No,35-44,13-24 Months
102717,Female,52.0,Bethlehem,16.0,Two Year,44.69,715.04,Bank Transfer,Fiber Optic,2,3.0,1,No,45-54,13-24 Months
102718,Male,37.0,Tulkarm,46.0,One Year,87.56,4027.76,Credit Card,DSL,2,4.0,1,No,35-44,25-48 Months
102719,Male,56.0,Jericho,7.0,One Year,141.53,990.71,Cash,No Internet,2,3.0,3,No,55+,0-12 Months
102720,Male,31.0,Nablus,54.0,Two Year,77.89,4206.06,Cash,DSL,3,4.0,0,No,25-34,49-72 Months
102721,Female,55.0,Hebron,15.0,Two Year,126.05,1890.75,Bank Transfer,DSL,3,4.0,3,Yes,55+,13-24 Months
102722,Male,40.0,Tulkarm,37.0,Month-to-Month,57.56,2129.7200000000003,Credit Card,Fiber Optic,0,2.0,1,No,35-44,25-48 Months
102723,Male,43.0,Gaza,10.0,Month-to-Month,69.15,691.5,Credit Card,No Internet,0,3.0,2,No,35-44,0-12 Months
102724,Male,42.0,Jericho,3.0,Month-to-Month,73.21,219.63,Credit Card,No Internet,1,4.0,0,No,35-44,0-12 Months
102725,Male,21.0,Jenin,1.0,Month-to-Month,45.01,45.01,Bank Transfer,No Internet,0,5.0,2,No,Under 25,0-12 Months
102726,Female,24.0,Jenin,63.0,Month-to-Month,87.53,5514.39,Cash,DSL,1,3.0,0,Yes,Under 25,49-72 Months
102727,Female,38.0,Jericho,19.0,One Year,74.82,1421.58,PayPal,No Internet,1,3.0,1,No,35-44,13-24 Months
102728,Female,37.0,Nablus,58.0,Month-to-Month,81.48,4725.84,Bank Transfer,Fiber Optic,2,4.0,1,No,35-44,49-72 Months
102729,Female,39.0,Jericho,2.0,One Year,45.6,91.2,Cash,Fiber Optic,1,3.0,0,No,35-44,0-12 Months
102730,Male,48.0,Khan Yunis,46.0,Month-to-Month,84.27,3876.4199999999996,Bank Transfer,No Internet,1,5.0,0,Yes,45-54,25-48 Months
102731,Male,34.0,Ramallah,28.0,One Year,40.91,1145.48,Cash,Fiber Optic,2,3.0,3,No,25-34,25-48 Months
102732,Male,37.0,Jenin,32.0,Month-to-Month,74.98,2399.36,Cash,DSL,1,3.0,1,No,35-44,25-48 Months
102733,Male,44.0,Tulkarm,5.0,Month-to-Month,52.91,264.54999999999995,Credit Card,No Internet,2,3.0,0,No,35-44,0-12 Months
102734,Male,48.0,Rafah,17.0,Month-to-Month,71.93,1222.8100000000002,PayPal,Fiber Optic,2,4.0,1,No,45-54,13-24 Months
102735,Male,44.0,Jenin,48.0,One Year,101.53,4873.4400000000005,Cash,No Internet,3,4.0,0,No,35-44,25-48 Months
102736,Female,23.0,Hebron,72.0,One Year,86.97,6261.84,Cash,No Internet,3,4.0,0,No,Under 25,49-72 Months
102737,Female,30.0,Gaza,21.0,Two Year,90.14,1892.94,Bank Transfer,DSL,1,3.0,0,No,25-34,13-24 Months
102738,Male,44.0,Jericho,49.0,Two Year,98.48,4825.52,PayPal,DSL,4,3.0,1,No,35-44,49-72 Months
102739,Male,49.0,Tulkarm,11.0,Month-to-Month,56.04,616.4399999999999,Bank Transfer,No Internet,1,3.0,1,No,45-54,0-12 Months
102740,Female,55.0,Nablus,60.0,One Year,71.67,4300.2,PayPal,No Internet,3,3.0,0,No,55+,49-72 Months
102741,Male,38.0,Hebron,54.0,Month-to-Month,83.51,4509.54,Credit Card,No Internet,3,2.0,0,No,35-44,49-72 Months
102742,Male,32.0,Hebron,46.0,Month-to-Month,92.73,4265.58,Bank Transfer,No Internet,0,5.0,2,No,25-34,25-48 Months
102743,Male,34.0,Jenin,30.0,Month-to-Month,90.18,2705.4,Cash,DSL,1,3.0,0,No,25-34,25-48 Months
102744,Female,43.0,Khan Yunis,24.0,Month-to-Month,23.74,569.76,Bank Transfer,No Internet,1,2.0,0,Yes,35-44,13-24 Months
102745,Male,43.0,Rafah,17.0,Two Year,65.17,1107.89,Cash,Fiber Optic,2,2.0,0,No,35-44,13-24 Months
102746,Female,18.0,Jericho,9.0,Month-to-Month,63.33,569.97,PayPal,DSL,1,3.0,1,No,Under 25,0-12 Months
102747,Female,28.0,Khan Yunis,38.0,Month-to-Month,75.28,2860.64,Cash,Fiber Optic,0,1.0,0,Yes,25-34,25-48 Months
102748,Female,30.0,Gaza,21.0,Month-to-Month,130.73,2745.33,Credit Card,Fiber Optic,1,3.0,0,No,25-34,13-24 Months
102749,Female,33.0,Nablus,67.0,Month-to-Month,86.39,5788.13,Bank Transfer,No Internet,1,3.0,2,Yes,25-34,49-72 Months
102750,Female,20.0,Gaza,66.0,One Year,111.21,7339.86,PayPal,DSL,0,4.0,0,No,Under 25,49-72 Months
102751,Male,26.0,Jericho,25.0,One Year,72.3,1807.5,PayPal,No Internet,4,4.0,1,No,25-34,25-48 Months
102752,Female,57.0,Hebron,54.0,Month-to-Month,20.0,1080.0,Bank Transfer,DSL,2,4.0,1,No,55+,49-72 Months
102753,Female,33.0,Jericho,55.0,Month-to-Month,104.82,5765.099999999999,Bank Transfer,DSL,2,4.0,0,No,25-34,49-72 Months
102754,Female,39.0,Ramallah,16.0,Month-to-Month,71.24,1139.84,PayPal,DSL,0,2.0,1,No,35-44,13-24 Months
102755,Female,29.0,Gaza,50.0,One Year,25.93,1296.5,Credit Card,No Internet,3,4.0,1,No,25-34,49-72 Months
102756,Female,50.0,Tulkarm,40.0,Two Year,75.05,3002.0,Credit Card,Fiber Optic,1,4.0,0,No,45-54,25-48 Months
102757,Male,18.0,Jenin,55.0,One Year,34.32,1887.6,Credit Card,DSL,2,5.0,1,No,Under 25,49-72 Months
102758,Female,19.0,Nablus,36.0,Two Year,55.22,1987.92,Cash,Fiber Optic,2,3.0,4,No,Under 25,25-48 Months
102759,Male,53.0,Bethlehem,47.0,Month-to-Month,116.87,5492.89,Bank Transfer,No Internet,2,5.0,1,No,45-54,25-48 Months
102760,Female,55.0,Nablus,12.0,Two Year,95.19,1142.28,PayPal,No Internet,2,4.0,0,No,55+,0-12 Months
102761,Male,35.0,Ramallah,32.0,Two Year,98.96,3166.72,Credit Card,Fiber Optic,1,4.0,0,No,35-44,25-48 Months
102762,Male,67.0,Hebron,25.0,One Year,111.63,2790.75,PayPal,Fiber Optic,3,4.0,0,Yes,55+,25-48 Months
102763,Female,31.0,Ramallah,40.0,Two Year,92.48,3699.2000000000003,PayPal,DSL,3,4.0,0,No,25-34,25-48 Months
102764,Female,38.0,Nablus,16.0,One Year,75.75,1212.0,Cash,Fiber Optic,1,3.0,0,No,35-44,13-24 Months
102765,Female,36.0,Jenin,34.0,Month-to-Month,58.81,1999.54,Bank Transfer,No Internet,2,2.0,0,No,35-44,25-48 Months
102766,Female,38.0,Gaza,37.0,Month-to-Month,52.31,1935.47,Cash,DSL,2,4.0,1,No,35-44,25-48 Months
102767,Male,46.0,Tulkarm,63.0,Month-to-Month,50.19,3161.97,Bank Transfer,DSL,2,2.0,1,Yes,45-54,49-72 Months
102768,Male,38.0,Jenin,44.0,Two Year,68.28,3004.32,Credit Card,DSL,1,4.0,2,No,35-44,25-48 Months
102769,Male,48.0,Rafah,9.0,Month-to-Month,49.93,449.37,PayPal,No Internet,1,5.0,1,Yes,45-54,0-12 Months
102770,Male,32.0,Gaza,70.0,Month-to-Month,92.6,6482.0,Cash,No Internet,0,3.0,1,No,25-34,49-72 Months
102771,Male,18.0,Nablus,27.0,Month-to-Month,51.66,1394.82,Cash,DSL,2,4.0,2,No,Under 25,25-48 Months
102772,Male,45.0,Jericho,33.0,Month-to-Month,84.16,2777.2799999999997,Bank Transfer,No Internet,4,2.0,0,No,45-54,25-48 Months
102773,Female,30.0,Hebron,10.0,Two Year,98.2,982.0,PayPal,Fiber Optic,2,4.0,0,No,25-34,0-12 Months
102774,Male,54.0,Khan Yunis,36.0,Two Year,48.96,1762.56,Cash,No Internet,4,4.0,2,No,45-54,25-48 Months
102775,Male,44.0,Bethlehem,37.0,One Year,77.15,2854.55,Cash,No Internet,1,5.0,1,No,35-44,25-48 Months
102776,Male,31.0,Rafah,70.0,One Year,113.11,7917.7,PayPal,DSL,6,3.0,1,No,25-34,49-72 Months
102777,Female,56.0,Rafah,19.0,One Year,61.31,1164.89,Credit Card,DSL,1,4.0,2,No,55+,13-24 Months
102778,Female,49.0,Khan Yunis,40.0,Two Year,88.56,3542.4,Cash,Fiber Optic,1,3.0,1,No,45-54,25-48 Months
102779,Male,48.0,Nablus,19.0,Month-to-Month,72.8,1383.2,Cash,Fiber Optic,7,4.0,0,Yes,45-54,13-24 Months
102780,Male,38.0,Nablus,18.0,Month-to-Month,77.15,1388.7,PayPal,No Internet,1,3.0,0,No,35-44,13-24 Months
102781,Female,18.0,Khan Yunis,15.0,Two Year,106.1,1591.5,PayPal,Fiber Optic,1,5.0,0,No,Under 25,13-24 Months
102782,Male,18.0,Nablus,26.0,One Year,93.48,2430.48,Cash,Fiber Optic,1,3.0,0,No,Under 25,25-48 Months
102783,Female,36.0,Rafah,58.0,Two Year,74.36,4312.88,Credit Card,No Internet,3,2.0,2,No,35-44,49-72 Months
102784,Female,43.0,Hebron,72.0,One Year,32.55,2343.6,PayPal,No Internet,3,2.0,1,No,35-44,49-72 Months
102785,Male,18.0,Ramallah,56.0,One Year,66.23,3708.88,Cash,Fiber Optic,3,5.0,1,No,Under 25,49-72 Months
102786,Male,33.0,Khan Yunis,42.0,Two Year,71.01,2982.42,PayPal,No Internet,2,3.0,0,No,25-34,25-48 Months
102787,Female,18.0,Ramallah,44.0,One Year,72.3,3181.2,Bank Transfer,No Internet,2,3.0,1,No,Under 25,25-48 Months
102788,Male,45.0,Nablus,51.0,Month-to-Month,62.05,3164.5499999999997,Bank Transfer,DSL,3,4.0,3,No,45-54,49-72 Months
102789,Female,32.0,Gaza,69.0,Month-to-Month,37.28,2572.32,PayPal,Fiber Optic,1,4.0,1,No,25-34,49-72 Months
102790,Female,53.0,Rafah,44.0,Month-to-Month,87.79,3862.76,PayPal,DSL,2,2.0,0,Yes,45-54,25-48 Months
102791,Male,54.0,Gaza,54.0,Month-to-Month,89.98,4858.92,PayPal,DSL,3,3.0,2,No,45-54,49-72 Months
102792,Male,44.0,Rafah,20.0,Month-to-Month,58.27,1165.4,PayPal,No Internet,4,4.0,0,Yes,35-44,13-24 Months
102793,Male,71.0,Jericho,35.0,One Year,88.25,3088.75,PayPal,No Internet,0,5.0,0,No,55+,25-48 Months
102794,Male,49.0,Bethlehem,63.0,Month-to-Month,52.34,3297.42,Cash,DSL,3,3.0,1,No,45-54,49-72 Months
102795,Female,47.0,Khan Yunis,8.0,Two Year,126.27,1010.16,Credit Card,DSL,5,3.0,0,Yes,45-54,0-12 Months
102796,Male,57.0,Bethlehem,44.0,One Year,86.43,3802.92,Credit Card,No Internet,4,4.0,0,No,55+,25-48 Months
102797,Female,40.0,Tulkarm,63.0,Month-to-Month,99.93,6295.59,PayPal,No Internet,1,4.0,0,Yes,35-44,49-72 Months
102798,Male,70.0,Gaza,21.0,One Year,73.95,1552.95,Credit Card,Fiber Optic,3,1.0,2,No,55+,13-24 Months
102799,Female,36.0,Bethlehem,9.0,Month-to-Month,101.82,916.3799999999999,Bank Transfer,DSL,3,4.0,1,No,35-44,0-12 Months
102800,Female,39.0,Jericho,11.0,Month-to-Month,75.79,833.69,PayPal,Fiber Optic,4,4.0,0,No,35-44,0-12 Months
102801,Female,33.0,Ramallah,40.0,Month-to-Month,55.64,2225.6,Cash,No Internet,1,3.0,0,No,25-34,25-48 Months
102802,Female,37.0,Tulkarm,34.0,Two Year,80.01,2720.34,Cash,Fiber Optic,1,4.0,2,No,35-44,25-48 Months
102803,Male,18.0,Bethlehem,46.0,One Year,32.3,1485.8,PayPal,Fiber Optic,2,3.0,1,No,Under 25,25-48 Months
102804,Female,48.0,Ramallah,43.0,Month-to-Month,64.67,2780.81,Bank Transfer,No Internet,3,3.0,0,No,45-54,25-48 Months
102805,Female,18.0,Tulkarm,38.0,Two Year,50.73,1927.7399999999998,Cash,No Internet,3,3.0,1,No,Under 25,25-48 Months
102806,Male,22.0,Hebron,65.0,Month-to-Month,21.42,1392.3000000000002,Bank Transfer,No Internet,1,3.0,1,No,Under 25,49-72 Months
102807,Male,40.0,Hebron,60.0,One Year,59.65,3579.0,Credit Card,No Internet,2,3.0,3,No,35-44,49-72 Months
102808,Male,38.0,Rafah,59.0,One Year,87.72,5175.48,Bank Transfer,DSL,1,3.0,2,No,35-44,49-72 Months
102809,Male,50.0,Jericho,21.0,Two Year,80.18,1683.7800000000002,Bank Transfer,DSL,1,3.0,2,No,45-54,13-24 Months
102810,Female,29.0,Hebron,3.0,One Year,96.01,288.03000000000003,Credit Card,Fiber Optic,0,4.0,1,No,25-34,0-12 Months
102811,Male,24.0,Nablus,56.0,Month-to-Month,88.31,4945.360000000001,PayPal,No Internet,2,2.0,1,No,Under 25,49-72 Months
102812,Female,41.0,Jericho,46.0,Month-to-Month,30.81,1417.26,Cash,DSL,3,3.0,0,Yes,35-44,25-48 Months
102813,Female,49.0,Hebron,29.0,One Year,128.92,3738.68,PayPal,DSL,2,4.0,1,No,45-54,25-48 Months
102814,Male,23.0,Bethlehem,33.0,Month-to-Month,93.86,3097.38,Bank Transfer,Fiber Optic,3,3.0,0,No,Under 25,25-48 Months
102815,Female,38.0,Jericho,67.0,Month-to-Month,90.17,6041.39,Cash,DSL,1,4.0,1,No,35-44,49-72 Months
102816,Male,39.0,Hebron,45.0,Month-to-Month,69.95,3147.75,PayPal,DSL,2,3.0,2,No,35-44,25-48 Months
102817,Female,56.0,Ramallah,18.0,Two Year,44.14,794.52,Credit Card,DSL,0,2.0,1,Yes,55+,13-24 Months
102818,Male,31.0,Bethlehem,43.0,Two Year,41.74,1794.8200000000002,Cash,DSL,3,3.0,4,No,25-34,25-48 Months
102819,Male,47.0,Jericho,60.0,Month-to-Month,73.61,4416.6,PayPal,No Internet,2,3.0,1,No,45-54,49-72 Months
102820,Male,50.0,Rafah,59.0,Month-to-Month,88.58,5226.22,Credit Card,DSL,4,3.0,0,No,45-54,49-72 Months
102821,Female,19.0,Tulkarm,38.0,Month-to-Month,43.37,1648.06,Cash,Fiber Optic,3,4.0,1,No,Under 25,25-48 Months
102822,Female,29.0,Tulkarm,54.0,Two Year,102.22,5519.88,Credit Card,DSL,1,2.0,1,No,25-34,49-72 Months
102823,Female,33.0,Rafah,58.0,Two Year,84.13,4879.54,PayPal,DSL,4,4.0,3,No,25-34,49-72 Months
102824,Female,38.0,Bethlehem,49.0,Month-to-Month,88.88,4355.12,Bank Transfer,No Internet,0,5.0,2,No,35-44,49-72 Months
102825,Female,43.0,Jericho,30.0,Two Year,65.78,1973.4,PayPal,DSL,1,4.0,0,No,35-44,25-48 Months
102826,Female,41.0,Ramallah,52.0,One Year,76.39,3972.28,Cash,DSL,3,2.0,1,No,35-44,49-72 Months
102827,Male,26.0,Tulkarm,34.0,Two Year,73.44,2496.96,Bank Transfer,Fiber Optic,8,5.0,2,No,25-34,25-48 Months
102828,Male,38.0,Gaza,8.0,Month-to-Month,49.54,396.32,Cash,DSL,3,5.0,1,No,35-44,0-12 Months
102829,Male,53.0,Nablus,58.0,Month-to-Month,62.2,3607.6000000000004,Cash,Fiber Optic,1,2.0,1,No,45-54,49-72 Months
102830,Male,37.0,Bethlehem,48.0,One Year,96.95,4653.6,Bank Transfer,Fiber Optic,3,4.0,0,No,35-44,25-48 Months
102831,Female,35.0,Gaza,58.0,Month-to-Month,77.85,4515.299999999999,Cash,No Internet,1,3.0,0,No,35-44,49-72 Months
102832,Male,31.0,Nablus,7.0,One Year,72.25,505.75,Bank Transfer,DSL,6,3.0,1,No,25-34,0-12 Months
102833,Female,18.0,Tulkarm,10.0,Month-to-Month,58.02,580.2,PayPal,Fiber Optic,2,3.0,0,No,Under 25,0-12 Months
102834,Male,50.0,Tulkarm,63.0,Month-to-Month,36.21,2281.23,PayPal,No Internet,2,4.0,0,No,45-54,49-72 Months
102835,Female,22.0,Tulkarm,62.0,One Year,62.04,3846.48,Cash,No Internet,1,2.0,1,No,Under 25,49-72 Months
102836,Male,32.0,Bethlehem,45.0,Month-to-Month,20.0,900.0,Bank Transfer,Fiber Optic,1,4.0,3,No,25-34,25-48 Months
102837,Male,42.0,Ramallah,47.0,Two Year,63.35,2977.4500000000003,Credit Card,No Internet,0,4.0,1,No,35-44,25-48 Months
102838,Male,22.0,Hebron,35.0,Month-to-Month,73.8,2583.0,Cash,No Internet,2,3.0,1,No,Under 25,25-48 Months
102839,Male,32.0,Gaza,10.0,Month-to-Month,112.4,1124.0,PayPal,No Internet,0,4.0,1,No,25-34,0-12 Months
102840,Male,48.0,Tulkarm,67.0,Month-to-Month,84.98,5693.66,Bank Transfer,DSL,1,2.0,0,Yes,45-54,49-72 Months
102841,Female,38.0,Bethlehem,52.0,Month-to-Month,44.68,2323.36,Credit Card,No Internet,0,4.0,0,No,35-44,49-72 Months
102842,Male,50.0,Rafah,33.0,Month-to-Month,65.83,2172.39,Cash,Fiber Optic,4,2.0,1,No,45-54,25-48 Months
102843,Female,43.0,Jenin,26.0,Two Year,82.57,2146.8199999999997,Bank Transfer,No Internet,2,4.0,1,No,35-44,25-48 Months
102844,Female,28.0,Ramallah,54.0,One Year,122.76,6629.04,Credit Card,DSL,3,3.0,1,No,25-34,49-72 Months
102845,Female,24.0,Tulkarm,32.0,Month-to-Month,82.3,2633.6,Cash,No Internet,2,3.0,0,Yes,Under 25,25-48 Months
102846,Male,18.0,Rafah,57.0,Month-to-Month,97.47,5555.79,Credit Card,No Internet,1,4.0,0,Yes,Under 25,49-72 Months
102847,Male,31.0,Hebron,38.0,Month-to-Month,46.22,1756.36,PayPal,No Internet,5,3.0,2,Yes,25-34,25-48 Months
102848,Male,52.0,Gaza,7.0,One Year,58.37,408.59,Bank Transfer,Fiber Optic,1,4.0,1,No,45-54,0-12 Months
102849,Male,38.0,Tulkarm,33.0,Month-to-Month,85.69,2827.77,Cash,Fiber Optic,3,3.0,1,No,35-44,25-48 Months
102850,Male,47.0,Jenin,72.0,One Year,103.38,7443.36,Cash,No Internet,3,2.0,0,No,45-54,49-72 Months
102851,Male,24.0,Bethlehem,7.0,One Year,86.89,608.23,Bank Transfer,No Internet,0,4.0,2,No,Under 25,0-12 Months
102852,Male,19.0,Bethlehem,11.0,Two Year,79.64,876.04,Bank Transfer,DSL,3,2.0,1,No,Under 25,0-12 Months
102853,Female,48.0,Rafah,46.0,Month-to-Month,133.19,6126.74,Cash,Fiber Optic,2,4.0,0,No,45-54,25-48 Months
102854,Male,35.0,Jericho,41.0,One Year,74.67,3061.4700000000003,Bank Transfer,DSL,0,4.0,1,No,35-44,25-48 Months
102855,Female,51.0,Jericho,45.0,Two Year,84.71,3811.95,Credit Card,Fiber Optic,3,4.0,1,No,45-54,25-48 Months
102856,Female,25.0,Gaza,45.0,Two Year,70.11,3154.95,Cash,No Internet,2,3.0,0,No,25-34,25-48 Months
102857,Male,35.0,Bethlehem,18.0,Month-to-Month,90.71,1632.78,Cash,No Internet,4,4.0,1,Yes,35-44,13-24 Months
102858,Female,44.0,Nablus,18.0,Two Year,86.2,1551.6000000000001,Cash,DSL,0,5.0,1,No,35-44,13-24 Months
102859,Male,18.0,Jericho,49.0,One Year,51.78,2537.2200000000003,Cash,Fiber Optic,2,3.0,0,No,Under 25,49-72 Months
102860,Male,46.0,Ramallah,49.0,Month-to-Month,89.96,4408.04,Bank Transfer,DSL,3,5.0,4,No,45-54,49-72 Months
102861,Male,23.0,Khan Yunis,21.0,One Year,91.92,1930.32,Cash,Fiber Optic,0,3.0,0,No,Under 25,13-24 Months
102862,Female,24.0,Jericho,28.0,Month-to-Month,58.52,1638.5600000000002,PayPal,No Internet,4,2.0,1,Yes,Under 25,25-48 Months
102863,Female,41.0,Bethlehem,32.0,Month-to-Month,81.98,2623.36,Cash,No Internet,3,1.0,0,No,35-44,25-48 Months
102864,Female,50.0,Khan Yunis,39.0,One Year,95.95,3742.05,Bank Transfer,Fiber Optic,1,2.0,2,No,45-54,25-48 Months
102865,Male,40.0,Gaza,54.0,Month-to-Month,75.04,4052.1600000000003,Cash,Fiber Optic,1,4.0,1,No,35-44,49-72 Months
102866,Female,37.0,Nablus,41.0,Month-to-Month,107.06,4389.46,Bank Transfer,Fiber Optic,1,3.0,1,No,35-44,25-48 Months
102867,Male,32.0,Hebron,70.0,Month-to-Month,37.2,2604.0,Credit Card,Fiber Optic,2,2.0,2,No,25-34,49-72 Months
102868,Male,51.0,Jericho,54.0,One Year,37.86,2044.44,Bank Transfer,No Internet,0,2.0,0,No,45-54,49-72 Months
102869,Female,30.0,Jenin,67.0,Month-to-Month,39.73,2661.91,Cash,Fiber Optic,2,5.0,0,No,25-34,49-72 Months
102870,Male,53.0,Jericho,50.0,One Year,60.59,3029.5,PayPal,DSL,0,4.0,2,No,45-54,49-72 Months
102871,Female,36.0,Nablus,24.0,Month-to-Month,74.62,1790.88,Credit Card,Fiber Optic,1,3.0,3,No,35-44,13-24 Months
102872,Male,59.0,Nablus,41.0,Month-to-Month,50.41,2066.81,Cash,Fiber Optic,2,5.0,3,No,55+,25-48 Months
102873,Female,38.0,Tulkarm,63.0,Month-to-Month,64.08,4037.04,PayPal,No Internet,0,4.0,2,No,35-44,49-72 Months
102874,Male,18.0,Nablus,43.0,Month-to-Month,88.8,3818.4,Credit Card,DSL,5,3.0,2,Yes,Under 25,25-48 Months
102875,Male,60.0,Gaza,9.0,Month-to-Month,115.87,1042.83,Credit Card,No Internet,3,3.0,0,Yes,55+,0-12 Months
102876,Female,45.0,Khan Yunis,4.0,One Year,87.22,348.88,PayPal,Fiber Optic,2,5.0,2,No,45-54,0-12 Months
102877,Male,37.0,Gaza,33.0,Month-to-Month,54.17,1787.6100000000001,Bank Transfer,No Internet,0,5.0,1,No,35-44,25-48 Months
102878,Male,54.0,Khan Yunis,63.0,Month-to-Month,112.44,7083.72,Credit Card,No Internet,4,2.0,2,No,45-54,49-72 Months
102879,Female,45.0,Khan Yunis,63.0,Month-to-Month,120.14,7568.82,Credit Card,Fiber Optic,1,3.0,1,No,45-54,49-72 Months
102880,Male,35.0,Nablus,17.0,One Year,63.09,1072.53,Bank Transfer,Fiber Optic,0,5.0,0,No,35-44,13-24 Months
102881,Male,43.0,Bethlehem,56.0,One Year,53.05,2970.7999999999997,Credit Card,No Internet,0,3.0,0,No,35-44,49-72 Months
102882,Male,18.0,Jericho,11.0,One Year,55.46,610.0600000000001,Bank Transfer,DSL,1,3.0,0,No,Under 25,0-12 Months
102883,Male,43.0,Bethlehem,47.0,Month-to-Month,89.84,4222.4800000000005,Bank Transfer,No Internet,1,4.0,0,No,35-44,25-48 Months
102884,Male,48.0,Hebron,18.0,Month-to-Month,31.01,558.1800000000001,Bank Transfer,Fiber Optic,1,1.0,2,No,45-54,13-24 Months
102885,Male,25.0,Nablus,59.0,One Year,86.24,5088.16,Cash,DSL,6,3.0,4,No,25-34,49-72 Months
102886,Female,53.0,Bethlehem,10.0,Month-to-Month,78.23,782.3000000000001,Bank Transfer,No Internet,3,4.0,1,No,45-54,0-12 Months
102887,Male,38.0,Hebron,64.0,Month-to-Month,59.22,3790.08,Credit Card,DSL,5,4.0,0,No,35-44,49-72 Months
102888,Male,62.0,Gaza,66.0,Two Year,95.19,6282.54,Cash,DSL,1,2.0,0,No,55+,49-72 Months
102889,Female,42.0,Jericho,48.0,Two Year,55.29,2653.92,Cash,DSL,2,2.0,1,No,35-44,25-48 Months
102890,Male,28.0,Ramallah,41.0,Month-to-Month,94.75,3884.75,Credit Card,DSL,0,3.0,1,No,25-34,25-48 Months
102891,Female,34.0,Tulkarm,68.0,One Year,132.73,9025.64,Credit Card,DSL,1,4.0,0,No,25-34,49-72 Months
102892,Female,46.0,Khan Yunis,72.0,Month-to-Month,79.83,5747.76,Credit Card,DSL,1,3.0,2,No,45-54,49-72 Months
102893,Male,29.0,Gaza,48.0,Month-to-Month,98.53,4729.4400000000005,Cash,No Internet,2,4.0,1,No,25-34,25-48 Months
102894,Male,24.0,Gaza,29.0,One Year,102.42,2970.18,Credit Card,Fiber Optic,1,4.0,1,No,Under 25,25-48 Months
102895,Female,35.0,Rafah,60.0,One Year,76.87,4612.200000000001,PayPal,DSL,2,4.0,0,No,35-44,49-72 Months
102896,Male,37.0,Bethlehem,67.0,Month-to-Month,90.35,6053.45,PayPal,No Internet,0,4.0,0,No,35-44,49-72 Months
102897,Female,38.0,Jenin,2.0,One Year,99.01,198.02,PayPal,Fiber Optic,1,3.0,1,No,35-44,0-12 Months
102898,Male,41.0,Ramallah,30.0,Two Year,105.93,3177.9,Bank Transfer,DSL,1,4.0,0,No,35-44,25-48 Months
102899,Male,21.0,Nablus,35.0,Month-to-Month,36.65,1282.75,Credit Card,Fiber Optic,6,3.0,1,Yes,Under 25,25-48 Months
102900,Female,33.0,Khan Yunis,28.0,Month-to-Month,92.24,2582.72,Cash,Fiber Optic,1,4.0,1,No,25-34,25-48 Months
102901,Male,30.0,Rafah,1.0,Month-to-Month,91.79,91.79,Cash,DSL,1,4.0,1,No,25-34,0-12 Months
102902,Male,36.0,Bethlehem,8.0,Month-to-Month,36.05,288.4,PayPal,Fiber Optic,1,4.0,1,No,35-44,0-12 Months
102903,Male,25.0,Bethlehem,66.0,Month-to-Month,80.37,5304.42,Credit Card,DSL,3,2.0,0,Yes,25-34,49-72 Months
102904,Female,44.0,Rafah,7.0,Month-to-Month,68.84,481.88,Credit Card,Fiber Optic,3,5.0,0,No,35-44,0-12 Months
102905,Female,40.0,Nablus,70.0,Month-to-Month,68.55,4798.5,Credit Card,DSL,4,3.0,0,No,35-44,49-72 Months
102906,Female,30.0,Rafah,41.0,Month-to-Month,115.01,4715.41,Bank Transfer,Fiber Optic,1,2.0,0,No,25-34,25-48 Months
102907,Male,37.0,Gaza,20.0,One Year,62.59,1251.8000000000002,Credit Card,No Internet,1,4.0,2,No,35-44,13-24 Months
102908,Female,40.0,Rafah,68.0,Month-to-Month,67.41,4583.88,PayPal,No Internet,1,3.0,1,No,35-44,49-72 Months
102909,Male,26.0,Hebron,31.0,Month-to-Month,120.7,3741.7000000000003,Credit Card,No Internet,3,3.0,0,No,25-34,25-48 Months
102910,Male,37.0,Jericho,29.0,Month-to-Month,74.93,2172.9700000000003,PayPal,Fiber Optic,1,3.0,0,No,35-44,25-48 Months
102911,Female,26.0,Jenin,42.0,Two Year,86.08,3615.36,PayPal,DSL,2,2.0,2,No,25-34,25-48 Months
102912,Female,41.0,Jericho,25.0,Month-to-Month,90.38,2259.5,Credit Card,No Internet,5,3.0,0,Yes,35-44,25-48 Months
102913,Female,47.0,Gaza,4.0,Month-to-Month,96.67,386.68,Credit Card,Fiber Optic,1,4.0,1,Yes,45-54,0-12 Months
102914,Female,42.0,Nablus,48.0,Two Year,85.16,4087.68,Bank Transfer,DSL,3,2.0,0,No,35-44,25-48 Months
102915,Male,18.0,Nablus,10.0,One Year,95.26,952.6,Credit Card,DSL,1,3.0,1,Yes,Under 25,0-12 Months
102916,Male,32.0,Jenin,20.0,One Year,71.42,1428.4,Credit Card,Fiber Optic,1,2.0,0,No,25-34,13-24 Months
102917,Male,24.0,Khan Yunis,29.0,One Year,56.77,1646.3300000000002,Credit Card,No Internet,1,2.0,1,No,Under 25,25-48 Months
102918,Female,37.0,Jericho,11.0,One Year,64.72,711.92,Credit Card,DSL,1,4.0,0,No,35-44,0-12 Months
102919,Male,18.0,Bethlehem,17.0,Month-to-Month,70.3,1195.1,Cash,Fiber Optic,2,4.0,1,No,Under 25,13-24 Months
102920,Male,57.0,Unknown,61.0,Month-to-Month,100.22,6113.42,Bank Transfer,No Internet,4,3.0,0,No,55+,49-72 Months
102921,Female,48.0,Jericho,23.0,Two Year,86.6,1991.8,PayPal,No Internet,1,3.0,1,No,45-54,13-24 Months
102922,Female,42.0,Jericho,43.0,Month-to-Month,36.77,1581.1100000000001,PayPal,No Internet,1,2.0,1,Yes,35-44,25-48 Months
102923,Female,60.0,Nablus,21.0,Month-to-Month,41.82,878.22,PayPal,DSL,1,2.0,1,No,55+,13-24 Months
102924,Female,50.0,Jenin,42.0,Two Year,74.02,3108.8399999999997,Credit Card,DSL,4,4.0,2,No,45-54,25-48 Months
102925,Male,24.0,Ramallah,55.0,Month-to-Month,65.36,3594.8,Bank Transfer,DSL,3,4.0,0,No,Under 25,49-72 Months
102926,Female,50.0,Jericho,26.0,Month-to-Month,73.71,1916.4599999999998,Credit Card,No Internet,5,3.0,3,No,45-54,25-48 Months
102927,Female,52.0,Ramallah,23.0,Month-to-Month,82.72,1902.56,PayPal,No Internet,2,4.0,2,Yes,45-54,13-24 Months
102928,Male,39.0,Khan Yunis,70.0,Month-to-Month,74.14,5189.8,PayPal,No Internet,3,2.0,1,No,35-44,49-72 Months
102929,Female,25.0,Gaza,28.0,Two Year,106.6,2984.7999999999997,Cash,No Internet,1,4.0,1,No,25-34,25-48 Months
102930,Female,42.0,Nablus,1.0,One Year,80.97,80.97,Credit Card,Fiber Optic,2,3.0,0,Yes,35-44,0-12 Months
102931,Female,47.0,Ramallah,39.0,Month-to-Month,91.96,3586.4399999999996,Credit Card,Fiber Optic,3,2.0,0,No,45-54,25-48 Months
102932,Female,61.0,Khan Yunis,10.0,Two Year,76.47,764.7,Credit Card,Fiber Optic,3,2.0,0,No,55+,0-12 Months
102933,Female,18.0,Jenin,26.0,Two Year,65.78,1710.28,Cash,Fiber Optic,2,4.0,1,No,Under 25,25-48 Months
102934,Female,24.0,Khan Yunis,20.0,One Year,92.0,1840.0,Cash,No Internet,0,4.0,1,No,Under 25,13-24 Months
102935,Female,50.0,Rafah,57.0,Two Year,83.95,4785.150000000001,Credit Card,No Internet,4,4.0,0,No,45-54,49-72 Months
102936,Female,40.0,Khan Yunis,33.0,Month-to-Month,41.28,1362.24,Credit Card,DSL,0,4.0,3,No,35-44,25-48 Months
102937,Male,18.0,Ramallah,14.0,Month-to-Month,50.62,708.68,Cash,DSL,2,3.0,1,No,Under 25,13-24 Months
102938,Female,44.0,Nablus,44.0,One Year,70.47,3100.68,Credit Card,Fiber Optic,1,3.0,2,No,35-44,25-48 Months
102939,Female,44.0,Ramallah,56.0,Month-to-Month,105.81,5925.360000000001,PayPal,No Internet,0,2.0,1,No,35-44,49-72 Months
102940,Female,28.0,Jericho,4.0,Two Year,88.48,353.92,PayPal,No Internet,1,3.0,1,No,25-34,0-12 Months
102941,Female,59.0,Hebron,61.0,One Year,69.95,4266.95,Credit Card,DSL,1,4.0,0,No,55+,49-72 Months
102942,Female,53.0,Nablus,50.0,Two Year,104.64,5232.0,Bank Transfer,DSL,1,1.0,0,No,45-54,49-72 Months
102943,Male,41.0,Ramallah,12.0,Month-to-Month,81.39,976.6800000000001,PayPal,DSL,3,1.0,3,No,35-44,0-12 Months
102944,Male,46.0,Bethlehem,29.0,One Year,42.38,1229.02,PayPal,DSL,2,3.0,2,No,45-54,25-48 Months
102945,Female,32.0,Ramallah,70.0,Month-to-Month,92.86,6500.2,Bank Transfer,No Internet,3,5.0,2,No,25-34,49-72 Months
102946,Female,31.0,Jenin,8.0,Month-to-Month,107.75,862.0,PayPal,DSL,3,3.0,3,No,25-34,0-12 Months
102947,Female,37.0,Gaza,68.0,One Year,72.86,4954.48,Bank Transfer,DSL,1,1.0,2,No,35-44,49-72 Months
102948,Female,36.0,Gaza,26.0,Month-to-Month,100.11,2602.86,Cash,No Internet,1,4.0,2,Yes,35-44,25-48 Months
102949,Male,32.0,Bethlehem,3.0,Month-to-Month,96.36,289.08,Cash,No Internet,2,5.0,0,No,25-34,0-12 Months
102950,Male,27.0,Gaza,33.0,Month-to-Month,89.43,2951.19,Cash,DSL,2,2.0,3,No,25-34,25-48 Months
102951,Male,33.0,Jericho,59.0,One Year,66.81,3941.79,Credit Card,DSL,2,3.0,0,No,25-34,49-72 Months
102952,Female,52.0,Ramallah,57.0,Month-to-Month,75.46,4301.219999999999,PayPal,No Internet,4,3.0,1,No,45-54,49-72 Months
102953,Male,52.0,Nablus,23.0,One Year,91.76,2110.48,Bank Transfer,Fiber Optic,2,4.0,0,No,45-54,13-24 Months
102954,Male,43.0,Bethlehem,11.0,Month-to-Month,75.43,829.73,Cash,Fiber Optic,2,3.0,0,No,35-44,0-12 Months
102955,Male,46.0,Rafah,62.0,One Year,65.13,4038.0599999999995,PayPal,Fiber Optic,3,5.0,1,No,45-54,49-72 Months
102956,Male,31.0,Jenin,45.0,Month-to-Month,69.78,3140.1,Bank Transfer,No Internet,1,4.0,0,No,25-34,25-48 Months
102957,Male,39.0,Ramallah,62.0,Month-to-Month,83.71,5190.0199999999995,Bank Transfer,DSL,1,3.0,1,No,35-44,49-72 Months
102958,Female,19.0,Unknown,53.0,One Year,74.48,3947.44,Credit Card,DSL,1,3.0,3,No,Under 25,49-72 Months
102959,Male,20.0,Jenin,50.0,Month-to-Month,73.03,3651.5,Bank Transfer,Fiber Optic,1,4.0,2,Yes,Under 25,49-72 Months
102960,Male,62.0,Rafah,5.0,One Year,82.41,412.04999999999995,PayPal,No Internet,3,3.0,0,No,55+,0-12 Months
102961,Female,37.0,Jericho,47.0,Month-to-Month,25.03,1176.41,Credit Card,No Internet,4,3.0,0,No,35-44,25-48 Months
102962,Male,34.0,Tulkarm,56.0,One Year,35.7,1999.2000000000003,PayPal,No Internet,4,4.0,1,No,25-34,49-72 Months
102963,Female,21.0,Jenin,71.0,Month-to-Month,80.85,5740.349999999999,PayPal,No Internet,1,3.0,1,No,Under 25,49-72 Months
102964,Male,37.0,Bethlehem,52.0,Two Year,85.14,4427.28,Cash,DSL,2,4.0,1,No,35-44,49-72 Months
102965,Female,72.0,Jericho,23.0,One Year,61.1,1405.3,Cash,No Internet,2,2.0,0,No,55+,13-24 Months
102966,Female,52.0,Jenin,43.0,Two Year,110.46,4749.78,PayPal,No Internet,3,4.0,0,No,45-54,25-48 Months
102967,Male,42.0,Bethlehem,52.0,Month-to-Month,110.41,5741.32,Bank Transfer,No Internet,1,4.0,1,No,35-44,49-72 Months
102968,Male,18.0,Nablus,11.0,Month-to-Month,89.71,986.81,Credit Card,No Internet,3,2.0,0,No,Under 25,0-12 Months
102969,Male,59.0,Gaza,21.0,Month-to-Month,66.38,1393.98,PayPal,DSL,1,2.0,0,No,55+,13-24 Months
102970,Male,48.0,Bethlehem,64.0,Month-to-Month,43.79,2802.56,Credit Card,Fiber Optic,1,3.0,1,No,45-54,49-72 Months
102971,Male,36.0,Hebron,60.0,Month-to-Month,73.6,4416.0,PayPal,Fiber Optic,4,4.0,2,No,35-44,49-72 Months
102972,Male,43.0,Nablus,51.0,Month-to-Month,97.19,4956.69,Bank Transfer,DSL,4,5.0,0,No,35-44,49-72 Months
102973,Female,45.0,Gaza,70.0,Month-to-Month,88.83,6218.099999999999,Credit Card,Fiber Optic,1,5.0,1,Yes,45-54,49-72 Months
102974,Female,31.0,Ramallah,8.0,One Year,72.99,583.92,Bank Transfer,No Internet,1,3.0,1,No,25-34,0-12 Months
102975,Male,38.0,Jenin,68.0,Two Year,110.39,7506.52,PayPal,DSL,3,4.0,0,No,35-44,49-72 Months
102976,Female,40.0,Tulkarm,54.0,One Year,24.51,1323.5400000000002,PayPal,DSL,2,4.0,0,No,35-44,49-72 Months
102977,Female,35.0,Ramallah,10.0,Month-to-Month,65.31,653.1,Credit Card,DSL,3,3.0,2,No,35-44,0-12 Months
102978,Female,53.0,Rafah,28.0,Month-to-Month,84.34,2361.52,Bank Transfer,No Internet,1,4.0,1,No,45-54,25-48 Months
102979,Female,43.0,Bethlehem,64.0,Two Year,79.27,5073.28,Cash,Fiber Optic,1,3.0,1,No,35-44,49-72 Months
102980,Male,37.0,Tulkarm,15.0,One Year,84.93,1273.95,Cash,Fiber Optic,5,2.0,1,No,35-44,13-24 Months
102981,Female,35.0,Tulkarm,8.0,Two Year,35.9,287.2,Cash,No Internet,1,3.0,1,No,35-44,0-12 Months
102982,Female,37.0,Gaza,43.0,Month-to-Month,72.48,3116.6400000000003,Credit Card,DSL,2,2.0,0,No,35-44,25-48 Months
102983,Female,27.0,Hebron,33.0,One Year,56.63,1868.7900000000002,Credit Card,Fiber Optic,2,4.0,0,No,25-34,25-48 Months
102984,Male,50.0,Ramallah,62.0,One Year,61.07,3786.34,Credit Card,Fiber Optic,1,4.0,1,No,45-54,49-72 Months
102985,Female,33.0,Tulkarm,30.0,Month-to-Month,87.16,2614.7999999999997,PayPal,No Internet,4,3.0,1,No,25-34,25-48 Months
102986,Male,49.0,Bethlehem,42.0,One Year,74.21,3116.8199999999997,Credit Card,DSL,2,2.0,0,No,45-54,25-48 Months
102987,Female,30.0,Nablus,32.0,Month-to-Month,105.14,3364.48,Credit Card,DSL,0,3.0,0,Yes,25-34,25-48 Months
102988,Female,18.0,Khan Yunis,68.0,Two Year,51.37,3493.16,PayPal,Fiber Optic,2,2.0,0,No,Under 25,49-72 Months
102989,Male,33.0,Nablus,6.0,Month-to-Month,100.53,603.1800000000001,Unknown,No Internet,2,4.0,0,No,25-34,0-12 Months
102990,Female,30.0,Khan Yunis,17.0,Month-to-Month,82.04,1394.68,Cash,Fiber Optic,5,4.0,1,No,25-34,13-24 Months
102991,Female,34.0,Rafah,68.0,Two Year,79.65,5416.200000000001,Credit Card,DSL,5,1.0,0,No,25-34,49-72 Months
102992,Female,18.0,Jenin,68.0,Month-to-Month,60.11,4087.48,Cash,No Internet,2,3.0,1,No,Under 25,49-72 Months
102993,Male,47.0,Ramallah,41.0,One Year,96.0,3936.0,Credit Card,Fiber Optic,3,5.0,2,No,45-54,25-48 Months
102994,Female,25.0,Bethlehem,23.0,One Year,78.01,1794.23,Cash,DSL,4,3.0,1,No,25-34,13-24 Months
102995,Female,28.0,Khan Yunis,71.0,Month-to-Month,57.89,4110.19,Credit Card,DSL,0,2.0,1,No,25-34,49-72 Months
102996,Male,24.0,Bethlehem,69.0,One Year,74.61,5148.09,Bank Transfer,No Internet,4,3.0,2,No,Under 25,49-72 Months
102997,Male,48.0,Khan Yunis,13.0,Month-to-Month,45.11,586.43,Bank Transfer,DSL,2,2.0,0,Yes,45-54,13-24 Months
102998,Female,56.0,Gaza,69.0,Month-to-Month,73.08,5042.5199999999995,Credit Card,No Internet,1,3.0,2,No,55+,49-72 Months
102999,Female,32.0,Jenin,44.0,Two Year,72.97,3210.68,PayPal,DSL,2,3.0,0,No,25-34,25-48 Months
103000,Male,28.0,Nablus,58.0,One Year,61.89,3589.62,Cash,Fiber Optic,4,4.0,2,No,25-34,49-72 Months
103001,Female,21.0,Jenin,25.0,Month-to-Month,59.05,1476.25,PayPal,No Internet,2,4.0,2,No,Under 25,25-48 Months
103002,Male,32.0,Rafah,49.0,Two Year,136.23,6675.2699999999995,PayPal,DSL,1,3.0,1,No,25-34,49-72 Months
103003,Female,42.0,Ramallah,66.0,One Year,77.87,5139.42,PayPal,Fiber Optic,2,2.0,3,No,35-44,49-72 Months
103004,Female,30.0,Ramallah,36.0,Month-to-Month,71.49,2573.64,Credit Card,DSL,2,5.0,1,No,25-34,25-48 Months
103005,Male,65.0,Nablus,22.0,Month-to-Month,20.0,440.0,PayPal,Fiber Optic,3,2.0,1,Yes,55+,13-24 Months
103006,Male,29.0,Gaza,18.0,Two Year,46.02,828.36,PayPal,No Internet,4,4.0,1,No,25-34,13-24 Months
103007,Female,26.0,Khan Yunis,57.0,Two Year,70.15,3998.55,Cash,DSL,2,5.0,2,No,25-34,49-72 Months
103008,Male,33.0,Jenin,38.0,One Year,46.89,1781.82,Credit Card,Fiber Optic,2,4.0,1,No,25-34,25-48 Months
103009,Male,47.0,Khan Yunis,37.0,Two Year,31.45,1163.6499999999999,Credit Card,No Internet,3,4.0,1,No,45-54,25-48 Months
103010,Female,52.0,Khan Yunis,6.0,Two Year,100.71,604.26,Credit Card,DSL,1,3.0,2,No,45-54,0-12 Months
103011,Female,53.0,Jenin,48.0,Month-to-Month,102.3,4910.4,Bank Transfer,DSL,3,3.0,0,No,45-54,25-48 Months
103012,Male,50.0,Khan Yunis,52.0,Month-to-Month,75.23,3911.96,Bank Transfer,No Internet,3,2.0,0,Yes,45-54,49-72 Months
103013,Male,59.0,Rafah,13.0,Month-to-Month,110.73,1439.49,Credit Card,Fiber Optic,0,4.0,2,No,55+,13-24 Months
103014,Female,46.0,Hebron,4.0,One Year,85.94,343.76,Credit Card,Fiber Optic,2,3.0,1,No,45-54,0-12 Months
103015,Female,32.0,Unknown,43.0,One Year,70.85,3046.5499999999997,PayPal,No Internet,0,4.0,1,No,25-34,25-48 Months
103016,Male,55.0,Jericho,19.0,One Year,121.79,2314.01,Credit Card,DSL,2,4.0,0,No,55+,13-24 Months
103017,Male,39.0,Rafah,65.0,Two Year,88.09,5725.85,Credit Card,DSL,1,4.0,1,No,35-44,49-72 Months
103018,Female,29.0,Tulkarm,15.0,Two Year,103.25,1548.75,Cash,Fiber Optic,4,2.0,3,No,25-34,13-24 Months
103019,Female,29.0,Jenin,3.0,One Year,56.94,170.82,Unknown,DSL,1,3.0,1,No,25-34,0-12 Months
103020,Male,35.0,Jericho,52.0,Month-to-Month,101.09,5256.68,PayPal,Fiber Optic,1,3.0,2,No,35-44,49-72 Months
103021,Male,18.0,Ramallah,71.0,One Year,73.73,5234.83,Credit Card,No Internet,0,2.0,3,No,Under 25,49-72 Months
103022,Female,19.0,Ramallah,56.0,One Year,75.99,4255.44,Cash,Fiber Optic,0,2.0,1,No,Under 25,49-72 Months
103023,Male,29.0,Jericho,27.0,Month-to-Month,123.93,3346.11,Cash,Fiber Optic,1,3.0,2,No,25-34,25-48 Months
103024,Male,61.0,Gaza,59.0,Month-to-Month,60.12,3547.08,Cash,Fiber Optic,5,5.0,0,Yes,55+,49-72 Months
103025,Male,41.0,Khan Yunis,54.0,Month-to-Month,63.62,3435.48,PayPal,DSL,2,3.0,0,Yes,35-44,49-72 Months
103026,Male,19.0,Khan Yunis,3.0,Month-to-Month,111.25,333.75,PayPal,No Internet,0,3.0,1,Yes,Under 25,0-12 Months
103027,Male,53.0,Jenin,21.0,Month-to-Month,47.44,996.24,Cash,DSL,1,3.0,1,Yes,45-54,13-24 Months
103028,Male,57.0,Hebron,64.0,Month-to-Month,69.88,4472.32,Bank Transfer,DSL,0,2.0,1,Yes,55+,49-72 Months
103029,Male,20.0,Jericho,13.0,One Year,38.29,497.77,Credit Card,DSL,1,2.0,2,No,Under 25,13-24 Months
103030,Male,53.0,Hebron,25.0,Month-to-Month,71.95,1798.75,Bank Transfer,DSL,1,4.0,1,No,45-54,25-48 Months
103031,Female,43.0,Nablus,68.0,Month-to-Month,75.51,5134.68,Credit Card,Fiber Optic,1,3.0,0,No,35-44,49-72 Months
103032,Male,34.0,Rafah,16.0,Month-to-Month,37.13,594.08,PayPal,Fiber Optic,0,2.0,3,No,25-34,13-24 Months
103033,Female,19.0,Bethlehem,5.0,Month-to-Month,34.93,174.65,PayPal,DSL,0,3.0,0,No,Under 25,0-12 Months
103034,Male,24.0,Tulkarm,45.0,Two Year,104.45,4700.25,PayPal,No Internet,1,5.0,0,No,Under 25,25-48 Months
103035,Male,58.0,Gaza,22.0,Month-to-Month,77.52,1705.4399999999998,PayPal,DSL,3,4.0,0,No,55+,13-24 Months
103036,Male,48.0,Hebron,61.0,Month-to-Month,50.02,3051.2200000000003,Bank Transfer,Fiber Optic,3,4.0,1,Yes,45-54,49-72 Months
103037,Male,65.0,Tulkarm,38.0,One Year,55.57,2111.66,Bank Transfer,No Internet,1,3.0,2,No,55+,25-48 Months
103038,Male,31.0,Bethlehem,21.0,Month-to-Month,112.33,2358.93,Cash,DSL,3,2.0,1,No,25-34,13-24 Months
103039,Male,36.0,Tulkarm,5.0,Month-to-Month,103.38,516.9,PayPal,Fiber Optic,4,5.0,0,Yes,35-44,0-12 Months
103040,Male,37.0,Khan Yunis,58.0,Month-to-Month,47.65,2763.7,Cash,No Internet,1,5.0,1,No,35-44,49-72 Months
103041,Male,29.0,Rafah,39.0,Month-to-Month,56.88,2218.32,PayPal,No Internet,8,4.0,2,No,25-34,25-48 Months
103042,Female,26.0,Ramallah,18.0,Month-to-Month,99.54,1791.72,Bank Transfer,DSL,1,3.0,0,Yes,25-34,13-24 Months
103043,Female,54.0,Gaza,64.0,Two Year,75.56,4835.84,Cash,Fiber Optic,3,3.0,2,No,45-54,49-72 Months
103044,Female,35.0,Bethlehem,6.0,Month-to-Month,100.29,601.74,PayPal,No Internet,3,3.0,1,Yes,35-44,0-12 Months
103045,Male,29.0,Tulkarm,67.0,One Year,111.29,7456.43,Credit Card,DSL,5,5.0,1,No,25-34,49-72 Months
103046,Male,28.0,Jericho,37.0,Two Year,90.96,3365.52,Bank Transfer,Fiber Optic,2,4.0,2,No,25-34,25-48 Months
103047,Female,53.0,Bethlehem,58.0,Two Year,117.32,6804.5599999999995,Bank Transfer,Fiber Optic,1,3.0,3,No,45-54,49-72 Months
103048,Male,18.0,Ramallah,65.0,Month-to-Month,105.27,6842.55,PayPal,DSL,0,5.0,2,No,Under 25,49-72 Months
103049,Male,25.0,Nablus,51.0,Month-to-Month,96.4,4916.400000000001,Cash,DSL,0,4.0,2,No,25-34,49-72 Months
103050,Female,32.0,Ramallah,42.0,Month-to-Month,90.33,3793.86,PayPal,DSL,1,4.0,0,No,25-34,25-48 Months
103051,Female,18.0,Bethlehem,58.0,Month-to-Month,56.62,3283.96,Credit Card,DSL,0,2.0,1,Yes,Under 25,49-72 Months
103052,Female,28.0,Bethlehem,7.0,Month-to-Month,52.91,370.37,Bank Transfer,Fiber Optic,2,2.0,1,No,25-34,0-12 Months
103053,Female,36.0,Bethlehem,51.0,Month-to-Month,88.06,4491.06,PayPal,Fiber Optic,1,4.0,1,No,35-44,49-72 Months
103054,Male,25.0,Gaza,59.0,Month-to-Month,20.0,1180.0,Cash,Fiber Optic,1,5.0,0,No,25-34,49-72 Months
103055,Male,32.0,Jericho,57.0,Two Year,52.19,2974.83,Credit Card,No Internet,2,4.0,1,No,25-34,49-72 Months
103056,Male,45.0,Bethlehem,35.0,Month-to-Month,155.38,5438.3,PayPal,DSL,2,3.0,1,No,45-54,25-48 Months
103057,Male,43.0,Ramallah,46.0,Two Year,78.96,3632.16,Bank Transfer,DSL,1,3.0,0,No,35-44,25-48 Months
103058,Female,31.0,Jenin,61.0,Two Year,68.42,4173.62,Credit Card,Fiber Optic,0,1.0,2,No,25-34,49-72 Months
103059,Male,38.0,Ramallah,6.0,Month-to-Month,46.44,278.64,Bank Transfer,No Internet,1,5.0,2,No,35-44,0-12 Months
103060,Female,31.0,Nablus,37.0,Month-to-Month,138.36,5119.320000000001,PayPal,No Internet,4,4.0,0,Yes,25-34,25-48 Months
103061,Female,41.0,Gaza,62.0,Two Year,86.32,5351.839999999999,PayPal,Fiber Optic,1,4.0,2,No,35-44,49-72 Months
103062,Male,52.0,Nablus,37.0,Month-to-Month,67.82,2509.3399999999997,Credit Card,No Internet,2,3.0,0,No,45-54,25-48 Months
103063,Male,36.0,Rafah,34.0,Month-to-Month,63.18,2148.12,Credit Card,No Internet,2,3.0,0,Yes,35-44,25-48 Months
103064,Male,35.0,Gaza,72.0,Month-to-Month,102.07,7349.039999999999,Bank Transfer,Fiber Optic,0,3.0,2,No,35-44,49-72 Months
103065,Female,20.0,Gaza,12.0,Two Year,60.23,722.76,Cash,Fiber Optic,1,5.0,0,No,Under 25,0-12 Months
103066,Female,27.0,Jericho,53.0,Month-to-Month,75.18,3984.5400000000004,Bank Transfer,No Internet,6,4.0,0,No,25-34,49-72 Months
103067,Female,36.0,Nablus,10.0,Month-to-Month,77.08,770.8,Bank Transfer,No Internet,4,5.0,1,No,35-44,0-12 Months
103068,Male,45.0,Ramallah,55.0,One Year,85.76,4716.8,PayPal,DSL,2,3.0,0,No,45-54,49-72 Months
103069,Female,38.0,Bethlehem,28.0,One Year,95.09,2662.52,Cash,No Internet,4,3.0,0,No,35-44,25-48 Months
103070,Male,34.0,Tulkarm,58.0,Month-to-Month,86.37,5009.46,Credit Card,No Internet,4,5.0,0,No,25-34,49-72 Months
103071,Male,53.0,Rafah,63.0,One Year,38.88,2449.44,Cash,DSL,3,4.0,2,No,45-54,49-72 Months
103072,Male,35.0,Gaza,61.0,One Year,92.47,5640.67,Bank Transfer,DSL,1,2.0,0,No,35-44,49-72 Months
103073,Female,40.0,Hebron,1.0,Month-to-Month,103.86,103.86,Cash,Fiber Optic,2,5.0,0,No,35-44,0-12 Months
103074,Female,20.0,Rafah,39.0,Month-to-Month,85.27,3325.5299999999997,Bank Transfer,No Internet,2,4.0,3,No,Under 25,25-48 Months
103075,Female,23.0,Ramallah,62.0,One Year,51.53,3194.86,PayPal,No Internet,6,2.0,0,No,Under 25,49-72 Months
103076,Female,20.0,Gaza,46.0,Month-to-Month,42.75,1966.5,PayPal,DSL,2,4.0,0,No,Under 25,25-48 Months
103077,Female,46.0,Jenin,42.0,Month-to-Month,63.17,2653.14,Cash,No Internet,1,2.0,0,No,45-54,25-48 Months
103078,Male,18.0,Tulkarm,12.0,Month-to-Month,112.82,1353.84,Bank Transfer,DSL,1,3.0,1,Yes,Under 25,0-12 Months
103079,Female,41.0,Bethlehem,20.0,Two Year,70.89,1417.8,Credit Card,DSL,0,3.0,0,No,35-44,13-24 Months
103080,Male,58.0,Tulkarm,25.0,One Year,86.24,2156.0,Bank Transfer,DSL,3,2.0,0,No,55+,25-48 Months
103081,Female,39.0,Tulkarm,40.0,One Year,48.26,1930.3999999999999,Cash,Fiber Optic,3,4.0,4,No,35-44,25-48 Months
103082,Male,51.0,Jericho,64.0,One Year,82.97,5310.08,Credit Card,No Internet,1,3.0,0,No,45-54,49-72 Months
103083,Female,60.0,Nablus,41.0,Two Year,68.96,2827.3599999999997,Credit Card,DSL,3,3.0,1,No,55+,25-48 Months
103084,Male,32.0,Jericho,58.0,One Year,66.61,3863.38,Credit Card,Fiber Optic,3,4.0,0,No,25-34,49-72 Months
103085,Male,35.0,Rafah,21.0,Month-to-Month,84.45,1773.45,PayPal,Fiber Optic,3,4.0,1,Yes,35-44,13-24 Months
103086,Male,30.0,Bethlehem,40.0,One Year,69.83,2793.2,Bank Transfer,No Internet,2,2.0,1,No,25-34,25-48 Months
103087,Male,33.0,Ramallah,61.0,Two Year,103.0,6283.0,Cash,No Internet,0,3.0,1,No,25-34,49-72 Months
103088,Female,39.0,Hebron,59.0,Month-to-Month,62.85,3708.15,Bank Transfer,DSL,2,4.0,2,No,35-44,49-72 Months
103089,Male,41.0,Gaza,25.0,One Year,57.45,1436.25,Credit Card,No Internet,0,4.0,3,Yes,35-44,25-48 Months
103090,Female,25.0,Jericho,63.0,Month-to-Month,104.67,6594.21,Bank Transfer,Fiber Optic,1,5.0,1,No,25-34,49-72 Months
103091,Male,38.0,Nablus,10.0,Month-to-Month,113.74,1137.3999999999999,Bank Transfer,Fiber Optic,1,2.0,0,No,35-44,0-12 Months
103092,Male,45.0,Bethlehem,1.0,Month-to-Month,70.49,70.49,Bank Transfer,DSL,0,3.0,1,No,45-54,0-12 Months
103093,Male,47.0,Rafah,51.0,One Year,70.51,3596.01,Unknown,Fiber Optic,2,4.0,0,No,45-54,49-72 Months
103094,Female,50.0,Hebron,8.0,Two Year,65.83,526.64,Cash,DSL,2,4.0,4,No,45-54,0-12 Months
103095,Female,35.0,Jericho,10.0,One Year,103.33,1033.3,Bank Transfer,No Internet,1,2.0,1,Yes,35-44,0-12 Months
103096,Male,58.0,Gaza,32.0,Month-to-Month,52.96,1694.72,Credit Card,DSL,0,4.0,1,No,55+,25-48 Months
103097,Male,60.0,Jenin,58.0,Month-to-Month,52.85,3065.3,Credit Card,Fiber Optic,0,5.0,2,No,55+,49-72 Months
103098,Male,37.0,Jenin,32.0,One Year,45.44,1454.08,Bank Transfer,Fiber Optic,1,3.0,1,No,35-44,25-48 Months
103099,Female,24.0,Gaza,60.0,Two Year,76.07,4564.2,Bank Transfer,Fiber Optic,5,4.0,1,No,Under 25,49-72 Months
103100,Male,48.0,Hebron,62.0,Month-to-Month,99.64,6177.68,Bank Transfer,No Internet,7,5.0,0,No,45-54,49-72 Months
103101,Female,33.0,Bethlehem,59.0,One Year,91.41,5393.19,Cash,DSL,2,4.0,3,No,25-34,49-72 Months
103102,Male,32.0,Bethlehem,35.0,One Year,103.72,3630.2,PayPal,Fiber Optic,2,3.0,1,No,25-34,25-48 Months
103103,Female,37.0,Jericho,30.0,Month-to-Month,69.27,2078.1,Credit Card,No Internet,2,4.0,0,No,35-44,25-48 Months
103104,Male,38.0,Nablus,33.0,Month-to-Month,87.03,2871.9900000000002,PayPal,No Internet,3,4.0,0,No,35-44,25-48 Months
103105,Male,22.0,Rafah,60.0,Month-to-Month,96.11,5766.6,Bank Transfer,No Internet,3,4.0,0,No,Under 25,49-72 Months
103106,Male,18.0,Hebron,34.0,One Year,41.77,1420.18,Bank Transfer,DSL,3,4.0,2,No,Under 25,25-48 Months
103107,Female,60.0,Hebron,52.0,One Year,69.31,3604.12,Credit Card,Fiber Optic,2,5.0,2,No,55+,49-72 Months
103108,Male,26.0,Bethlehem,62.0,Month-to-Month,101.75,6308.5,Bank Transfer,Fiber Optic,1,4.0,1,No,25-34,49-72 Months
103109,Male,50.0,Nablus,17.0,Month-to-Month,53.89,916.13,PayPal,Fiber Optic,1,4.0,0,No,45-54,13-24 Months
103110,Male,31.0,Tulkarm,28.0,Two Year,77.63,2173.64,Cash,DSL,0,3.0,1,No,25-34,25-48 Months
103111,Male,23.0,Jericho,29.0,Month-to-Month,90.65,2628.8500000000004,Credit Card,No Internet,2,3.0,0,No,Under 25,25-48 Months
103112,Male,24.0,Hebron,13.0,Month-to-Month,63.84,829.9200000000001,Cash,DSL,1,5.0,1,No,Under 25,13-24 Months
103113,Male,51.0,Gaza,44.0,Month-to-Month,69.57,3061.08,Credit Card,No Internet,3,5.0,0,Yes,45-54,25-48 Months
103114,Male,41.0,Bethlehem,52.0,Two Year,73.56,3825.12,Cash,Fiber Optic,2,4.0,2,No,35-44,49-72 Months
103115,Female,41.0,Khan Yunis,70.0,One Year,77.14,5399.8,Bank Transfer,Fiber Optic,1,4.0,1,No,35-44,49-72 Months
103116,Male,42.0,Nablus,57.0,Month-to-Month,51.37,2928.0899999999997,PayPal,DSL,0,3.0,2,No,35-44,49-72 Months
103117,Male,18.0,Jenin,28.0,Month-to-Month,79.02,2212.56,Bank Transfer,DSL,3,5.0,0,No,Under 25,25-48 Months
103118,Female,61.0,Bethlehem,18.0,Month-to-Month,48.61,874.98,Cash,Fiber Optic,1,1.0,1,No,55+,13-24 Months
103119,Female,40.0,Jenin,34.0,Month-to-Month,79.83,2714.22,Cash,DSL,1,3.0,0,No,35-44,25-48 Months
103120,Male,42.0,Tulkarm,38.0,Month-to-Month,39.42,1497.96,Cash,Fiber Optic,4,4.0,2,No,35-44,25-48 Months
103121,Female,53.0,Bethlehem,70.0,Two Year,83.61,5852.7,Cash,Fiber Optic,1,5.0,1,No,45-54,49-72 Months
103122,Male,29.0,Jericho,26.0,Month-to-Month,62.79,1632.54,Cash,Fiber Optic,3,2.0,0,No,25-34,25-48 Months
103123,Female,35.0,Ramallah,54.0,Two Year,112.04,6050.160000000001,Cash,No Internet,2,4.0,2,No,35-44,49-72 Months
103124,Male,45.0,Tulkarm,52.0,One Year,73.82,3838.6399999999994,Cash,Fiber Optic,0,3.0,0,Yes,45-54,49-72 Months
103125,Male,27.0,Nablus,38.0,One Year,59.56,2263.28,Bank Transfer,No Internet,1,4.0,0,No,25-34,25-48 Months
103126,Female,18.0,Gaza,60.0,One Year,111.01,6660.6,Bank Transfer,No Internet,5,4.0,1,No,Under 25,49-72 Months
103127,Male,18.0,Khan Yunis,24.0,Month-to-Month,60.61,1454.6399999999999,PayPal,Fiber Optic,1,4.0,0,Yes,Under 25,13-24 Months
103128,Male,40.0,Jericho,10.0,One Year,82.2,822.0,Bank Transfer,No Internet,1,4.0,1,No,35-44,0-12 Months
103129,Female,57.0,Ramallah,50.0,One Year,99.73,4986.5,Credit Card,DSL,2,5.0,1,No,55+,49-72 Months
103130,Male,53.0,Bethlehem,9.0,One Year,71.63,644.67,Cash,DSL,4,3.0,0,Yes,45-54,0-12 Months
103131,Male,46.0,Nablus,13.0,One Year,80.53,1046.89,PayPal,No Internet,2,3.0,2,No,45-54,13-24 Months
103132,Female,43.0,Ramallah,47.0,Two Year,69.96,3288.12,Bank Transfer,DSL,0,5.0,0,No,35-44,25-48 Months
103133,Male,27.0,Nablus,72.0,Two Year,86.35,6217.2,Cash,Fiber Optic,3,5.0,3,No,25-34,49-72 Months
103134,Male,51.0,Gaza,55.0,One Year,63.13,3472.15,Cash,No Internet,2,4.0,1,No,45-54,49-72 Months
103135,Male,27.0,Hebron,11.0,Month-to-Month,78.52,863.7199999999999,Cash,No Internet,2,2.0,1,No,25-34,0-12 Months
103136,Male,22.0,Jenin,68.0,Two Year,61.36,4172.48,Bank Transfer,DSL,0,3.0,2,No,Under 25,49-72 Months
103137,Male,41.0,Khan Yunis,70.0,Two Year,128.92,9024.4,Credit Card,Fiber Optic,2,3.0,2,No,35-44,49-72 Months
103138,Female,40.0,Jericho,31.0,Month-to-Month,69.59,2157.29,Cash,No Internet,0,3.0,1,No,35-44,25-48 Months
103139,Male,45.0,Ramallah,3.0,Month-to-Month,85.54,256.62,Credit Card,No Internet,0,5.0,3,Yes,45-54,0-12 Months
103140,Male,51.0,Hebron,45.0,Month-to-Month,61.67,2775.15,Cash,Fiber Optic,3,3.0,2,Yes,45-54,25-48 Months
103141,Male,18.0,Nablus,32.0,One Year,99.15,3172.8,Cash,DSL,1,4.0,0,No,Under 25,25-48 Months
103142,Male,38.0,Khan Yunis,49.0,One Year,74.36,3643.64,Credit Card,DSL,2,2.0,0,Yes,35-44,49-72 Months
103143,Female,22.0,Tulkarm,14.0,Month-to-Month,78.98,1105.72,Cash,Fiber Optic,1,5.0,1,Yes,Under 25,13-24 Months
103144,Female,47.0,Jericho,67.0,One Year,46.13,3090.71,Cash,DSL,3,3.0,1,No,45-54,49-72 Months
103145,Male,48.0,Jericho,26.0,Month-to-Month,67.44,1753.44,Cash,Fiber Optic,2,5.0,3,No,45-54,25-48 Months
103146,Male,29.0,Jericho,10.0,One Year,119.61,1196.1,Credit Card,DSL,0,5.0,1,No,25-34,0-12 Months
103147,Male,52.0,Rafah,46.0,One Year,65.12,2995.5200000000004,Bank Transfer,DSL,2,4.0,0,No,45-54,25-48 Months
103148,Male,44.0,Jericho,2.0,Two Year,36.62,73.24,Cash,Fiber Optic,6,3.0,1,Yes,35-44,0-12 Months
103149,Male,42.0,Khan Yunis,48.0,Two Year,60.17,2888.16,Bank Transfer,Fiber Optic,2,4.0,1,Yes,35-44,25-48 Months
103150,Male,30.0,Jericho,3.0,One Year,49.57,148.71,Credit Card,Fiber Optic,1,5.0,1,No,25-34,0-12 Months
103151,Male,30.0,Khan Yunis,4.0,Two Year,94.07,376.28,Credit Card,DSL,0,3.0,1,No,25-34,0-12 Months
103152,Female,56.0,Tulkarm,64.0,Month-to-Month,99.41,6362.24,PayPal,Fiber Optic,1,3.0,2,No,55+,49-72 Months
103153,Male,75.0,Nablus,16.0,Month-to-Month,51.38,822.08,PayPal,DSL,3,4.0,2,No,55+,13-24 Months
103154,Female,39.0,Jenin,42.0,Month-to-Month,85.62,3596.04,Unknown,No Internet,0,4.0,1,No,35-44,25-48 Months
103155,Female,29.0,Hebron,3.0,Month-to-Month,58.3,174.89999999999998,Bank Transfer,No Internet,2,4.0,0,No,25-34,0-12 Months
103156,Female,60.0,Bethlehem,2.0,One Year,42.91,85.82,Credit Card,DSL,0,5.0,1,No,55+,0-12 Months
103157,Female,55.0,Hebron,27.0,One Year,27.95,754.65,Cash,Fiber Optic,0,3.0,1,No,55+,25-48 Months
103158,Male,18.0,Nablus,42.0,Month-to-Month,42.59,1788.7800000000002,Bank Transfer,Fiber Optic,2,2.0,0,No,Under 25,25-48 Months
103159,Male,41.0,Bethlehem,71.0,Month-to-Month,102.89,7305.19,Bank Transfer,DSL,0,4.0,1,No,35-44,49-72 Months
103160,Male,61.0,Khan Yunis,44.0,One Year,54.93,2416.92,PayPal,No Internet,1,5.0,0,No,55+,25-48 Months
103161,Female,44.0,Ramallah,4.0,Two Year,45.07,180.28,Cash,No Internet,1,4.0,0,No,35-44,0-12 Months
103162,Male,33.0,Jericho,45.0,Month-to-Month,77.58,3491.1,PayPal,DSL,2,3.0,3,No,25-34,25-48 Months
103163,Male,32.0,Ramallah,66.0,Month-to-Month,56.47,3727.02,Bank Transfer,DSL,2,4.0,1,No,25-34,49-72 Months
103164,Female,51.0,Gaza,7.0,Two Year,69.55,486.84999999999997,Bank Transfer,No Internet,2,3.0,1,No,45-54,0-12 Months
103165,Male,27.0,Gaza,41.0,Month-to-Month,44.14,1809.74,Cash,Fiber Optic,1,3.0,0,No,25-34,25-48 Months
103166,Female,23.0,Tulkarm,2.0,Month-to-Month,28.19,56.38,Credit Card,DSL,3,2.0,1,No,Under 25,0-12 Months
103167,Female,33.0,Tulkarm,42.0,Two Year,99.5,4179.0,Bank Transfer,DSL,2,5.0,0,No,25-34,25-48 Months
103168,Female,52.0,Bethlehem,26.0,Month-to-Month,102.78,2672.28,Cash,DSL,1,1.0,1,No,45-54,25-48 Months
103169,Female,39.0,Jenin,5.0,Two Year,50.81,254.05,PayPal,DSL,3,1.0,2,No,35-44,0-12 Months
103170,Female,33.0,Nablus,10.0,Two Year,75.34,753.4000000000001,PayPal,Fiber Optic,1,4.0,0,No,25-34,0-12 Months
103171,Male,49.0,Bethlehem,64.0,Two Year,91.61,5863.04,Bank Transfer,DSL,2,4.0,1,No,45-54,49-72 Months
103172,Male,28.0,Jericho,33.0,Month-to-Month,86.07,2840.31,Bank Transfer,No Internet,3,4.0,1,No,25-34,25-48 Months
103173,Male,47.0,Bethlehem,31.0,Two Year,55.48,1719.8799999999999,Cash,DSL,2,4.0,1,No,45-54,25-48 Months
103174,Female,23.0,Jericho,48.0,One Year,73.44,3525.12,PayPal,DSL,1,5.0,3,No,Under 25,25-48 Months
103175,Male,40.0,Hebron,67.0,Month-to-Month,78.64,5268.88,Credit Card,DSL,3,3.0,0,No,35-44,49-72 Months
103176,Male,43.0,Bethlehem,57.0,Two Year,78.5,4474.5,Credit Card,DSL,4,3.0,1,No,35-44,49-72 Months
103177,Female,34.0,Gaza,66.0,Month-to-Month,74.36,4907.76,Bank Transfer,No Internet,1,4.0,1,No,25-34,49-72 Months
103178,Male,22.0,Tulkarm,64.0,One Year,56.43,3611.52,Credit Card,DSL,2,5.0,0,No,Under 25,49-72 Months
103179,Male,61.0,Gaza,3.0,One Year,51.3,153.89999999999998,PayPal,No Internet,2,4.0,1,No,55+,0-12 Months
103180,Female,25.0,Hebron,27.0,Month-to-Month,66.38,1792.2599999999998,Credit Card,No Internet,0,3.0,0,No,25-34,25-48 Months
103181,Male,41.0,Rafah,68.0,Two Year,105.98,7206.64,Bank Transfer,Fiber Optic,1,5.0,1,Yes,35-44,49-72 Months
103182,Female,65.0,Khan Yunis,36.0,Month-to-Month,82.33,2963.88,PayPal,Fiber Optic,2,3.0,2,Yes,55+,25-48 Months
103183,Female,39.0,Ramallah,57.0,Two Year,70.99,4046.43,Cash,DSL,4,2.0,2,No,35-44,49-72 Months
103184,Male,18.0,Tulkarm,71.0,One Year,45.12,3203.52,PayPal,DSL,3,4.0,2,No,Under 25,49-72 Months
103185,Female,52.0,Gaza,72.0,Month-to-Month,81.62,5876.64,Credit Card,DSL,4,3.0,0,No,45-54,49-72 Months
103186,Male,19.0,Khan Yunis,58.0,Month-to-Month,49.11,2848.38,PayPal,DSL,2,3.0,1,No,Under 25,49-72 Months
103187,Male,39.0,Rafah,21.0,Two Year,60.75,1275.75,PayPal,DSL,2,3.0,0,No,35-44,13-24 Months
103188,Female,61.0,Tulkarm,12.0,Month-to-Month,35.96,431.52,Cash,Fiber Optic,5,5.0,0,No,55+,0-12 Months
103189,Male,52.0,Gaza,22.0,Month-to-Month,88.87,1955.14,Bank Transfer,Fiber Optic,1,4.0,0,Yes,45-54,13-24 Months
103190,Male,41.0,Gaza,20.0,One Year,106.41,2128.2,Bank Transfer,DSL,1,5.0,0,No,35-44,13-24 Months
103191,Male,46.0,Gaza,45.0,One Year,88.22,3969.9,Credit Card,Fiber Optic,3,2.0,2,No,45-54,25-48 Months
103192,Male,61.0,Nablus,3.0,Month-to-Month,78.37,235.11,Bank Transfer,Fiber Optic,2,3.0,0,No,55+,0-12 Months
103193,Male,33.0,Nablus,58.0,Month-to-Month,70.8,4106.4,PayPal,Fiber Optic,3,3.0,0,No,25-34,49-72 Months
103194,Male,39.0,Hebron,68.0,One Year,86.84,5905.12,PayPal,No Internet,1,3.0,1,No,35-44,49-72 Months
103195,Female,32.0,Ramallah,70.0,One Year,57.94,4055.7999999999997,Credit Card,Fiber Optic,1,3.0,1,No,25-34,49-72 Months
103196,Female,32.0,Bethlehem,65.0,Month-to-Month,85.8,5577.0,Cash,No Internet,0,4.0,2,No,25-34,49-72 Months
103197,Male,27.0,Jericho,9.0,One Year,50.43,453.87,Cash,No Internet,4,2.0,1,No,25-34,0-12 Months
103198,Male,44.0,Bethlehem,33.0,One Year,79.7,2630.1,Cash,No Internet,2,4.0,0,No,35-44,25-48 Months
103199,Male,36.0,Hebron,48.0,Month-to-Month,88.41,4243.68,Cash,Fiber Optic,2,4.0,0,No,35-44,25-48 Months
103200,Female,39.0,Hebron,16.0,Month-to-Month,107.63,1722.08,Cash,No Internet,4,4.0,0,No,35-44,13-24 Months
103201,Female,27.0,Bethlehem,22.0,One Year,87.39,1922.58,PayPal,No Internet,1,3.0,1,No,25-34,13-24 Months
103202,Male,25.0,Bethlehem,35.0,One Year,88.86,3110.1,Cash,Fiber Optic,1,1.0,3,No,25-34,25-48 Months
103203,Female,63.0,Gaza,69.0,Month-to-Month,82.4,5685.6,PayPal,DSL,0,4.0,1,No,55+,49-72 Months
103204,Female,57.0,Gaza,27.0,Month-to-Month,53.22,1436.94,Cash,DSL,2,4.0,2,Yes,55+,25-48 Months
103205,Male,37.0,Khan Yunis,12.0,One Year,57.15,685.8,Cash,Fiber Optic,2,5.0,2,No,35-44,0-12 Months
103206,Female,44.0,Nablus,18.0,Month-to-Month,120.67,2172.06,Cash,DSL,2,2.0,2,Yes,35-44,13-24 Months
103207,Male,42.0,Khan Yunis,36.0,Month-to-Month,89.42,3219.12,Cash,No Internet,2,4.0,2,No,35-44,25-48 Months
103208,Female,40.0,Jenin,63.0,Month-to-Month,91.33,5753.79,Bank Transfer,DSL,4,3.0,1,No,35-44,49-72 Months
103209,Female,42.0,Ramallah,63.0,Month-to-Month,86.22,5431.86,Cash,Fiber Optic,2,3.0,2,No,35-44,49-72 Months
103210,Male,64.0,Ramallah,10.0,Two Year,49.15,491.5,Cash,No Internet,2,1.0,0,No,55+,0-12 Months
103211,Female,48.0,Jenin,1.0,Month-to-Month,94.58,94.58,Cash,DSL,3,3.0,1,No,45-54,0-12 Months
103212,Male,38.0,Ramallah,4.0,One Year,27.09,108.36,Cash,No Internet,1,4.0,0,No,35-44,0-12 Months
103213,Female,32.0,Ramallah,31.0,Two Year,110.14,3414.34,Bank Transfer,Fiber Optic,1,4.0,0,No,25-34,25-48 Months
103214,Female,39.0,Hebron,68.0,Month-to-Month,32.79,2229.72,PayPal,Fiber Optic,2,3.0,2,Yes,35-44,49-72 Months
103215,Male,53.0,Jenin,1.0,Month-to-Month,58.98,58.98,PayPal,No Internet,3,3.0,3,No,45-54,0-12 Months
103216,Male,50.0,Gaza,57.0,One Year,83.84,4778.88,PayPal,No Internet,1,3.0,1,No,45-54,49-72 Months
103217,Female,51.0,Nablus,46.0,Month-to-Month,66.11,3041.06,Bank Transfer,Fiber Optic,3,4.0,0,No,45-54,25-48 Months
103218,Male,33.0,Tulkarm,62.0,Month-to-Month,71.74,4447.88,Cash,DSL,1,5.0,1,No,25-34,49-72 Months
103219,Female,40.0,Tulkarm,10.0,One Year,63.53,635.3,Cash,No Internet,4,3.0,4,No,35-44,0-12 Months
103220,Female,21.0,Tulkarm,34.0,Two Year,105.15,3575.1000000000004,Credit Card,DSL,1,5.0,1,No,Under 25,25-48 Months
103221,Male,34.0,Bethlehem,5.0,One Year,60.95,304.75,Bank Transfer,DSL,4,4.0,1,No,25-34,0-12 Months
103222,Male,35.0,Bethlehem,16.0,One Year,30.47,487.52,Credit Card,DSL,1,3.0,1,No,35-44,13-24 Months
103223,Male,34.0,Jericho,53.0,Two Year,38.6,2045.8000000000002,Bank Transfer,DSL,2,3.0,0,No,25-34,49-72 Months
103224,Male,53.0,Jericho,65.0,Month-to-Month,82.16,5340.4,PayPal,No Internet,3,3.0,2,Yes,45-54,49-72 Months
103225,Female,52.0,Khan Yunis,6.0,Two Year,82.19,493.14,PayPal,DSL,1,5.0,0,No,45-54,0-12 Months
103226,Male,28.0,Ramallah,53.0,One Year,76.1,4033.2999999999997,Credit Card,DSL,3,5.0,1,No,25-34,49-72 Months
103227,Male,47.0,Nablus,49.0,Month-to-Month,59.87,2933.6299999999997,PayPal,Fiber Optic,2,3.0,2,No,45-54,49-72 Months
103228,Male,48.0,Jenin,30.0,Month-to-Month,82.25,2467.5,Credit Card,Fiber Optic,2,3.0,1,No,45-54,25-48 Months
103229,Female,28.0,Jericho,21.0,One Year,128.98,2708.58,PayPal,DSL,2,1.0,2,No,25-34,13-24 Months
103230,Female,35.0,Gaza,47.0,One Year,63.63,2990.61,PayPal,Fiber Optic,4,3.0,0,No,35-44,25-48 Months
103231,Female,36.0,Hebron,65.0,Month-to-Month,78.72,5116.8,Credit Card,No Internet,2,1.0,0,No,35-44,49-72 Months
103232,Female,32.0,Tulkarm,47.0,Two Year,39.85,1872.95,Credit Card,DSL,2,4.0,0,No,25-34,25-48 Months
103233,Female,49.0,Khan Yunis,13.0,Two Year,57.31,745.03,PayPal,DSL,0,3.0,0,No,45-54,13-24 Months
103234,Male,48.0,Jericho,5.0,Month-to-Month,84.37,421.85,Bank Transfer,Fiber Optic,1,2.0,3,No,45-54,0-12 Months
103235,Female,24.0,Bethlehem,71.0,Month-to-Month,62.02,4403.42,Bank Transfer,Fiber Optic,1,4.0,1,Yes,Under 25,49-72 Months
103236,Female,24.0,Ramallah,2.0,Month-to-Month,38.91,77.82,Cash,Fiber Optic,4,4.0,2,No,Under 25,0-12 Months
103237,Male,32.0,Bethlehem,41.0,Month-to-Month,75.39,3090.9900000000002,Credit Card,DSL,2,4.0,1,No,25-34,25-48 Months
103238,Female,40.0,Jericho,26.0,Month-to-Month,64.83,1685.58,PayPal,DSL,1,2.0,0,No,35-44,25-48 Months
103239,Male,51.0,Ramallah,12.0,Month-to-Month,54.47,653.64,PayPal,No Internet,1,3.0,0,No,45-54,0-12 Months
103240,Female,40.0,Rafah,24.0,Month-to-Month,68.88,1653.12,PayPal,DSL,2,4.0,0,No,35-44,13-24 Months
103241,Female,49.0,Nablus,71.0,One Year,94.31,6696.01,PayPal,Fiber Optic,4,3.0,1,No,45-54,49-72 Months
103242,Male,21.0,Jenin,50.0,Month-to-Month,100.94,5047.0,Bank Transfer,Fiber Optic,0,4.0,0,No,Under 25,49-72 Months
103243,Female,43.0,Hebron,52.0,Month-to-Month,73.39,3816.28,PayPal,Fiber Optic,2,2.0,0,No,35-44,49-72 Months
103244,Female,38.0,Jericho,61.0,Month-to-Month,83.62,5100.820000000001,PayPal,No Internet,1,3.0,1,No,35-44,49-72 Months
103245,Male,38.0,Nablus,26.0,Month-to-Month,78.41,2038.6599999999999,Bank Transfer,Fiber Optic,1,4.0,2,No,35-44,25-48 Months
103246,Female,40.0,Hebron,44.0,One Year,88.17,3879.48,Credit Card,No Internet,2,4.0,0,No,35-44,25-48 Months
103247,Male,61.0,Ramallah,5.0,Month-to-Month,80.22,401.1,Bank Transfer,DSL,5,4.0,0,No,55+,0-12 Months
103248,Female,57.0,Tulkarm,37.0,Month-to-Month,74.4,2752.8,Cash,DSL,3,4.0,1,No,55+,25-48 Months
103249,Female,39.0,Jericho,29.0,Month-to-Month,37.75,1094.75,Bank Transfer,No Internet,3,3.0,0,No,35-44,25-48 Months
103250,Female,44.0,Jericho,50.0,One Year,54.89,2744.5,PayPal,DSL,5,4.0,0,No,35-44,49-72 Months
103251,Female,23.0,Hebron,6.0,Two Year,80.81,484.86,Bank Transfer,DSL,2,3.0,0,No,Under 25,0-12 Months
103252,Female,51.0,Hebron,67.0,One Year,126.81,8496.27,Bank Transfer,No Internet,2,3.0,2,No,45-54,49-72 Months
103253,Female,27.0,Jericho,4.0,Month-to-Month,125.84,503.36,Credit Card,DSL,1,4.0,0,Yes,25-34,0-12 Months
103254,Male,55.0,Jericho,2.0,One Year,76.06,152.12,Cash,No Internet,3,3.0,0,No,55+,0-12 Months
103255,Female,44.0,Jenin,9.0,Two Year,46.77,420.93,Cash,No Internet,5,4.0,1,No,35-44,0-12 Months
103256,Female,55.0,Gaza,1.0,Two Year,20.0,20.0,Cash,Fiber Optic,3,2.0,1,No,55+,0-12 Months
103257,Female,34.0,Ramallah,51.0,Month-to-Month,41.71,2127.21,PayPal,No Internet,5,3.0,0,No,25-34,49-72 Months
103258,Female,48.0,Nablus,65.0,Two Year,53.45,3474.25,Cash,Fiber Optic,3,3.0,0,No,45-54,49-72 Months
103259,Female,46.0,Ramallah,7.0,Month-to-Month,62.12,434.84,Credit Card,No Internet,4,4.0,0,Yes,45-54,0-12 Months
103260,Male,34.0,Rafah,21.0,Month-to-Month,48.48,1018.0799999999999,Bank Transfer,DSL,3,3.0,0,No,25-34,13-24 Months
103261,Male,58.0,Jenin,61.0,Two Year,47.99,2927.3900000000003,PayPal,DSL,0,1.0,0,No,55+,49-72 Months
103262,Male,44.0,Ramallah,18.0,Month-to-Month,61.96,1115.28,Credit Card,Fiber Optic,3,4.0,5,No,35-44,13-24 Months
103263,Female,47.0,Jenin,72.0,Month-to-Month,114.12,8216.64,PayPal,Fiber Optic,1,3.0,1,No,45-54,49-72 Months
103264,Male,22.0,Gaza,70.0,Month-to-Month,74.02,5181.4,Cash,No Internet,3,5.0,0,No,Under 25,49-72 Months
103265,Male,34.0,Hebron,33.0,Two Year,83.04,2740.32,PayPal,DSL,0,5.0,0,No,25-34,25-48 Months
103266,Female,18.0,Hebron,47.0,Two Year,84.29,3961.63,Bank Transfer,No Internet,1,4.0,1,No,Under 25,25-48 Months
103267,Female,39.0,Gaza,55.0,Month-to-Month,77.34,4253.7,PayPal,Fiber Optic,3,3.0,2,No,35-44,49-72 Months
103268,Male,18.0,Jenin,20.0,Two Year,95.07,1901.3999999999999,Bank Transfer,No Internet,1,2.0,1,No,Under 25,13-24 Months
103269,Female,30.0,Tulkarm,14.0,Month-to-Month,106.72,1494.08,PayPal,Fiber Optic,2,4.0,0,No,25-34,13-24 Months
103270,Female,28.0,Gaza,3.0,Month-to-Month,97.65,292.95000000000005,Cash,DSL,2,3.0,1,No,25-34,0-12 Months
103271,Female,21.0,Ramallah,51.0,Two Year,67.93,3464.4300000000003,Cash,Fiber Optic,0,4.0,1,No,Under 25,49-72 Months
103272,Female,48.0,Jenin,23.0,Two Year,57.81,1329.63,Unknown,DSL,3,3.0,1,No,45-54,13-24 Months
103273,Male,18.0,Jenin,53.0,Month-to-Month,30.99,1642.47,Cash,No Internet,0,3.0,1,No,Under 25,49-72 Months
103274,Female,41.0,Khan Yunis,27.0,Month-to-Month,59.34,1602.18,Credit Card,Fiber Optic,1,3.0,2,No,35-44,25-48 Months
103275,Female,55.0,Ramallah,41.0,One Year,75.06,3077.46,Bank Transfer,DSL,2,5.0,1,No,55+,25-48 Months
103276,Male,45.0,Nablus,10.0,One Year,78.17,781.7,PayPal,DSL,4,4.0,0,No,45-54,0-12 Months
103277,Female,37.0,Hebron,58.0,Two Year,81.03,4699.74,Credit Card,DSL,1,4.0,2,No,35-44,49-72 Months
103278,Male,33.0,Hebron,59.0,Month-to-Month,66.5,3923.5,Bank Transfer,Fiber Optic,1,3.0,1,No,25-34,49-72 Months
103279,Female,26.0,Tulkarm,9.0,Month-to-Month,91.37,822.33,PayPal,DSL,3,5.0,1,No,25-34,0-12 Months
103280,Male,29.0,Hebron,62.0,Month-to-Month,57.26,3550.12,Cash,Fiber Optic,0,5.0,1,No,25-34,49-72 Months
103281,Male,37.0,Gaza,2.0,One Year,67.19,134.38,Cash,Fiber Optic,4,3.0,3,No,35-44,0-12 Months
103282,Male,42.0,Hebron,39.0,Month-to-Month,45.62,1779.1799999999998,Cash,Fiber Optic,3,4.0,1,No,35-44,25-48 Months
103283,Female,34.0,Tulkarm,1.0,Month-to-Month,45.57,45.57,PayPal,DSL,6,2.0,1,Yes,25-34,0-12 Months
103284,Female,35.0,Rafah,32.0,Month-to-Month,86.64,2772.48,Bank Transfer,Fiber Optic,1,2.0,1,No,35-44,25-48 Months
103285,Female,47.0,Jericho,13.0,Month-to-Month,68.25,887.25,Bank Transfer,DSL,6,3.0,2,No,45-54,13-24 Months
103286,Male,27.0,Jenin,69.0,Month-to-Month,31.13,2147.97,Bank Transfer,Fiber Optic,1,3.0,1,No,25-34,49-72 Months
103287,Male,41.0,Hebron,63.0,Month-to-Month,57.4,3616.2,Bank Transfer,DSL,1,3.0,1,No,35-44,49-72 Months
103288,Female,29.0,Ramallah,24.0,Month-to-Month,64.55,1549.1999999999998,Credit Card,Fiber Optic,9,5.0,1,Yes,25-34,13-24 Months
103289,Male,47.0,Nablus,67.0,One Year,69.99,4689.33,PayPal,No Internet,3,4.0,0,No,45-54,49-72 Months
103290,Male,65.0,Jenin,21.0,Month-to-Month,85.8,1801.8,Credit Card,DSL,2,3.0,0,Yes,55+,13-24 Months
103291,Female,18.0,Jenin,57.0,Month-to-Month,63.73,3632.6099999999997,PayPal,No Internet,1,4.0,1,No,Under 25,49-72 Months
103292,Female,37.0,Rafah,58.0,One Year,90.91,5272.78,Bank Transfer,DSL,2,5.0,1,No,35-44,49-72 Months
103293,Male,36.0,Jenin,51.0,Month-to-Month,93.74,4780.74,Credit Card,DSL,1,5.0,1,No,35-44,49-72 Months
103294,Female,37.0,Ramallah,2.0,Month-to-Month,69.77,139.54,PayPal,No Internet,2,3.0,1,No,35-44,0-12 Months
103295,Male,20.0,Ramallah,24.0,Month-to-Month,116.24,2789.7599999999998,Cash,DSL,4,5.0,0,No,Under 25,13-24 Months
103296,Female,31.0,Tulkarm,44.0,One Year,45.51,2002.4399999999998,PayPal,No Internet,2,2.0,0,No,25-34,25-48 Months
103297,Male,32.0,Hebron,5.0,Month-to-Month,99.06,495.3,PayPal,Fiber Optic,2,3.0,2,No,25-34,0-12 Months
103298,Male,61.0,Ramallah,68.0,One Year,44.79,3045.72,Credit Card,Fiber Optic,1,3.0,1,No,55+,49-72 Months
103299,Male,40.0,Khan Yunis,38.0,Month-to-Month,47.24,1795.1200000000001,PayPal,No Internet,2,4.0,2,No,35-44,25-48 Months
103300,Female,58.0,Jericho,22.0,Month-to-Month,117.86,2592.92,Credit Card,No Internet,1,3.0,1,No,55+,13-24 Months
103301,Male,32.0,Rafah,33.0,Two Year,75.52,2492.16,Credit Card,DSL,0,3.0,1,No,25-34,25-48 Months
103302,Male,41.0,Jericho,61.0,Month-to-Month,74.82,4564.0199999999995,Cash,DSL,3,4.0,2,Yes,35-44,49-72 Months
103303,Female,53.0,Bethlehem,44.0,Month-to-Month,86.11,3788.84,Cash,No Internet,2,5.0,2,No,45-54,25-48 Months
103304,Male,45.0,Rafah,4.0,Month-to-Month,110.58,442.32,Credit Card,Fiber Optic,2,5.0,3,No,45-54,0-12 Months
103305,Female,56.0,Jenin,39.0,Month-to-Month,99.66,3886.74,Cash,Fiber Optic,3,2.0,2,No,55+,25-48 Months
103306,Male,55.0,Bethlehem,39.0,One Year,81.51,3178.8900000000003,Bank Transfer,Fiber Optic,1,4.0,1,No,55+,25-48 Months
103307,Female,42.0,Bethlehem,64.0,Month-to-Month,30.19,1932.16,Bank Transfer,No Internet,3,3.0,3,No,35-44,49-72 Months
103308,Male,18.0,Hebron,57.0,Two Year,91.62,5222.34,Credit Card,No Internet,1,3.0,1,No,Under 25,49-72 Months
103309,Female,18.0,Jenin,15.0,One Year,110.88,1663.1999999999998,Bank Transfer,DSL,0,3.0,2,No,Under 25,13-24 Months
103310,Female,55.0,Khan Yunis,21.0,Two Year,110.12,2312.52,PayPal,No Internet,3,3.0,0,No,55+,13-24 Months
103311,Male,28.0,Jenin,62.0,One Year,124.55,7722.099999999999,PayPal,Fiber Optic,5,4.0,1,No,25-34,49-72 Months
103312,Female,32.0,Jericho,15.0,One Year,79.57,1193.55,PayPal,No Internet,2,4.0,0,Yes,25-34,13-24 Months
103313,Female,38.0,Hebron,65.0,One Year,38.89,2527.85,PayPal,DSL,1,3.0,0,No,35-44,49-72 Months
103314,Male,40.0,Tulkarm,59.0,Month-to-Month,94.98,5603.820000000001,PayPal,No Internet,0,3.0,0,No,35-44,49-72 Months
103315,Female,36.0,Tulkarm,7.0,One Year,136.85,957.9499999999999,Cash,DSL,2,2.0,0,No,35-44,0-12 Months
103316,Female,33.0,Bethlehem,65.0,Month-to-Month,59.8,3887.0,Cash,Fiber Optic,2,3.0,0,No,25-34,49-72 Months
103317,Male,40.0,Tulkarm,12.0,Two Year,103.08,1236.96,Credit Card,DSL,3,4.0,0,No,35-44,0-12 Months
103318,Male,33.0,Gaza,60.0,Month-to-Month,77.54,4652.400000000001,Bank Transfer,No Internet,0,2.0,4,Yes,25-34,49-72 Months
103319,Female,34.0,Nablus,24.0,One Year,77.34,1856.16,Credit Card,DSL,0,5.0,1,No,25-34,13-24 Months
103320,Female,37.0,Hebron,17.0,Two Year,32.41,550.9699999999999,Credit Card,Fiber Optic,2,3.0,1,No,35-44,13-24 Months
103321,Female,22.0,Hebron,49.0,One Year,88.43,4333.070000000001,PayPal,Fiber Optic,0,4.0,1,No,Under 25,49-72 Months
103322,Male,34.0,Tulkarm,12.0,Month-to-Month,32.7,392.40000000000003,Cash,No Internet,0,4.0,1,No,25-34,0-12 Months
103323,Male,67.0,Gaza,64.0,One Year,60.99,3903.36,PayPal,DSL,4,5.0,2,No,55+,49-72 Months
103324,Male,56.0,Khan Yunis,10.0,Month-to-Month,95.06,950.6,Bank Transfer,Fiber Optic,2,3.0,2,No,55+,0-12 Months
103325,Male,25.0,Khan Yunis,28.0,Month-to-Month,94.74,2652.72,Credit Card,Fiber Optic,2,4.0,1,No,25-34,25-48 Months
103326,Male,25.0,Ramallah,24.0,Month-to-Month,73.43,1762.3200000000002,Credit Card,No Internet,1,3.0,2,No,25-34,13-24 Months
103327,Male,36.0,Ramallah,55.0,Month-to-Month,136.36,7499.800000000001,Credit Card,DSL,4,2.0,1,No,35-44,49-72 Months
103328,Male,52.0,Bethlehem,69.0,One Year,127.07,8767.83,Cash,DSL,1,3.0,1,No,45-54,49-72 Months
103329,Female,21.0,Jenin,70.0,One Year,65.2,4564.0,Credit Card,Fiber Optic,2,3.0,2,No,Under 25,49-72 Months
103330,Female,28.0,Jenin,36.0,One Year,23.36,840.96,Credit Card,DSL,5,4.0,0,No,25-34,25-48 Months
103331,Male,24.0,Gaza,7.0,Month-to-Month,96.76,677.32,Credit Card,DSL,1,3.0,1,No,Under 25,0-12 Months
103332,Female,40.0,Rafah,58.0,Month-to-Month,77.96,4521.679999999999,PayPal,Fiber Optic,3,5.0,0,No,35-44,49-72 Months
103333,Female,47.0,Tulkarm,29.0,Two Year,93.75,2718.75,Bank Transfer,DSL,3,2.0,4,No,45-54,25-48 Months
103334,Male,48.0,Jericho,67.0,One Year,107.78,7221.26,PayPal,No Internet,3,4.0,0,No,45-54,49-72 Months
103335,Male,32.0,Nablus,63.0,Month-to-Month,75.29,4743.27,Cash,No Internet,1,4.0,1,No,25-34,49-72 Months
103336,Male,41.0,Nablus,69.0,Two Year,44.43,3065.67,Cash,Fiber Optic,1,5.0,2,No,35-44,49-72 Months
103337,Male,18.0,Jenin,63.0,Month-to-Month,61.45,3871.3500000000004,Cash,No Internet,0,5.0,0,No,Under 25,49-72 Months
103338,Male,30.0,Jenin,43.0,Month-to-Month,89.67,3855.81,PayPal,No Internet,1,4.0,1,No,25-34,25-48 Months
103339,Male,34.0,Nablus,39.0,Two Year,61.33,2391.87,PayPal,No Internet,1,4.0,1,No,25-34,25-48 Months
103340,Female,26.0,Jericho,57.0,Month-to-Month,33.19,1891.83,Bank Transfer,No Internet,2,4.0,0,No,25-34,49-72 Months
103341,Male,54.0,Khan Yunis,26.0,One Year,72.76,1891.7600000000002,Cash,Fiber Optic,4,4.0,1,No,45-54,25-48 Months
103342,Male,38.0,Tulkarm,57.0,One Year,61.08,3481.56,PayPal,DSL,1,2.0,1,Yes,35-44,49-72 Months
103343,Male,45.0,Gaza,34.0,Month-to-Month,116.09,3947.06,Credit Card,Fiber Optic,1,4.0,2,No,45-54,25-48 Months
103344,Male,30.0,Khan Yunis,37.0,Month-to-Month,71.67,2651.79,Bank Transfer,Fiber Optic,4,2.0,0,Yes,25-34,25-48 Months
103345,Male,39.0,Gaza,39.0,One Year,66.69,2600.91,Bank Transfer,No Internet,2,5.0,0,No,35-44,25-48 Months
103346,Female,42.0,Hebron,17.0,Month-to-Month,97.09,1650.53,Cash,No Internet,3,2.0,0,No,35-44,13-24 Months
103347,Male,34.0,Tulkarm,27.0,One Year,56.41,1523.07,Cash,No Internet,1,5.0,2,No,25-34,25-48 Months
103348,Male,31.0,Gaza,68.0,One Year,43.36,2948.48,PayPal,DSL,2,3.0,0,No,25-34,49-72 Months
103349,Female,38.0,Tulkarm,17.0,One Year,65.39,1111.63,Cash,Fiber Optic,2,4.0,2,No,35-44,13-24 Months
103350,Male,38.0,Khan Yunis,2.0,Month-to-Month,69.77,139.54,PayPal,No Internet,2,4.0,1,No,35-44,0-12 Months
103351,Male,31.0,Rafah,26.0,One Year,69.3,1801.8,PayPal,No Internet,2,2.0,0,No,25-34,25-48 Months
103352,Male,36.0,Khan Yunis,50.0,Month-to-Month,83.74,4187.0,PayPal,Fiber Optic,0,4.0,0,No,35-44,49-72 Months
103353,Female,18.0,Khan Yunis,37.0,Month-to-Month,80.31,2971.4700000000003,Bank Transfer,Fiber Optic,3,3.0,1,Yes,Under 25,25-48 Months
103354,Male,22.0,Khan Yunis,45.0,Month-to-Month,67.07,3018.1499999999996,Cash,Fiber Optic,2,5.0,2,Yes,Under 25,25-48 Months
103355,Male,44.0,Nablus,71.0,Two Year,71.56,5080.76,Cash,DSL,1,4.0,2,No,35-44,49-72 Months
103356,Male,33.0,Khan Yunis,9.0,Two Year,53.61,482.49,PayPal,DSL,2,1.0,1,No,25-34,0-12 Months
103357,Male,18.0,Tulkarm,46.0,One Year,67.73,3115.5800000000004,PayPal,DSL,4,3.0,0,No,Under 25,25-48 Months
103358,Female,18.0,Bethlehem,63.0,Month-to-Month,56.78,3577.14,Cash,Fiber Optic,4,4.0,0,No,Under 25,49-72 Months
103359,Male,38.0,Jenin,6.0,One Year,79.33,475.98,Cash,Fiber Optic,2,2.0,1,No,35-44,0-12 Months
103360,Female,63.0,Tulkarm,8.0,One Year,71.44,571.52,Credit Card,DSL,3,4.0,2,No,55+,0-12 Months
103361,Female,54.0,Jericho,26.0,Two Year,80.44,2091.44,PayPal,No Internet,1,3.0,0,No,45-54,25-48 Months
103362,Female,50.0,Bethlehem,49.0,Two Year,60.08,2943.92,PayPal,Fiber Optic,3,1.0,2,No,45-54,49-72 Months
103363,Male,48.0,Tulkarm,28.0,One Year,69.82,1954.9599999999998,PayPal,DSL,1,3.0,0,Yes,45-54,25-48 Months
103364,Female,28.0,Ramallah,11.0,One Year,71.95,791.45,Bank Transfer,No Internet,2,3.0,1,No,25-34,0-12 Months
103365,Female,40.0,Hebron,5.0,Two Year,65.47,327.35,Bank Transfer,No Internet,3,3.0,1,No,35-44,0-12 Months
103366,Male,52.0,Bethlehem,41.0,Month-to-Month,87.11,3571.5099999999998,Bank Transfer,Fiber Optic,2,4.0,0,No,45-54,25-48 Months
103367,Male,27.0,Rafah,45.0,One Year,78.89,3550.05,Bank Transfer,Fiber Optic,1,2.0,0,No,25-34,25-48 Months
103368,Female,53.0,Jenin,68.0,One Year,78.5,5338.0,PayPal,Fiber Optic,4,4.0,0,No,45-54,49-72 Months
103369,Female,34.0,Nablus,70.0,One Year,71.83,5028.099999999999,PayPal,No Internet,3,4.0,0,No,25-34,49-72 Months
103370,Male,51.0,Khan Yunis,1.0,One Year,87.1,87.1,PayPal,DSL,2,4.0,2,No,45-54,0-12 Months
103371,Female,29.0,Jericho,24.0,One Year,32.61,782.64,Bank Transfer,DSL,0,3.0,0,No,25-34,13-24 Months
103372,Male,22.0,Jericho,61.0,Month-to-Month,39.52,2410.7200000000003,Bank Transfer,Fiber Optic,0,3.0,0,No,Under 25,49-72 Months
103373,Female,54.0,Khan Yunis,21.0,Month-to-Month,41.44,870.24,Bank Transfer,Fiber Optic,2,4.0,0,No,45-54,13-24 Months
103374,Male,42.0,Tulkarm,41.0,Month-to-Month,93.72,3842.52,Bank Transfer,No Internet,0,5.0,1,No,35-44,25-48 Months
103375,Female,42.0,Gaza,35.0,One Year,71.85,2514.75,Cash,No Internet,2,4.0,2,No,35-44,25-48 Months
103376,Male,34.0,Bethlehem,58.0,One Year,74.39,4314.62,Cash,Fiber Optic,0,2.0,1,No,25-34,49-72 Months
103377,Male,35.0,Tulkarm,25.0,Two Year,70.35,1758.7499999999998,Cash,DSL,2,3.0,1,No,35-44,25-48 Months
103378,Male,43.0,Gaza,51.0,Month-to-Month,105.8,5395.8,Cash,DSL,1,2.0,1,No,35-44,49-72 Months
103379,Male,36.0,Hebron,9.0,One Year,59.2,532.8000000000001,Credit Card,No Internet,1,3.0,2,No,35-44,0-12 Months
103380,Male,32.0,Gaza,4.0,Two Year,97.36,389.44,Bank Transfer,DSL,4,2.0,1,No,25-34,0-12 Months
103381,Male,36.0,Jericho,16.0,Month-to-Month,69.95,1119.2,PayPal,DSL,1,3.0,2,No,35-44,13-24 Months
103382,Male,66.0,Khan Yunis,24.0,Two Year,60.58,1453.92,Bank Transfer,DSL,3,3.0,0,No,55+,13-24 Months
103383,Male,25.0,Rafah,11.0,Two Year,92.64,1019.04,Bank Transfer,Fiber Optic,1,3.0,0,No,25-34,0-12 Months
103384,Female,26.0,Tulkarm,57.0,Month-to-Month,90.45,5155.650000000001,PayPal,Fiber Optic,0,5.0,0,No,25-34,49-72 Months
103385,Female,70.0,Hebron,8.0,One Year,131.28,1050.24,Credit Card,DSL,6,3.0,0,No,55+,0-12 Months
103386,Female,46.0,Jericho,27.0,Month-to-Month,40.42,1091.3400000000001,Cash,DSL,2,5.0,0,Yes,45-54,25-48 Months
103387,Female,52.0,Tulkarm,22.0,Two Year,24.5,539.0,PayPal,No Internet,2,3.0,2,No,45-54,13-24 Months
103388,Male,50.0,Nablus,58.0,Month-to-Month,82.39,4778.62,PayPal,Fiber Optic,1,3.0,0,No,45-54,49-72 Months
103389,Male,52.0,Gaza,57.0,Month-to-Month,78.54,4476.780000000001,Credit Card,No Internet,2,2.0,1,No,45-54,49-72 Months
103390,Male,18.0,Gaza,14.0,One Year,79.41,1111.74,Cash,DSL,2,3.0,0,No,Under 25,13-24 Months
103391,Female,23.0,Ramallah,29.0,Two Year,115.93,3361.9700000000003,Credit Card,DSL,4,3.0,2,No,Under 25,25-48 Months
103392,Female,41.0,Khan Yunis,34.0,Month-to-Month,91.46,3109.64,PayPal,DSL,1,4.0,2,No,35-44,25-48 Months
103393,Female,38.0,Ramallah,52.0,Month-to-Month,99.56,5177.12,Cash,Fiber Optic,1,5.0,1,No,35-44,49-72 Months
103394,Female,44.0,Rafah,51.0,Month-to-Month,48.12,2454.12,Cash,DSL,0,3.0,1,No,35-44,49-72 Months
103395,Male,39.0,Ramallah,19.0,Two Year,79.46,1509.7399999999998,Credit Card,No Internet,2,4.0,0,No,35-44,13-24 Months
103396,Female,27.0,Rafah,35.0,Month-to-Month,57.43,2010.05,Credit Card,DSL,4,3.0,0,No,25-34,25-48 Months
103397,Female,18.0,Jenin,27.0,Month-to-Month,96.88,2615.7599999999998,Bank Transfer,No Internet,0,5.0,2,No,Under 25,25-48 Months
103398,Male,37.0,Jericho,50.0,One Year,84.13,4206.5,PayPal,DSL,1,3.0,0,No,35-44,49-72 Months
103399,Male,51.0,Khan Yunis,46.0,Month-to-Month,22.95,1055.7,Cash,DSL,2,4.0,0,No,45-54,25-48 Months
103400,Male,29.0,Jenin,38.0,Month-to-Month,79.96,3038.4799999999996,Bank Transfer,No Internet,2,2.0,1,No,25-34,25-48 Months
103401,Male,40.0,Gaza,68.0,Month-to-Month,52.83,3592.44,Cash,DSL,2,4.0,1,Yes,35-44,49-72 Months
103402,Male,40.0,Nablus,1.0,Month-to-Month,74.35,74.35,PayPal,Fiber Optic,0,2.0,0,Yes,35-44,0-12 Months
103403,Female,44.0,Rafah,62.0,Two Year,66.55,4126.099999999999,Cash,DSL,6,5.0,1,No,35-44,49-72 Months
103404,Male,20.0,Jericho,48.0,One Year,134.56,6458.88,Bank Transfer,No Internet,0,3.0,0,No,Under 25,25-48 Months
103405,Female,23.0,Ramallah,26.0,Month-to-Month,48.48,1260.48,Cash,No Internet,3,2.0,2,No,Under 25,25-48 Months
103406,Female,37.0,Ramallah,47.0,One Year,59.81,2811.07,Bank Transfer,Fiber Optic,3,3.0,3,No,35-44,25-48 Months
103407,Female,32.0,Rafah,13.0,Month-to-Month,72.54,943.0200000000001,Bank Transfer,No Internet,2,3.0,1,No,25-34,13-24 Months
103408,Female,41.0,Gaza,39.0,Month-to-Month,75.37,2939.4300000000003,Credit Card,DSL,1,5.0,0,Yes,35-44,25-48 Months
103409,Female,21.0,Rafah,24.0,Month-to-Month,90.48,2171.52,Bank Transfer,DSL,1,4.0,3,Yes,Under 25,13-24 Months
103410,Male,42.0,Bethlehem,14.0,Month-to-Month,98.8,1383.2,Cash,DSL,2,4.0,1,No,35-44,13-24 Months
103411,Female,45.0,Nablus,50.0,Month-to-Month,92.08,4604.0,PayPal,Fiber Optic,3,3.0,3,No,45-54,49-72 Months
103412,Female,19.0,Hebron,51.0,Month-to-Month,89.1,4544.099999999999,Bank Transfer,DSL,3,3.0,0,No,Under 25,49-72 Months
103413,Male,44.0,Unknown,35.0,Two Year,112.55,3939.25,Cash,DSL,2,3.0,1,No,35-44,25-48 Months
103414,Male,51.0,Nablus,33.0,Month-to-Month,86.93,2868.69,Cash,DSL,2,3.0,1,Yes,45-54,25-48 Months
103415,Male,35.0,Hebron,26.0,Month-to-Month,51.93,1350.18,Cash,DSL,4,5.0,0,No,35-44,25-48 Months
103416,Male,28.0,Khan Yunis,23.0,Two Year,87.94,2022.62,Credit Card,DSL,3,3.0,1,No,25-34,13-24 Months
103417,Female,33.0,Hebron,47.0,One Year,85.2,4004.4,Credit Card,DSL,3,5.0,0,No,25-34,25-48 Months
103418,Female,34.0,Nablus,39.0,Two Year,76.48,2982.7200000000003,Bank Transfer,Fiber Optic,0,3.0,0,No,25-34,25-48 Months
103419,Female,19.0,Bethlehem,52.0,Month-to-Month,59.84,3111.6800000000003,Cash,DSL,1,4.0,1,No,Under 25,49-72 Months
103420,Male,38.0,Nablus,53.0,One Year,67.38,3571.14,Credit Card,DSL,0,3.0,0,No,35-44,49-72 Months
103421,Female,46.0,Jenin,15.0,Month-to-Month,112.93,1693.95,PayPal,DSL,0,4.0,0,No,45-54,13-24 Months
103422,Female,59.0,Ramallah,50.0,Month-to-Month,54.56,2728.0,PayPal,No Internet,1,4.0,0,No,55+,49-72 Months
103423,Male,19.0,Hebron,72.0,Two Year,29.67,2136.2400000000002,PayPal,Fiber Optic,1,4.0,0,No,Under 25,49-72 Months
103424,Female,27.0,Tulkarm,12.0,One Year,93.22,1118.6399999999999,Bank Transfer,DSL,1,3.0,1,No,25-34,0-12 Months
103425,Male,37.0,Gaza,33.0,Month-to-Month,113.67,3751.11,Credit Card,Fiber Optic,2,3.0,0,No,35-44,25-48 Months
103426,Female,20.0,Hebron,49.0,One Year,43.35,2124.15,Credit Card,No Internet,1,3.0,0,No,Under 25,49-72 Months
103427,Female,49.0,Ramallah,35.0,Two Year,65.25,2283.75,Credit Card,No Internet,7,4.0,1,No,45-54,25-48 Months
103428,Female,36.0,Jenin,28.0,Month-to-Month,103.93,2910.04,Cash,No Internet,0,3.0,0,No,35-44,25-48 Months
103429,Female,35.0,Jericho,7.0,Month-to-Month,86.34,604.38,PayPal,No Internet,1,5.0,1,No,35-44,0-12 Months
103430,Female,42.0,Rafah,2.0,Month-to-Month,63.38,126.76,Bank Transfer,No Internet,3,4.0,0,Yes,35-44,0-12 Months
103431,Male,34.0,Khan Yunis,46.0,One Year,69.28,3186.88,Credit Card,No Internet,1,3.0,0,No,25-34,25-48 Months
103432,Female,31.0,Jericho,28.0,Month-to-Month,99.93,2798.04,PayPal,No Internet,2,3.0,1,Yes,25-34,25-48 Months
103433,Male,43.0,Ramallah,28.0,One Year,85.96,2406.8799999999997,Bank Transfer,No Internet,2,1.0,2,No,35-44,25-48 Months
103434,Female,49.0,Nablus,48.0,One Year,46.93,2252.64,PayPal,Fiber Optic,1,4.0,1,No,45-54,25-48 Months
103435,Female,51.0,Jenin,59.0,Two Year,129.47,7638.73,Bank Transfer,Fiber Optic,2,3.0,1,No,45-54,49-72 Months
103436,Male,36.0,Tulkarm,21.0,One Year,49.12,1031.52,PayPal,Fiber Optic,2,4.0,1,No,35-44,13-24 Months
103437,Male,18.0,Nablus,62.0,One Year,50.7,3143.4,Cash,No Internet,0,4.0,1,No,Under 25,49-72 Months
103438,Female,40.0,Tulkarm,62.0,Month-to-Month,20.0,1240.0,Credit Card,Fiber Optic,0,4.0,0,Yes,35-44,49-72 Months
103439,Female,37.0,Khan Yunis,8.0,One Year,60.85,486.8,Credit Card,DSL,0,4.0,3,No,35-44,0-12 Months
103440,Male,28.0,Gaza,27.0,Two Year,96.25,2598.75,Cash,Fiber Optic,1,2.0,3,No,25-34,25-48 Months
103441,Female,50.0,Bethlehem,54.0,Month-to-Month,77.98,4210.92,Cash,No Internet,6,4.0,0,No,45-54,49-72 Months
103442,Male,60.0,Hebron,52.0,Two Year,52.95,2753.4,Bank Transfer,Fiber Optic,1,4.0,2,No,55+,49-72 Months
103443,Male,38.0,Rafah,56.0,One Year,74.33,4162.48,Credit Card,No Internet,6,5.0,1,No,35-44,49-72 Months
103444,Female,58.0,Gaza,1.0,Month-to-Month,68.97,68.97,Credit Card,Fiber Optic,3,4.0,0,Yes,55+,0-12 Months
103445,Male,55.0,Gaza,65.0,One Year,81.81,5317.650000000001,Cash,No Internet,2,3.0,3,No,55+,49-72 Months
103446,Female,41.0,Jenin,59.0,Month-to-Month,99.12,5848.08,Cash,No Internet,1,4.0,0,No,35-44,49-72 Months
103447,Male,31.0,Tulkarm,52.0,Two Year,30.47,1584.44,Credit Card,No Internet,3,5.0,0,No,25-34,49-72 Months
103448,Male,34.0,Khan Yunis,5.0,Month-to-Month,92.53,462.65,Credit Card,Fiber Optic,1,3.0,0,No,25-34,0-12 Months
103449,Male,29.0,Jenin,37.0,Month-to-Month,71.64,2650.68,Cash,No Internet,2,3.0,1,Yes,25-34,25-48 Months
103450,Female,32.0,Khan Yunis,54.0,Month-to-Month,60.71,3278.34,PayPal,Fiber Optic,3,2.0,1,No,25-34,49-72 Months
103451,Female,44.0,Nablus,41.0,Month-to-Month,66.47,2725.27,Cash,No Internet,2,5.0,1,No,35-44,25-48 Months
103452,Female,42.0,Jericho,25.0,Month-to-Month,48.36,1209.0,Cash,Fiber Optic,1,3.0,2,No,35-44,25-48 Months
103453,Male,25.0,Gaza,52.0,Month-to-Month,66.99,3483.4799999999996,Bank Transfer,No Internet,2,2.0,0,No,25-34,49-72 Months
103454,Female,32.0,Nablus,11.0,Month-to-Month,60.85,669.35,Bank Transfer,No Internet,3,5.0,0,No,25-34,0-12 Months
103455,Male,39.0,Nablus,9.0,Two Year,77.11,693.99,Bank Transfer,DSL,0,3.0,2,No,35-44,0-12 Months
103456,Female,49.0,Jericho,54.0,Two Year,82.61,4460.94,Cash,DSL,1,4.0,0,No,45-54,49-72 Months
103457,Male,27.0,Tulkarm,57.0,Month-to-Month,68.73,3917.61,Bank Transfer,Fiber Optic,3,3.0,1,No,25-34,49-72 Months
103458,Male,27.0,Ramallah,34.0,Month-to-Month,93.16,3167.44,Cash,DSL,1,3.0,3,No,25-34,25-48 Months
103459,Male,31.0,Khan Yunis,37.0,Month-to-Month,70.51,2608.8700000000003,PayPal,No Internet,5,3.0,0,No,25-34,25-48 Months
103460,Male,37.0,Jenin,33.0,Month-to-Month,70.1,2313.2999999999997,Cash,No Internet,4,5.0,1,Yes,35-44,25-48 Months
103461,Female,41.0,Nablus,39.0,Month-to-Month,24.07,938.73,PayPal,Fiber Optic,5,4.0,1,No,35-44,25-48 Months
103462,Female,59.0,Bethlehem,48.0,Month-to-Month,53.17,2552.16,Cash,DSL,1,4.0,1,Yes,55+,25-48 Months
103463,Female,29.0,Tulkarm,44.0,One Year,54.41,2394.04,Bank Transfer,Fiber Optic,1,4.0,1,No,25-34,25-48 Months
103464,Male,44.0,Hebron,10.0,Two Year,42.87,428.7,Credit Card,Fiber Optic,0,2.0,1,No,35-44,0-12 Months
103465,Female,48.0,Ramallah,27.0,Month-to-Month,77.51,2092.77,PayPal,DSL,3,4.0,1,No,45-54,25-48 Months
103466,Male,18.0,Jenin,8.0,Month-to-Month,79.83,638.64,Bank Transfer,No Internet,2,3.0,3,Yes,Under 25,0-12 Months
103467,Male,36.0,Jericho,5.0,Month-to-Month,46.77,233.85000000000002,Bank Transfer,Fiber Optic,1,3.0,1,Yes,35-44,0-12 Months
103468,Male,41.0,Tulkarm,28.0,Two Year,67.88,1900.6399999999999,PayPal,DSL,0,3.0,3,No,35-44,25-48 Months
103469,Male,38.0,Unknown,9.0,Month-to-Month,93.74,843.66,Cash,Fiber Optic,4,1.0,1,No,35-44,0-12 Months
103470,Female,30.0,Jericho,18.0,Month-to-Month,48.88,879.84,PayPal,DSL,1,3.0,2,No,25-34,13-24 Months
103471,Female,18.0,Nablus,53.0,Two Year,28.78,1525.3400000000001,Cash,DSL,0,3.0,0,No,Under 25,49-72 Months
103472,Male,44.0,Rafah,66.0,One Year,91.37,6030.42,Credit Card,DSL,3,3.0,1,No,35-44,49-72 Months
103473,Female,19.0,Khan Yunis,51.0,Month-to-Month,26.16,1334.16,Credit Card,Fiber Optic,0,4.0,1,No,Under 25,49-72 Months
103474,Female,25.0,Gaza,34.0,One Year,62.49,2124.66,Cash,DSL,1,4.0,0,No,25-34,25-48 Months
103475,Male,44.0,Khan Yunis,32.0,Two Year,144.18,4613.76,PayPal,Fiber Optic,2,3.0,2,No,35-44,25-48 Months
103476,Female,37.0,Khan Yunis,3.0,One Year,68.68,206.04000000000002,Cash,No Internet,1,3.0,2,No,35-44,0-12 Months
103477,Female,19.0,Rafah,65.0,Unknown,91.15,5924.75,Credit Card,DSL,1,5.0,2,No,Under 25,49-72 Months
103478,Male,55.0,Jericho,65.0,Month-to-Month,90.39,5875.35,Credit Card,DSL,2,4.0,1,No,55+,49-72 Months
103479,Female,65.0,Gaza,5.0,Month-to-Month,63.63,318.15000000000003,Cash,No Internet,2,3.0,1,No,55+,0-12 Months
103480,Female,18.0,Ramallah,52.0,Month-to-Month,77.66,4038.3199999999997,Credit Card,DSL,1,3.0,0,Yes,Under 25,49-72 Months
103481,Male,39.0,Nablus,65.0,Month-to-Month,63.04,4097.6,Credit Card,No Internet,1,3.0,1,No,35-44,49-72 Months
103482,Male,49.0,Gaza,62.0,One Year,44.53,2760.86,Bank Transfer,DSL,2,5.0,2,No,45-54,49-72 Months
103483,Female,32.0,Jericho,6.0,Month-to-Month,109.26,655.5600000000001,Bank Transfer,Fiber Optic,2,4.0,0,Yes,25-34,0-12 Months
103484,Female,18.0,Hebron,66.0,One Year,52.49,3464.34,Credit Card,Fiber Optic,5,4.0,0,No,Under 25,49-72 Months
103485,Female,27.0,Nablus,61.0,One Year,102.72,6265.92,Cash,Fiber Optic,1,5.0,5,No,25-34,49-72 Months
103486,Female,30.0,Gaza,61.0,One Year,66.85,4077.8499999999995,PayPal,Fiber Optic,1,3.0,4,No,25-34,49-72 Months
103487,Female,52.0,Hebron,25.0,One Year,50.61,1265.25,Cash,Fiber Optic,3,3.0,0,No,45-54,25-48 Months
103488,Female,28.0,Ramallah,37.0,Month-to-Month,79.25,2932.25,Cash,DSL,0,2.0,2,No,25-34,25-48 Months
103489,Male,30.0,Ramallah,63.0,Month-to-Month,40.2,2532.6000000000004,PayPal,Fiber Optic,1,4.0,0,No,25-34,49-72 Months
103490,Male,40.0,Gaza,26.0,Month-to-Month,52.06,1353.56,Cash,DSL,3,3.0,0,No,35-44,25-48 Months
103491,Female,50.0,Hebron,35.0,Month-to-Month,74.01,2590.3500000000004,Credit Card,DSL,2,4.0,0,No,45-54,25-48 Months
103492,Female,64.0,Ramallah,39.0,Month-to-Month,68.13,2657.0699999999997,Credit Card,Fiber Optic,3,5.0,4,No,55+,25-48 Months
103493,Female,45.0,Hebron,44.0,One Year,76.18,3351.92,PayPal,DSL,3,4.0,1,Yes,45-54,25-48 Months
103494,Female,33.0,Hebron,27.0,One Year,92.11,2486.97,PayPal,No Internet,2,5.0,2,No,25-34,25-48 Months
103495,Female,49.0,Rafah,17.0,One Year,114.4,1944.8000000000002,Bank Transfer,Fiber Optic,2,2.0,2,Yes,45-54,13-24 Months
103496,Male,48.0,Bethlehem,54.0,Month-to-Month,59.33,3203.8199999999997,Credit Card,Fiber Optic,3,3.0,2,No,45-54,49-72 Months
103497,Female,37.0,Nablus,46.0,One Year,119.77,5509.42,Cash,Fiber Optic,2,3.0,0,No,35-44,25-48 Months
103498,Male,36.0,Nablus,21.0,One Year,42.63,895.23,Cash,No Internet,1,5.0,0,No,35-44,13-24 Months
103499,Female,31.0,Nablus,11.0,One Year,109.08,1199.8799999999999,PayPal,DSL,4,3.0,1,No,25-34,0-12 Months
102523,Male,22.0,Tulkarm,70.0,Month-to-Month,40.83,2858.1,Bank Transfer,Fiber Optic,1,5.0,0,No,Under 25,49-72 Months
101659,Female,35.0,Tulkarm,16.0,One Year,52.7,843.2,Cash,DSL,2,5.0,0,No,35-44,13-24 Months
101749,Male,38.0,Hebron,36.0,One Year,102.92,3705.12,Credit Card,Fiber Optic,4,4.0,0,No,35-44,25-48 Months
